target,commit_id,oss_fuzz_commit,sanitizer
htslib,2ebc047329ef978139167e08edaf3d91ee4b3d1a,c15017cf4f41014630be236bed440fd2995c2de7,address
htslib,2ebc047329ef978139167e08edaf3d91ee4b3d1a,c15017cf4f41014630be236bed440fd2995c2de7,undefined
htslib,dd6f0b72c92591252bb77818663629cc1a129949,c15017cf4f41014630be236bed440fd2995c2de7,address
htslib,dd6f0b72c92591252bb77818663629cc1a129949,c15017cf4f41014630be236bed440fd2995c2de7,undefined
htslib,92ea05adb2478c64be571aff6fe00130fd29c252,3e88bb40f22ebc27cee42aabce78ca1f89bb964d,address
htslib,92ea05adb2478c64be571aff6fe00130fd29c252,3e88bb40f22ebc27cee42aabce78ca1f89bb964d,undefined
htslib,12eb1e80d87af8f2544e96f82b2ea7f1b20f0d78,3e88bb40f22ebc27cee42aabce78ca1f89bb964d,address
htslib,12eb1e80d87af8f2544e96f82b2ea7f1b20f0d78,3e88bb40f22ebc27cee42aabce78ca1f89bb964d,undefined
htslib,3d59a6a1499a14cb36f58903ce75c38a45176e22,3e88bb40f22ebc27cee42aabce78ca1f89bb964d,address
htslib,3d59a6a1499a14cb36f58903ce75c38a45176e22,3e88bb40f22ebc27cee42aabce78ca1f89bb964d,undefined
htslib,12b3aed9a4f680c84e0f52f3c9425660e1542ffa,3e88bb40f22ebc27cee42aabce78ca1f89bb964d,address
htslib,12b3aed9a4f680c84e0f52f3c9425660e1542ffa,3e88bb40f22ebc27cee42aabce78ca1f89bb964d,undefined
htslib,da436e53d06318e92ba99e731f6772808dcc66c3,3e88bb40f22ebc27cee42aabce78ca1f89bb964d,address
htslib,da436e53d06318e92ba99e731f6772808dcc66c3,3e88bb40f22ebc27cee42aabce78ca1f89bb964d,undefined
htslib,d59c3645f798169f7fde53dbf5c6d3e095465e8c,a243d33b19a200123b143f966682e17265ccc74d,address
htslib,d59c3645f798169f7fde53dbf5c6d3e095465e8c,a243d33b19a200123b143f966682e17265ccc74d,undefined
htslib,55a157c6e7111b86290b37ebfb19f8e212e0f629,a243d33b19a200123b143f966682e17265ccc74d,address
htslib,55a157c6e7111b86290b37ebfb19f8e212e0f629,a243d33b19a200123b143f966682e17265ccc74d,undefined
htslib,8ac607a85d72c09025d1ab65f48b71fa2ede9b6a,a243d33b19a200123b143f966682e17265ccc74d,address
htslib,8ac607a85d72c09025d1ab65f48b71fa2ede9b6a,a243d33b19a200123b143f966682e17265ccc74d,undefined
htslib,5162f01532d10514a44b76af6e41f205aa8b646b,a243d33b19a200123b143f966682e17265ccc74d,address
htslib,5162f01532d10514a44b76af6e41f205aa8b646b,a243d33b19a200123b143f966682e17265ccc74d,undefined
htslib,c003e964a0b8dbe2cb9b3bbe68eff8bea4c23b1c,48f8d5edc4087b7c55abfde6a5cde4df605d9ae3,address
htslib,c003e964a0b8dbe2cb9b3bbe68eff8bea4c23b1c,48f8d5edc4087b7c55abfde6a5cde4df605d9ae3,undefined
htslib,9b7f61cd18d7b597b75ff789b2416dc404882d88,48f8d5edc4087b7c55abfde6a5cde4df605d9ae3,address
htslib,9b7f61cd18d7b597b75ff789b2416dc404882d88,48f8d5edc4087b7c55abfde6a5cde4df605d9ae3,undefined
htslib,1c1a5b0444b96d47bfe200a0c43105333329345b,48f8d5edc4087b7c55abfde6a5cde4df605d9ae3,address
htslib,1c1a5b0444b96d47bfe200a0c43105333329345b,48f8d5edc4087b7c55abfde6a5cde4df605d9ae3,undefined
htslib,f2fd34ae3d78910eae21074c057ced634310ef9b,48f8d5edc4087b7c55abfde6a5cde4df605d9ae3,address
htslib,f2fd34ae3d78910eae21074c057ced634310ef9b,48f8d5edc4087b7c55abfde6a5cde4df605d9ae3,undefined
htslib,f4680d0b35604ba2fc7007713729e78d883f8862,48f8d5edc4087b7c55abfde6a5cde4df605d9ae3,address
htslib,f4680d0b35604ba2fc7007713729e78d883f8862,48f8d5edc4087b7c55abfde6a5cde4df605d9ae3,undefined
htslib,e43b472fcd44be2a935e40e2cbdb4202a1e743c4,4813b64e0a93981d034b12a6edcfadbdb696b92b,address
htslib,e43b472fcd44be2a935e40e2cbdb4202a1e743c4,4813b64e0a93981d034b12a6edcfadbdb696b92b,undefined
htslib,8ac3b5c45d35a8a179bf71783fe218241274c6f2,0d6b1d8ebf09a77e7833294334494d8a24160e90,address
htslib,8ac3b5c45d35a8a179bf71783fe218241274c6f2,0d6b1d8ebf09a77e7833294334494d8a24160e90,undefined
htslib,7110dec9fad7fbc5333a40efceebeb44eebe8c51,0d6b1d8ebf09a77e7833294334494d8a24160e90,address
htslib,7110dec9fad7fbc5333a40efceebeb44eebe8c51,0d6b1d8ebf09a77e7833294334494d8a24160e90,undefined
htslib,c865361bf3bdb37ceb6afe27dbf24fab954ac51e,e9334a14a799fef7007d3a5a4838aabad360fec8,address
htslib,c865361bf3bdb37ceb6afe27dbf24fab954ac51e,e9334a14a799fef7007d3a5a4838aabad360fec8,undefined
htslib,4ac085ee7d9d188071c2f826bf9d01226ffcce69,e9334a14a799fef7007d3a5a4838aabad360fec8,address
htslib,4ac085ee7d9d188071c2f826bf9d01226ffcce69,e9334a14a799fef7007d3a5a4838aabad360fec8,undefined
htslib,d123a44adb57dd3927c47d59ab45cf677e439483,e9334a14a799fef7007d3a5a4838aabad360fec8,address
htslib,d123a44adb57dd3927c47d59ab45cf677e439483,e9334a14a799fef7007d3a5a4838aabad360fec8,undefined
htslib,7a215862ccfeffac12584d754836f66ce2641a47,51b43ef18354c4246b6664035744829900838ac6,address
htslib,7a215862ccfeffac12584d754836f66ce2641a47,51b43ef18354c4246b6664035744829900838ac6,undefined
htslib,b7a366e9c1ab5aac8f1fa6c3026c528eb0c31800,51b43ef18354c4246b6664035744829900838ac6,address
htslib,b7a366e9c1ab5aac8f1fa6c3026c528eb0c31800,51b43ef18354c4246b6664035744829900838ac6,undefined
htslib,323eaefbbcc139b2d26435b6ab3974d3829bd5d3,51b43ef18354c4246b6664035744829900838ac6,address
htslib,323eaefbbcc139b2d26435b6ab3974d3829bd5d3,51b43ef18354c4246b6664035744829900838ac6,undefined
htslib,4702faafeacc2280dc78e326d676b0ea6d90a578,51b43ef18354c4246b6664035744829900838ac6,address
htslib,4702faafeacc2280dc78e326d676b0ea6d90a578,51b43ef18354c4246b6664035744829900838ac6,undefined
htslib,b6201def434ec3a1d433ff1e85771b81b66d759c,51b43ef18354c4246b6664035744829900838ac6,address
htslib,b6201def434ec3a1d433ff1e85771b81b66d759c,51b43ef18354c4246b6664035744829900838ac6,undefined
htslib,23ee217338cee2bccd3d29c15f4c9225ba846872,51b43ef18354c4246b6664035744829900838ac6,address
htslib,23ee217338cee2bccd3d29c15f4c9225ba846872,51b43ef18354c4246b6664035744829900838ac6,undefined
htslib,6bea45088da7331c255c0075bcdfc7833aafd70c,51b43ef18354c4246b6664035744829900838ac6,address
htslib,6bea45088da7331c255c0075bcdfc7833aafd70c,51b43ef18354c4246b6664035744829900838ac6,undefined
htslib,2d616b3f10fdc2228d8e797e8e5d5c547b96e571,51b43ef18354c4246b6664035744829900838ac6,address
htslib,2d616b3f10fdc2228d8e797e8e5d5c547b96e571,51b43ef18354c4246b6664035744829900838ac6,undefined
htslib,4ee4b75b16716f691443bd22ce0d9fa7e0a17b96,51b43ef18354c4246b6664035744829900838ac6,address
htslib,4ee4b75b16716f691443bd22ce0d9fa7e0a17b96,51b43ef18354c4246b6664035744829900838ac6,undefined
htslib,565560e04028206eccb8e221d7f962133c57fab7,51b43ef18354c4246b6664035744829900838ac6,address
htslib,565560e04028206eccb8e221d7f962133c57fab7,51b43ef18354c4246b6664035744829900838ac6,undefined
htslib,9dfbf8d7ffee3dcda6af7c75784f7d2436d9ef01,91d0e07860143d543356204113cefbd4ca647e36,address
htslib,9dfbf8d7ffee3dcda6af7c75784f7d2436d9ef01,91d0e07860143d543356204113cefbd4ca647e36,undefined
htslib,eb1d4b54d8454f886a4571b240f69792c2788d9b,91d0e07860143d543356204113cefbd4ca647e36,address
htslib,eb1d4b54d8454f886a4571b240f69792c2788d9b,91d0e07860143d543356204113cefbd4ca647e36,undefined
htslib,6b9e87f92cc1594ccc475af84738720692fb5a2d,c4579d9358a73ea5dbcc99cb985de1f2bf76dcf7,address
htslib,6b9e87f92cc1594ccc475af84738720692fb5a2d,c4579d9358a73ea5dbcc99cb985de1f2bf76dcf7,undefined
htslib,c5c433eabf8de0f900d19652cdad0c66e36e0797,6089bc488bc24300e49673171395800cce12f2fd,address
htslib,c5c433eabf8de0f900d19652cdad0c66e36e0797,6089bc488bc24300e49673171395800cce12f2fd,undefined
htslib,db90fb58b06d6f3b27b5b873588da7c77844da22,6089bc488bc24300e49673171395800cce12f2fd,address
htslib,db90fb58b06d6f3b27b5b873588da7c77844da22,6089bc488bc24300e49673171395800cce12f2fd,undefined
htslib,ad25d95fec9632c2e388b290b4e38e438b8d9c6c,6089bc488bc24300e49673171395800cce12f2fd,address
htslib,ad25d95fec9632c2e388b290b4e38e438b8d9c6c,6089bc488bc24300e49673171395800cce12f2fd,undefined
htslib,fc6df6518a5fea4bc2a8b071c694d70a8e24e5f6,6089bc488bc24300e49673171395800cce12f2fd,address
htslib,fc6df6518a5fea4bc2a8b071c694d70a8e24e5f6,6089bc488bc24300e49673171395800cce12f2fd,undefined
htslib,ca891e4ba6af28cac0fb48a88cbc59ee5974f561,f2410ec0b29feaac4f0db86466be5aa049e1ee01,address
htslib,ca891e4ba6af28cac0fb48a88cbc59ee5974f561,f2410ec0b29feaac4f0db86466be5aa049e1ee01,undefined
htslib,4a913bad6866ba17800ec22b143246aab007ef9c,dd68f02b024c7757f5662feb3caf6da690cce35c,address
htslib,4a913bad6866ba17800ec22b143246aab007ef9c,dd68f02b024c7757f5662feb3caf6da690cce35c,undefined
htslib,06df79e172dc226b3169e56bb1acfb1d5a8f430f,afdf5348513109cc6ff60ea38a73493ce03c30ee,address
htslib,06df79e172dc226b3169e56bb1acfb1d5a8f430f,afdf5348513109cc6ff60ea38a73493ce03c30ee,undefined
htslib,2ab3520d807f5a93b3b615ecf50fa75cb777e3e4,afdf5348513109cc6ff60ea38a73493ce03c30ee,address
htslib,2ab3520d807f5a93b3b615ecf50fa75cb777e3e4,afdf5348513109cc6ff60ea38a73493ce03c30ee,undefined
htslib,71d8683df6084b304a999cca639229e64e499316,7abdcd9b8fde67ac219713d467ce75ce8537c3d3,address
htslib,71d8683df6084b304a999cca639229e64e499316,7abdcd9b8fde67ac219713d467ce75ce8537c3d3,undefined
htslib,d58f21ebafdb653dcb3154f581f4102f731807f5,f98bd5289a4cba30149baebaa75127bd0ff9b565,address
htslib,d58f21ebafdb653dcb3154f581f4102f731807f5,f98bd5289a4cba30149baebaa75127bd0ff9b565,undefined
htslib,d256bed7abc2901e1fbc29896f60aa7b8d9e1a28,f98bd5289a4cba30149baebaa75127bd0ff9b565,address
htslib,d256bed7abc2901e1fbc29896f60aa7b8d9e1a28,f98bd5289a4cba30149baebaa75127bd0ff9b565,undefined
htslib,1579ace7cd98b1c37ae11381e9c4e368b86dcbc2,85441956d155dad8757e33cccb1678a509abf4b2,address
htslib,1579ace7cd98b1c37ae11381e9c4e368b86dcbc2,85441956d155dad8757e33cccb1678a509abf4b2,undefined
htslib,626249d67541dd5197f6299522b8e74c82c8ec66,85441956d155dad8757e33cccb1678a509abf4b2,address
htslib,626249d67541dd5197f6299522b8e74c82c8ec66,85441956d155dad8757e33cccb1678a509abf4b2,undefined
htslib,6a73744e68fd6128236333e3bcc018065f42aa22,85441956d155dad8757e33cccb1678a509abf4b2,address
htslib,6a73744e68fd6128236333e3bcc018065f42aa22,85441956d155dad8757e33cccb1678a509abf4b2,undefined
htslib,10e8e6eb3c35c8996725b7507df5e8309b582487,85441956d155dad8757e33cccb1678a509abf4b2,address
htslib,10e8e6eb3c35c8996725b7507df5e8309b582487,85441956d155dad8757e33cccb1678a509abf4b2,undefined
htslib,016c09c71f4bbd8679698890cdb25559847e9e48,85441956d155dad8757e33cccb1678a509abf4b2,address
htslib,016c09c71f4bbd8679698890cdb25559847e9e48,85441956d155dad8757e33cccb1678a509abf4b2,undefined
htslib,618e13d939d70cd8c2625b40698da911c75b59f1,85441956d155dad8757e33cccb1678a509abf4b2,address
htslib,618e13d939d70cd8c2625b40698da911c75b59f1,85441956d155dad8757e33cccb1678a509abf4b2,undefined
htslib,c67394724f92ed7a136b96ffaf6e430ba81924a4,85441956d155dad8757e33cccb1678a509abf4b2,address
htslib,c67394724f92ed7a136b96ffaf6e430ba81924a4,85441956d155dad8757e33cccb1678a509abf4b2,undefined
htslib,8990a6016ebfea43a128a01a301b769a945cad98,f7e0c99fe6b8438a3a9a48f3a9574d5404ec8eda,address
htslib,8990a6016ebfea43a128a01a301b769a945cad98,f7e0c99fe6b8438a3a9a48f3a9574d5404ec8eda,undefined
htslib,ab6655f71069c75fb877efd8f7d2d392ee426afa,f7e0c99fe6b8438a3a9a48f3a9574d5404ec8eda,address
htslib,ab6655f71069c75fb877efd8f7d2d392ee426afa,f7e0c99fe6b8438a3a9a48f3a9574d5404ec8eda,undefined
htslib,9279d76e1186d7155ceea9db9db8c9298f6139bd,f4429c52cecf74de3529a5f9535e5a3e8919a6c6,address
htslib,9279d76e1186d7155ceea9db9db8c9298f6139bd,f4429c52cecf74de3529a5f9535e5a3e8919a6c6,undefined
htslib,a25c00517d656a78a5cf26e5c183c94d03f79d28,bbb5d37c071b18b3468598917a61a2c5cf8d0bc8,address
htslib,a25c00517d656a78a5cf26e5c183c94d03f79d28,bbb5d37c071b18b3468598917a61a2c5cf8d0bc8,undefined
htslib,58153ddb094c33e3715780cff550fa27c53edb8e,58a0795ccc9d881d57fa205ba303898f2542716e,address
htslib,58153ddb094c33e3715780cff550fa27c53edb8e,58a0795ccc9d881d57fa205ba303898f2542716e,undefined
htslib,85282dbd850e208e22aac98fab39d539aa06f5a4,58a0795ccc9d881d57fa205ba303898f2542716e,address
htslib,85282dbd850e208e22aac98fab39d539aa06f5a4,58a0795ccc9d881d57fa205ba303898f2542716e,undefined
htslib,43535fe3503452d4589b1fbb9b7a8bddde73fae0,58a0795ccc9d881d57fa205ba303898f2542716e,address
htslib,43535fe3503452d4589b1fbb9b7a8bddde73fae0,58a0795ccc9d881d57fa205ba303898f2542716e,undefined
htslib,ca04309e1104375ed82a4602f2c57de58176f0a5,62313d93480f2631ea82664c790fd01875b850a6,address
htslib,ca04309e1104375ed82a4602f2c57de58176f0a5,62313d93480f2631ea82664c790fd01875b850a6,undefined
htslib,3f140ad0bd64beeed2884b818e7b7a08ef06721d,62313d93480f2631ea82664c790fd01875b850a6,address
htslib,3f140ad0bd64beeed2884b818e7b7a08ef06721d,62313d93480f2631ea82664c790fd01875b850a6,undefined
htslib,c1c8c80dc749485ff76d0fd0a643e837df46d46e,81c465662194fefeca2a80cc4426789f7683b7e3,address
htslib,c1c8c80dc749485ff76d0fd0a643e837df46d46e,81c465662194fefeca2a80cc4426789f7683b7e3,undefined
htslib,128c0e3fdaf0f9fabe934e8c6468a8213bacffe8,80ee4a92477e794b1d3e31733199a0b6d42867bc,address
htslib,128c0e3fdaf0f9fabe934e8c6468a8213bacffe8,80ee4a92477e794b1d3e31733199a0b6d42867bc,undefined
htslib,7c16b5665daf4b2af82574d24f1649f3c385fe2c,eb8dc3566459f0fd28cb071bc5e9f2f5ada1c120,address
htslib,7c16b5665daf4b2af82574d24f1649f3c385fe2c,eb8dc3566459f0fd28cb071bc5e9f2f5ada1c120,undefined
htslib,5e7b76be9686be149a339bbf601d60d1531e0feb,eb8dc3566459f0fd28cb071bc5e9f2f5ada1c120,address
htslib,5e7b76be9686be149a339bbf601d60d1531e0feb,eb8dc3566459f0fd28cb071bc5e9f2f5ada1c120,undefined
htslib,ed4c2815ee767698c187d8bf81736ce3e39e87b7,84a2de2f84d65963f9e949e8f9b1db8527785106,address
htslib,ed4c2815ee767698c187d8bf81736ce3e39e87b7,84a2de2f84d65963f9e949e8f9b1db8527785106,undefined
htslib,f6b3b61d5dad168a5c1ffb7f89a7fd5590db284b,d76fe9aeeb24b3e31741ce1573810fc17147948c,address
htslib,f6b3b61d5dad168a5c1ffb7f89a7fd5590db284b,d76fe9aeeb24b3e31741ce1573810fc17147948c,undefined
htslib,15d8b73f31b47bc2ae3199fe3a5ff75628eab0dc,d76fe9aeeb24b3e31741ce1573810fc17147948c,address
htslib,15d8b73f31b47bc2ae3199fe3a5ff75628eab0dc,d76fe9aeeb24b3e31741ce1573810fc17147948c,undefined
htslib,a53582f980c46fd1e8f6e3bed9dbcc7dd379a395,d76fe9aeeb24b3e31741ce1573810fc17147948c,address
htslib,a53582f980c46fd1e8f6e3bed9dbcc7dd379a395,d76fe9aeeb24b3e31741ce1573810fc17147948c,undefined
htslib,ca2f6674749ed83e27ee04d2d8a10ec97f617f70,f22c0fbaac04678d14c97c289e75b23ca275c1d8,address
htslib,ca2f6674749ed83e27ee04d2d8a10ec97f617f70,f22c0fbaac04678d14c97c289e75b23ca275c1d8,undefined
htslib,ea879e19b8572644f67d9cd8b047fe2b75d83188,a69a542680120beede3d53d3f8d97c9dc7e6223c,address
htslib,ea879e19b8572644f67d9cd8b047fe2b75d83188,a69a542680120beede3d53d3f8d97c9dc7e6223c,undefined
htslib,fd0f89554459b78c07303e2c8a42acacd6851b46,da0746452433dc18bae699e355a9821285d863c8,address
htslib,fd0f89554459b78c07303e2c8a42acacd6851b46,da0746452433dc18bae699e355a9821285d863c8,undefined
htslib,97cfef8c558211850c1495d3fdfa1cf7475f57de,da0746452433dc18bae699e355a9821285d863c8,address
htslib,97cfef8c558211850c1495d3fdfa1cf7475f57de,da0746452433dc18bae699e355a9821285d863c8,undefined
htslib,92c663a4df835c314e70ce47b3d26e4c7c454e72,83d951bd1d3e08bb4920bc581682e04109bc57d4,address
htslib,92c663a4df835c314e70ce47b3d26e4c7c454e72,83d951bd1d3e08bb4920bc581682e04109bc57d4,undefined
htslib,b2343c6193febeb105a5a123dc55b88b506570ab,83d951bd1d3e08bb4920bc581682e04109bc57d4,address
htslib,b2343c6193febeb105a5a123dc55b88b506570ab,83d951bd1d3e08bb4920bc581682e04109bc57d4,undefined
htslib,8b50f7ae360ef0a6c4bd7ba441338e341652a520,83d951bd1d3e08bb4920bc581682e04109bc57d4,address
htslib,8b50f7ae360ef0a6c4bd7ba441338e341652a520,83d951bd1d3e08bb4920bc581682e04109bc57d4,undefined
htslib,3ec3c53b1225d8b2f6c6cf273758a07555d1d8b0,83d951bd1d3e08bb4920bc581682e04109bc57d4,address
htslib,3ec3c53b1225d8b2f6c6cf273758a07555d1d8b0,83d951bd1d3e08bb4920bc581682e04109bc57d4,undefined
htslib,9369f1ca75fcb9054c44bdfc682e2abcf7777685,1950826621caac4ecb5cceffa80894dbc5e1a80c,address
htslib,9369f1ca75fcb9054c44bdfc682e2abcf7777685,1950826621caac4ecb5cceffa80894dbc5e1a80c,undefined
htslib,736050de002131655a27fc7def9ff8c7d4559efe,f585b66235af3d3a47eecc2f06be12f8385e57de,address
htslib,736050de002131655a27fc7def9ff8c7d4559efe,f585b66235af3d3a47eecc2f06be12f8385e57de,undefined
htslib,223a12498ba17bcedd30764398b4904d26f1e9c0,f585b66235af3d3a47eecc2f06be12f8385e57de,address
htslib,223a12498ba17bcedd30764398b4904d26f1e9c0,f585b66235af3d3a47eecc2f06be12f8385e57de,undefined
htslib,e098847033160afc842c435ea87206f94abd62f3,f585b66235af3d3a47eecc2f06be12f8385e57de,address
htslib,e098847033160afc842c435ea87206f94abd62f3,f585b66235af3d3a47eecc2f06be12f8385e57de,undefined
htslib,04a20ae474d56c240cd94320221db83619bac211,f585b66235af3d3a47eecc2f06be12f8385e57de,address
htslib,04a20ae474d56c240cd94320221db83619bac211,f585b66235af3d3a47eecc2f06be12f8385e57de,undefined
htslib,5bd978ed66b9ec2d85344fe6a657a50d542947a8,3f808990afc5cd988f08012da56b37eabd16cc37,address
htslib,5bd978ed66b9ec2d85344fe6a657a50d542947a8,3f808990afc5cd988f08012da56b37eabd16cc37,undefined
htslib,d8075641275729878bf2455ac9e999fed4263d9e,891450ddec92a972562d091bb637f9b167218740,address
htslib,d8075641275729878bf2455ac9e999fed4263d9e,891450ddec92a972562d091bb637f9b167218740,undefined
htslib,ba95c897358c9896a993ebc3336e680d15c96082,f5142898f62e72c9ee7be785d30106daa9186cb2,address
htslib,ba95c897358c9896a993ebc3336e680d15c96082,f5142898f62e72c9ee7be785d30106daa9186cb2,undefined
htslib,fdd23fb4ea46ed4e350a06c42b3eca3f3035c782,f5142898f62e72c9ee7be785d30106daa9186cb2,address
htslib,fdd23fb4ea46ed4e350a06c42b3eca3f3035c782,f5142898f62e72c9ee7be785d30106daa9186cb2,undefined
htslib,479ffcab3000d4cc1ea8c53da95ad564dd637312,f5142898f62e72c9ee7be785d30106daa9186cb2,address
htslib,479ffcab3000d4cc1ea8c53da95ad564dd637312,f5142898f62e72c9ee7be785d30106daa9186cb2,undefined
htslib,2b820c2ed15a4e78d8c96928d84e6caa1343d81c,f5142898f62e72c9ee7be785d30106daa9186cb2,address
htslib,2b820c2ed15a4e78d8c96928d84e6caa1343d81c,f5142898f62e72c9ee7be785d30106daa9186cb2,undefined
htslib,86d50bc7a0a53023747761885cf10ebb478da2da,f5142898f62e72c9ee7be785d30106daa9186cb2,address
htslib,86d50bc7a0a53023747761885cf10ebb478da2da,f5142898f62e72c9ee7be785d30106daa9186cb2,undefined
htslib,164388e04634574f2f3dec4b373b26e395ccdd3a,f5142898f62e72c9ee7be785d30106daa9186cb2,address
htslib,164388e04634574f2f3dec4b373b26e395ccdd3a,f5142898f62e72c9ee7be785d30106daa9186cb2,undefined
htslib,ecf021604a34063cd16a4518976c6d716b87beae,87c0ba83132350cd2862bf9a81f555b54d18e795,address
htslib,ecf021604a34063cd16a4518976c6d716b87beae,87c0ba83132350cd2862bf9a81f555b54d18e795,undefined
htslib,39acb9583128ede53d0562a8055786cec0e5ab40,7fb97cb3d6ef8e0afe1918cd638eeab629fbe412,address
htslib,39acb9583128ede53d0562a8055786cec0e5ab40,7fb97cb3d6ef8e0afe1918cd638eeab629fbe412,undefined
htslib,698864f7f293dc6942bc4d627f2a8316ff10e1e3,0a6e93ad77e378d13dd0e09b45e1c69255cc85c9,address
htslib,698864f7f293dc6942bc4d627f2a8316ff10e1e3,0a6e93ad77e378d13dd0e09b45e1c69255cc85c9,undefined
htslib,bfc9f0d35bb608f46f8fdbf6a284931af78c1461,1cc1638224a0f57c702abd57f7b40e5b78a13611,address
htslib,bfc9f0d35bb608f46f8fdbf6a284931af78c1461,1cc1638224a0f57c702abd57f7b40e5b78a13611,undefined
htslib,6b72368c97a234ceebdc89c8806199585d9706b3,32e5bcfc9c37febd2cffc17709a6f76eb3f10507,address
htslib,6b72368c97a234ceebdc89c8806199585d9706b3,32e5bcfc9c37febd2cffc17709a6f76eb3f10507,undefined
htslib,d6f15361ee63ff13dfb57f3eac119e3d50e65c56,a35bbeeeae444aff611ce5661d9c7e969f8fa3f7,address
htslib,d6f15361ee63ff13dfb57f3eac119e3d50e65c56,a35bbeeeae444aff611ce5661d9c7e969f8fa3f7,undefined
htslib,9583bf8b41dbf1c27ca18dc752f0eb22d7cc1d8b,3c28d2a860ebe96f024157a65f05314af97c648c,address
htslib,9583bf8b41dbf1c27ca18dc752f0eb22d7cc1d8b,3c28d2a860ebe96f024157a65f05314af97c648c,undefined
htslib,030d20b0944db9cc65de841a2d01b4bce2259d57,3c28d2a860ebe96f024157a65f05314af97c648c,address
htslib,030d20b0944db9cc65de841a2d01b4bce2259d57,3c28d2a860ebe96f024157a65f05314af97c648c,undefined
htslib,5fef1d397faf104de7a0a953d005d6b8dee6fe84,3c28d2a860ebe96f024157a65f05314af97c648c,address
htslib,5fef1d397faf104de7a0a953d005d6b8dee6fe84,3c28d2a860ebe96f024157a65f05314af97c648c,undefined
htslib,8fc5c63123c61ab33afc26264a220c5264cbdb88,4b5f1e60b50ad1ce6555471c9294f718720aaaef,address
htslib,8fc5c63123c61ab33afc26264a220c5264cbdb88,4b5f1e60b50ad1ce6555471c9294f718720aaaef,undefined
htslib,e9863a0f149ea4d9e4336a061d7437952b6c7c8e,4c01a56101742036f5bb43428e10260f57673a62,address
htslib,e9863a0f149ea4d9e4336a061d7437952b6c7c8e,4c01a56101742036f5bb43428e10260f57673a62,undefined
htslib,3868315dc8b6102a8de6cf44d7eae4b1a9aa40e7,4c01a56101742036f5bb43428e10260f57673a62,address
htslib,3868315dc8b6102a8de6cf44d7eae4b1a9aa40e7,4c01a56101742036f5bb43428e10260f57673a62,undefined
htslib,4f608339a4939cf84624bf03bda694824da7d53b,4c01a56101742036f5bb43428e10260f57673a62,address
htslib,4f608339a4939cf84624bf03bda694824da7d53b,4c01a56101742036f5bb43428e10260f57673a62,undefined
htslib,84f0a86ede1b4c9f61bc2966ae1745b43029c346,522e7dc73469878ad74983da8196662bc3396cc8,address
htslib,84f0a86ede1b4c9f61bc2966ae1745b43029c346,522e7dc73469878ad74983da8196662bc3396cc8,undefined
htslib,1bbcd02e2653d260a16d986c12e1c630fe1d9775,25e9894f3f38b418e6ab3e26b3857f7666426b78,address
htslib,1bbcd02e2653d260a16d986c12e1c630fe1d9775,25e9894f3f38b418e6ab3e26b3857f7666426b78,undefined
htslib,059abb967d4616507917c994234231eb684e3ad0,9ab8312c8cc0e6db25ba2483ab6a913123ec6287,address
htslib,059abb967d4616507917c994234231eb684e3ad0,9ab8312c8cc0e6db25ba2483ab6a913123ec6287,undefined
htslib,b50668759090ee834c75f79082dee2487b9af9dc,9ab8312c8cc0e6db25ba2483ab6a913123ec6287,address
htslib,b50668759090ee834c75f79082dee2487b9af9dc,9ab8312c8cc0e6db25ba2483ab6a913123ec6287,undefined
htslib,45715e421e1ce9d15d8880a24454ec7dc42bf4bc,9ab8312c8cc0e6db25ba2483ab6a913123ec6287,address
htslib,45715e421e1ce9d15d8880a24454ec7dc42bf4bc,9ab8312c8cc0e6db25ba2483ab6a913123ec6287,undefined
htslib,27b670444a372809586eabd921d1f568c8cc6c30,9ab8312c8cc0e6db25ba2483ab6a913123ec6287,address
htslib,27b670444a372809586eabd921d1f568c8cc6c30,9ab8312c8cc0e6db25ba2483ab6a913123ec6287,undefined
htslib,6149ea6f779939451b56e6f63b28409baead2990,9ab8312c8cc0e6db25ba2483ab6a913123ec6287,address
htslib,6149ea6f779939451b56e6f63b28409baead2990,9ab8312c8cc0e6db25ba2483ab6a913123ec6287,undefined
htslib,9979fac560319507cefe5d5682617304d609b589,8cfa643be866e35dba456bbb081543692a7ed418,address
htslib,9979fac560319507cefe5d5682617304d609b589,8cfa643be866e35dba456bbb081543692a7ed418,undefined
htslib,31b23540491e114e7cbfde790f5129c26c18eef4,1992503e5c6cbe51ffb04c3f42ba5456ec84d3ae,address
htslib,31b23540491e114e7cbfde790f5129c26c18eef4,1992503e5c6cbe51ffb04c3f42ba5456ec84d3ae,undefined
htslib,3b1ff68575c9db582a122048a7e95aa2b1a47b11,1992503e5c6cbe51ffb04c3f42ba5456ec84d3ae,address
htslib,3b1ff68575c9db582a122048a7e95aa2b1a47b11,1992503e5c6cbe51ffb04c3f42ba5456ec84d3ae,undefined
htslib,8ff8bb328f5d4c2981933ff7847374ddc747d572,f4878b30fcdca788a5683520e6052dfaada169da,address
htslib,8ff8bb328f5d4c2981933ff7847374ddc747d572,f4878b30fcdca788a5683520e6052dfaada169da,undefined
htslib,29c294e6842a56ba3b9a24a24a5f6de1575b0961,1c4b1d71f370a5d12eb51ab0fa2a7b44226180d4,address
htslib,29c294e6842a56ba3b9a24a24a5f6de1575b0961,1c4b1d71f370a5d12eb51ab0fa2a7b44226180d4,undefined
htslib,c6ce820d5ccfeca1c38e6644d72ca6543da01eb1,1c4b1d71f370a5d12eb51ab0fa2a7b44226180d4,address
htslib,c6ce820d5ccfeca1c38e6644d72ca6543da01eb1,1c4b1d71f370a5d12eb51ab0fa2a7b44226180d4,undefined
htslib,b22e03d805866c04ea02a4b04c9b58a167853418,345abf4d3856342dad054eb6f541353d1a79c8db,address
htslib,b22e03d805866c04ea02a4b04c9b58a167853418,345abf4d3856342dad054eb6f541353d1a79c8db,undefined
htslib,9a1035586382ef3272e81c2a5f9eeba876986115,8ed2f7af34950d8c4d25405ebf90f59b932a5ea9,address
htslib,9a1035586382ef3272e81c2a5f9eeba876986115,8ed2f7af34950d8c4d25405ebf90f59b932a5ea9,undefined
htslib,ba8d1a11bed8f660594ffd104149df31bb31ba0c,c7ada4867807df88463d17c232f74afe5fb4bbeb,address
htslib,ba8d1a11bed8f660594ffd104149df31bb31ba0c,c7ada4867807df88463d17c232f74afe5fb4bbeb,undefined
htslib,04b71e6b10bdc55cd288a45118a9a563b67add5f,c7ada4867807df88463d17c232f74afe5fb4bbeb,address
htslib,04b71e6b10bdc55cd288a45118a9a563b67add5f,c7ada4867807df88463d17c232f74afe5fb4bbeb,undefined
htslib,90d3002401c8813c0ed64c314e0877a65b68bcd2,e94eb003672cff7fb30b41d26fdd40fabd439309,address
htslib,90d3002401c8813c0ed64c314e0877a65b68bcd2,e94eb003672cff7fb30b41d26fdd40fabd439309,undefined
htslib,b34a1ae1a91f7878eabfd288de92a4c7d29dab2e,e94eb003672cff7fb30b41d26fdd40fabd439309,address
htslib,b34a1ae1a91f7878eabfd288de92a4c7d29dab2e,e94eb003672cff7fb30b41d26fdd40fabd439309,undefined
htslib,0bff7c1cb60f3465e86e6e5c826f37a5948d8d04,e94eb003672cff7fb30b41d26fdd40fabd439309,address
htslib,0bff7c1cb60f3465e86e6e5c826f37a5948d8d04,e94eb003672cff7fb30b41d26fdd40fabd439309,undefined
htslib,db079d5be536d170d9868127857b66834de3caa3,83ee390bc03ffb6ed2faf37d6a66c177824e979e,address
htslib,db079d5be536d170d9868127857b66834de3caa3,83ee390bc03ffb6ed2faf37d6a66c177824e979e,undefined
htslib,d704389e051e5fdc8e69530233b10b33c653176f,83ee390bc03ffb6ed2faf37d6a66c177824e979e,address
htslib,d704389e051e5fdc8e69530233b10b33c653176f,83ee390bc03ffb6ed2faf37d6a66c177824e979e,undefined
htslib,6a14289be5b349afcb99bf730bbcbb38ffa6703a,83ee390bc03ffb6ed2faf37d6a66c177824e979e,address
htslib,6a14289be5b349afcb99bf730bbcbb38ffa6703a,83ee390bc03ffb6ed2faf37d6a66c177824e979e,undefined
htslib,e784f64950b91cdba8fc8e6f203218957139fd91,83ee390bc03ffb6ed2faf37d6a66c177824e979e,address
htslib,e784f64950b91cdba8fc8e6f203218957139fd91,83ee390bc03ffb6ed2faf37d6a66c177824e979e,undefined
htslib,88a588a7b083c1a24051ce8b9ef16c70e78b9f65,83ee390bc03ffb6ed2faf37d6a66c177824e979e,address
htslib,88a588a7b083c1a24051ce8b9ef16c70e78b9f65,83ee390bc03ffb6ed2faf37d6a66c177824e979e,undefined
htslib,f58a6f3796f94f3b7ed933b24af57c13e0215282,83ee390bc03ffb6ed2faf37d6a66c177824e979e,address
htslib,f58a6f3796f94f3b7ed933b24af57c13e0215282,83ee390bc03ffb6ed2faf37d6a66c177824e979e,undefined
htslib,2e36fa6ea4d753fc9aac0c6259078bdc9720a930,af766f3f2c64023de98d008dc9b6061510bf714c,address
htslib,2e36fa6ea4d753fc9aac0c6259078bdc9720a930,af766f3f2c64023de98d008dc9b6061510bf714c,undefined
htslib,48c4e9a4e6b7ded874630f4ff84f458c77402266,8284b6bbddcfce2432cd946d29f74a66f1819494,address
htslib,48c4e9a4e6b7ded874630f4ff84f458c77402266,8284b6bbddcfce2432cd946d29f74a66f1819494,undefined
htslib,0344174128c7a234c6a2d2a23e2ae9483ee4b434,c508a5cc8e2c616b8332c583ea1cf6b7d5848698,address
htslib,0344174128c7a234c6a2d2a23e2ae9483ee4b434,c508a5cc8e2c616b8332c583ea1cf6b7d5848698,undefined
htslib,8859b092f23ece485391a251be616feb2422ad70,c508a5cc8e2c616b8332c583ea1cf6b7d5848698,address
htslib,8859b092f23ece485391a251be616feb2422ad70,c508a5cc8e2c616b8332c583ea1cf6b7d5848698,undefined
htslib,cb8a05138e3904f7993d71026d3ee463e0cc80e9,94c0e60dfa926b9633f500ce089dd79c0ac3927f,address
htslib,cb8a05138e3904f7993d71026d3ee463e0cc80e9,94c0e60dfa926b9633f500ce089dd79c0ac3927f,undefined
htslib,e49b6665ec0d1383a5574459959c7a7a925daeed,26e8d7c7728096edf55a1fb6d0ecbc4b2dae6afa,address
htslib,e49b6665ec0d1383a5574459959c7a7a925daeed,26e8d7c7728096edf55a1fb6d0ecbc4b2dae6afa,undefined
htslib,cdf5d18768ba29975b70de3194e1fd9ab0c5f062,26e8d7c7728096edf55a1fb6d0ecbc4b2dae6afa,address
htslib,cdf5d18768ba29975b70de3194e1fd9ab0c5f062,26e8d7c7728096edf55a1fb6d0ecbc4b2dae6afa,undefined
htslib,b6d48aaa3809767417422595277eac8fbfe56d34,26e8d7c7728096edf55a1fb6d0ecbc4b2dae6afa,address
htslib,b6d48aaa3809767417422595277eac8fbfe56d34,26e8d7c7728096edf55a1fb6d0ecbc4b2dae6afa,undefined
htslib,315d08dca68bdb7fcbd7386108307a4ab48d2246,bd4b131ced3989bde9a5dd1e1f0ad378e13d894c,address
htslib,315d08dca68bdb7fcbd7386108307a4ab48d2246,bd4b131ced3989bde9a5dd1e1f0ad378e13d894c,undefined
htslib,ea16e9d736911f757d830b7e718a7281758123ed,bd4b131ced3989bde9a5dd1e1f0ad378e13d894c,address
htslib,ea16e9d736911f757d830b7e718a7281758123ed,bd4b131ced3989bde9a5dd1e1f0ad378e13d894c,undefined
htslib,fc431ebc252166f47f798e20954c5ccf8be83a8c,7c42471826babbcdba4445e1b5d3f9f6eb2420ca,address
htslib,fc431ebc252166f47f798e20954c5ccf8be83a8c,7c42471826babbcdba4445e1b5d3f9f6eb2420ca,undefined
htslib,382867a850b74e7285166a67ee3243560cd974ac,c06528180b3893199212d17a640f0037f6f40088,address
htslib,382867a850b74e7285166a67ee3243560cd974ac,c06528180b3893199212d17a640f0037f6f40088,undefined
htslib,c0e65a1ec4db767808ffcde1b44305051aea11c2,c06528180b3893199212d17a640f0037f6f40088,address
htslib,c0e65a1ec4db767808ffcde1b44305051aea11c2,c06528180b3893199212d17a640f0037f6f40088,undefined
htslib,e05d8dcd435876c6ec7635fd3819ca7915e302f3,9d589a7e86b9a5b68f8b06306fc510cca95ff296,address
htslib,e05d8dcd435876c6ec7635fd3819ca7915e302f3,9d589a7e86b9a5b68f8b06306fc510cca95ff296,undefined
htslib,9d5c6533edbdf8eba7f4bc621695a802099ffa37,48bd2b637707c2db9e80611ce27bb63841578a8a,address
htslib,9d5c6533edbdf8eba7f4bc621695a802099ffa37,48bd2b637707c2db9e80611ce27bb63841578a8a,undefined
htslib,3a73df587add7a2bc7600a57a3ab06ff629475f5,48bd2b637707c2db9e80611ce27bb63841578a8a,address
htslib,3a73df587add7a2bc7600a57a3ab06ff629475f5,48bd2b637707c2db9e80611ce27bb63841578a8a,undefined
htslib,e3cdb1df911116978c40c7fbfb3fd69ad20c3c1e,48bd2b637707c2db9e80611ce27bb63841578a8a,address
htslib,e3cdb1df911116978c40c7fbfb3fd69ad20c3c1e,48bd2b637707c2db9e80611ce27bb63841578a8a,undefined
htslib,e569d806ea84b70793d08f290b85e294257d7814,181812050dc1be74dcdebd39c919dc90e0cda3a3,address
htslib,e569d806ea84b70793d08f290b85e294257d7814,181812050dc1be74dcdebd39c919dc90e0cda3a3,undefined
htslib,1ce80dd6e006b6554d1387d013bbfba942eaf824,181812050dc1be74dcdebd39c919dc90e0cda3a3,address
htslib,1ce80dd6e006b6554d1387d013bbfba942eaf824,181812050dc1be74dcdebd39c919dc90e0cda3a3,undefined
htslib,08488f7a7910d8fdedf9c0d5ba7a882cdcabedc0,181812050dc1be74dcdebd39c919dc90e0cda3a3,address
htslib,08488f7a7910d8fdedf9c0d5ba7a882cdcabedc0,181812050dc1be74dcdebd39c919dc90e0cda3a3,undefined
htslib,4a783b84276997187c3a168d161429a23a2e1548,25cff8db8e95ca7025306840eacceb67f487d295,address
htslib,4a783b84276997187c3a168d161429a23a2e1548,25cff8db8e95ca7025306840eacceb67f487d295,undefined
htslib,9c4c64d86a1711a1f67add84a42e8d7a823d33c5,25cff8db8e95ca7025306840eacceb67f487d295,address
htslib,9c4c64d86a1711a1f67add84a42e8d7a823d33c5,25cff8db8e95ca7025306840eacceb67f487d295,undefined
htslib,6d7da635eaa744f8140e10be90995864da381c58,25cff8db8e95ca7025306840eacceb67f487d295,address
htslib,6d7da635eaa744f8140e10be90995864da381c58,25cff8db8e95ca7025306840eacceb67f487d295,undefined
htslib,b1acab6219c12c3a6cc127b37e0b03bcf4b90c3f,e32b7167540728bccffb4d1ef7ebb73eb633c741,address
htslib,b1acab6219c12c3a6cc127b37e0b03bcf4b90c3f,e32b7167540728bccffb4d1ef7ebb73eb633c741,undefined
htslib,9de45b72b3a3f3df7a0ffda3554aeab1f6da50ba,e32b7167540728bccffb4d1ef7ebb73eb633c741,address
htslib,9de45b72b3a3f3df7a0ffda3554aeab1f6da50ba,e32b7167540728bccffb4d1ef7ebb73eb633c741,undefined
htslib,d3147150b4f90a75746500137357f63bb8530d81,3c7ab8e8501f2b323a1a27a224e14e77ccc5fffe,address
htslib,d3147150b4f90a75746500137357f63bb8530d81,3c7ab8e8501f2b323a1a27a224e14e77ccc5fffe,undefined
htslib,34c15969fa49d78b07c649374fb008fb3ed1e98a,47484451d54b9912276ba1061552846190fea0a1,address
htslib,34c15969fa49d78b07c649374fb008fb3ed1e98a,47484451d54b9912276ba1061552846190fea0a1,undefined
htslib,16f62c5663bc09fda7c87f78322d1c561f483055,f0d54c33cbf22d32cebe447d636ce432cb3e4325,address
htslib,16f62c5663bc09fda7c87f78322d1c561f483055,f0d54c33cbf22d32cebe447d636ce432cb3e4325,undefined
htslib,313a9fc1e3df139bb32d81d9b660a43a5dc9483a,769c6e80f2f609549ada54b62e9cb3478faa7da3,address
htslib,313a9fc1e3df139bb32d81d9b660a43a5dc9483a,769c6e80f2f609549ada54b62e9cb3478faa7da3,undefined
htslib,1e1186923f67d82edb181ce6da9ab7d38a20e3eb,7f9866ee90ac8be46c1e4673342b6d81cf0d81b4,address
htslib,1e1186923f67d82edb181ce6da9ab7d38a20e3eb,7f9866ee90ac8be46c1e4673342b6d81cf0d81b4,undefined
htslib,808affd6c25d2df7c59ab8d463dc76015bcbc31a,7f9866ee90ac8be46c1e4673342b6d81cf0d81b4,address
htslib,808affd6c25d2df7c59ab8d463dc76015bcbc31a,7f9866ee90ac8be46c1e4673342b6d81cf0d81b4,undefined
htslib,146e6a28c948e935add16e106f77482cfc7e383d,7f9866ee90ac8be46c1e4673342b6d81cf0d81b4,address
htslib,146e6a28c948e935add16e106f77482cfc7e383d,7f9866ee90ac8be46c1e4673342b6d81cf0d81b4,undefined
htslib,3d55140fead0a42762abc7c62032e3ee1265f30f,7f9866ee90ac8be46c1e4673342b6d81cf0d81b4,address
htslib,3d55140fead0a42762abc7c62032e3ee1265f30f,7f9866ee90ac8be46c1e4673342b6d81cf0d81b4,undefined
htslib,33bfcfa37df8beae67d3b0874c7253fe14d8929e,a622daf7f54e08839c159e59fce31c16a6bef4c9,address
htslib,33bfcfa37df8beae67d3b0874c7253fe14d8929e,a622daf7f54e08839c159e59fce31c16a6bef4c9,undefined
htslib,29d06c2f84dc20fbc5f94ca1b181292433b69a21,8e2a59f8dc6f4fa17de4d6e1c0ea4fa008897446,address
htslib,29d06c2f84dc20fbc5f94ca1b181292433b69a21,8e2a59f8dc6f4fa17de4d6e1c0ea4fa008897446,undefined
htslib,cb44caaebb25ec334f257b96f9c207cfa6f346c7,8e2a59f8dc6f4fa17de4d6e1c0ea4fa008897446,address
htslib,cb44caaebb25ec334f257b96f9c207cfa6f346c7,8e2a59f8dc6f4fa17de4d6e1c0ea4fa008897446,undefined
htslib,82d01ba63b20eed8905ea60c2e1cfe0f96c73bab,723ac5035b959202d807b214600d496c54974ff5,address
htslib,82d01ba63b20eed8905ea60c2e1cfe0f96c73bab,723ac5035b959202d807b214600d496c54974ff5,undefined
htslib,2cb229aedbdf81c968a9030521a9b7ed42cce599,571dbfb39f1b13b121693dfae880158d06b92169,address
htslib,2cb229aedbdf81c968a9030521a9b7ed42cce599,571dbfb39f1b13b121693dfae880158d06b92169,undefined
htslib,00c61d2c8d83324494d4edab42c452c2d3cc26fc,571dbfb39f1b13b121693dfae880158d06b92169,address
htslib,00c61d2c8d83324494d4edab42c452c2d3cc26fc,571dbfb39f1b13b121693dfae880158d06b92169,undefined
htslib,9a15df9d394777c45abcdebf27dd65fbaf1a8b79,571dbfb39f1b13b121693dfae880158d06b92169,address
htslib,9a15df9d394777c45abcdebf27dd65fbaf1a8b79,571dbfb39f1b13b121693dfae880158d06b92169,undefined
htslib,913fccf7edeb4e959428996e040b958645dc0b2b,571dbfb39f1b13b121693dfae880158d06b92169,address
htslib,913fccf7edeb4e959428996e040b958645dc0b2b,571dbfb39f1b13b121693dfae880158d06b92169,undefined
htslib,c9fdcbf2bb1e700f388a3302914c6f272e3f84ff,571dbfb39f1b13b121693dfae880158d06b92169,address
htslib,c9fdcbf2bb1e700f388a3302914c6f272e3f84ff,571dbfb39f1b13b121693dfae880158d06b92169,undefined
htslib,6e0ed10ef42f393628ee4a0e628a8acc5023ed0a,3d7dc183d1c28b00e1270b9fdfa8361bc1f8fbff,address
htslib,6e0ed10ef42f393628ee4a0e628a8acc5023ed0a,3d7dc183d1c28b00e1270b9fdfa8361bc1f8fbff,undefined
htslib,818b271f8be6d71258364aff69075ede97a49054,3d7dc183d1c28b00e1270b9fdfa8361bc1f8fbff,address
htslib,818b271f8be6d71258364aff69075ede97a49054,3d7dc183d1c28b00e1270b9fdfa8361bc1f8fbff,undefined
htslib,832e4ba7b43b68a53ef2277cfbc643b85c8d32fd,751aa78373eb9efaa141bcc62fb1fab72f1d9ac9,address
htslib,832e4ba7b43b68a53ef2277cfbc643b85c8d32fd,751aa78373eb9efaa141bcc62fb1fab72f1d9ac9,undefined
htslib,1d6b68263a58786b6ab88f579e2866ad9e13c17b,7ff3b68f7e3d636c7f55337167b4e736076f557d,address
htslib,1d6b68263a58786b6ab88f579e2866ad9e13c17b,7ff3b68f7e3d636c7f55337167b4e736076f557d,undefined
htslib,6fc307b777cb20ea52820d88e7e7c2c645edfd4b,7ff3b68f7e3d636c7f55337167b4e736076f557d,address
htslib,6fc307b777cb20ea52820d88e7e7c2c645edfd4b,7ff3b68f7e3d636c7f55337167b4e736076f557d,undefined
htslib,2c49d1913b05e754e1f180fc64d187ba0baba1a8,7ff3b68f7e3d636c7f55337167b4e736076f557d,address
htslib,2c49d1913b05e754e1f180fc64d187ba0baba1a8,7ff3b68f7e3d636c7f55337167b4e736076f557d,undefined
htslib,9c357445c5dab64db4000497193975fa12f63225,29837b97ac9ebed43e47471c4875dcfe5f1739cb,address
htslib,9c357445c5dab64db4000497193975fa12f63225,29837b97ac9ebed43e47471c4875dcfe5f1739cb,undefined
htslib,c7c7fb56dba6f81a56a5ec5ea20b8ad81ce62a43,929dc5e247e6113a65943fd66b872b9702e3208f,address
htslib,c7c7fb56dba6f81a56a5ec5ea20b8ad81ce62a43,929dc5e247e6113a65943fd66b872b9702e3208f,undefined
htslib,df31e599a3d3778804b6a7fda9bb5fdc683ee34c,929dc5e247e6113a65943fd66b872b9702e3208f,address
htslib,df31e599a3d3778804b6a7fda9bb5fdc683ee34c,929dc5e247e6113a65943fd66b872b9702e3208f,undefined
htslib,dcd4b7304941a8832fba2d0fc4c1e716e7a4e72c,929dc5e247e6113a65943fd66b872b9702e3208f,address
htslib,dcd4b7304941a8832fba2d0fc4c1e716e7a4e72c,929dc5e247e6113a65943fd66b872b9702e3208f,undefined
htslib,da595880d134b29fb62f726b72bdc6302ffc9ccc,b77c1c69806044e6b24957a66e216456e121417d,address
htslib,da595880d134b29fb62f726b72bdc6302ffc9ccc,b77c1c69806044e6b24957a66e216456e121417d,undefined
htslib,3a359cd61322a2fc546198f72cb36988924ab765,fd4659b60e6df53bad21421672fb904e01c00384,address
htslib,3a359cd61322a2fc546198f72cb36988924ab765,fd4659b60e6df53bad21421672fb904e01c00384,undefined
htslib,302843d739d65d3192c52558b154c25f2a00c103,fd4659b60e6df53bad21421672fb904e01c00384,address
htslib,302843d739d65d3192c52558b154c25f2a00c103,fd4659b60e6df53bad21421672fb904e01c00384,undefined
htslib,a2fdf3b2fa29844a2d48c4d786471f05bd7821a9,fd4659b60e6df53bad21421672fb904e01c00384,address
htslib,a2fdf3b2fa29844a2d48c4d786471f05bd7821a9,fd4659b60e6df53bad21421672fb904e01c00384,undefined
htslib,f098e4da5728e8ba4ca4351b9a1b945d17dd8982,d0063ade0feea45e6c6e93aaa23c1d04c8ffc310,address
htslib,f098e4da5728e8ba4ca4351b9a1b945d17dd8982,d0063ade0feea45e6c6e93aaa23c1d04c8ffc310,undefined
htslib,31f0a76d338c9bf3a6893b71dd437ef5fcaaea0e,d0063ade0feea45e6c6e93aaa23c1d04c8ffc310,address
htslib,31f0a76d338c9bf3a6893b71dd437ef5fcaaea0e,d0063ade0feea45e6c6e93aaa23c1d04c8ffc310,undefined
htslib,ab045d8c9d13a023ed873bd4788e851dd52937f2,d0063ade0feea45e6c6e93aaa23c1d04c8ffc310,address
htslib,ab045d8c9d13a023ed873bd4788e851dd52937f2,d0063ade0feea45e6c6e93aaa23c1d04c8ffc310,undefined
htslib,a79009b38ce83e39bcbc8f54c00cf203621aa5bb,9a13af58478c5bf9d16e919e8d11014e901ca6d2,address
htslib,a79009b38ce83e39bcbc8f54c00cf203621aa5bb,9a13af58478c5bf9d16e919e8d11014e901ca6d2,undefined
htslib,0e8a6e21e8e30182041cb0b83407de952b521ffd,cecbfb7f59521c0ebf2194f9fd6e316b8e635745,address
htslib,0e8a6e21e8e30182041cb0b83407de952b521ffd,cecbfb7f59521c0ebf2194f9fd6e316b8e635745,undefined
htslib,773b6ed3c962c434901e0194607bbc8fc6c2fde2,cecbfb7f59521c0ebf2194f9fd6e316b8e635745,address
htslib,773b6ed3c962c434901e0194607bbc8fc6c2fde2,cecbfb7f59521c0ebf2194f9fd6e316b8e635745,undefined
htslib,8ae25df4bfba9c2bc9b4ac1f6c9fa1de70d5eec9,862bfa9604a9231420c223538c877d16ee70fcad,address
htslib,8ae25df4bfba9c2bc9b4ac1f6c9fa1de70d5eec9,862bfa9604a9231420c223538c877d16ee70fcad,undefined
htslib,3855184b58ff51735e9a70282a286702a24ae7f3,862bfa9604a9231420c223538c877d16ee70fcad,address
htslib,3855184b58ff51735e9a70282a286702a24ae7f3,862bfa9604a9231420c223538c877d16ee70fcad,undefined
htslib,6e759d374751f2743811bedfb761d6feacbced6b,862bfa9604a9231420c223538c877d16ee70fcad,address
htslib,6e759d374751f2743811bedfb761d6feacbced6b,862bfa9604a9231420c223538c877d16ee70fcad,undefined
htslib,260c5a35ad855788baba16c5419ae50b6d23061a,862bfa9604a9231420c223538c877d16ee70fcad,address
htslib,260c5a35ad855788baba16c5419ae50b6d23061a,862bfa9604a9231420c223538c877d16ee70fcad,undefined
htslib,564baf0364762cdd7fadde03ff333c379ec078f8,862bfa9604a9231420c223538c877d16ee70fcad,address
htslib,564baf0364762cdd7fadde03ff333c379ec078f8,862bfa9604a9231420c223538c877d16ee70fcad,undefined
htslib,4162046b28a7d9d8a104ce28086d9467cc05c212,862bfa9604a9231420c223538c877d16ee70fcad,address
htslib,4162046b28a7d9d8a104ce28086d9467cc05c212,862bfa9604a9231420c223538c877d16ee70fcad,undefined
htslib,7ecaaf90d4515fa9747e7536234722e5d31e514a,99b319048100c8b9b24f72ebd59216dee7cbdf99,address
htslib,7ecaaf90d4515fa9747e7536234722e5d31e514a,99b319048100c8b9b24f72ebd59216dee7cbdf99,undefined
htslib,3c6f04be2fa45ee8eb4c2f9a171f2ba8a6032588,97136f87e44f8701deff04d563b3828b89cbb861,address
htslib,3c6f04be2fa45ee8eb4c2f9a171f2ba8a6032588,97136f87e44f8701deff04d563b3828b89cbb861,undefined
htslib,2fb3b7e178304eff76381c630e54e6408a94f834,97136f87e44f8701deff04d563b3828b89cbb861,address
htslib,2fb3b7e178304eff76381c630e54e6408a94f834,97136f87e44f8701deff04d563b3828b89cbb861,undefined
htslib,71b9e4ff763e97f66e0a139a4f3b2974075fb317,97136f87e44f8701deff04d563b3828b89cbb861,address
htslib,71b9e4ff763e97f66e0a139a4f3b2974075fb317,97136f87e44f8701deff04d563b3828b89cbb861,undefined
htslib,adeeb8870eadf3e005ae0f17e773d7d90cf58624,97136f87e44f8701deff04d563b3828b89cbb861,address
htslib,adeeb8870eadf3e005ae0f17e773d7d90cf58624,97136f87e44f8701deff04d563b3828b89cbb861,undefined
htslib,0456cec92e06f4354bbdde26dd3a3b9d3b8bb0ae,97136f87e44f8701deff04d563b3828b89cbb861,address
htslib,0456cec92e06f4354bbdde26dd3a3b9d3b8bb0ae,97136f87e44f8701deff04d563b3828b89cbb861,undefined
htslib,78648e2a93aaec850ae47fa56cc5c68deb924fa0,5434e702af5a7c0007158ae33284be6287468592,address
htslib,78648e2a93aaec850ae47fa56cc5c68deb924fa0,5434e702af5a7c0007158ae33284be6287468592,undefined
htslib,e1d314931fe6b2c8d8bc5d0330b989d33adb175d,26303f818201caab7ff815c60a067758fe0ae915,address
htslib,e1d314931fe6b2c8d8bc5d0330b989d33adb175d,26303f818201caab7ff815c60a067758fe0ae915,undefined
htslib,e9447f86ec386798bdf0cc9ee3646f982328e321,26303f818201caab7ff815c60a067758fe0ae915,address
htslib,e9447f86ec386798bdf0cc9ee3646f982328e321,26303f818201caab7ff815c60a067758fe0ae915,undefined
htslib,f4f7f24914251744a928eb6f2aa8e89fa5788d0c,332e0cf3b3a21afef7216e0a1d3ddac63b0eaabf,address
htslib,f4f7f24914251744a928eb6f2aa8e89fa5788d0c,332e0cf3b3a21afef7216e0a1d3ddac63b0eaabf,undefined
htslib,3ac8a04f8f6071be0901a9ddcda296f58b2bcf0c,488d1d35d93c813bced5500ad8fea8e9523c7946,address
htslib,3ac8a04f8f6071be0901a9ddcda296f58b2bcf0c,488d1d35d93c813bced5500ad8fea8e9523c7946,undefined
htslib,34ba6c726925efceaa2cc995d7d4b0409907f331,488d1d35d93c813bced5500ad8fea8e9523c7946,address
htslib,34ba6c726925efceaa2cc995d7d4b0409907f331,488d1d35d93c813bced5500ad8fea8e9523c7946,undefined
htslib,8bab82bdb8c2613e1ca7bd5573d7c12117a2dc02,69522fa20b5f999f18f2441ad3d6828763c86e9c,address
htslib,8bab82bdb8c2613e1ca7bd5573d7c12117a2dc02,69522fa20b5f999f18f2441ad3d6828763c86e9c,undefined
htslib,9067dee60e91eafba657b13e502307d500dcd489,449ef28a87e3b336b89f862aaae8ddb6511b4b64,address
htslib,9067dee60e91eafba657b13e502307d500dcd489,449ef28a87e3b336b89f862aaae8ddb6511b4b64,undefined
htslib,170047656473a7fadf9f23f3afdfac46b9c52b21,beae72d50c0408c5d5277cbcf6b0404c10c84b1f,address
htslib,170047656473a7fadf9f23f3afdfac46b9c52b21,beae72d50c0408c5d5277cbcf6b0404c10c84b1f,undefined
htslib,af6dbb49b2d522bfd6d9762bd9329b28aa0b1e70,c197d39435d1c24a68c89deb1d45ff3ef1e392a7,address
htslib,af6dbb49b2d522bfd6d9762bd9329b28aa0b1e70,c197d39435d1c24a68c89deb1d45ff3ef1e392a7,undefined
htslib,d50a3a531c597a24644c6878fc0068d0d1cc0a0d,30158fd21b19e2fa76adafd0550aac35a1e40eb7,address
htslib,d50a3a531c597a24644c6878fc0068d0d1cc0a0d,30158fd21b19e2fa76adafd0550aac35a1e40eb7,undefined
htslib,1748a2dd34e5ff4b4800fcf04dbd5860d8c30f22,30158fd21b19e2fa76adafd0550aac35a1e40eb7,address
htslib,1748a2dd34e5ff4b4800fcf04dbd5860d8c30f22,30158fd21b19e2fa76adafd0550aac35a1e40eb7,undefined
htslib,75e2017bb097cb47722ac8796de10036d21c9625,048b14d9d9ee1f6e9968ea27aae6c4e4f0f07e07,address
htslib,75e2017bb097cb47722ac8796de10036d21c9625,048b14d9d9ee1f6e9968ea27aae6c4e4f0f07e07,undefined
htslib,80161279b755d83df6e0dbc52942f625df414452,048b14d9d9ee1f6e9968ea27aae6c4e4f0f07e07,address
htslib,80161279b755d83df6e0dbc52942f625df414452,048b14d9d9ee1f6e9968ea27aae6c4e4f0f07e07,undefined
htslib,cd0a84b490e910c085b987e3026f724be98349bf,7c73e6c1d614c7e8c964898103d2e5f6e80ce2ea,address
htslib,cd0a84b490e910c085b987e3026f724be98349bf,7c73e6c1d614c7e8c964898103d2e5f6e80ce2ea,undefined
htslib,a7a90fe913f8a466f32f6e284cf46653944acd6f,7c73e6c1d614c7e8c964898103d2e5f6e80ce2ea,address
htslib,a7a90fe913f8a466f32f6e284cf46653944acd6f,7c73e6c1d614c7e8c964898103d2e5f6e80ce2ea,undefined
htslib,1814ae3e8457a896bed96cbc7d19974b2e66d071,7c73e6c1d614c7e8c964898103d2e5f6e80ce2ea,address
htslib,1814ae3e8457a896bed96cbc7d19974b2e66d071,7c73e6c1d614c7e8c964898103d2e5f6e80ce2ea,undefined
htslib,3c1ea37046e701afa1dffd07ea72e10b9b9eb8e2,ee423bf3d6195b38fcac59a3b68336bab6dc7001,address
htslib,3c1ea37046e701afa1dffd07ea72e10b9b9eb8e2,ee423bf3d6195b38fcac59a3b68336bab6dc7001,undefined
htslib,450c91271ecf688150c4f35d75c4a8d0381c848d,2b9e9e7bd0bed97c17fbcfe46b74836859b3fd2b,address
htslib,450c91271ecf688150c4f35d75c4a8d0381c848d,2b9e9e7bd0bed97c17fbcfe46b74836859b3fd2b,undefined
htslib,30d82d6bdd6ab2bfc00d81d325a678dd3b3b5e48,24e1b863eb65a2a7b3cbabaf6c5aa42e1a37c322,address
htslib,30d82d6bdd6ab2bfc00d81d325a678dd3b3b5e48,24e1b863eb65a2a7b3cbabaf6c5aa42e1a37c322,undefined
htslib,14a83590dd5944ba6b5b5f7cbd85237623bd40a1,dc5574d93d1cf3a6d721efed4bbfff5b8dd6db9a,address
htslib,14a83590dd5944ba6b5b5f7cbd85237623bd40a1,dc5574d93d1cf3a6d721efed4bbfff5b8dd6db9a,undefined
htslib,ff495a966fd59e29e3d3d176c6d854b346dc6e0e,24f263f32df4cbb307f1ceb764c0c3c97fdd3f9e,address
htslib,ff495a966fd59e29e3d3d176c6d854b346dc6e0e,24f263f32df4cbb307f1ceb764c0c3c97fdd3f9e,undefined
htslib,ed198a55b6a7e6dbcfe53b22f7cc8b3c21086301,24f263f32df4cbb307f1ceb764c0c3c97fdd3f9e,address
htslib,ed198a55b6a7e6dbcfe53b22f7cc8b3c21086301,24f263f32df4cbb307f1ceb764c0c3c97fdd3f9e,undefined
htslib,81eca5e695e957ef6844d619b44246abe91d9eef,24f263f32df4cbb307f1ceb764c0c3c97fdd3f9e,address
htslib,81eca5e695e957ef6844d619b44246abe91d9eef,24f263f32df4cbb307f1ceb764c0c3c97fdd3f9e,undefined
htslib,2264113e5df1946210828e45d29c605915bd3733,24f263f32df4cbb307f1ceb764c0c3c97fdd3f9e,address
htslib,2264113e5df1946210828e45d29c605915bd3733,24f263f32df4cbb307f1ceb764c0c3c97fdd3f9e,undefined
htslib,49059d3cbb1ac145fadbafed18bce2a8eb5dc0d9,2db56c41743333db03e811b6687dca05620210d5,address
htslib,49059d3cbb1ac145fadbafed18bce2a8eb5dc0d9,2db56c41743333db03e811b6687dca05620210d5,undefined
htslib,c9175183c42382f1030503e88ca7e60cb9c08536,392e5f8557a34d30958e015a6952a682ef73a439,address
htslib,c9175183c42382f1030503e88ca7e60cb9c08536,392e5f8557a34d30958e015a6952a682ef73a439,undefined
htslib,90f27abcb669373e8af7cfeca22951109e0e102b,392e5f8557a34d30958e015a6952a682ef73a439,address
htslib,90f27abcb669373e8af7cfeca22951109e0e102b,392e5f8557a34d30958e015a6952a682ef73a439,undefined
htslib,ca25304f29a5f94198c186b3a47eceab18416f63,6fc050ec9ec29534ad079c83ef4bc2f709c083df,address
htslib,ca25304f29a5f94198c186b3a47eceab18416f63,6fc050ec9ec29534ad079c83ef4bc2f709c083df,undefined
htslib,b211b4c04dccad6f0dc0b9865be7d0210f2a6957,8bd567697d2f36589ca315971f6fff47af4e9e2b,address
htslib,b211b4c04dccad6f0dc0b9865be7d0210f2a6957,8bd567697d2f36589ca315971f6fff47af4e9e2b,undefined
htslib,21b677e52ea98219c30f8a0c6bd3d973210d361f,f14497dba0b32ff8a7f0514ec6dae961458f9aa5,address
htslib,21b677e52ea98219c30f8a0c6bd3d973210d361f,f14497dba0b32ff8a7f0514ec6dae961458f9aa5,undefined
htslib,0ad12d7593ada731e0ff20c8bcd027d31dfb98fa,f14497dba0b32ff8a7f0514ec6dae961458f9aa5,address
htslib,0ad12d7593ada731e0ff20c8bcd027d31dfb98fa,f14497dba0b32ff8a7f0514ec6dae961458f9aa5,undefined
htslib,b710781df0d9bb6f665756316653554fe32e5c68,f14497dba0b32ff8a7f0514ec6dae961458f9aa5,address
htslib,b710781df0d9bb6f665756316653554fe32e5c68,f14497dba0b32ff8a7f0514ec6dae961458f9aa5,undefined
htslib,7f8211cd76a59ba870566a430a69287ee657dd4e,265ae853025e01655d8c8c471561bb66df84ea01,address
htslib,7f8211cd76a59ba870566a430a69287ee657dd4e,265ae853025e01655d8c8c471561bb66df84ea01,undefined
htslib,9a55e4e74829593722b1a08a5c2cc414a57e1a25,6ddb2b7bd06de032609600eb35ccd34ae6d881bd,address
htslib,9a55e4e74829593722b1a08a5c2cc414a57e1a25,6ddb2b7bd06de032609600eb35ccd34ae6d881bd,undefined
htslib,51275bcbda6d1e0849d0e50d0edd13814d38ebd1,86322e1807da8210edb3b8066cb0a21672626efb,address
htslib,51275bcbda6d1e0849d0e50d0edd13814d38ebd1,86322e1807da8210edb3b8066cb0a21672626efb,undefined
htslib,8c7eccfc8670f4ea23122eb10f70fc491ccc805f,7ca4bb0693c4ce4fe28bdce87e712fb8e9d37c8e,address
htslib,8c7eccfc8670f4ea23122eb10f70fc491ccc805f,7ca4bb0693c4ce4fe28bdce87e712fb8e9d37c8e,undefined
htslib,2056490488b81169bf69beb5ac835cd22dc74a42,7ca4bb0693c4ce4fe28bdce87e712fb8e9d37c8e,address
htslib,2056490488b81169bf69beb5ac835cd22dc74a42,7ca4bb0693c4ce4fe28bdce87e712fb8e9d37c8e,undefined
htslib,238600d2e0401b893ead71f967f0488f5d144e63,7ca4bb0693c4ce4fe28bdce87e712fb8e9d37c8e,address
htslib,238600d2e0401b893ead71f967f0488f5d144e63,7ca4bb0693c4ce4fe28bdce87e712fb8e9d37c8e,undefined
htslib,7ad1ec2b4d1de9f04cfe827539446b6de8548a54,875a944288fa049307ba4f2d03c6cb6a2235b1c9,address
htslib,7ad1ec2b4d1de9f04cfe827539446b6de8548a54,875a944288fa049307ba4f2d03c6cb6a2235b1c9,undefined
htslib,b581944da4015182a6a9a9bc325ee15b002cba61,9abfa5256cbfeee3d3e076c31bb23882a5959fce,address
htslib,b581944da4015182a6a9a9bc325ee15b002cba61,9abfa5256cbfeee3d3e076c31bb23882a5959fce,undefined
htslib,7ca2b49fc9200171c3ffdb2a8c403c845a286e9d,e8262872b5561fcc087dc599b7caab6a930414e9,address
htslib,7ca2b49fc9200171c3ffdb2a8c403c845a286e9d,e8262872b5561fcc087dc599b7caab6a930414e9,undefined
htslib,246c146f3f46d184b1dc3877ca35b16d13ee220a,0ba7eeef2ea36b4e4ed5d79e85f566dd459ad9b1,address
htslib,246c146f3f46d184b1dc3877ca35b16d13ee220a,0ba7eeef2ea36b4e4ed5d79e85f566dd459ad9b1,undefined
htslib,78441c964312aba387d50dbe144f0ff6975820ae,4ea64fc7356b0351f7a3a15e28f4611bca8e025a,address
htslib,78441c964312aba387d50dbe144f0ff6975820ae,4ea64fc7356b0351f7a3a15e28f4611bca8e025a,undefined
htslib,44787d9800bba41e463e4db11c2280fac3cdbb7f,380687236a9b2709769786458ddc437366d6546e,address
htslib,44787d9800bba41e463e4db11c2280fac3cdbb7f,380687236a9b2709769786458ddc437366d6546e,undefined
htslib,999d1819e0b4083e6fe3339188a41cca7be1c508,380687236a9b2709769786458ddc437366d6546e,address
htslib,999d1819e0b4083e6fe3339188a41cca7be1c508,380687236a9b2709769786458ddc437366d6546e,undefined
htslib,2c75c104d824b0469463c9a62f8daf1594f22ebc,380687236a9b2709769786458ddc437366d6546e,address
htslib,2c75c104d824b0469463c9a62f8daf1594f22ebc,380687236a9b2709769786458ddc437366d6546e,undefined
htslib,fc2d03e70f60bf553303a2fbb6211fbfa59822dd,380687236a9b2709769786458ddc437366d6546e,address
htslib,fc2d03e70f60bf553303a2fbb6211fbfa59822dd,380687236a9b2709769786458ddc437366d6546e,undefined
htslib,c7c433fd314d70b650e31af4c6b07f004bf17962,380687236a9b2709769786458ddc437366d6546e,address
htslib,c7c433fd314d70b650e31af4c6b07f004bf17962,380687236a9b2709769786458ddc437366d6546e,undefined
htslib,cecf738a4a200547250fd9b22e4365af1a9610fb,380687236a9b2709769786458ddc437366d6546e,address
htslib,cecf738a4a200547250fd9b22e4365af1a9610fb,380687236a9b2709769786458ddc437366d6546e,undefined
htslib,a7f7abcb3e21646f15d4cb94d07920ddb828cf36,6c33afc31add1f4f386490bcd738e8dc692eb9eb,address
htslib,a7f7abcb3e21646f15d4cb94d07920ddb828cf36,6c33afc31add1f4f386490bcd738e8dc692eb9eb,undefined
htslib,85240bae84f49c05656b5ffd5b23485c2559f25b,6c33afc31add1f4f386490bcd738e8dc692eb9eb,address
htslib,85240bae84f49c05656b5ffd5b23485c2559f25b,6c33afc31add1f4f386490bcd738e8dc692eb9eb,undefined
htslib,67805c7811a758da6a1e3ceef06004378de23460,29bbb8a033a661abaa2e9df24f9b97d0fc490e32,address
htslib,67805c7811a758da6a1e3ceef06004378de23460,29bbb8a033a661abaa2e9df24f9b97d0fc490e32,undefined
htslib,cd48384237cd63d5b1e1a42e1946e6e59143f790,29bbb8a033a661abaa2e9df24f9b97d0fc490e32,address
htslib,cd48384237cd63d5b1e1a42e1946e6e59143f790,29bbb8a033a661abaa2e9df24f9b97d0fc490e32,undefined
htslib,b5ed0101b6d4d8345cc0211ea880537c003c461b,29bbb8a033a661abaa2e9df24f9b97d0fc490e32,address
htslib,b5ed0101b6d4d8345cc0211ea880537c003c461b,29bbb8a033a661abaa2e9df24f9b97d0fc490e32,undefined
htslib,410f2b2e4174772d504f3d288c085359878a38e9,29bbb8a033a661abaa2e9df24f9b97d0fc490e32,address
htslib,410f2b2e4174772d504f3d288c085359878a38e9,29bbb8a033a661abaa2e9df24f9b97d0fc490e32,undefined
htslib,481bd2226195d3d6f9bc79f9b80d9750b2b43b76,f3fd5289e9697d5287e8fa51e3e2064b3511794d,address
htslib,481bd2226195d3d6f9bc79f9b80d9750b2b43b76,f3fd5289e9697d5287e8fa51e3e2064b3511794d,undefined
htslib,13fe974f75458edd490ed841f60bbcd0cef58ee1,4f3158373d766710f9ec9fe7e1b1b78d30553c60,address
htslib,13fe974f75458edd490ed841f60bbcd0cef58ee1,4f3158373d766710f9ec9fe7e1b1b78d30553c60,undefined
htslib,f39dae751dae8c1abf8477074c5fbaea66d229df,4f3158373d766710f9ec9fe7e1b1b78d30553c60,address
htslib,f39dae751dae8c1abf8477074c5fbaea66d229df,4f3158373d766710f9ec9fe7e1b1b78d30553c60,undefined
htslib,5a302ffbb4f76b30a3fe555433581d10da47cf30,7aa82f920a74298aa6e38e68086248e124105617,address
htslib,5a302ffbb4f76b30a3fe555433581d10da47cf30,7aa82f920a74298aa6e38e68086248e124105617,undefined
htslib,b0cc5bdd86c6aebc9684f22b28fcf6b079192bb9,7aa82f920a74298aa6e38e68086248e124105617,address
htslib,b0cc5bdd86c6aebc9684f22b28fcf6b079192bb9,7aa82f920a74298aa6e38e68086248e124105617,undefined
htslib,587b4d05600d6708295c3bce6db519d887368636,7aa82f920a74298aa6e38e68086248e124105617,address
htslib,587b4d05600d6708295c3bce6db519d887368636,7aa82f920a74298aa6e38e68086248e124105617,undefined
htslib,aada31476c534322bcdb7616ad748341dd5a5ad9,7aa82f920a74298aa6e38e68086248e124105617,address
htslib,aada31476c534322bcdb7616ad748341dd5a5ad9,7aa82f920a74298aa6e38e68086248e124105617,undefined
htslib,958e6fa708d1914bc46d9f8e9411987402468153,7aa82f920a74298aa6e38e68086248e124105617,address
htslib,958e6fa708d1914bc46d9f8e9411987402468153,7aa82f920a74298aa6e38e68086248e124105617,undefined
htslib,e16c4224174a7581cf6f6b39705d62bbde007261,ccd918bb59c49750b41a6d2652f69cfd68f7d7a4,address
htslib,e16c4224174a7581cf6f6b39705d62bbde007261,ccd918bb59c49750b41a6d2652f69cfd68f7d7a4,undefined
htslib,008eabd3b38600a187b8d2fe94be9f8f9260545e,45023e3a63a19719e42bbf265db1851ee2ab1eb0,address
htslib,008eabd3b38600a187b8d2fe94be9f8f9260545e,45023e3a63a19719e42bbf265db1851ee2ab1eb0,undefined
htslib,88ccb034fca1f8e140f554cccc53d355f0a06da2,cf816c3244f022fc0eac0a32e3e344991cd802a8,address
htslib,88ccb034fca1f8e140f554cccc53d355f0a06da2,cf816c3244f022fc0eac0a32e3e344991cd802a8,undefined
htslib,7fef9d3acaf4ea51dcd6a9fd74742e17c90ec44a,cf816c3244f022fc0eac0a32e3e344991cd802a8,address
htslib,7fef9d3acaf4ea51dcd6a9fd74742e17c90ec44a,cf816c3244f022fc0eac0a32e3e344991cd802a8,undefined
htslib,33ff2bcc49ddc47b7eb9ced7bf06446b1984746e,a0adeda9e145c69e90cd4a4118bbb13ba0f64926,address
htslib,33ff2bcc49ddc47b7eb9ced7bf06446b1984746e,a0adeda9e145c69e90cd4a4118bbb13ba0f64926,undefined
htslib,764edbd24adf20b938a7f70160802d4cc5846224,a0adeda9e145c69e90cd4a4118bbb13ba0f64926,address
htslib,764edbd24adf20b938a7f70160802d4cc5846224,a0adeda9e145c69e90cd4a4118bbb13ba0f64926,undefined
htslib,e97816474e5facdb0ef23df8be7e446eea474f24,a0adeda9e145c69e90cd4a4118bbb13ba0f64926,address
htslib,e97816474e5facdb0ef23df8be7e446eea474f24,a0adeda9e145c69e90cd4a4118bbb13ba0f64926,undefined
htslib,2978708540a17a66fd83133ed4aca34faa2ff6bd,ae357f3b77288a8bd6ffd1e18e9d2e9009d0afaf,address
htslib,2978708540a17a66fd83133ed4aca34faa2ff6bd,ae357f3b77288a8bd6ffd1e18e9d2e9009d0afaf,undefined
htslib,f46597e7ec497e20903c423298bef61e83d8f6b4,d0f3e654a4d08b0f1bbaddc281aa33d41883b51f,address
htslib,f46597e7ec497e20903c423298bef61e83d8f6b4,d0f3e654a4d08b0f1bbaddc281aa33d41883b51f,undefined
htslib,fee3bbbe58a9bc4af716b1af4934c1f76faa8f56,3c04a4fab3273f05540d34ab82e449051f45f54f,address
htslib,fee3bbbe58a9bc4af716b1af4934c1f76faa8f56,3c04a4fab3273f05540d34ab82e449051f45f54f,undefined
htslib,1109c8bce1248df001e1b3550a6b1bb58dfaa1c0,70dd8b4c95778da347af5e6270066d050e90ffec,address
htslib,1109c8bce1248df001e1b3550a6b1bb58dfaa1c0,70dd8b4c95778da347af5e6270066d050e90ffec,undefined
htslib,41f9aaa19ece0f151d10e98423c173d3e95c9c66,a22ccfcc4fcc5d7504a934dc92ae76b93fc35a39,address
htslib,41f9aaa19ece0f151d10e98423c173d3e95c9c66,a22ccfcc4fcc5d7504a934dc92ae76b93fc35a39,undefined
htslib,58d9f604a0b9de5be021c9e9a79d1dc5d5892503,a22ccfcc4fcc5d7504a934dc92ae76b93fc35a39,address
htslib,58d9f604a0b9de5be021c9e9a79d1dc5d5892503,a22ccfcc4fcc5d7504a934dc92ae76b93fc35a39,undefined
htslib,226c1a813bc5d0582f7e0b0bdb4b3ea9e3ee4ce4,33127a01cb5bdf03d797ca18112e5dfb32d19423,address
htslib,226c1a813bc5d0582f7e0b0bdb4b3ea9e3ee4ce4,33127a01cb5bdf03d797ca18112e5dfb32d19423,undefined
htslib,dd5ee808d58011e58a158c8863aa1e074498a061,16d7deebd67092b579dd4209394474fcee4915e3,address
htslib,dd5ee808d58011e58a158c8863aa1e074498a061,16d7deebd67092b579dd4209394474fcee4915e3,undefined
htslib,ca34d9e3e7e6e5dd4416fe3cca74cb4088d8888b,d124b72b7e2951dd6e6a039270d3e2f852dd3c0d,address
htslib,ca34d9e3e7e6e5dd4416fe3cca74cb4088d8888b,d124b72b7e2951dd6e6a039270d3e2f852dd3c0d,undefined
htslib,185521aebda549487cee0124ca20907de2b0fcf5,2354d9dd42d9ac047a4b01eac2fceccf65be0514,address
htslib,185521aebda549487cee0124ca20907de2b0fcf5,2354d9dd42d9ac047a4b01eac2fceccf65be0514,undefined
htslib,b0148048382a62113e08e9954dca7c008df3db63,1ac061d41b9c53c847afbfbb437b380d8f462733,address
htslib,b0148048382a62113e08e9954dca7c008df3db63,1ac061d41b9c53c847afbfbb437b380d8f462733,undefined
htslib,506f47913cbc8ffbc5cdfb28218b00b84e23de80,731bfb69b057bb8539f179b190700c39dd303411,address
htslib,506f47913cbc8ffbc5cdfb28218b00b84e23de80,731bfb69b057bb8539f179b190700c39dd303411,undefined
htslib,ff49203760f02f5cf4ede7d045d509970f2f8063,54996950a0a4f0e9c1173c3c59bbfaf1a551c53d,address
htslib,ff49203760f02f5cf4ede7d045d509970f2f8063,54996950a0a4f0e9c1173c3c59bbfaf1a551c53d,undefined
htslib,4f9a8ba866bfdcd10cf77d1be2a307f85d28d608,54996950a0a4f0e9c1173c3c59bbfaf1a551c53d,address
htslib,4f9a8ba866bfdcd10cf77d1be2a307f85d28d608,54996950a0a4f0e9c1173c3c59bbfaf1a551c53d,undefined
htslib,494eca899e5f20c71f753a7db31dad2ccf2bb07f,54996950a0a4f0e9c1173c3c59bbfaf1a551c53d,address
htslib,494eca899e5f20c71f753a7db31dad2ccf2bb07f,54996950a0a4f0e9c1173c3c59bbfaf1a551c53d,undefined
htslib,5e426826d0b9ad5bd3d47cff5e18ae7ab2981de1,54996950a0a4f0e9c1173c3c59bbfaf1a551c53d,address
htslib,5e426826d0b9ad5bd3d47cff5e18ae7ab2981de1,54996950a0a4f0e9c1173c3c59bbfaf1a551c53d,undefined
htslib,6c733244f5359064f0126e6fbfa9002aafc006fc,54996950a0a4f0e9c1173c3c59bbfaf1a551c53d,address
htslib,6c733244f5359064f0126e6fbfa9002aafc006fc,54996950a0a4f0e9c1173c3c59bbfaf1a551c53d,undefined
htslib,1fba06c2c086290e21bd50ef6f8244dcde80c764,54996950a0a4f0e9c1173c3c59bbfaf1a551c53d,address
htslib,1fba06c2c086290e21bd50ef6f8244dcde80c764,54996950a0a4f0e9c1173c3c59bbfaf1a551c53d,undefined
htslib,19c72628618eb1aaeb965ef06d81255fe0af1c17,d412c6b08b0eea1e1def2bd0b19f40b5da6b0fa5,address
htslib,19c72628618eb1aaeb965ef06d81255fe0af1c17,d412c6b08b0eea1e1def2bd0b19f40b5da6b0fa5,undefined
htslib,9562aebaa39265b7c96e6a6f5cf6f78727c41221,0b8040e9be36581f4c05746cadd904f19a207284,address
htslib,9562aebaa39265b7c96e6a6f5cf6f78727c41221,0b8040e9be36581f4c05746cadd904f19a207284,undefined
htslib,c72eee6465147278b9dee97044474bca69f89dcb,0b8040e9be36581f4c05746cadd904f19a207284,address
htslib,c72eee6465147278b9dee97044474bca69f89dcb,0b8040e9be36581f4c05746cadd904f19a207284,undefined
htslib,b7addd31513fd301bc3f44fff9bcdf87239523db,444a4feafe9460c4d95bcca163dda513d6ce9f9c,address
htslib,b7addd31513fd301bc3f44fff9bcdf87239523db,444a4feafe9460c4d95bcca163dda513d6ce9f9c,undefined
htslib,c5508d59eefb97eac2af6bb00e97b7e64f81f8da,7c18e1e5d6b4ff9a7879b40461fce62e7a979a69,address
htslib,c5508d59eefb97eac2af6bb00e97b7e64f81f8da,7c18e1e5d6b4ff9a7879b40461fce62e7a979a69,undefined
htslib,542dfb81afd6ebef5a5ea5651555f930d43d572e,f93b8506e8261d4ac6ec988ff35f14c3deaf7010,address
htslib,542dfb81afd6ebef5a5ea5651555f930d43d572e,f93b8506e8261d4ac6ec988ff35f14c3deaf7010,undefined
htslib,72dfa6d79fe3a42b81ea35e572031dbd3176b1bd,f93b8506e8261d4ac6ec988ff35f14c3deaf7010,address
htslib,72dfa6d79fe3a42b81ea35e572031dbd3176b1bd,f93b8506e8261d4ac6ec988ff35f14c3deaf7010,undefined
htslib,66a7fad49a8d11d6f66a6cf805d7820dece97a53,f93b8506e8261d4ac6ec988ff35f14c3deaf7010,address
htslib,66a7fad49a8d11d6f66a6cf805d7820dece97a53,f93b8506e8261d4ac6ec988ff35f14c3deaf7010,undefined
htslib,e92076cd1491545f822d1455c1aa7c4286635541,daef7f74d8500db63027bddf5bd307e9982f2d9d,address
htslib,e92076cd1491545f822d1455c1aa7c4286635541,daef7f74d8500db63027bddf5bd307e9982f2d9d,undefined
htslib,1858eed9c959a0cbb51b71bd8468dd78ca0f82e8,daef7f74d8500db63027bddf5bd307e9982f2d9d,address
htslib,1858eed9c959a0cbb51b71bd8468dd78ca0f82e8,daef7f74d8500db63027bddf5bd307e9982f2d9d,undefined
htslib,3e289217be0e26a9722c51fe129dc98281214659,e93fb6ddbe210ae62cb0ce7310ff46481283e9af,address
htslib,3e289217be0e26a9722c51fe129dc98281214659,e93fb6ddbe210ae62cb0ce7310ff46481283e9af,undefined
htslib,ad80f8e8ee582377d998d5aea9f65975f9bb3322,123f3fa8925b918939ae42a762464f34fa2405e5,address
htslib,ad80f8e8ee582377d998d5aea9f65975f9bb3322,123f3fa8925b918939ae42a762464f34fa2405e5,undefined
htslib,c27092616fd0b11ea6955dbc337d0f581ace8d72,a22f581a190e972f54587637351cd61bfdcb78c2,address
htslib,c27092616fd0b11ea6955dbc337d0f581ace8d72,a22f581a190e972f54587637351cd61bfdcb78c2,undefined
htslib,d77192ae04fe6a57a84b9050d1c0c976f207037d,674a4e29d07fa15106695f07d75c2111ae01362f,address
htslib,d77192ae04fe6a57a84b9050d1c0c976f207037d,674a4e29d07fa15106695f07d75c2111ae01362f,undefined
htslib,759f69618b4fcd05d92e6cb46ca9d58e511c0225,c18654e7da795c00a7fc8dcae5f5d231b8198ad0,address
htslib,759f69618b4fcd05d92e6cb46ca9d58e511c0225,c18654e7da795c00a7fc8dcae5f5d231b8198ad0,undefined
htslib,a6ffbf50d55262595a094a46ea41dad3ab59d26d,c18654e7da795c00a7fc8dcae5f5d231b8198ad0,address
htslib,a6ffbf50d55262595a094a46ea41dad3ab59d26d,c18654e7da795c00a7fc8dcae5f5d231b8198ad0,undefined
htslib,6a043b9e10d6fee9ef5c0a82e3716155b91e1fef,da13add8e5e96ec1e7bceea840011b870742f4b0,address
htslib,6a043b9e10d6fee9ef5c0a82e3716155b91e1fef,da13add8e5e96ec1e7bceea840011b870742f4b0,undefined
htslib,552219e856749acc31900e3b7a0db74e15f98d28,da13add8e5e96ec1e7bceea840011b870742f4b0,address
htslib,552219e856749acc31900e3b7a0db74e15f98d28,da13add8e5e96ec1e7bceea840011b870742f4b0,undefined
htslib,8d9193899ef3e34ea8ecc9f3fb72063e74697f69,da13add8e5e96ec1e7bceea840011b870742f4b0,address
htslib,8d9193899ef3e34ea8ecc9f3fb72063e74697f69,da13add8e5e96ec1e7bceea840011b870742f4b0,undefined
htslib,2a646be681f892cebf725a471dcba222db86a43b,8789149c9d20bd6a704318d10f7179326855439a,address
htslib,2a646be681f892cebf725a471dcba222db86a43b,8789149c9d20bd6a704318d10f7179326855439a,undefined
htslib,8f140eed115bdb18257174420779757546e91c6c,d50dacbfb4824ebcd80f6d0c9ea8891a1022ec9d,address
htslib,8f140eed115bdb18257174420779757546e91c6c,d50dacbfb4824ebcd80f6d0c9ea8891a1022ec9d,undefined
htslib,b5cc0b76de4511690c938ad6a04d3cbf03bb3ab3,b13cf7a510393b5269e183a9c00e09857867736b,address
htslib,b5cc0b76de4511690c938ad6a04d3cbf03bb3ab3,b13cf7a510393b5269e183a9c00e09857867736b,undefined
htslib,ecc3d0f419aaf9aa7009af60685445878ff1e357,b13cf7a510393b5269e183a9c00e09857867736b,address
htslib,ecc3d0f419aaf9aa7009af60685445878ff1e357,b13cf7a510393b5269e183a9c00e09857867736b,undefined
htslib,ce7e29837d9a858832d6b5de79bddb5639d22c3f,4abd0750a2467e072c9279bf01d09582f49d6300,address
htslib,ce7e29837d9a858832d6b5de79bddb5639d22c3f,4abd0750a2467e072c9279bf01d09582f49d6300,undefined
htslib,136e4a9b13bdcf0e2b8f2245a70f595c8c673a27,862bf06af189bee87cb299c4752161d93d252e2a,address
htslib,136e4a9b13bdcf0e2b8f2245a70f595c8c673a27,862bf06af189bee87cb299c4752161d93d252e2a,undefined
htslib,9fcd248c764c74dc6a4c1e6189a9e0c3204dce5b,97a68b049b1608cf36b28c60f1160c0ec0d3e69a,address
htslib,9fcd248c764c74dc6a4c1e6189a9e0c3204dce5b,97a68b049b1608cf36b28c60f1160c0ec0d3e69a,undefined
htslib,356c4c48a05248f440948d67cf0e792685931296,97a68b049b1608cf36b28c60f1160c0ec0d3e69a,address
htslib,356c4c48a05248f440948d67cf0e792685931296,97a68b049b1608cf36b28c60f1160c0ec0d3e69a,undefined
htslib,b47469a6d322220d4412798ccaf80e4b5a8f6163,97a68b049b1608cf36b28c60f1160c0ec0d3e69a,address
htslib,b47469a6d322220d4412798ccaf80e4b5a8f6163,97a68b049b1608cf36b28c60f1160c0ec0d3e69a,undefined
htslib,a1013a6e5eca6ba6b1a36b2a2a012952a5cf7df5,97a68b049b1608cf36b28c60f1160c0ec0d3e69a,address
htslib,a1013a6e5eca6ba6b1a36b2a2a012952a5cf7df5,97a68b049b1608cf36b28c60f1160c0ec0d3e69a,undefined
htslib,fecbd67cb349896a1f858ee8d4aad320464a34de,fd081646583cf9ae8fd2c8166e414a0330c92fe7,address
htslib,fecbd67cb349896a1f858ee8d4aad320464a34de,fd081646583cf9ae8fd2c8166e414a0330c92fe7,undefined
htslib,4e61c128238f3e7cbb3b1f4e9c0fdb4880aa9a10,ebb30238a0132c439524b682c6e33e7eb11a061a,address
htslib,4e61c128238f3e7cbb3b1f4e9c0fdb4880aa9a10,ebb30238a0132c439524b682c6e33e7eb11a061a,undefined
htslib,36312fb0a06bd59188fd39a860055fbb4dd0dc63,ebb30238a0132c439524b682c6e33e7eb11a061a,address
htslib,36312fb0a06bd59188fd39a860055fbb4dd0dc63,ebb30238a0132c439524b682c6e33e7eb11a061a,undefined
htslib,203f5bb7b047c0833dc564b0faf519ff29a098a3,23016796328a7c7a3118c2c87ad55e1275152529,address
htslib,203f5bb7b047c0833dc564b0faf519ff29a098a3,23016796328a7c7a3118c2c87ad55e1275152529,undefined
htslib,503618637124b3bff51ac545f43378b2665d4691,8b62de27849763feffa84098bc22d89f29151067,address
htslib,503618637124b3bff51ac545f43378b2665d4691,8b62de27849763feffa84098bc22d89f29151067,undefined
htslib,a92615b272f8eb60e0cc5691e2a962f6159f0fdc,31a99be20dd108a9d41902b16bbfd757ca33dbb0,address
htslib,a92615b272f8eb60e0cc5691e2a962f6159f0fdc,31a99be20dd108a9d41902b16bbfd757ca33dbb0,undefined
htslib,2ff03d349d3ae23e80fc6ef75fec06854188922b,31a99be20dd108a9d41902b16bbfd757ca33dbb0,address
htslib,2ff03d349d3ae23e80fc6ef75fec06854188922b,31a99be20dd108a9d41902b16bbfd757ca33dbb0,undefined
htslib,e4957188734d8d977f3b494983e28156af9a258e,1941c0520c584c87b99d1ce02142803560740a16,address
htslib,e4957188734d8d977f3b494983e28156af9a258e,1941c0520c584c87b99d1ce02142803560740a16,undefined
htslib,191ddc022a73cc03aa7702ca9e3425e919ab6396,1941c0520c584c87b99d1ce02142803560740a16,address
htslib,191ddc022a73cc03aa7702ca9e3425e919ab6396,1941c0520c584c87b99d1ce02142803560740a16,undefined
htslib,3a374083c11884d22f05c6a095a6b0cc3cc8cdc0,328dcf3e882a929dd8e0f866752a566c3988b150,address
htslib,3a374083c11884d22f05c6a095a6b0cc3cc8cdc0,328dcf3e882a929dd8e0f866752a566c3988b150,undefined
htslib,76d46189ce42540af9dca1fa0252820eb76ccab0,328dcf3e882a929dd8e0f866752a566c3988b150,address
htslib,76d46189ce42540af9dca1fa0252820eb76ccab0,328dcf3e882a929dd8e0f866752a566c3988b150,undefined
htslib,6366029324e2d01902c4699a11a1b966dcfa3c8f,ee02b12ad0ae7de4c579b4391fc8d206a801f11c,address
htslib,6366029324e2d01902c4699a11a1b966dcfa3c8f,ee02b12ad0ae7de4c579b4391fc8d206a801f11c,undefined
htslib,a1dec95bf18c24a1ea38ef736088411d7aa55a08,9307cd2b262e4e7a1cd0a678bec4c15d705caa32,address
htslib,a1dec95bf18c24a1ea38ef736088411d7aa55a08,9307cd2b262e4e7a1cd0a678bec4c15d705caa32,undefined
htslib,4604554d424406c6764af8da17b370c1b525ae1a,4195b68795a61f34140047083868f70048bb90e4,address
htslib,4604554d424406c6764af8da17b370c1b525ae1a,4195b68795a61f34140047083868f70048bb90e4,undefined
htslib,853b801794e680ca88d3a5d03c1ab2c0d1e68b53,37824508297eed9212f4e84094184a8ca9e16160,address
htslib,853b801794e680ca88d3a5d03c1ab2c0d1e68b53,37824508297eed9212f4e84094184a8ca9e16160,undefined
htslib,32de287eafdafc45dde0a22244b72697294f161d,e9a6842d47f2b38dc4862c06e517e7abe9c70e9d,address
htslib,32de287eafdafc45dde0a22244b72697294f161d,e9a6842d47f2b38dc4862c06e517e7abe9c70e9d,undefined
htslib,eab0ee16d0bf0168459dc82354e3672b74267150,42b53f467346c6016a1c1c5a434a64c00a2ef199,address
htslib,eab0ee16d0bf0168459dc82354e3672b74267150,42b53f467346c6016a1c1c5a434a64c00a2ef199,undefined
htslib,3c6f83f11e6e99cdcbed3541ae7d8d5f7786578d,862054d865779fbe01d2cc45ade9d1330240ebb7,address
htslib,3c6f83f11e6e99cdcbed3541ae7d8d5f7786578d,862054d865779fbe01d2cc45ade9d1330240ebb7,undefined
htslib,2ff4b13cd9aaa78ca3992b8ac0b55f32b1a5a2c6,c56573eef7f8c8044ef44b1c08e55c08e3dcc989,address
htslib,2ff4b13cd9aaa78ca3992b8ac0b55f32b1a5a2c6,c56573eef7f8c8044ef44b1c08e55c08e3dcc989,undefined
htslib,c91804c5d94bfb8c36d82bb4a8a262874746c6cf,b1dbad7084a42a818c0cfc2c911c8f23df8aef7a,address
htslib,c91804c5d94bfb8c36d82bb4a8a262874746c6cf,b1dbad7084a42a818c0cfc2c911c8f23df8aef7a,undefined
htslib,d7f6579bc269b70bd9c07fb3653b9cf2d0a5ae3c,43c44d889feec46d9fb09a3cd7c75797061adc77,address
htslib,d7f6579bc269b70bd9c07fb3653b9cf2d0a5ae3c,43c44d889feec46d9fb09a3cd7c75797061adc77,undefined
htslib,3f67e7e7435b24abb16b54ace8b2d3fa21b57b89,43c44d889feec46d9fb09a3cd7c75797061adc77,address
htslib,3f67e7e7435b24abb16b54ace8b2d3fa21b57b89,43c44d889feec46d9fb09a3cd7c75797061adc77,undefined
htslib,7d0bf4d959b140c7750d9d21502adc5c97564237,182e63729a2b02e53065ba0e158478dadd3e899e,address
htslib,7d0bf4d959b140c7750d9d21502adc5c97564237,182e63729a2b02e53065ba0e158478dadd3e899e,undefined
htslib,8e43fb0650fabb8ca34775510e1e33ce6e48fc2a,182e63729a2b02e53065ba0e158478dadd3e899e,address
htslib,8e43fb0650fabb8ca34775510e1e33ce6e48fc2a,182e63729a2b02e53065ba0e158478dadd3e899e,undefined
htslib,58abf07c40936ade9c1c595eb5add64dbb0318f3,e2ab0ee51acf97a8b7127798fda7fd390d10ee12,address
htslib,58abf07c40936ade9c1c595eb5add64dbb0318f3,e2ab0ee51acf97a8b7127798fda7fd390d10ee12,undefined
htslib,e88e3431e963216de2085816a67b37b08bb15069,807a4f92484d2f6c6df6f9f95e01fbe4dc9e9c29,address
htslib,e88e3431e963216de2085816a67b37b08bb15069,807a4f92484d2f6c6df6f9f95e01fbe4dc9e9c29,undefined
htslib,59f727ac8d2a49e97fa8857ef9a2ccf195a11b0a,09b1d4e85dd17839f1b3cd1e135770ed2c6a676c,address
htslib,59f727ac8d2a49e97fa8857ef9a2ccf195a11b0a,09b1d4e85dd17839f1b3cd1e135770ed2c6a676c,undefined
htslib,a9421b71c654118f52e822164374307f0d593204,d1c03f00f1923964957e788d552705154669453e,address
htslib,a9421b71c654118f52e822164374307f0d593204,d1c03f00f1923964957e788d552705154669453e,undefined
htslib,6ed4e1caf4907594e3e348d6e59d73f1898effda,a0becde687dc74b1a2169f1c812de6da4154c081,address
htslib,6ed4e1caf4907594e3e348d6e59d73f1898effda,a0becde687dc74b1a2169f1c812de6da4154c081,undefined
htslib,c58203d03b2c81de3d84c68985c59ce032a5abac,a0becde687dc74b1a2169f1c812de6da4154c081,address
htslib,c58203d03b2c81de3d84c68985c59ce032a5abac,a0becde687dc74b1a2169f1c812de6da4154c081,undefined
htslib,43289127be7168d0a7a78cc5018a252c4c0e859f,65ca1db619fadc7275bb6d5205f361bd23bfc288,address
htslib,43289127be7168d0a7a78cc5018a252c4c0e859f,65ca1db619fadc7275bb6d5205f361bd23bfc288,undefined
htslib,3fd25cd11bf4346bf63ca137d57897bf779dd2fb,2e0402ca1fbedfe9bea21762b885ec3c6ea464c8,address
htslib,3fd25cd11bf4346bf63ca137d57897bf779dd2fb,2e0402ca1fbedfe9bea21762b885ec3c6ea464c8,undefined
htslib,dd63fb089cf7ab4b17f13e9d50aa809a5cb5dafc,2e0402ca1fbedfe9bea21762b885ec3c6ea464c8,address
htslib,dd63fb089cf7ab4b17f13e9d50aa809a5cb5dafc,2e0402ca1fbedfe9bea21762b885ec3c6ea464c8,undefined
htslib,d7737aa69484191bb3ce4e0c20dec10d79231820,2e0402ca1fbedfe9bea21762b885ec3c6ea464c8,address
htslib,d7737aa69484191bb3ce4e0c20dec10d79231820,2e0402ca1fbedfe9bea21762b885ec3c6ea464c8,undefined
htslib,f56be61b91bfc57983d826c5b4b926999a115676,f3a8a3360e444d4231ae66c518c8e979ffea1128,address
htslib,f56be61b91bfc57983d826c5b4b926999a115676,f3a8a3360e444d4231ae66c518c8e979ffea1128,undefined
htslib,4ec92c177f4eaf8ad73f592c32544d73b35795ad,86025ccc8233f266d287dc2596b343b4f45d4c77,address
htslib,4ec92c177f4eaf8ad73f592c32544d73b35795ad,86025ccc8233f266d287dc2596b343b4f45d4c77,undefined
htslib,fd90307716f4ec11f008b8b85839d6f04d61b5cc,1aae37e547f5412eff6d47d72c1a9dca4c01acce,address
htslib,fd90307716f4ec11f008b8b85839d6f04d61b5cc,1aae37e547f5412eff6d47d72c1a9dca4c01acce,undefined
htslib,2060c498267fc9d24375d3c1852ec9b3524879f7,1aae37e547f5412eff6d47d72c1a9dca4c01acce,address
htslib,2060c498267fc9d24375d3c1852ec9b3524879f7,1aae37e547f5412eff6d47d72c1a9dca4c01acce,undefined
htslib,9b6f7e1d083ddd2796734acee15db92841afa8a4,1aae37e547f5412eff6d47d72c1a9dca4c01acce,address
htslib,9b6f7e1d083ddd2796734acee15db92841afa8a4,1aae37e547f5412eff6d47d72c1a9dca4c01acce,undefined
htslib,46cfe856729544e2383003c223adb8db6bad1780,4898d82ce5d60f8ffd873c5012740ee239dccb9a,address
htslib,46cfe856729544e2383003c223adb8db6bad1780,4898d82ce5d60f8ffd873c5012740ee239dccb9a,undefined
htslib,53f980829d3c906ff1d0506212a3e2c8c83b2cb3,9bc20d9ff69ad5824e3c77d21d978c8578853617,address
htslib,53f980829d3c906ff1d0506212a3e2c8c83b2cb3,9bc20d9ff69ad5824e3c77d21d978c8578853617,undefined
htslib,114f5ebdd560d64ec3b256c822a9eb127321aa3d,31a08ec80cbbb995c2e08a76a9ce3c8e5df22def,address
htslib,114f5ebdd560d64ec3b256c822a9eb127321aa3d,31a08ec80cbbb995c2e08a76a9ce3c8e5df22def,undefined
htslib,826ceea8c4cc59a67e34f724c596cba2c7e4889c,335d8533513c1ef3368f9e9496e6070a4b97355d,address
htslib,826ceea8c4cc59a67e34f724c596cba2c7e4889c,335d8533513c1ef3368f9e9496e6070a4b97355d,undefined
htslib,a59bc5256ee4f539ae47edd575dc1340356d922a,bf647ce826604125b895e3de0e64721fb615a4cb,address
htslib,a59bc5256ee4f539ae47edd575dc1340356d922a,bf647ce826604125b895e3de0e64721fb615a4cb,undefined
htslib,1a222ef4483b3b714bba0dad74ff33a53cd323c6,fd049713191285a46f64cd28effb84a5754a9dc2,address
htslib,1a222ef4483b3b714bba0dad74ff33a53cd323c6,fd049713191285a46f64cd28effb84a5754a9dc2,undefined
htslib,818b449fe8e67c8f0375e5992581fb8f58970c9a,fd049713191285a46f64cd28effb84a5754a9dc2,address
htslib,818b449fe8e67c8f0375e5992581fb8f58970c9a,fd049713191285a46f64cd28effb84a5754a9dc2,undefined
htslib,463830bf7de8c4ab731c4d67c49ddc446f498f50,88c47ba94f4fdad425b5767a02e81d1e7618bd30,address
htslib,463830bf7de8c4ab731c4d67c49ddc446f498f50,88c47ba94f4fdad425b5767a02e81d1e7618bd30,undefined
htslib,d40bcf98a4756270a9c2b13cdb366ee31a648d8e,866b525c8b394105abafd29f21e31f965ca2be87,address
htslib,d40bcf98a4756270a9c2b13cdb366ee31a648d8e,866b525c8b394105abafd29f21e31f965ca2be87,undefined
htslib,3fe2a59034d1d23fd740a66deb8ffab2bdd1f0b2,494cdadeb4714e672eacf40ad840257cafce807b,address
htslib,3fe2a59034d1d23fd740a66deb8ffab2bdd1f0b2,494cdadeb4714e672eacf40ad840257cafce807b,undefined
htslib,19dc7e843388ceeb902185baff87e8efe69d2470,c09f7890738b5b9bcd22b832fb35ab1f8717229d,address
htslib,19dc7e843388ceeb902185baff87e8efe69d2470,c09f7890738b5b9bcd22b832fb35ab1f8717229d,undefined
htslib,654364e9c89cdc5bd8dfd3adc84ec459450d3a18,c09f7890738b5b9bcd22b832fb35ab1f8717229d,address
htslib,654364e9c89cdc5bd8dfd3adc84ec459450d3a18,c09f7890738b5b9bcd22b832fb35ab1f8717229d,undefined
htslib,80558d98bdb58a21dd4e55c122bc971fd7d2a9dd,c09f7890738b5b9bcd22b832fb35ab1f8717229d,address
htslib,80558d98bdb58a21dd4e55c122bc971fd7d2a9dd,c09f7890738b5b9bcd22b832fb35ab1f8717229d,undefined
htslib,c58ae63cf77e1c1e198f5169232066d09df0ff27,c09f7890738b5b9bcd22b832fb35ab1f8717229d,address
htslib,c58ae63cf77e1c1e198f5169232066d09df0ff27,c09f7890738b5b9bcd22b832fb35ab1f8717229d,undefined
htslib,fbcb1612a5f030af89b0f0620e41c9f392698edb,c09f7890738b5b9bcd22b832fb35ab1f8717229d,address
htslib,fbcb1612a5f030af89b0f0620e41c9f392698edb,c09f7890738b5b9bcd22b832fb35ab1f8717229d,undefined
htslib,44814f43179c379fb566bee36d28e16940a25e9d,c09f7890738b5b9bcd22b832fb35ab1f8717229d,address
htslib,44814f43179c379fb566bee36d28e16940a25e9d,c09f7890738b5b9bcd22b832fb35ab1f8717229d,undefined
htslib,f68c84ff46a63fde05ae2bdf3ebdec568c9c4613,c09f7890738b5b9bcd22b832fb35ab1f8717229d,address
htslib,f68c84ff46a63fde05ae2bdf3ebdec568c9c4613,c09f7890738b5b9bcd22b832fb35ab1f8717229d,undefined
htslib,f2e845c18531cf9582f4e71a3f146dce075ab4a9,affb17e85ea5def09af3fd2407c2191d085ee489,address
htslib,f2e845c18531cf9582f4e71a3f146dce075ab4a9,affb17e85ea5def09af3fd2407c2191d085ee489,undefined
htslib,d609508c3833170ba27760969ff99fcbe04fa771,affb17e85ea5def09af3fd2407c2191d085ee489,address
htslib,d609508c3833170ba27760969ff99fcbe04fa771,affb17e85ea5def09af3fd2407c2191d085ee489,undefined
htslib,cb8f462b570706064cc3134e52990a08a12e5cdf,832017c59369b2002704239f2d52e065839a33ea,address
htslib,cb8f462b570706064cc3134e52990a08a12e5cdf,832017c59369b2002704239f2d52e065839a33ea,undefined
htslib,b898b8ae4e2b0e41d921897d62a1391d5d1f7199,c9e3a82e3dc1c7142bbff53cdf1eb6dce07d776d,address
htslib,b898b8ae4e2b0e41d921897d62a1391d5d1f7199,c9e3a82e3dc1c7142bbff53cdf1eb6dce07d776d,undefined
htslib,8737f5c217d1cc873b868dab79efb61b96187b64,c9e3a82e3dc1c7142bbff53cdf1eb6dce07d776d,address
htslib,8737f5c217d1cc873b868dab79efb61b96187b64,c9e3a82e3dc1c7142bbff53cdf1eb6dce07d776d,undefined
htslib,f3960a536ee67d81c5dfb800661253dbcff345cd,c9e3a82e3dc1c7142bbff53cdf1eb6dce07d776d,address
htslib,f3960a536ee67d81c5dfb800661253dbcff345cd,c9e3a82e3dc1c7142bbff53cdf1eb6dce07d776d,undefined
htslib,0144d51c324b46886ef7412a0c80b0b8f53120f6,c9e3a82e3dc1c7142bbff53cdf1eb6dce07d776d,address
htslib,0144d51c324b46886ef7412a0c80b0b8f53120f6,c9e3a82e3dc1c7142bbff53cdf1eb6dce07d776d,undefined
htslib,6652c86ab34aed5aaf3e1211ba75cea982ad269c,c9e3a82e3dc1c7142bbff53cdf1eb6dce07d776d,address
htslib,6652c86ab34aed5aaf3e1211ba75cea982ad269c,c9e3a82e3dc1c7142bbff53cdf1eb6dce07d776d,undefined
htslib,0d0eca1a99dc2ddb9b798ad3b0794083e2741dd6,6e4788aa3abeb3c84f8cec8297b5c537cdc332dd,address
htslib,0d0eca1a99dc2ddb9b798ad3b0794083e2741dd6,6e4788aa3abeb3c84f8cec8297b5c537cdc332dd,undefined
htslib,0ad23b0abcaf50bd6c465157870e3b0877d654c2,3d36fd89dc3eb14a318f0d8794c1499f70123f9f,address
htslib,0ad23b0abcaf50bd6c465157870e3b0877d654c2,3d36fd89dc3eb14a318f0d8794c1499f70123f9f,undefined
htslib,6143086502567c5c4bb5cacb2951f664ba28ed6e,0b275dd0ba90df93054e9e6ab8091741d0d8b517,address
htslib,6143086502567c5c4bb5cacb2951f664ba28ed6e,0b275dd0ba90df93054e9e6ab8091741d0d8b517,undefined
htslib,70df0479771fa28e927c01de4c5ca95f1e63ebba,0b275dd0ba90df93054e9e6ab8091741d0d8b517,address
htslib,70df0479771fa28e927c01de4c5ca95f1e63ebba,0b275dd0ba90df93054e9e6ab8091741d0d8b517,undefined
htslib,c37268ca2cc2464ec6f739b8c42eb5ff630e2b58,717270e5a8d6d248154ef486a9cec44a52170369,address
htslib,c37268ca2cc2464ec6f739b8c42eb5ff630e2b58,717270e5a8d6d248154ef486a9cec44a52170369,undefined
htslib,05ef3b73ee1fa2efc2e61a71b3c7f91e75af08f8,717270e5a8d6d248154ef486a9cec44a52170369,address
htslib,05ef3b73ee1fa2efc2e61a71b3c7f91e75af08f8,717270e5a8d6d248154ef486a9cec44a52170369,undefined
htslib,fda1e0375d26723983a264e4f12bcecdec5aa4a6,54a660cc98d7834acc694501ec89a8a29e9fe7c3,address
htslib,fda1e0375d26723983a264e4f12bcecdec5aa4a6,54a660cc98d7834acc694501ec89a8a29e9fe7c3,undefined
htslib,f24ad2cd62b7a083056266e4bff580891ea61fcd,54a660cc98d7834acc694501ec89a8a29e9fe7c3,address
htslib,f24ad2cd62b7a083056266e4bff580891ea61fcd,54a660cc98d7834acc694501ec89a8a29e9fe7c3,undefined
htslib,be6633ae347043097902898cf529fff7144949af,54a660cc98d7834acc694501ec89a8a29e9fe7c3,address
htslib,be6633ae347043097902898cf529fff7144949af,54a660cc98d7834acc694501ec89a8a29e9fe7c3,undefined
htslib,dcd20d9fabfac4398af6c49944dc1c99e0abb6e0,6809bfb9bcda7f8367b39de1bd8b99074d40429f,address
htslib,dcd20d9fabfac4398af6c49944dc1c99e0abb6e0,6809bfb9bcda7f8367b39de1bd8b99074d40429f,undefined
htslib,839a2e94647e5a4f7d59967235e42f157ff038d2,bfa2f705b544db189ebdf1f571c7824cac71beb4,address
htslib,839a2e94647e5a4f7d59967235e42f157ff038d2,bfa2f705b544db189ebdf1f571c7824cac71beb4,undefined
htslib,19cd41cb9e39b0bbfec759a530849136a8801adc,b82e1a2fa4728d506b50bcb8ef54bbbae4fcb285,address
htslib,19cd41cb9e39b0bbfec759a530849136a8801adc,b82e1a2fa4728d506b50bcb8ef54bbbae4fcb285,undefined
htslib,46bcc366152ce20b899572433b55a085f9a54ad2,35ac856ce5a8e9ccf3e11bea87856d4ac31415ce,address
htslib,46bcc366152ce20b899572433b55a085f9a54ad2,35ac856ce5a8e9ccf3e11bea87856d4ac31415ce,undefined
htslib,c1634e743aab4822e05fbb7dc41fd6ab21ec6982,7e664533834b558a859b0f8eb1f2c2caf676c12a,address
htslib,c1634e743aab4822e05fbb7dc41fd6ab21ec6982,7e664533834b558a859b0f8eb1f2c2caf676c12a,undefined
htslib,ffd74ecbfdd527e30da4a72e3ecfe069805012a2,19831c6fc56900e9fff576862c152b35cf00f532,address
htslib,ffd74ecbfdd527e30da4a72e3ecfe069805012a2,19831c6fc56900e9fff576862c152b35cf00f532,undefined
htslib,7ed911e0ba88bb85688ece3dfb4b5a43186ede9b,19831c6fc56900e9fff576862c152b35cf00f532,address
htslib,7ed911e0ba88bb85688ece3dfb4b5a43186ede9b,19831c6fc56900e9fff576862c152b35cf00f532,undefined
htslib,26f4d4465c9452ca698be79809d7a00d4c377d54,19831c6fc56900e9fff576862c152b35cf00f532,address
htslib,26f4d4465c9452ca698be79809d7a00d4c377d54,19831c6fc56900e9fff576862c152b35cf00f532,undefined
htslib,3e0fd29c75fcabaa01fa5f0f34adb262c1825371,19831c6fc56900e9fff576862c152b35cf00f532,address
htslib,3e0fd29c75fcabaa01fa5f0f34adb262c1825371,19831c6fc56900e9fff576862c152b35cf00f532,undefined
htslib,93434e041c53860398044ab6c0735230b389278b,1f110cd4da9b47aea28892636897e92281902341,address
htslib,93434e041c53860398044ab6c0735230b389278b,1f110cd4da9b47aea28892636897e92281902341,undefined
htslib,a616e851373a73cdd30ae69ad92351465d1419ea,f42791cd6f1e855c3bafec688555b45c3556fd12,address
htslib,a616e851373a73cdd30ae69ad92351465d1419ea,f42791cd6f1e855c3bafec688555b45c3556fd12,undefined
htslib,dba4bdf1becefd4e5632b682da017e3effc7dc17,e6317afa3fc6944c235f8b2b64a6cf757d642cdc,address
htslib,dba4bdf1becefd4e5632b682da017e3effc7dc17,e6317afa3fc6944c235f8b2b64a6cf757d642cdc,undefined
htslib,07638e1cac22e76c2f59c9988feabd467a15c340,e6317afa3fc6944c235f8b2b64a6cf757d642cdc,address
htslib,07638e1cac22e76c2f59c9988feabd467a15c340,e6317afa3fc6944c235f8b2b64a6cf757d642cdc,undefined
htslib,ca51cc55e8ea1ead5d26aa4ede90b58c07e8d893,f0c04704cf3219dfdf19f2071b4989d49ea56538,address
htslib,ca51cc55e8ea1ead5d26aa4ede90b58c07e8d893,f0c04704cf3219dfdf19f2071b4989d49ea56538,undefined
htslib,fc2448c27362837758f5b777f25fc7d2fe420c82,e7e16271d573e2a24e561198552cc0ba7f479d77,address
htslib,fc2448c27362837758f5b777f25fc7d2fe420c82,e7e16271d573e2a24e561198552cc0ba7f479d77,undefined
htslib,279cc9ec8d3fd5ad94aa0df730dac6e9ec0ead8f,101cfd72488b96389bb60bfb17025b8f95af6fe8,address
htslib,279cc9ec8d3fd5ad94aa0df730dac6e9ec0ead8f,101cfd72488b96389bb60bfb17025b8f95af6fe8,undefined
htslib,415d2cea57feecdd904f84d8aa25390d96843630,3d45ccbed26a16a0a7e0179e945bcf83d513dc73,address
htslib,415d2cea57feecdd904f84d8aa25390d96843630,3d45ccbed26a16a0a7e0179e945bcf83d513dc73,undefined
htslib,6125f1c56934745f3a4b81f6e512c11720849b55,a2786f1bca20f65be893b4e7aa95d8ac7f4c8ef6,address
htslib,6125f1c56934745f3a4b81f6e512c11720849b55,a2786f1bca20f65be893b4e7aa95d8ac7f4c8ef6,undefined
htslib,f2d17a7d2c96494337839d257b0f08f28ddbc6fa,7ecfd475b6b102e69b513c64c4d51e6dd8754938,address
htslib,f2d17a7d2c96494337839d257b0f08f28ddbc6fa,7ecfd475b6b102e69b513c64c4d51e6dd8754938,undefined
htslib,f3ad960fa36e263684fd0822a14cb72e8f1b2d5c,7ecfd475b6b102e69b513c64c4d51e6dd8754938,address
htslib,f3ad960fa36e263684fd0822a14cb72e8f1b2d5c,7ecfd475b6b102e69b513c64c4d51e6dd8754938,undefined
htslib,c04f61e9b5747763dcf31c4e26eb3739c16e58a5,c38400751f4030607b7b7726517b88161bd7d3ab,address
htslib,c04f61e9b5747763dcf31c4e26eb3739c16e58a5,c38400751f4030607b7b7726517b88161bd7d3ab,undefined
htslib,e13611a942095dfea0944fe28836934c17c2ef6c,3cbb8c9d6e9515ca04611a18a5c665138761f93f,address
htslib,e13611a942095dfea0944fe28836934c17c2ef6c,3cbb8c9d6e9515ca04611a18a5c665138761f93f,undefined
htslib,878cff4a443fe5b3b49aae61953de1bbddeddc8a,0b22833bcb9129cbcbe352318e76680f0e73064f,address
htslib,878cff4a443fe5b3b49aae61953de1bbddeddc8a,0b22833bcb9129cbcbe352318e76680f0e73064f,undefined
htslib,20072b3ed83e961da8a66120368ac591b569bc0e,bfb47fc07ca845186cdbf938f7f01c137500996d,address
htslib,20072b3ed83e961da8a66120368ac591b569bc0e,bfb47fc07ca845186cdbf938f7f01c137500996d,undefined
htslib,334c76adaaa2c6c916b9326f3da6ab4981a07c7d,bfb47fc07ca845186cdbf938f7f01c137500996d,address
htslib,334c76adaaa2c6c916b9326f3da6ab4981a07c7d,bfb47fc07ca845186cdbf938f7f01c137500996d,undefined
htslib,abb4c730c6c283018f42500842c734d67deaf619,bfb47fc07ca845186cdbf938f7f01c137500996d,address
htslib,abb4c730c6c283018f42500842c734d67deaf619,bfb47fc07ca845186cdbf938f7f01c137500996d,undefined
htslib,ccf7c990c8297ca7089619b629990c79bc32b8ef,bfb47fc07ca845186cdbf938f7f01c137500996d,address
htslib,ccf7c990c8297ca7089619b629990c79bc32b8ef,bfb47fc07ca845186cdbf938f7f01c137500996d,undefined
htslib,e8f773b0e3f82157107ac6eb8d1fb17b2aae5d17,bfb47fc07ca845186cdbf938f7f01c137500996d,address
htslib,e8f773b0e3f82157107ac6eb8d1fb17b2aae5d17,bfb47fc07ca845186cdbf938f7f01c137500996d,undefined
htslib,9936a58154e145f2761db5c6816d700cfb4f3d31,bfb47fc07ca845186cdbf938f7f01c137500996d,address
htslib,9936a58154e145f2761db5c6816d700cfb4f3d31,bfb47fc07ca845186cdbf938f7f01c137500996d,undefined
htslib,90af5ee56f84779d27a03fa2aaa59a6bd4ee90cf,084b50043f5c81dbd6b4cd8c6ac1dfd444c9e23c,address
htslib,90af5ee56f84779d27a03fa2aaa59a6bd4ee90cf,084b50043f5c81dbd6b4cd8c6ac1dfd444c9e23c,undefined
htslib,f613a93feb5f323f08ccfe53549dad8784580e17,ae2eddc6ada53ba83d606713612f8c707c76ee6e,address
htslib,f613a93feb5f323f08ccfe53549dad8784580e17,ae2eddc6ada53ba83d606713612f8c707c76ee6e,undefined
htslib,5e0ccef5f3c2864dbd7a966b55ca06282fa3b2c8,ae2eddc6ada53ba83d606713612f8c707c76ee6e,address
htslib,5e0ccef5f3c2864dbd7a966b55ca06282fa3b2c8,ae2eddc6ada53ba83d606713612f8c707c76ee6e,undefined
htslib,7f69840c2fbf73dc7601c17a3ade4db676858cf4,1980c9e550fe423811061026f0dfe634fb9e1472,address
htslib,7f69840c2fbf73dc7601c17a3ade4db676858cf4,1980c9e550fe423811061026f0dfe634fb9e1472,undefined
htslib,79b3a42db9059537318d85876623860d212ab159,fae954f22acdf8b613e2367700570e6111ecac15,address
htslib,79b3a42db9059537318d85876623860d212ab159,fae954f22acdf8b613e2367700570e6111ecac15,undefined
htslib,c11aebe327d4a850fb9cb0af82655539ec768a68,4d1f3ec4df81f24605f442fdd42d1769161080ae,address
htslib,c11aebe327d4a850fb9cb0af82655539ec768a68,4d1f3ec4df81f24605f442fdd42d1769161080ae,undefined
htslib,7de2df29cb1c9f6b807b8e4b8bc09a1313303db3,9046b096a796e5adb8cd362d5c20821ab5652fda,address
htslib,7de2df29cb1c9f6b807b8e4b8bc09a1313303db3,9046b096a796e5adb8cd362d5c20821ab5652fda,undefined
htslib,b52f3fad9f0340ce29f098d048f77e2d8f991e30,9046b096a796e5adb8cd362d5c20821ab5652fda,address
htslib,b52f3fad9f0340ce29f098d048f77e2d8f991e30,9046b096a796e5adb8cd362d5c20821ab5652fda,undefined
htslib,c3a6fcdafecf320f65fd80acb1616f2fe81f1273,9046b096a796e5adb8cd362d5c20821ab5652fda,address
htslib,c3a6fcdafecf320f65fd80acb1616f2fe81f1273,9046b096a796e5adb8cd362d5c20821ab5652fda,undefined
htslib,3c36c9b9562966ddc00d487447a42c622323ec8b,9046b096a796e5adb8cd362d5c20821ab5652fda,address
htslib,3c36c9b9562966ddc00d487447a42c622323ec8b,9046b096a796e5adb8cd362d5c20821ab5652fda,undefined
htslib,28a8082c096b8ecdc79ddbc33a032c63854c7186,9046b096a796e5adb8cd362d5c20821ab5652fda,address
htslib,28a8082c096b8ecdc79ddbc33a032c63854c7186,9046b096a796e5adb8cd362d5c20821ab5652fda,undefined
htslib,e86126bc45f6cf6b1c3d67e13de96aeaa5e58805,9046b096a796e5adb8cd362d5c20821ab5652fda,address
htslib,e86126bc45f6cf6b1c3d67e13de96aeaa5e58805,9046b096a796e5adb8cd362d5c20821ab5652fda,undefined
htslib,f4a3b994be8f7904caeb5d58eaa14952ad39f2ea,ae5ed8e758bd30c622acd0eb04dcb9211f62f9c3,address
htslib,f4a3b994be8f7904caeb5d58eaa14952ad39f2ea,ae5ed8e758bd30c622acd0eb04dcb9211f62f9c3,undefined
htslib,84bf64be293d15dc50ec84d060681e19954b7265,ae1985a727adc446813d889fcc73c5f4043ca269,address
htslib,84bf64be293d15dc50ec84d060681e19954b7265,ae1985a727adc446813d889fcc73c5f4043ca269,undefined
htslib,60ea4e06f01efa7b4c89c91904ab16eeda6557eb,ae1985a727adc446813d889fcc73c5f4043ca269,address
htslib,60ea4e06f01efa7b4c89c91904ab16eeda6557eb,ae1985a727adc446813d889fcc73c5f4043ca269,undefined
htslib,27e813cfa3ad1cf866ffb83fc2d9eb41daafe257,ae1985a727adc446813d889fcc73c5f4043ca269,address
htslib,27e813cfa3ad1cf866ffb83fc2d9eb41daafe257,ae1985a727adc446813d889fcc73c5f4043ca269,undefined
htslib,fea4ef94bda646f17079a8a28e318ff9a46096c8,ae1985a727adc446813d889fcc73c5f4043ca269,address
htslib,fea4ef94bda646f17079a8a28e318ff9a46096c8,ae1985a727adc446813d889fcc73c5f4043ca269,undefined
htslib,a09710cdbef3745933e4c5de26cb76467782acaa,ae1985a727adc446813d889fcc73c5f4043ca269,address
htslib,a09710cdbef3745933e4c5de26cb76467782acaa,ae1985a727adc446813d889fcc73c5f4043ca269,undefined
htslib,7822d8d0553e3d93516956b588f9db8086204499,ae1985a727adc446813d889fcc73c5f4043ca269,address
htslib,7822d8d0553e3d93516956b588f9db8086204499,ae1985a727adc446813d889fcc73c5f4043ca269,undefined
htslib,6e3e8dafa3c5c4b016fc1f0ac8f56eefcd1dda60,14593bfd119857356455290fcc325e81b603bddd,address
htslib,6e3e8dafa3c5c4b016fc1f0ac8f56eefcd1dda60,14593bfd119857356455290fcc325e81b603bddd,undefined
htslib,6ad0fffc8c71d617c8433665b75071f09ab423a3,14593bfd119857356455290fcc325e81b603bddd,address
htslib,6ad0fffc8c71d617c8433665b75071f09ab423a3,14593bfd119857356455290fcc325e81b603bddd,undefined
htslib,10f1516b75a9bb98dbf4a25c8dcfd01ff2d40975,14593bfd119857356455290fcc325e81b603bddd,address
htslib,10f1516b75a9bb98dbf4a25c8dcfd01ff2d40975,14593bfd119857356455290fcc325e81b603bddd,undefined
htslib,2e672f33a860e60e6ce42b77a07713558fb0507d,14593bfd119857356455290fcc325e81b603bddd,address
htslib,2e672f33a860e60e6ce42b77a07713558fb0507d,14593bfd119857356455290fcc325e81b603bddd,undefined
htslib,a809db76f4fa9e1425599c9a0ca4999a1fd88b44,24bea254192072b290598be51671280cbe4c2374,address
htslib,a809db76f4fa9e1425599c9a0ca4999a1fd88b44,24bea254192072b290598be51671280cbe4c2374,undefined
htslib,5dc826f0bbe3b462f1fdcefb8fcfa6830ee7ecc9,6999f9c8487535a93ad032adb19a373f4b50d63d,address
htslib,5dc826f0bbe3b462f1fdcefb8fcfa6830ee7ecc9,6999f9c8487535a93ad032adb19a373f4b50d63d,undefined
htslib,85d44d0c7f8edc4e0480654ef42790b7a20d59e8,564eb34a9ae21dab73f94a85fa8a4dc94f40504c,address
htslib,85d44d0c7f8edc4e0480654ef42790b7a20d59e8,564eb34a9ae21dab73f94a85fa8a4dc94f40504c,undefined
htslib,64ae397c16c48274f25b4ea5a30ce65410ca32af,564eb34a9ae21dab73f94a85fa8a4dc94f40504c,address
htslib,64ae397c16c48274f25b4ea5a30ce65410ca32af,564eb34a9ae21dab73f94a85fa8a4dc94f40504c,undefined
htslib,b9e33b7be467614bd4601d162292afdbf541d109,564eb34a9ae21dab73f94a85fa8a4dc94f40504c,address
htslib,b9e33b7be467614bd4601d162292afdbf541d109,564eb34a9ae21dab73f94a85fa8a4dc94f40504c,undefined
htslib,27007583af8884582b57a23d5aa43a5665928de1,b0aedf82984f943739ac1e9871d83171a3ff8f29,address
htslib,27007583af8884582b57a23d5aa43a5665928de1,b0aedf82984f943739ac1e9871d83171a3ff8f29,undefined
htslib,6285a68f81464a5b96639034cf6aa2c49069f920,b0aedf82984f943739ac1e9871d83171a3ff8f29,address
htslib,6285a68f81464a5b96639034cf6aa2c49069f920,b0aedf82984f943739ac1e9871d83171a3ff8f29,undefined
htslib,89141250d1c5262b2cfc5d41b05d1a30f2c7092e,b0aedf82984f943739ac1e9871d83171a3ff8f29,address
htslib,89141250d1c5262b2cfc5d41b05d1a30f2c7092e,b0aedf82984f943739ac1e9871d83171a3ff8f29,undefined
htslib,2051536d4ccc99690db292bd9858f2a455e0fba8,b0aedf82984f943739ac1e9871d83171a3ff8f29,address
htslib,2051536d4ccc99690db292bd9858f2a455e0fba8,b0aedf82984f943739ac1e9871d83171a3ff8f29,undefined
htslib,4dbb9913f7d535b85383c4257df8b1a7301bfbd8,b0aedf82984f943739ac1e9871d83171a3ff8f29,address
htslib,4dbb9913f7d535b85383c4257df8b1a7301bfbd8,b0aedf82984f943739ac1e9871d83171a3ff8f29,undefined
htslib,d06b5988058e49301178d1784b3dc077bde34000,b0aedf82984f943739ac1e9871d83171a3ff8f29,address
htslib,d06b5988058e49301178d1784b3dc077bde34000,b0aedf82984f943739ac1e9871d83171a3ff8f29,undefined
htslib,62909e2a9f1b9e3ad9a7ba56b073242ef8f8ab8e,b0aedf82984f943739ac1e9871d83171a3ff8f29,address
htslib,62909e2a9f1b9e3ad9a7ba56b073242ef8f8ab8e,b0aedf82984f943739ac1e9871d83171a3ff8f29,undefined
htslib,2425ce962eed21f216d87470cef26c59805fc5c4,b0aedf82984f943739ac1e9871d83171a3ff8f29,address
htslib,2425ce962eed21f216d87470cef26c59805fc5c4,b0aedf82984f943739ac1e9871d83171a3ff8f29,undefined
htslib,d8ca374b1977601246ce4a20370c7b78441a01aa,d253560ffd5611b136b81b183a72715f22a990a8,address
htslib,d8ca374b1977601246ce4a20370c7b78441a01aa,d253560ffd5611b136b81b183a72715f22a990a8,undefined
htslib,7f5136fb7dbe33cef04e01790c174032f63d00c2,d253560ffd5611b136b81b183a72715f22a990a8,address
htslib,7f5136fb7dbe33cef04e01790c174032f63d00c2,d253560ffd5611b136b81b183a72715f22a990a8,undefined
htslib,aa570fbffd267c3795492be67348975affbc780e,f0275421f84b8f80ee767fb9230134ac97cb687b,address
htslib,aa570fbffd267c3795492be67348975affbc780e,f0275421f84b8f80ee767fb9230134ac97cb687b,undefined
htslib,f1b89dffb48a242dbac4787a500ed380daab33df,f0275421f84b8f80ee767fb9230134ac97cb687b,address
htslib,f1b89dffb48a242dbac4787a500ed380daab33df,f0275421f84b8f80ee767fb9230134ac97cb687b,undefined
htslib,5098983e426ac74bf0d1edaf5e8902bab72e5947,f0275421f84b8f80ee767fb9230134ac97cb687b,address
htslib,5098983e426ac74bf0d1edaf5e8902bab72e5947,f0275421f84b8f80ee767fb9230134ac97cb687b,undefined
htslib,7c1d3ccd1ae10dd81cbcfc84d1dd984534cf2caa,7c03d7633808749921b0b8a5f52cb3d3b4346cb7,address
htslib,7c1d3ccd1ae10dd81cbcfc84d1dd984534cf2caa,7c03d7633808749921b0b8a5f52cb3d3b4346cb7,undefined
htslib,231897568c45c5821c6515ca88c98d1885060f97,7c03d7633808749921b0b8a5f52cb3d3b4346cb7,address
htslib,231897568c45c5821c6515ca88c98d1885060f97,7c03d7633808749921b0b8a5f52cb3d3b4346cb7,undefined
htslib,ac70212aefe0d27662dc48bcce4302057dd5f507,5bd6213eb0b90b05df28929ecb537d9a700b09af,address
htslib,ac70212aefe0d27662dc48bcce4302057dd5f507,5bd6213eb0b90b05df28929ecb537d9a700b09af,undefined
htslib,6806b2d7f6bc892a66f26c2ace83ad3f7b1f50d9,d81e44f16c582e912f6959b1a0d9832de6bc4475,address
htslib,6806b2d7f6bc892a66f26c2ace83ad3f7b1f50d9,d81e44f16c582e912f6959b1a0d9832de6bc4475,undefined
htslib,d89f1fe0e1dfd23187aeccd518cb988e7083ec7d,c05ec5dedcefe17237773f8fde16d0697b945091,address
htslib,d89f1fe0e1dfd23187aeccd518cb988e7083ec7d,c05ec5dedcefe17237773f8fde16d0697b945091,undefined
htslib,9c7e845e25cdb899cd833e96a46ef7d6dd8fb6be,62e44b70efc2dae86378d92e336fe91789219030,address
htslib,9c7e845e25cdb899cd833e96a46ef7d6dd8fb6be,62e44b70efc2dae86378d92e336fe91789219030,undefined
htslib,a121c8450cebc1cffae34b787138618a7fa8bdde,62e44b70efc2dae86378d92e336fe91789219030,address
htslib,a121c8450cebc1cffae34b787138618a7fa8bdde,62e44b70efc2dae86378d92e336fe91789219030,undefined
htslib,1abb46f872a75576c441149ed24c7ca940e12295,62e44b70efc2dae86378d92e336fe91789219030,address
htslib,1abb46f872a75576c441149ed24c7ca940e12295,62e44b70efc2dae86378d92e336fe91789219030,undefined
htslib,7e20d76f9c735be9bd209b743d3c41d35dee9590,62e44b70efc2dae86378d92e336fe91789219030,address
htslib,7e20d76f9c735be9bd209b743d3c41d35dee9590,62e44b70efc2dae86378d92e336fe91789219030,undefined
htslib,a9026fb7bd84aee50db06c16e633bb5fa5f767e2,8eb86f75173d7566f3420fa8f635d2732eb599b9,address
htslib,a9026fb7bd84aee50db06c16e633bb5fa5f767e2,8eb86f75173d7566f3420fa8f635d2732eb599b9,undefined
htslib,2429986f3e55e3194016494c7acf3785c5c215ea,8eb86f75173d7566f3420fa8f635d2732eb599b9,address
htslib,2429986f3e55e3194016494c7acf3785c5c215ea,8eb86f75173d7566f3420fa8f635d2732eb599b9,undefined
htslib,946f291cd057c4c1702b96db4393a986dbf976d7,8eb86f75173d7566f3420fa8f635d2732eb599b9,address
htslib,946f291cd057c4c1702b96db4393a986dbf976d7,8eb86f75173d7566f3420fa8f635d2732eb599b9,undefined
htslib,5acbc150b2c12ea77111d845c06179507df976ae,eb1862cc1373cecd35def6a3b1ea5fda3f455945,address
htslib,5acbc150b2c12ea77111d845c06179507df976ae,eb1862cc1373cecd35def6a3b1ea5fda3f455945,undefined
htslib,96834310daf8285cf640432e31b7bbae05eb1e69,2827f7afb7c4c011f28f2ed7f90c7c5433b4408a,address
htslib,96834310daf8285cf640432e31b7bbae05eb1e69,2827f7afb7c4c011f28f2ed7f90c7c5433b4408a,undefined
htslib,1f0375c2b001f2a06c025950fcbc66f4ea5bd625,d514fac92686c656633aa8549fd6f239c964b2bc,address
htslib,1f0375c2b001f2a06c025950fcbc66f4ea5bd625,d514fac92686c656633aa8549fd6f239c964b2bc,undefined
htslib,30211d88e8f7d30cba82ab12a77ed7786b0c0918,d514fac92686c656633aa8549fd6f239c964b2bc,address
htslib,30211d88e8f7d30cba82ab12a77ed7786b0c0918,d514fac92686c656633aa8549fd6f239c964b2bc,undefined
htslib,126f249c9ddd01f080b92e19449082a0c97f1182,f2947209e2aa1ed35fc3af20106a954b27cfb0ad,address
htslib,126f249c9ddd01f080b92e19449082a0c97f1182,f2947209e2aa1ed35fc3af20106a954b27cfb0ad,undefined
htslib,5c4d6f2830bb2130d5cfe6c7dfe83ccd6309ba5b,f2947209e2aa1ed35fc3af20106a954b27cfb0ad,address
htslib,5c4d6f2830bb2130d5cfe6c7dfe83ccd6309ba5b,f2947209e2aa1ed35fc3af20106a954b27cfb0ad,undefined
htslib,32dfa909d8f0ca952477327407a65b63ac5bce7b,f2947209e2aa1ed35fc3af20106a954b27cfb0ad,address
htslib,32dfa909d8f0ca952477327407a65b63ac5bce7b,f2947209e2aa1ed35fc3af20106a954b27cfb0ad,undefined
htslib,7018ee74f87932e89b33c5647e8c9ab716e4e187,f2947209e2aa1ed35fc3af20106a954b27cfb0ad,address
htslib,7018ee74f87932e89b33c5647e8c9ab716e4e187,f2947209e2aa1ed35fc3af20106a954b27cfb0ad,undefined
htslib,f94527b649cf643c56dd5f719cf9afc7308019ba,f2947209e2aa1ed35fc3af20106a954b27cfb0ad,address
htslib,f94527b649cf643c56dd5f719cf9afc7308019ba,f2947209e2aa1ed35fc3af20106a954b27cfb0ad,undefined
htslib,799429155aef0debfe302c74847102b2971d40fc,f2947209e2aa1ed35fc3af20106a954b27cfb0ad,address
htslib,799429155aef0debfe302c74847102b2971d40fc,f2947209e2aa1ed35fc3af20106a954b27cfb0ad,undefined
htslib,f0426dfc9bd8980254f436c8ed0e12174cabff3b,dc24b109bca09d5fac0d6da798b6d626236640ff,address
htslib,f0426dfc9bd8980254f436c8ed0e12174cabff3b,dc24b109bca09d5fac0d6da798b6d626236640ff,undefined
htslib,d4e394385f11e4c279da53d353f033a7a245f838,dc24b109bca09d5fac0d6da798b6d626236640ff,address
htslib,d4e394385f11e4c279da53d353f033a7a245f838,dc24b109bca09d5fac0d6da798b6d626236640ff,undefined
htslib,b65bee52e3721f9b9cfdee4f5ea8ab60f804a568,dc24b109bca09d5fac0d6da798b6d626236640ff,address
htslib,b65bee52e3721f9b9cfdee4f5ea8ab60f804a568,dc24b109bca09d5fac0d6da798b6d626236640ff,undefined
htslib,a01e107b744d372b5e26f40a78bd2d4724295a81,08d474650f31504eec08cd6ddb8222dc7ea2d00c,address
htslib,a01e107b744d372b5e26f40a78bd2d4724295a81,08d474650f31504eec08cd6ddb8222dc7ea2d00c,undefined
htslib,35dd2d0c6985cde5207fe36bccaaf608d6b24e45,cc4f9c4e9ce18fa45a781e4123703346dfaca748,address
htslib,35dd2d0c6985cde5207fe36bccaaf608d6b24e45,cc4f9c4e9ce18fa45a781e4123703346dfaca748,undefined
htslib,80ab8903a0352b7d0659883817971fa7a82e6a98,cc4f9c4e9ce18fa45a781e4123703346dfaca748,address
htslib,80ab8903a0352b7d0659883817971fa7a82e6a98,cc4f9c4e9ce18fa45a781e4123703346dfaca748,undefined
htslib,4b316cbdfbedc9e7a69549df7fc51c03bfc795bc,876d043e5595966bfaca51f39be017d58bb732c5,address
htslib,4b316cbdfbedc9e7a69549df7fc51c03bfc795bc,876d043e5595966bfaca51f39be017d58bb732c5,undefined
htslib,28a980bba6f731f901906f57e5c1ee19f4155849,876d043e5595966bfaca51f39be017d58bb732c5,address
htslib,28a980bba6f731f901906f57e5c1ee19f4155849,876d043e5595966bfaca51f39be017d58bb732c5,undefined
htslib,de6a982873ef3bb4f0e908ebcb0e45e46da8f67f,41ee0518d0f15b2288678d86dcc5b1c02f33ca5d,address
htslib,de6a982873ef3bb4f0e908ebcb0e45e46da8f67f,41ee0518d0f15b2288678d86dcc5b1c02f33ca5d,undefined
htslib,b99cfe31293069989fb3374ddeee0462eff08bd3,c532253b1b3945e4dd5731f0df846c41c978f3ef,address
htslib,b99cfe31293069989fb3374ddeee0462eff08bd3,c532253b1b3945e4dd5731f0df846c41c978f3ef,undefined
htslib,90fed3910f47103f01ac32476e239d471972b245,c532253b1b3945e4dd5731f0df846c41c978f3ef,address
htslib,90fed3910f47103f01ac32476e239d471972b245,c532253b1b3945e4dd5731f0df846c41c978f3ef,undefined
htslib,d03fbb18f931fbd70d701bdc83fffe4e2ffc2030,c532253b1b3945e4dd5731f0df846c41c978f3ef,address
htslib,d03fbb18f931fbd70d701bdc83fffe4e2ffc2030,c532253b1b3945e4dd5731f0df846c41c978f3ef,undefined
htslib,4b7bbe8d29ec500c77eb14a23b8468b312a2c973,c532253b1b3945e4dd5731f0df846c41c978f3ef,address
htslib,4b7bbe8d29ec500c77eb14a23b8468b312a2c973,c532253b1b3945e4dd5731f0df846c41c978f3ef,undefined
htslib,a5ac702c53e63f641a6f8bb216446a30df8bd817,c532253b1b3945e4dd5731f0df846c41c978f3ef,address
htslib,a5ac702c53e63f641a6f8bb216446a30df8bd817,c532253b1b3945e4dd5731f0df846c41c978f3ef,undefined
htslib,808a380ae2c46bbbe7629c5da6b5c56fb5a56821,c532253b1b3945e4dd5731f0df846c41c978f3ef,address
htslib,808a380ae2c46bbbe7629c5da6b5c56fb5a56821,c532253b1b3945e4dd5731f0df846c41c978f3ef,undefined
htslib,009fe946ecdcb20a518465094ff9a402415286b7,c532253b1b3945e4dd5731f0df846c41c978f3ef,address
htslib,009fe946ecdcb20a518465094ff9a402415286b7,c532253b1b3945e4dd5731f0df846c41c978f3ef,undefined
htslib,3ec4ff2564a6920225d4183aa22f80ca5ed818c8,c532253b1b3945e4dd5731f0df846c41c978f3ef,address
htslib,3ec4ff2564a6920225d4183aa22f80ca5ed818c8,c532253b1b3945e4dd5731f0df846c41c978f3ef,undefined
htslib,097358f7511f1955f7753157bd72b0c94aac3c08,c532253b1b3945e4dd5731f0df846c41c978f3ef,address
htslib,097358f7511f1955f7753157bd72b0c94aac3c08,c532253b1b3945e4dd5731f0df846c41c978f3ef,undefined
htslib,df571b8eb6be02d0f01129a853ac4b96c4c545d1,c532253b1b3945e4dd5731f0df846c41c978f3ef,address
htslib,df571b8eb6be02d0f01129a853ac4b96c4c545d1,c532253b1b3945e4dd5731f0df846c41c978f3ef,undefined
htslib,aedeb2803aecc40f0dd386a735d98bf5cb44d7b7,c532253b1b3945e4dd5731f0df846c41c978f3ef,address
htslib,aedeb2803aecc40f0dd386a735d98bf5cb44d7b7,c532253b1b3945e4dd5731f0df846c41c978f3ef,undefined
htslib,e77aa7968f9aabcada00da2e9c628dc4274ed116,c532253b1b3945e4dd5731f0df846c41c978f3ef,address
htslib,e77aa7968f9aabcada00da2e9c628dc4274ed116,c532253b1b3945e4dd5731f0df846c41c978f3ef,undefined
htslib,792ae9e1d3fe1b31f61a252079424dad53b5eebe,c532253b1b3945e4dd5731f0df846c41c978f3ef,address
htslib,792ae9e1d3fe1b31f61a252079424dad53b5eebe,c532253b1b3945e4dd5731f0df846c41c978f3ef,undefined
htslib,e830fbc8cc4c1327fd14cfc16f13f918412ed5b5,c532253b1b3945e4dd5731f0df846c41c978f3ef,address
htslib,e830fbc8cc4c1327fd14cfc16f13f918412ed5b5,c532253b1b3945e4dd5731f0df846c41c978f3ef,undefined
htslib,99415e2a2ce26bdbf4e910954330ea769de2c3f0,c532253b1b3945e4dd5731f0df846c41c978f3ef,address
htslib,99415e2a2ce26bdbf4e910954330ea769de2c3f0,c532253b1b3945e4dd5731f0df846c41c978f3ef,undefined
htslib,058725035372a41bab1d78fc83864a1a0237d575,e45bbec845efd97d39d903d5efd04b9829b4bfc3,address
htslib,058725035372a41bab1d78fc83864a1a0237d575,e45bbec845efd97d39d903d5efd04b9829b4bfc3,undefined
htslib,2140d03e964563e9539295a337852bbb75b7ec92,e45bbec845efd97d39d903d5efd04b9829b4bfc3,address
htslib,2140d03e964563e9539295a337852bbb75b7ec92,e45bbec845efd97d39d903d5efd04b9829b4bfc3,undefined
htslib,a7c83d931761ad7d365149943ae9bff87d97bf91,e4b956bcb475cf48bb6655c54f12f952db33a3bf,address
htslib,a7c83d931761ad7d365149943ae9bff87d97bf91,e4b956bcb475cf48bb6655c54f12f952db33a3bf,undefined
htslib,b174dd4344094653861e2843b25c9c0ee128af7a,e4b956bcb475cf48bb6655c54f12f952db33a3bf,address
htslib,b174dd4344094653861e2843b25c9c0ee128af7a,e4b956bcb475cf48bb6655c54f12f952db33a3bf,undefined
htslib,592697aace0fb35d605069c56244e6af9dc8970d,e4b956bcb475cf48bb6655c54f12f952db33a3bf,address
htslib,592697aace0fb35d605069c56244e6af9dc8970d,e4b956bcb475cf48bb6655c54f12f952db33a3bf,undefined
htslib,da25e53e33b7a675ee697ad8bc27c40ba75ced72,e4b956bcb475cf48bb6655c54f12f952db33a3bf,address
htslib,da25e53e33b7a675ee697ad8bc27c40ba75ced72,e4b956bcb475cf48bb6655c54f12f952db33a3bf,undefined
htslib,7a3e8845c659bc06a7e1a536306fc1f71e484812,298925cd72653502586d2cfa742a6c05c91f5928,address
htslib,7a3e8845c659bc06a7e1a536306fc1f71e484812,298925cd72653502586d2cfa742a6c05c91f5928,undefined
htslib,55d41a2937d49f97da513acf64e42813b1439844,298925cd72653502586d2cfa742a6c05c91f5928,address
htslib,55d41a2937d49f97da513acf64e42813b1439844,298925cd72653502586d2cfa742a6c05c91f5928,undefined
htslib,340cbee0cd43c71bd39fffac70cfd7387b196190,298925cd72653502586d2cfa742a6c05c91f5928,address
htslib,340cbee0cd43c71bd39fffac70cfd7387b196190,298925cd72653502586d2cfa742a6c05c91f5928,undefined
htslib,99bf38d69a5f620a321f522881ffafc5f99fc0c5,298925cd72653502586d2cfa742a6c05c91f5928,address
htslib,99bf38d69a5f620a321f522881ffafc5f99fc0c5,298925cd72653502586d2cfa742a6c05c91f5928,undefined
htslib,86691e8b92bb76d868a9d86bb0d780b691a237b1,298925cd72653502586d2cfa742a6c05c91f5928,address
htslib,86691e8b92bb76d868a9d86bb0d780b691a237b1,298925cd72653502586d2cfa742a6c05c91f5928,undefined
htslib,0ab97e33fdd5aa979e6372523f801f976d67a8f2,a781520b7318e2c0c3e79ed914d1b30889f87978,address
htslib,0ab97e33fdd5aa979e6372523f801f976d67a8f2,a781520b7318e2c0c3e79ed914d1b30889f87978,undefined
htslib,7bfa464a56284f8f96abd169d5f54649edb69d44,a781520b7318e2c0c3e79ed914d1b30889f87978,address
htslib,7bfa464a56284f8f96abd169d5f54649edb69d44,a781520b7318e2c0c3e79ed914d1b30889f87978,undefined
htslib,c1f4b7c5ccfff3eb482a86267483cde1372dbaab,cb77b5bdba9e1fdf8c0efc4e274d924ade5389ab,address
htslib,c1f4b7c5ccfff3eb482a86267483cde1372dbaab,cb77b5bdba9e1fdf8c0efc4e274d924ade5389ab,undefined
htslib,47c9dcf0d767d9b997f0114479572f4b661607ff,cb77b5bdba9e1fdf8c0efc4e274d924ade5389ab,address
htslib,47c9dcf0d767d9b997f0114479572f4b661607ff,cb77b5bdba9e1fdf8c0efc4e274d924ade5389ab,undefined
htslib,a2036c2f6b525a47517467b559cb59789b12d67d,cb77b5bdba9e1fdf8c0efc4e274d924ade5389ab,address
htslib,a2036c2f6b525a47517467b559cb59789b12d67d,cb77b5bdba9e1fdf8c0efc4e274d924ade5389ab,undefined
htslib,f40f5ec21b5060619d14d325d5fd96711e5a4150,cb77b5bdba9e1fdf8c0efc4e274d924ade5389ab,address
htslib,f40f5ec21b5060619d14d325d5fd96711e5a4150,cb77b5bdba9e1fdf8c0efc4e274d924ade5389ab,undefined
htslib,52644e76ed4cd95be10c0201d022ce87e4874e15,cb77b5bdba9e1fdf8c0efc4e274d924ade5389ab,address
htslib,52644e76ed4cd95be10c0201d022ce87e4874e15,cb77b5bdba9e1fdf8c0efc4e274d924ade5389ab,undefined
htslib,db16b32376877e062e1f7c04c908ee2c946cf420,abc14845ee85d153c905664f83994e50f8fb8a0d,address
htslib,db16b32376877e062e1f7c04c908ee2c946cf420,abc14845ee85d153c905664f83994e50f8fb8a0d,undefined
htslib,fe0ae71f217ba5b2398fcb84b19dd1ba18560ff7,abc14845ee85d153c905664f83994e50f8fb8a0d,address
htslib,fe0ae71f217ba5b2398fcb84b19dd1ba18560ff7,abc14845ee85d153c905664f83994e50f8fb8a0d,undefined
htslib,4bb1ddf429fe023fc43932725f7d7fdeadc2a506,abc14845ee85d153c905664f83994e50f8fb8a0d,address
htslib,4bb1ddf429fe023fc43932725f7d7fdeadc2a506,abc14845ee85d153c905664f83994e50f8fb8a0d,undefined
htslib,9e1ffd856614fcfc0bb3b89501600827cc8705e7,abc14845ee85d153c905664f83994e50f8fb8a0d,address
htslib,9e1ffd856614fcfc0bb3b89501600827cc8705e7,abc14845ee85d153c905664f83994e50f8fb8a0d,undefined
htslib,a51190ad270a0099fc7c326fd001b53c51dd6ad5,7b1dd0663be77dd2e4d802bab864e35abbd86058,address
htslib,a51190ad270a0099fc7c326fd001b53c51dd6ad5,7b1dd0663be77dd2e4d802bab864e35abbd86058,undefined
htslib,54a02fa7c5283d01308fbc9acff2c295499d17f2,7b1dd0663be77dd2e4d802bab864e35abbd86058,address
htslib,54a02fa7c5283d01308fbc9acff2c295499d17f2,7b1dd0663be77dd2e4d802bab864e35abbd86058,undefined
htslib,1f467ca2880fb7fb073ca4f897991d6903461e9c,7b1dd0663be77dd2e4d802bab864e35abbd86058,address
htslib,1f467ca2880fb7fb073ca4f897991d6903461e9c,7b1dd0663be77dd2e4d802bab864e35abbd86058,undefined
htslib,24724906c4945bab4c15929fb92c556a4345f94e,7b1dd0663be77dd2e4d802bab864e35abbd86058,address
htslib,24724906c4945bab4c15929fb92c556a4345f94e,7b1dd0663be77dd2e4d802bab864e35abbd86058,undefined
htslib,958e70416c046ec5140101a65c532570a79fff45,7b1dd0663be77dd2e4d802bab864e35abbd86058,address
htslib,958e70416c046ec5140101a65c532570a79fff45,7b1dd0663be77dd2e4d802bab864e35abbd86058,undefined
htslib,d1aae5214012f764740eba65f8b47182ea3bd8e0,3a344b893830290f796b071e11c175296cf0f865,address
htslib,d1aae5214012f764740eba65f8b47182ea3bd8e0,3a344b893830290f796b071e11c175296cf0f865,undefined
htslib,88539c4381ecc4f799144c058692c18e12f22619,d228c75a488f976b2dc749355023aee5f6fba935,address
htslib,88539c4381ecc4f799144c058692c18e12f22619,d228c75a488f976b2dc749355023aee5f6fba935,undefined
htslib,927ed6130739194ec43d7f2d901eb584075b5866,d228c75a488f976b2dc749355023aee5f6fba935,address
htslib,927ed6130739194ec43d7f2d901eb584075b5866,d228c75a488f976b2dc749355023aee5f6fba935,undefined
htslib,3827169012585fa54c885fb360b5619b3aacc0c8,d228c75a488f976b2dc749355023aee5f6fba935,address
htslib,3827169012585fa54c885fb360b5619b3aacc0c8,d228c75a488f976b2dc749355023aee5f6fba935,undefined
htslib,8db4cfa34e5e383bae503559ed9629408c4bbc0e,d228c75a488f976b2dc749355023aee5f6fba935,address
htslib,8db4cfa34e5e383bae503559ed9629408c4bbc0e,d228c75a488f976b2dc749355023aee5f6fba935,undefined
htslib,9db565de3d89235f625de07363f1cd726c43f8f2,3fde24173b293cdc4896e8b0c4d1c4fdef5764db,address
htslib,9db565de3d89235f625de07363f1cd726c43f8f2,3fde24173b293cdc4896e8b0c4d1c4fdef5764db,undefined
htslib,b49eea478114759efe19e718c38e7deb00614b21,3fde24173b293cdc4896e8b0c4d1c4fdef5764db,address
htslib,b49eea478114759efe19e718c38e7deb00614b21,3fde24173b293cdc4896e8b0c4d1c4fdef5764db,undefined
htslib,4b02440d377f0b29864d516e2c4c02bc21c8d85c,0fd154a0855e68ab8aadd69bd448cc6e7ada4e2c,address
htslib,4b02440d377f0b29864d516e2c4c02bc21c8d85c,0fd154a0855e68ab8aadd69bd448cc6e7ada4e2c,undefined
htslib,68bc6841bf6658ba09fba438dbe97f29c364efff,0fd154a0855e68ab8aadd69bd448cc6e7ada4e2c,address
htslib,68bc6841bf6658ba09fba438dbe97f29c364efff,0fd154a0855e68ab8aadd69bd448cc6e7ada4e2c,undefined
htslib,ce0f9caad542322d3341d764806152c04f26327a,0fd154a0855e68ab8aadd69bd448cc6e7ada4e2c,address
htslib,ce0f9caad542322d3341d764806152c04f26327a,0fd154a0855e68ab8aadd69bd448cc6e7ada4e2c,undefined
htslib,4020780b2a8ef3adbfdfb56750b9ffd7a6c63d60,805d97347265a40570aa857cf081be5dcf9a70fa,address
htslib,4020780b2a8ef3adbfdfb56750b9ffd7a6c63d60,805d97347265a40570aa857cf081be5dcf9a70fa,undefined
htslib,57de9bc403947898c16e92693fab2a245a79efed,774ff32addfc21b8371035285fc1ce023afa2691,address
htslib,57de9bc403947898c16e92693fab2a245a79efed,774ff32addfc21b8371035285fc1ce023afa2691,undefined
htslib,e1fcf12882c48dbac49730d333aa21b0d594f8ca,3ebd26540c0435e0f43b20f49691858f44a9a32c,address
htslib,e1fcf12882c48dbac49730d333aa21b0d594f8ca,3ebd26540c0435e0f43b20f49691858f44a9a32c,undefined
htslib,1db42bc43a4fbe58f97ddb0ee1cbf9144f381d11,84fed7c8f7fbba76f7e2c788dedf4a5236e5d0d2,address
htslib,1db42bc43a4fbe58f97ddb0ee1cbf9144f381d11,84fed7c8f7fbba76f7e2c788dedf4a5236e5d0d2,undefined
htslib,ab044ea4dde293ab99889b3826e6d09306c7ed7c,84fed7c8f7fbba76f7e2c788dedf4a5236e5d0d2,address
htslib,ab044ea4dde293ab99889b3826e6d09306c7ed7c,84fed7c8f7fbba76f7e2c788dedf4a5236e5d0d2,undefined
htslib,8f7231035d0409d525767c66d9f49f1f967ee1df,84fed7c8f7fbba76f7e2c788dedf4a5236e5d0d2,address
htslib,8f7231035d0409d525767c66d9f49f1f967ee1df,84fed7c8f7fbba76f7e2c788dedf4a5236e5d0d2,undefined
htslib,61b037bb881e85259f8df30c78d99ad3a357ed52,84fed7c8f7fbba76f7e2c788dedf4a5236e5d0d2,address
htslib,61b037bb881e85259f8df30c78d99ad3a357ed52,84fed7c8f7fbba76f7e2c788dedf4a5236e5d0d2,undefined
htslib,9fe927513825d495d63d096168862e4dad4cf20e,c801e7aab5822e0c305fdb88dbe21b834d45afea,address
htslib,9fe927513825d495d63d096168862e4dad4cf20e,c801e7aab5822e0c305fdb88dbe21b834d45afea,undefined
htslib,67f3ab0f3707f8cacb0ad3571fd04eb7a14d5d58,c801e7aab5822e0c305fdb88dbe21b834d45afea,address
htslib,67f3ab0f3707f8cacb0ad3571fd04eb7a14d5d58,c801e7aab5822e0c305fdb88dbe21b834d45afea,undefined
htslib,b63c363e42d48d74268dcb911c6d8a6602af4c52,f6a1152f3ccfc14d7039b71f220f5b596af1b99f,address
htslib,b63c363e42d48d74268dcb911c6d8a6602af4c52,f6a1152f3ccfc14d7039b71f220f5b596af1b99f,undefined
htslib,31e5a5f972b137ec3738bfd565652270904f7112,163e36a5b15e2d9fd5f05b87f04bef49790e449e,address
htslib,31e5a5f972b137ec3738bfd565652270904f7112,163e36a5b15e2d9fd5f05b87f04bef49790e449e,undefined
htslib,b08332d60a458f64ad4186dbe137ef528881c683,163e36a5b15e2d9fd5f05b87f04bef49790e449e,address
htslib,b08332d60a458f64ad4186dbe137ef528881c683,163e36a5b15e2d9fd5f05b87f04bef49790e449e,undefined
htslib,a71551bd56efafecd1f00e7092ae89f74e69eaf6,f8a9a1a96c81f6c2cbdfeefc887e0e553cfa8dcd,address
htslib,a71551bd56efafecd1f00e7092ae89f74e69eaf6,f8a9a1a96c81f6c2cbdfeefc887e0e553cfa8dcd,undefined
htslib,5627ef618eda03eadd57cd5cbd8b65f15ff7dfdc,f8a9a1a96c81f6c2cbdfeefc887e0e553cfa8dcd,address
htslib,5627ef618eda03eadd57cd5cbd8b65f15ff7dfdc,f8a9a1a96c81f6c2cbdfeefc887e0e553cfa8dcd,undefined
htslib,6a7d33abc6cae840023868ccdd946d0d8759f259,a6f4ba6d995b9d40c96e7ce9aabcb675b917fe29,address
htslib,6a7d33abc6cae840023868ccdd946d0d8759f259,a6f4ba6d995b9d40c96e7ce9aabcb675b917fe29,undefined
htslib,65ae5744347c9403c061585fa2fc9f5262f2f977,c58ac449237fe796d4f33e36e2d2dd781ad6b9db,address
htslib,65ae5744347c9403c061585fa2fc9f5262f2f977,c58ac449237fe796d4f33e36e2d2dd781ad6b9db,undefined
htslib,7278dabf370f5bb18b02c8fbbbf15ad59ce6712c,5765fe59aaf496cbb1aed836427199a059c003e6,address
htslib,7278dabf370f5bb18b02c8fbbbf15ad59ce6712c,5765fe59aaf496cbb1aed836427199a059c003e6,undefined
htslib,a6a6350ec24c043dad6d12d213e7e62d8f2d93fe,10e6cbd71d06ef7fda3c0811475b8b9c0a1a0132,address
htslib,a6a6350ec24c043dad6d12d213e7e62d8f2d93fe,10e6cbd71d06ef7fda3c0811475b8b9c0a1a0132,undefined
htslib,dd9c5616b1ab267eedbe6b39cb8f71dae95ae642,96900de249e2d1bd2978516527a8e266df1eec0d,address
htslib,dd9c5616b1ab267eedbe6b39cb8f71dae95ae642,96900de249e2d1bd2978516527a8e266df1eec0d,undefined
htslib,4ff46a6f609fbf886457bbab0f3253446b46a541,8bf8f269ad7f2e6a4e45975161e8a705e16cd05c,address
htslib,4ff46a6f609fbf886457bbab0f3253446b46a541,8bf8f269ad7f2e6a4e45975161e8a705e16cd05c,undefined
htslib,34031e91070843a33a18002dfcb09562232f675f,153df7202e2838a3239f2a631686ad49eff62347,address
htslib,34031e91070843a33a18002dfcb09562232f675f,153df7202e2838a3239f2a631686ad49eff62347,undefined
htslib,d4038e602edbe3fb9b9dbe2c51ff255cbbf70a6e,153df7202e2838a3239f2a631686ad49eff62347,address
htslib,d4038e602edbe3fb9b9dbe2c51ff255cbbf70a6e,153df7202e2838a3239f2a631686ad49eff62347,undefined
htslib,f19b844b45e5e9dc6050d28fba02aba99edecb8f,153df7202e2838a3239f2a631686ad49eff62347,address
htslib,f19b844b45e5e9dc6050d28fba02aba99edecb8f,153df7202e2838a3239f2a631686ad49eff62347,undefined
htslib,98c2667326a15a81e476c188aa15a017ae76a921,153df7202e2838a3239f2a631686ad49eff62347,address
htslib,98c2667326a15a81e476c188aa15a017ae76a921,153df7202e2838a3239f2a631686ad49eff62347,undefined
htslib,13325127d225967dc9f46d7948c895dafa25bbca,cf33d039f97590e48d04639e8444ac5a3cca054e,address
htslib,13325127d225967dc9f46d7948c895dafa25bbca,cf33d039f97590e48d04639e8444ac5a3cca054e,undefined
htslib,fdbafae580257734080fd6b91b9d73839a959b06,cf33d039f97590e48d04639e8444ac5a3cca054e,address
htslib,fdbafae580257734080fd6b91b9d73839a959b06,cf33d039f97590e48d04639e8444ac5a3cca054e,undefined
htslib,abdcfcfcdc0bcbfca02b9311c260a20275998271,d2d9728a9d3a742f292867753f57ccb6d14e19b0,address
htslib,abdcfcfcdc0bcbfca02b9311c260a20275998271,d2d9728a9d3a742f292867753f57ccb6d14e19b0,undefined
htslib,e8eb76d6e0d7f860f717561500362ac9d25f3e8e,d2d9728a9d3a742f292867753f57ccb6d14e19b0,address
htslib,e8eb76d6e0d7f860f717561500362ac9d25f3e8e,d2d9728a9d3a742f292867753f57ccb6d14e19b0,undefined
htslib,399efff16497a9bddb24c58d5374e4787cb795d8,d2d9728a9d3a742f292867753f57ccb6d14e19b0,address
htslib,399efff16497a9bddb24c58d5374e4787cb795d8,d2d9728a9d3a742f292867753f57ccb6d14e19b0,undefined
htslib,7db7e8371d5230bf222d55852880001979ae8e93,d2d9728a9d3a742f292867753f57ccb6d14e19b0,address
htslib,7db7e8371d5230bf222d55852880001979ae8e93,d2d9728a9d3a742f292867753f57ccb6d14e19b0,undefined
htslib,3e11d0e335bfdf34db3ba5f61d52d1d19a60bdfe,d2d9728a9d3a742f292867753f57ccb6d14e19b0,address
htslib,3e11d0e335bfdf34db3ba5f61d52d1d19a60bdfe,d2d9728a9d3a742f292867753f57ccb6d14e19b0,undefined
htslib,cc01df0b97e5f79fafc067dfadc681feb6590571,311dd399924d620b56e3c1815c3374f94c8726c9,address
htslib,cc01df0b97e5f79fafc067dfadc681feb6590571,311dd399924d620b56e3c1815c3374f94c8726c9,undefined
htslib,6d0dd0025811744668ad82ec5f8bec6bf151f16e,311dd399924d620b56e3c1815c3374f94c8726c9,address
htslib,6d0dd0025811744668ad82ec5f8bec6bf151f16e,311dd399924d620b56e3c1815c3374f94c8726c9,undefined
htslib,5d2c3f721d78906486f1759b8cda87649a14c684,753de726662c35648da8c937a1f7601cfe0855ab,address
htslib,5d2c3f721d78906486f1759b8cda87649a14c684,753de726662c35648da8c937a1f7601cfe0855ab,undefined
htslib,255dfcbfa2cfbb8fcb4735b7c3bee5744c30b3f7,e8affd76a84af355cb51e91a21dbd2c220a1cef3,address
htslib,255dfcbfa2cfbb8fcb4735b7c3bee5744c30b3f7,e8affd76a84af355cb51e91a21dbd2c220a1cef3,undefined
htslib,3e54663232dd3ce80eae44de2093a2f34ff901de,e8affd76a84af355cb51e91a21dbd2c220a1cef3,address
htslib,3e54663232dd3ce80eae44de2093a2f34ff901de,e8affd76a84af355cb51e91a21dbd2c220a1cef3,undefined
htslib,7d3efee742cd13a5b23c057ee29a71a51c6f94a6,e8affd76a84af355cb51e91a21dbd2c220a1cef3,address
htslib,7d3efee742cd13a5b23c057ee29a71a51c6f94a6,e8affd76a84af355cb51e91a21dbd2c220a1cef3,undefined
htslib,7ce510c92bb841ded9972cdfaefa527fe34a5e71,05185182663701d0d3476834051ef092582424b5,address
htslib,7ce510c92bb841ded9972cdfaefa527fe34a5e71,05185182663701d0d3476834051ef092582424b5,undefined
htslib,55cafdc9434f3141019cda7274c7a930a4ddd361,05185182663701d0d3476834051ef092582424b5,address
htslib,55cafdc9434f3141019cda7274c7a930a4ddd361,05185182663701d0d3476834051ef092582424b5,undefined
htslib,ca0f6214b94adf9278cbcaaefd50f5fe9455f9ad,05185182663701d0d3476834051ef092582424b5,address
htslib,ca0f6214b94adf9278cbcaaefd50f5fe9455f9ad,05185182663701d0d3476834051ef092582424b5,undefined
htslib,6ea61bfe531edd387ee01ca91b049845ac0d841d,090e0d6771ecf3a765cda010ed369a4e67b71c19,address
htslib,6ea61bfe531edd387ee01ca91b049845ac0d841d,090e0d6771ecf3a765cda010ed369a4e67b71c19,undefined
htslib,78e507dbd8a0567c7f3c8c1e265d36218e3f0e77,090e0d6771ecf3a765cda010ed369a4e67b71c19,address
htslib,78e507dbd8a0567c7f3c8c1e265d36218e3f0e77,090e0d6771ecf3a765cda010ed369a4e67b71c19,undefined
htslib,de1ad627ef81a88f3344dce364e9a9c0c258f83d,01f16f729d06bd8690e88d931bf6bbf3cb75871f,address
htslib,de1ad627ef81a88f3344dce364e9a9c0c258f83d,01f16f729d06bd8690e88d931bf6bbf3cb75871f,undefined
htslib,3cfe87690d047c06ec0d29a859c930b635a42e96,01f16f729d06bd8690e88d931bf6bbf3cb75871f,address
htslib,3cfe87690d047c06ec0d29a859c930b635a42e96,01f16f729d06bd8690e88d931bf6bbf3cb75871f,undefined
htslib,c1247f9e7eb2a32291cb375e90d303a0ee9dcf73,bda7806c649a74cb127080ff9afd59dce5bfd1df,address
htslib,c1247f9e7eb2a32291cb375e90d303a0ee9dcf73,bda7806c649a74cb127080ff9afd59dce5bfd1df,undefined
htslib,0cc34b3dcc869d3d6474460a51175cc371204e69,207962fb398a9bb20403315a22e59a589428979b,address
htslib,0cc34b3dcc869d3d6474460a51175cc371204e69,207962fb398a9bb20403315a22e59a589428979b,undefined
htslib,1cdc7984f3f14c2c797c5af654a5e0b5667c4ec6,0ec14aafb616fed7ed2dd1aebbabe69b23b3e708,address
htslib,1cdc7984f3f14c2c797c5af654a5e0b5667c4ec6,0ec14aafb616fed7ed2dd1aebbabe69b23b3e708,undefined
htslib,a67b53c2a2d2fe54be93362d3f8f250378b9dda3,3fbb7152a44c1a4c959c1cbbf41fa038dc52387c,address
htslib,a67b53c2a2d2fe54be93362d3f8f250378b9dda3,3fbb7152a44c1a4c959c1cbbf41fa038dc52387c,undefined
htslib,0cadce238af0c6398751999bad703d4b19615860,91cc787a1737f0dbdc58aeffdd168605ce164baf,address
htslib,0cadce238af0c6398751999bad703d4b19615860,91cc787a1737f0dbdc58aeffdd168605ce164baf,undefined
htslib,deeb9f01376ca9416315e4c9f5fe489e6f03e05f,91cc787a1737f0dbdc58aeffdd168605ce164baf,address
htslib,deeb9f01376ca9416315e4c9f5fe489e6f03e05f,91cc787a1737f0dbdc58aeffdd168605ce164baf,undefined
htslib,94c3c82999fc734abc57081631709b5fb8acf81b,20f3ebbce72ac2f4a71a829398c49f91bd66459e,address
htslib,94c3c82999fc734abc57081631709b5fb8acf81b,20f3ebbce72ac2f4a71a829398c49f91bd66459e,undefined
htslib,850dc64ea2bbe979c0edd39f59799db0c4a80759,20f3ebbce72ac2f4a71a829398c49f91bd66459e,address
htslib,850dc64ea2bbe979c0edd39f59799db0c4a80759,20f3ebbce72ac2f4a71a829398c49f91bd66459e,undefined
htslib,c93f5a57e63bc594a291b145407f1d8fcbef59bd,c42faeed182dd2b06916ec72651b4661d15aa6cb,address
htslib,c93f5a57e63bc594a291b145407f1d8fcbef59bd,c42faeed182dd2b06916ec72651b4661d15aa6cb,undefined
htslib,1e7efc0b9fb2472453dc22ccf30f57a6818d8585,c42faeed182dd2b06916ec72651b4661d15aa6cb,address
htslib,1e7efc0b9fb2472453dc22ccf30f57a6818d8585,c42faeed182dd2b06916ec72651b4661d15aa6cb,undefined
htslib,9a99a1d574a0438d7f4e8a81e60b315f653f4b68,8f188bd2b7993a12f492228a7fce6ec445799119,address
htslib,9a99a1d574a0438d7f4e8a81e60b315f653f4b68,8f188bd2b7993a12f492228a7fce6ec445799119,undefined
htslib,ab7c09f0a972a6fbaf6085dfa83203096f4d7d4d,8f188bd2b7993a12f492228a7fce6ec445799119,address
htslib,ab7c09f0a972a6fbaf6085dfa83203096f4d7d4d,8f188bd2b7993a12f492228a7fce6ec445799119,undefined
htslib,7576aca19938147dda7688ab685be4d7e5a0cd35,8f188bd2b7993a12f492228a7fce6ec445799119,address
htslib,7576aca19938147dda7688ab685be4d7e5a0cd35,8f188bd2b7993a12f492228a7fce6ec445799119,undefined
htslib,0f5719a38a0d0026917423181c4c9c108c431399,8a7d08eaa7dc1aa9a73108d430b38cf5ea90258d,address
htslib,0f5719a38a0d0026917423181c4c9c108c431399,8a7d08eaa7dc1aa9a73108d430b38cf5ea90258d,undefined
htslib,1b1b8ae521eec08ad8acf3f2d0ec5ffd9c35eccd,8a7d08eaa7dc1aa9a73108d430b38cf5ea90258d,address
htslib,1b1b8ae521eec08ad8acf3f2d0ec5ffd9c35eccd,8a7d08eaa7dc1aa9a73108d430b38cf5ea90258d,undefined
htslib,292a35d7c5181c02521aa3bb7dbd5891f1696967,8a7d08eaa7dc1aa9a73108d430b38cf5ea90258d,address
htslib,292a35d7c5181c02521aa3bb7dbd5891f1696967,8a7d08eaa7dc1aa9a73108d430b38cf5ea90258d,undefined
htslib,9ad8270bd30d7b2d0bb20fa0b533a7abedd1cac7,8a7d08eaa7dc1aa9a73108d430b38cf5ea90258d,address
htslib,9ad8270bd30d7b2d0bb20fa0b533a7abedd1cac7,8a7d08eaa7dc1aa9a73108d430b38cf5ea90258d,undefined
htslib,02853a921500c552a8dc32c6a3d68e2c00ade20c,8a7d08eaa7dc1aa9a73108d430b38cf5ea90258d,address
htslib,02853a921500c552a8dc32c6a3d68e2c00ade20c,8a7d08eaa7dc1aa9a73108d430b38cf5ea90258d,undefined
htslib,80bf6b8967f7bbb8e33cd0a6515dbf84b77990fe,8a7d08eaa7dc1aa9a73108d430b38cf5ea90258d,address
htslib,80bf6b8967f7bbb8e33cd0a6515dbf84b77990fe,8a7d08eaa7dc1aa9a73108d430b38cf5ea90258d,undefined
htslib,b204d55c88008ee2b1ef1267e30efa99842e0277,8a7d08eaa7dc1aa9a73108d430b38cf5ea90258d,address
htslib,b204d55c88008ee2b1ef1267e30efa99842e0277,8a7d08eaa7dc1aa9a73108d430b38cf5ea90258d,undefined
htslib,667f14f48da6c6a135a24eb60df0b31b8a017782,9c24659989ee62f2c252be61ad30b3d23c008a5a,address
htslib,667f14f48da6c6a135a24eb60df0b31b8a017782,9c24659989ee62f2c252be61ad30b3d23c008a5a,undefined
htslib,75767a308ccec058454ffb5d64e4f32eacea9239,9c24659989ee62f2c252be61ad30b3d23c008a5a,address
htslib,75767a308ccec058454ffb5d64e4f32eacea9239,9c24659989ee62f2c252be61ad30b3d23c008a5a,undefined
htslib,58ef9ec14b487bf80230ae04980b501ce7ef5ea2,9c24659989ee62f2c252be61ad30b3d23c008a5a,address
htslib,58ef9ec14b487bf80230ae04980b501ce7ef5ea2,9c24659989ee62f2c252be61ad30b3d23c008a5a,undefined
htslib,6b0a9e97da8a0772e012379b01296685b54eaa5d,9c24659989ee62f2c252be61ad30b3d23c008a5a,address
htslib,6b0a9e97da8a0772e012379b01296685b54eaa5d,9c24659989ee62f2c252be61ad30b3d23c008a5a,undefined
htslib,30c9c50a874059e3dae7ff8c0ad9e8a9258031c8,abb96ca8971d548cda13ee269cb2a22c7730efb0,address
htslib,30c9c50a874059e3dae7ff8c0ad9e8a9258031c8,abb96ca8971d548cda13ee269cb2a22c7730efb0,undefined
htslib,5d3186803e627766aedcc381043a788995dd8f1b,e6d2cb35f5bbcc89c5ab520f86d9a71d180bc82c,address
htslib,5d3186803e627766aedcc381043a788995dd8f1b,e6d2cb35f5bbcc89c5ab520f86d9a71d180bc82c,undefined
htslib,60d7aab2c2341a7e115d46c8d310f799f2ff99b8,5ba688a0b030584bfc6941ad85fb0b54db5be09f,address
htslib,60d7aab2c2341a7e115d46c8d310f799f2ff99b8,5ba688a0b030584bfc6941ad85fb0b54db5be09f,undefined
htslib,68564b0361f77c347116196cc184cd1a8eda5d38,5ba688a0b030584bfc6941ad85fb0b54db5be09f,address
htslib,68564b0361f77c347116196cc184cd1a8eda5d38,5ba688a0b030584bfc6941ad85fb0b54db5be09f,undefined
htslib,ee9a36f151508102cf84b866bf84626e1c776719,5ba688a0b030584bfc6941ad85fb0b54db5be09f,address
htslib,ee9a36f151508102cf84b866bf84626e1c776719,5ba688a0b030584bfc6941ad85fb0b54db5be09f,undefined
htslib,db34f68470a684bdf6d41fdb799bb710d4e386da,5ba688a0b030584bfc6941ad85fb0b54db5be09f,address
htslib,db34f68470a684bdf6d41fdb799bb710d4e386da,5ba688a0b030584bfc6941ad85fb0b54db5be09f,undefined
htslib,11205a9ba5e4fc39cc8bb9844d73db2a63fb8119,5ba688a0b030584bfc6941ad85fb0b54db5be09f,address
htslib,11205a9ba5e4fc39cc8bb9844d73db2a63fb8119,5ba688a0b030584bfc6941ad85fb0b54db5be09f,undefined
htslib,1c8c335d5c3a5a29edbe03b9d12338404aff8b48,9ea3c5ee67f7297f05e78a51ac551c1766f5c3a6,address
htslib,1c8c335d5c3a5a29edbe03b9d12338404aff8b48,9ea3c5ee67f7297f05e78a51ac551c1766f5c3a6,undefined
htslib,356bfd6b9a573afeed5e4e266f9e15ad71f10896,9ea3c5ee67f7297f05e78a51ac551c1766f5c3a6,address
htslib,356bfd6b9a573afeed5e4e266f9e15ad71f10896,9ea3c5ee67f7297f05e78a51ac551c1766f5c3a6,undefined
htslib,5f205334cd04bcdac74b1b6d46f88d57a05eaf1c,9ea3c5ee67f7297f05e78a51ac551c1766f5c3a6,address
htslib,5f205334cd04bcdac74b1b6d46f88d57a05eaf1c,9ea3c5ee67f7297f05e78a51ac551c1766f5c3a6,undefined
htslib,61b922b4d95c70af248e4c21bd552172ae3f82d1,5c99ed9f0e140a4fd50d4885a3b1f579da52e963,address
htslib,61b922b4d95c70af248e4c21bd552172ae3f82d1,5c99ed9f0e140a4fd50d4885a3b1f579da52e963,undefined
htslib,a0969f42cf9d9fc9add367aff591cb31f170d7b6,c3837953511a3ca4e25403665eb9c6b3416a5670,address
htslib,a0969f42cf9d9fc9add367aff591cb31f170d7b6,c3837953511a3ca4e25403665eb9c6b3416a5670,undefined
htslib,abe85836d525ef484e79243f3f992b638930ced0,b6181d61eebbae41ebe3b68aa1eaa082ccdf5fda,address
htslib,abe85836d525ef484e79243f3f992b638930ced0,b6181d61eebbae41ebe3b68aa1eaa082ccdf5fda,undefined
htslib,c722ae5dd370dd8d1fea609f7b5f601b18a2ee68,e19d62d2ba70fff78d53584086ec1026804b9672,address
htslib,c722ae5dd370dd8d1fea609f7b5f601b18a2ee68,e19d62d2ba70fff78d53584086ec1026804b9672,undefined
htslib,efefb5397bd249f7e52858ffc6328331ad3920a0,e19d62d2ba70fff78d53584086ec1026804b9672,address
htslib,efefb5397bd249f7e52858ffc6328331ad3920a0,e19d62d2ba70fff78d53584086ec1026804b9672,undefined
htslib,9b257376c75217e601287c56590f9b164535f8aa,e19d62d2ba70fff78d53584086ec1026804b9672,address
htslib,9b257376c75217e601287c56590f9b164535f8aa,e19d62d2ba70fff78d53584086ec1026804b9672,undefined
htslib,165a18a6c45072d91696c485740e853b0323fcdd,e19d62d2ba70fff78d53584086ec1026804b9672,address
htslib,165a18a6c45072d91696c485740e853b0323fcdd,e19d62d2ba70fff78d53584086ec1026804b9672,undefined
htslib,c13783110bf13e4a9a0fd6a44def9e770a8e3ef9,e19d62d2ba70fff78d53584086ec1026804b9672,address
htslib,c13783110bf13e4a9a0fd6a44def9e770a8e3ef9,e19d62d2ba70fff78d53584086ec1026804b9672,undefined
htslib,e090ef65df75fd16724d866b4538a3ed5bd7d14d,e19d62d2ba70fff78d53584086ec1026804b9672,address
htslib,e090ef65df75fd16724d866b4538a3ed5bd7d14d,e19d62d2ba70fff78d53584086ec1026804b9672,undefined
htslib,256451f8610facbc97abe2e5df89335a72d57b43,e19d62d2ba70fff78d53584086ec1026804b9672,address
htslib,256451f8610facbc97abe2e5df89335a72d57b43,e19d62d2ba70fff78d53584086ec1026804b9672,undefined
htslib,1b4cda656cd8e96420144f5dbe2119d2a37a6265,e19d62d2ba70fff78d53584086ec1026804b9672,address
htslib,1b4cda656cd8e96420144f5dbe2119d2a37a6265,e19d62d2ba70fff78d53584086ec1026804b9672,undefined
htslib,624e95b874661d93cdd572ef83c7cfdf58351b88,e19d62d2ba70fff78d53584086ec1026804b9672,address
htslib,624e95b874661d93cdd572ef83c7cfdf58351b88,e19d62d2ba70fff78d53584086ec1026804b9672,undefined
htslib,b8145e606af125c7e17b5c9a8803a036969b1bf7,e19d62d2ba70fff78d53584086ec1026804b9672,address
htslib,b8145e606af125c7e17b5c9a8803a036969b1bf7,e19d62d2ba70fff78d53584086ec1026804b9672,undefined
htslib,f3d401cc6cf5348c7f1dc8ebb9c1ce4d5001fd46,1d568ac89254fa9fa2073f442649b3cbfb5ce6e5,address
htslib,f3d401cc6cf5348c7f1dc8ebb9c1ce4d5001fd46,1d568ac89254fa9fa2073f442649b3cbfb5ce6e5,undefined
htslib,6012472cc0c937481fc0c36f9b8bdb8da8c4dbfd,1d568ac89254fa9fa2073f442649b3cbfb5ce6e5,address
htslib,6012472cc0c937481fc0c36f9b8bdb8da8c4dbfd,1d568ac89254fa9fa2073f442649b3cbfb5ce6e5,undefined
htslib,41ea68b38d3bc6bc3f42b8d598c80fb52af3b8cc,1d568ac89254fa9fa2073f442649b3cbfb5ce6e5,address
htslib,41ea68b38d3bc6bc3f42b8d598c80fb52af3b8cc,1d568ac89254fa9fa2073f442649b3cbfb5ce6e5,undefined
htslib,1187fa832998dd5fea9ea2a78bf6863a31c508f9,1d568ac89254fa9fa2073f442649b3cbfb5ce6e5,address
htslib,1187fa832998dd5fea9ea2a78bf6863a31c508f9,1d568ac89254fa9fa2073f442649b3cbfb5ce6e5,undefined
htslib,19a27e959e3110ca32d7c4f3106775ccf2cf11cc,f56ecb1e2d7f612f993a4765159f4645a7b76f93,address
htslib,19a27e959e3110ca32d7c4f3106775ccf2cf11cc,f56ecb1e2d7f612f993a4765159f4645a7b76f93,undefined
htslib,db2b449a1284b65cb977a73ed6ee09363a8c5870,34dad135acaa2b20048fe855b321690e9c60dffd,address
htslib,db2b449a1284b65cb977a73ed6ee09363a8c5870,34dad135acaa2b20048fe855b321690e9c60dffd,undefined
htslib,a135bc041dba09743abbeda66d3ec5dbd0a61cae,34dad135acaa2b20048fe855b321690e9c60dffd,address
htslib,a135bc041dba09743abbeda66d3ec5dbd0a61cae,34dad135acaa2b20048fe855b321690e9c60dffd,undefined
htslib,f8016c0198bc7033cb6769e0394e18fbdfe353f1,6e0ae105bcb7981e857c84a3546fba9f95ce9794,address
htslib,f8016c0198bc7033cb6769e0394e18fbdfe353f1,6e0ae105bcb7981e857c84a3546fba9f95ce9794,undefined
htslib,b098572773a6a87f19d38ce35759e93ad7c6e0d2,d53a01f2b993d4ec50631fb618df948f98a119a5,address
htslib,b098572773a6a87f19d38ce35759e93ad7c6e0d2,d53a01f2b993d4ec50631fb618df948f98a119a5,undefined
htslib,a314b21dc1fa01845232b26b976e921f76186e7f,85f1bf4f9d9fdd2ab2c7af87b52150fa1165ac0b,address
htslib,a314b21dc1fa01845232b26b976e921f76186e7f,85f1bf4f9d9fdd2ab2c7af87b52150fa1165ac0b,undefined
htslib,25d03c68d81c1b02fec606c0dc6591b1b582ebae,85f1bf4f9d9fdd2ab2c7af87b52150fa1165ac0b,address
htslib,25d03c68d81c1b02fec606c0dc6591b1b582ebae,85f1bf4f9d9fdd2ab2c7af87b52150fa1165ac0b,undefined
htslib,fbe5ff6c52544ee776a5d2ec0176c61ab103cce5,85f1bf4f9d9fdd2ab2c7af87b52150fa1165ac0b,address
htslib,fbe5ff6c52544ee776a5d2ec0176c61ab103cce5,85f1bf4f9d9fdd2ab2c7af87b52150fa1165ac0b,undefined
htslib,94777caeabf04ea49584a2db728064e62a805140,fd9100f06da5eb0cf9e6487c8af256d08636d833,address
htslib,94777caeabf04ea49584a2db728064e62a805140,fd9100f06da5eb0cf9e6487c8af256d08636d833,undefined
htslib,278e23d9f9abc10c44a244854f69c04f1e71c606,fd9100f06da5eb0cf9e6487c8af256d08636d833,address
htslib,278e23d9f9abc10c44a244854f69c04f1e71c606,fd9100f06da5eb0cf9e6487c8af256d08636d833,undefined
htslib,f1a7ec90fa5241e4626d490aec82c78b1122ba64,bd16a390adb0938e17e65014132775d66ff85c4f,address
htslib,f1a7ec90fa5241e4626d490aec82c78b1122ba64,bd16a390adb0938e17e65014132775d66ff85c4f,undefined
htslib,2202fee19b19d2b34026bf2de6a39ed4ce4bc278,b18692ce25ec484d344a3a99a591427e8c0a1bce,address
htslib,2202fee19b19d2b34026bf2de6a39ed4ce4bc278,b18692ce25ec484d344a3a99a591427e8c0a1bce,undefined
htslib,2e32e7f75511d46b3088c5351a7fb3b2b4e30bf4,d6a216d33ff37fe2f05dc05950ef32d85fcc87ff,address
htslib,2e32e7f75511d46b3088c5351a7fb3b2b4e30bf4,d6a216d33ff37fe2f05dc05950ef32d85fcc87ff,undefined
htslib,b14639f9eb6ca03f5f24694cad8f13e37b0bb343,2325a301c9460f3edc7040a39f8cade5300b81f6,address
htslib,b14639f9eb6ca03f5f24694cad8f13e37b0bb343,2325a301c9460f3edc7040a39f8cade5300b81f6,undefined
htslib,ffdda1e82ec86c40e7f3ccdc8712b9ba9dc14e6c,b06ccad074d6e435488ece82719f849082a49518,address
htslib,ffdda1e82ec86c40e7f3ccdc8712b9ba9dc14e6c,b06ccad074d6e435488ece82719f849082a49518,undefined
htslib,0fde269d94e56530b9b3eb2c910171a9bdc785fe,b06ccad074d6e435488ece82719f849082a49518,address
htslib,0fde269d94e56530b9b3eb2c910171a9bdc785fe,b06ccad074d6e435488ece82719f849082a49518,undefined
htslib,d465874b6a54507e8dc8d24454bca5bfd8cfe410,b06ccad074d6e435488ece82719f849082a49518,address
htslib,d465874b6a54507e8dc8d24454bca5bfd8cfe410,b06ccad074d6e435488ece82719f849082a49518,undefined
htslib,8e3ef4b97cf63fdd0fd95c1b09e3e74da9edd7d4,b06ccad074d6e435488ece82719f849082a49518,address
htslib,8e3ef4b97cf63fdd0fd95c1b09e3e74da9edd7d4,b06ccad074d6e435488ece82719f849082a49518,undefined
htslib,cf6e166b24d1534ff38e30f7d685242de2bc8b59,81a44053a3074d6f3bc461e06ccd90b188f9db4f,address
htslib,cf6e166b24d1534ff38e30f7d685242de2bc8b59,81a44053a3074d6f3bc461e06ccd90b188f9db4f,undefined
htslib,5f49a1b98872698899802dee781cc109ff061765,690b4ebae2e7dcf69bde5bfcbf4c668f8f177ca0,address
htslib,5f49a1b98872698899802dee781cc109ff061765,690b4ebae2e7dcf69bde5bfcbf4c668f8f177ca0,undefined
htslib,f399d69fd03cd201c4aaa7e645462cf0ac6bf6a7,ab94e3e13d6e7f6161709a062a378fa19aeef6c1,address
htslib,f399d69fd03cd201c4aaa7e645462cf0ac6bf6a7,ab94e3e13d6e7f6161709a062a378fa19aeef6c1,undefined
htslib,5d54aa58ebedf38696259cc3c7164bf4ff964097,ab94e3e13d6e7f6161709a062a378fa19aeef6c1,address
htslib,5d54aa58ebedf38696259cc3c7164bf4ff964097,ab94e3e13d6e7f6161709a062a378fa19aeef6c1,undefined
htslib,5ce0f37115be6064c8006317f44b302030b6ff64,ab94e3e13d6e7f6161709a062a378fa19aeef6c1,address
htslib,5ce0f37115be6064c8006317f44b302030b6ff64,ab94e3e13d6e7f6161709a062a378fa19aeef6c1,undefined
htslib,b93a8ce7618aabb1ead506b4e0a57b43d0464405,ab94e3e13d6e7f6161709a062a378fa19aeef6c1,address
htslib,b93a8ce7618aabb1ead506b4e0a57b43d0464405,ab94e3e13d6e7f6161709a062a378fa19aeef6c1,undefined
htslib,c12496f3b16f441f7641fac62cd24db932cb81e5,ab94e3e13d6e7f6161709a062a378fa19aeef6c1,address
htslib,c12496f3b16f441f7641fac62cd24db932cb81e5,ab94e3e13d6e7f6161709a062a378fa19aeef6c1,undefined
htslib,ac0ee54638900ad337a8cbffc12887397a05b19f,bb888211f43773ebe56ccae20fac4ce362cc9bf7,address
htslib,ac0ee54638900ad337a8cbffc12887397a05b19f,bb888211f43773ebe56ccae20fac4ce362cc9bf7,undefined
htslib,2f3379d6c87797c51bbc2835de5bf317db959fd7,bb888211f43773ebe56ccae20fac4ce362cc9bf7,address
htslib,2f3379d6c87797c51bbc2835de5bf317db959fd7,bb888211f43773ebe56ccae20fac4ce362cc9bf7,undefined
htslib,f41fda4668930a170e02c34713ee059c1aba3c63,53119ecf113b5137a3dea050b2c4c33911b37d25,address
htslib,f41fda4668930a170e02c34713ee059c1aba3c63,53119ecf113b5137a3dea050b2c4c33911b37d25,undefined
htslib,86b0652bd2488e0ca08fc803aa299c855f8681a9,53119ecf113b5137a3dea050b2c4c33911b37d25,address
htslib,86b0652bd2488e0ca08fc803aa299c855f8681a9,53119ecf113b5137a3dea050b2c4c33911b37d25,undefined
htslib,bf118051d99ceebcf7809033d2aa00a68f107456,53119ecf113b5137a3dea050b2c4c33911b37d25,address
htslib,bf118051d99ceebcf7809033d2aa00a68f107456,53119ecf113b5137a3dea050b2c4c33911b37d25,undefined
htslib,b66c6d213ac8503142f4ea674af467f92587b7c5,7a00481cad92950ac7df4341bfd6d571e9070e70,address
htslib,b66c6d213ac8503142f4ea674af467f92587b7c5,7a00481cad92950ac7df4341bfd6d571e9070e70,undefined
htslib,0f8bedc11e3ee039060a058b5cd5ec99e0b593a2,7a00481cad92950ac7df4341bfd6d571e9070e70,address
htslib,0f8bedc11e3ee039060a058b5cd5ec99e0b593a2,7a00481cad92950ac7df4341bfd6d571e9070e70,undefined
htslib,4dc620e59060c842270bc8c99a5c67294f20ebcc,7a00481cad92950ac7df4341bfd6d571e9070e70,address
htslib,4dc620e59060c842270bc8c99a5c67294f20ebcc,7a00481cad92950ac7df4341bfd6d571e9070e70,undefined
htslib,077cf7021b27644d9995382ec2224109663bd5a6,0e0a3af74aa831ddd4599299b7945fb787fb5df0,address
htslib,077cf7021b27644d9995382ec2224109663bd5a6,0e0a3af74aa831ddd4599299b7945fb787fb5df0,undefined
htslib,5bd420f3e862fcd2992452fed004f77efd443da3,bf3ff619b18d720c3c9dc4aa1523819f6fc1f9d1,address
htslib,5bd420f3e862fcd2992452fed004f77efd443da3,bf3ff619b18d720c3c9dc4aa1523819f6fc1f9d1,undefined
htslib,5d8a1866501a4e46a6f84e37730292501ccb2180,bf3ff619b18d720c3c9dc4aa1523819f6fc1f9d1,address
htslib,5d8a1866501a4e46a6f84e37730292501ccb2180,bf3ff619b18d720c3c9dc4aa1523819f6fc1f9d1,undefined
htslib,2ff207bd16bb3094843395450aa48936dd774ecb,9439d2c705927f0b2f15bd6c05caade0a849f5ff,address
htslib,2ff207bd16bb3094843395450aa48936dd774ecb,9439d2c705927f0b2f15bd6c05caade0a849f5ff,undefined
htslib,e0d19561ab1dfc011d9ecb4acf135a7b877f9951,ff5360419e04436bbc618923b7394bb17164bb38,address
htslib,e0d19561ab1dfc011d9ecb4acf135a7b877f9951,ff5360419e04436bbc618923b7394bb17164bb38,undefined
htslib,2a59ad44d45f8fb6d723274930fb8fc74d61eb1d,0b69e19c1c006c053b6f4dca0b6bafe023890744,address
htslib,2a59ad44d45f8fb6d723274930fb8fc74d61eb1d,0b69e19c1c006c053b6f4dca0b6bafe023890744,undefined
htslib,24e4e3115041a55fe4f9dec7059576c9087d1781,0b69e19c1c006c053b6f4dca0b6bafe023890744,address
htslib,24e4e3115041a55fe4f9dec7059576c9087d1781,0b69e19c1c006c053b6f4dca0b6bafe023890744,undefined
htslib,ca920611fcd8be1180045589ac11bff2f04eafd8,0b69e19c1c006c053b6f4dca0b6bafe023890744,address
htslib,ca920611fcd8be1180045589ac11bff2f04eafd8,0b69e19c1c006c053b6f4dca0b6bafe023890744,undefined
htslib,4c1acb8f31a64c07f4a8f8fb07c087bc67e766a7,1de481ba18071e760c7235bcd2c535ca0ede4100,address
htslib,4c1acb8f31a64c07f4a8f8fb07c087bc67e766a7,1de481ba18071e760c7235bcd2c535ca0ede4100,undefined
