commit_id,OSV-2020-2184,OSV-2021-1589,OSV-2021-1791,OSV-2021-21,OSV-2021-213,OSV-2021-22,OSV-2021-221,OSV-2021-246,OSV-2021-247,OSV-2021-27,OSV-2021-274,OSV-2021-369,OSV-2021-404,OSV-2021-429,OSV-2021-464,OSV-2021-481,OSV-2021-485,OSV-2021-487,OSV-2021-496,OSV-2021-498,OSV-2021-526,OSV-2021-622,OSV-2021-639,OSV-2021-847,OSV-2021-897,OSV-2021-997,OSV-2022-1242,OSV-2022-322,OSV-2022-34,OSV-2022-4,OSV-2022-486,OSV-2022-511,OSV-2023-319,OSV-2023-51
26d05bffff00b05eb2fdc6abc2d3395a437cc048,0|0,0|0,0|0,0|0,0|0,0|0,0|0,0|0,0|0,0|0,0|0,0|0,0|0,0|0,0|0,0|0,0|0,0|0,0|0,0|0,0|0,0|0,0|0,0|0,0|0,0|0,0.5|1,0|0,0|0,0|0,0|0,0|0,,0.5|1
cf8d63c23d68754eb50762b45e58ab9a13b8d470,0|0,0|0,0|0,0|0,0|0,0|0,0|0,0|0,0|0,0|0,0|0,0|0,0|0,0|0,0|0,0|0,0|0,0|0,0|0,0|0,0|0,0|0,0|0,0|0,0|0,0|0,0|1,0|0,0|0,0|0,0|0,0|0,,0|1
0a0099bf067474fb5ce811f24944d46b27135bbd,0|0,0|0,0|0,0|0,0|0,0|0,0|0,0|0,0|0,0|0,0|0,0|0,0|0,0|0,0|0,0|0,0|0,0|0,0|0,0|0,0|0,0|0,0|0,0|0,0|0,0|0,0|1,0|0,0|0,0|0,0|0,0|0,,0|1
ceba6ad2bcebd7964f51358dc21868ac54d138df,0|0,0|0,0|0,0|0,0|0,0|0,0|0,0|0,0|0,0|0,0|0,0|0,0|0,0|0,0|0,0|0,0|0,0|0,0|0,0|0,0|0,0|0,0|0,0|0,0|0,0|0,0|1,0|0,0|0,0|0,0|0,0|0,,0|1
ac116b4bac72869c6552a016cac5053b94d4412a,0|0,0|0,0|0,0|0,0|0,0|0,0|0,0|0,0|0,0|0,0|0,0|0,0|0,0|0,0|0,0|0,0|0,0|0,0|0,0|0,0|0,0|0,0|0,0|0,0|0,0|0,0|1,0|0,0|0,0|0,0|0,0|0,,0|1
34db770e436aa4ceaa9b9110948f8dac1f1f443d,0|0,0|0,0|0,0|0,0|0,0|0,0|0,0|0,0|0,0|0,0|0,0|0,0|0,0|0,0|0,0|0,0|0,0|0,0|0,0|0,0|0,0|0,0|0,0|0,0|0,0|0,0|0,0|0,0|0,0|0,0|0,0|0,,0|0
14c3af1cc2921057a037718290c03d6218f89b77,0|0,0|0,0|0,0|0,0|0,0|0,0|0,0|0,0|0,0|0,0|0,0|0,0|0,0|0,0|0,0|0,0|0,0|0,0|0,0|0,0|0,0|0,0|0,0|0,0|0,0|0,0.5|1,0|0,0|0,0|0,0|0,0|0,,0.5|1
5fc02a0009c7eac0f30a0a6e48ae9b4c08c8a09c,0|0,0|0,0|0,0|0,0|0,0|0,0|0,0|0,0|0,0|0,0|0,0|0,0|0,0|0,0|0,0|0,0|0,0|0,0|0,0|0,0|0,0|0,0|0,0|0,0|0,0|0,0.5|1,0|0,0|0,0|0,0|0,0|0,,0.5|1
b74a7491f7141930597fcf5d6dcbb88a9253eeac,0|0,0|0,0|0,0|0,0|0,0|0,0|0,0|0,0|0,0|0,0|0,0|0,0|0,0|0,0|0,0|0,0|0,0|0,0|0,0|0,0|0,0|0,0|0,0|0,0|0,0|0,0.5|1,0|0,0|0,0|0,0|0,0|0,,0.5|1
5588bb63b4e5b6c9277fed8b19c1945a4b9a1b91,0|0,0|0,0|0,0|0,0|0,0|0,0|0,0|0,0|0,0|0,0|0,0|0,0|0,0|0,0|0,0|0,0|0,0|0,0|0,0|0,0|0,0|0,0|0,0|0,0|0,0|0,0.5|1,0|0,0|0,0|0,0|0,0|0,,0.5|1
d92b88e535f168fae45874b936b187c790fc9d59,0|0,0|0,0|0,0|0,0|0,0|0,0|0,0|0,0|0,0|0,0|0,0|0,0|0,0|0,0|0,0|0,0|0,0|0,0|0,0|0,0|0,0|0,0|0,0|0,0|0,0|0,0.5|1,0|0,0|0,0|0,0|0,0|0,,0.5|1
d7c0a066cc60973a121e2328cee335f1e3d2c47b,0|0,0|0,0|0,0|0,0|0,0|0,0|0,0|0,0|0,0|0,0|0,0|0,0|0,0|0,0|0,0|0,0|0,0|0,0|0,0|0,0|0,0|0,0|0,0|0,0|0,0|0,0.5|1,0|0,0|0,0|0,0|0,0|0,,0.5|1
1405a45f18e659c4d8286505c08b25791eea3f04,0|0,0|0,0|0,0|0,0|0,0|0,0|0,0|0,0|0,0|0,0|0,0|0,0|0,0|0,0|0,0|0,0|0,0|0,0|0,0|0,0|0,0|0,0|0,0|0,0|0,0|0,0.5|1,0|0,0|0,0|0,0|0,0|0,,0.5|1
6e812eef8ca2117d8b7fd10daecf7f32c68f836d,0|0,0|0,0|0,0|0,0|0,0|0,0|0,0|0,0|0,0|0,0|0,0|0,0|0,0|0,0|0,0|0,0|0,0|0,0|0,0|0,0|0,0|0,0|0,0|0,0|0,0|0,0.5|1,0|0,0|0,0|0,0|0,0|0,,0.5|1
d65eeb7191a80712f0881b319f594a6bd89ada9b,0|0,0|0,0|0,0|0,0|0,0|0,0|0,0|0,0|0,0|0,0|0,0|0,0|0,0|0,0|0,0|0,0|0,0|0,0|0,0|0,0|0,0|0,0|0,0|0,0|0,0|0,0.5|1,0|0,0|0,0|0,0|0,0|0,,0.5|1
07a76d18a7e1597d50175acd71737a0eaf0810d2,0|0,0|0,0|0,0|0,0|0,0|0,0|0,0|0,0|0,0|0,0|0,0|0,0|0,0|0,0|0,0|0,0|0,0|0,0|0,0|0,0|0,0|0,0|0,0|0,0|0,0|0,0.5|1,0|0,0|0,0|0,0|0,0|0,0|0,0.5|1
867ddb31e91e1419c0ef9423a61e3dd10abd7703,0|0,0|0,0|0,0|0,0|0,0|0,0|0,0|0,0|0,0|0,0|0,0|0,0|0,0|0,0|0,0|0,0|0,0|0,0|0,0|0,0|0,0|0,0|0,0|0,0|0,0|0,0.5|1,0|0,0|0,0|0,0|0,0|0,0|1,0.5|1
2c4e182a42caf012013e79518bb2c090e7d9cce7,0|0,0|0,0|0,0|0,0|0,0|0,0|0,0|0,0|0,0|0,0|0,0|0,0|0,0|0,0|0,0|0,0|0,0|0,0|0,0|0,0|0,0|0,0|0,0|0,0|0,0|0,0.5|1,0|0,0|0,0|0,0|0,0|0,0|1,0.5|1
24883ac1a85febad3e9850e19b3c87e6eabc2c06,0|0,0|0,0|0,0|0,0|0,0|0,0|0,0|0,0|0,0|0,0|0,0|0,0|0,0|0,0|0,0|0,0|0,0|0,0|0,0|0,0|0,0|0,0|0,0|0,0|0,0|0,0.5|1,0|0,0|0,0|0,0|0,0|0,0|1,0.5|1
43135d71b911cd6e8b2e9c847ef1ed819d09dd76,0|0,0|0,0|0,0|0,0|0,0|0,0|0,0|0,0|0,0|0,0|0,0|0,0|0,0|0,0|0,0|0,0|0,0|0,0|0,0|0,0|0,0|0,0|0,0|0,0|0,0|0,0.5|1,0|0,0|0,0|0,0|0,0|0,0|1,0.5|1
04fde65fc4bc2ae2f75c4c89a7e599c5e62f8f92,0|0,0|0,0|0,0|0,0|0,0|0,0|0,0|0,0|0,0|0,0|0,0|0,0|0,0|0,0|0,0|0,0|0,0|0,0|0,0|0,0|0,0|0,0|0,0|0,0|0,0|0,0.5|1,0|0,0|0,0|0,0|0,0|0,0|1,0.5|1
f64f314029a7b23a3cf1fe0e7d097b376c0257c2,0|0,0|0,0|0,0|0,0|0,0|0,0|0,0|0,0|0,0|0,0|0,0|0,0|0,0|0,0|0,0|0,0|0,0|0,0|0,0|0,0|0,0|0,0|0,0|0,0|0,0|0,0.5|1,0|0,0|0,0|0,0|0,0|0,0|1,0.5|1
068c57dce387748ff5d9e72102e6cd9439032087,0|0,0|0,0|0,0|0,0|0,0|0,0|0,0|0,0|0,0|0,0|0,0|0,0|0,0|0,0|0,0|0,0|0,0|0,0|0,0|0,0|0,0|0,0|0,0|0,0|0,0|0,0.5|1,0|0,0|0,0|0,0|0,0|0,0|1,0.5|1
eba8adb5400e7d0bb1099c355c91deff6574d9fb,0|0,0|0,0|0,0|0,0|0,0|0,0|0,0|0,0|0,0|0,0|0,0|0,0|0,0|0,0|0,0|0,0|0,0|0,0|0,0|0,0|0,0|0,0|0,0|0,0|0,0|0,0.5|1,0|0,0|0,0|0,0|0,0|0,0|1,0.5|1
20cfd0d6402d0a5329165ff4279dbba36c4ce06f,0|0,0|0,0|0,0|0,0|0,0|0,0|0,0|0,0|0,0|0,0|0,0|0,0|0,0|0,0|0,0|0,0|0,0|0,0|0,0|0,0|0,0|0,0|0,0|0,0|0,0|0,0.5|1,0|0,0|0,0|0,0|0,0|0,0|1,0.5|1
0560b614e922ccf565e751e15ae8fa24ca10c288,0|0,0|0,0|0,0|0,0|0,0|0,0|0,0|0,0|0,0|0,0|0,0|0,0|0,0|0,0|0,0|0,0|0,0|0,0|0,0|0,0|0,0|0,0|0,0|0,0|0,0|0,0.5|1,0|0,0|0,0|0,0|0,0|0,0|1,0.5|1
5c36318fa511cb1abf18c19d1f2ffa1b17c012cb,0|0,0|0,0|0,0|0,0|0,0|0,0|0,0|0,0|0,0|0,0|0,0|0,0|0,0|0,0|0,0|0,0|0,0|0,0|0,0|0,0|0,0|0,0|0,0|0,0|0,0|0,0.5|1,0|0,0|0,0|0,0|0,0|0,0|1,0.5|1
35b82e6d32f1dc31e3da3783ef713541d000c642,0|0,0|0,0|0,0|0,0|0,0|0,0|0,0|0,0|0,0|0,0|0,0|0,0|0,0|0,0|0,0|0,0|0,0|0,0|0,0|0,0|0,0|0,0|0,0|0,0|0,0|0,0.5|1,0|0,0|0,0|0,0|0,0|0,0|1,0.5|1
584a78952483a0493c553db78b8076fc7a314b36,0|0,0|0,0|0,0|0,0|0,0|0,0|0,0|0,0|0,0|0,0|0,0|0,0|0,0|0,0|0,0|0,0|0,0|0,0|0,0|0,0|0,0|0,0|0,0|0,0|0,0|0,0.5|1,0|0,0|0,0|0,0|0,0|0,0|1,0.5|1
b2f1e9e9687defb225b281d612d207e8ba45c54f,0|0,0|0,0|0,0|0,0|0,0|0,0|0,0|0,0|0,0|0,0|0,0|0,0|0,0|0,0|0,0|0,0|0,0|0,0|0,0|0,0|0,0|0,0|0,0|0,0|0,0|0,0.5|1,0|0,0|0,0|0,0|0,0|0,0|1,0.5|1
f1278b90056a99c35592e964f549f1f2ba13f05c,0|0,0|0,0|0,0|0,0|0,0|0,0|0,0|0,0|0,0|0,0|0,0|0,0|0,0|0,0|0,0|0,0|0,0|0,0|0,0|0,0|0,0|0,0|0,0|0,0|0,0|0,0.5|1,0|0,0|0,0|0,0|0,0|0,0|1,0.5|1
5e0e856e06658160fdab940e004f1e410eabd234,0|0,0|0,0|0,0|0,0|0,0|0,0|0,0|0,0|0,0|0,0|0,0|0,0|0,0|0,0|0,0|0,0|0,0|0,0|0,0|0,0|0,0|0,0|0,0|0,0|0,0|0,0.5|1,0|0,0|0,0|0,0|0,0|0,0|1,0.5|1
9a573833fe58aa422f6bb27455d6812b5fb6ae21,0|0,0|0,0|0,0|0,0|0,0|0,0|0,0|0,0|0,0|0,0|0,0|0,0|0,0|0,0|0,0|0,0|0,0|0,0|0,0|0,0|0,0|0,0|0,0|0,0|0,0|0,0.5|1,0|0,0|0,0|0,0|0,0|0,0|1,0.5|1
458d26fc536f2ce174b95946f3a66a362ed7cece,0|0,0|0,0|0,0|0,0|0,0|0,0|0,0|0,0|0,0|0,0|0,0|0,0|0,0|0,0|0,0|0,0|0,0|0,0|0,0|0,0|0,0|0,0|0,0|0,0|0,0|0,0.5|1,0|0,0|0,0|0,0|0,0|0,0|1,0.5|1
15ac62804fb996183854e0cf3caba623d4b2adc2,0|0,0|0,0|0,0|0,0|0,0|0,0|0,0|0,0|0,0|0,0|0,0|0,0|0,0|0,0|0,0|0,0|0,0|0,0|0,0|0,0|0,0|0,0|0,0|0,0|0,0|0,0.5|1,0|0,0|0,0|0,0|0,0|0,0|1,0.5|1
2e2c97188d3739fb58ff1688a10d146162e299b0,0|0,0|0,0|0,0|0,0|0,0|0,0|0,0|0,0|0,0|0,0|0,0|0,0|0,0|0,0|0,0|0,0|0,0|0,0|0,0|0,0|0,0|0,0|0,0|0,0|0,0|0,0.5|1,0|0,0|0,0|0,0|0,0|0,0|1,0.5|1
1c18c4690c3c528499d5654ea45cc326d92f4573,0|0,0|0,0|0,0|0,0|0,0|0,0|0,0|0,0|0,0|0,0|0,0|0,0|0,0|0,0|0,0|0,0|0,0|0,0|0,0|0,0|0,0|0,0|0,0|0,0|0,0|0,0.5|1,0|0,0|0,0|0,0|0,0|0,0|1,0.5|1
99e8c4272be65897fe8e037ad4d327a4cb747903,0|0,0|0,0|0,0|0,0|0,0|0,0|0,0|0,0|0,0|0,0|0,0|0,0|0,0|0,0|0,0|0,0|0,0|0,0|0,0|0,0|0,0|0,0|0,0|0,0|0,0|0,0.5|1,0|0,0|0,0|0,0|0,0|0,0|1,0.5|1
58ab7f5e846bb6499178a5c99866cafb283cfbc6,,,,,,,,,,,,,,,,,,,,,,,,,,,,,,,,,,
52e7e4e57ad40c334761d6ecc0ec45fa00b39498,0|0,0|0,0|0,0|0,0|0,0|0,0|0,0|0,0|0,0|0,0|0,0|0,0|0,0|0,0|0,0|0,0|0,0|0,0|0,0|0,0|0,0|0,0|0,0|0,0|0,0|0,0.5|1,0|0,0|0,0|0,0|0,0|0,0|1,0.5|1
f8723dc5e4c47a123fddcae993f91b039c5540be,0|0,0|0,0|0,0|0,0|0,0|0,0|0,0|0,0|0,0|0,0|0,0|0,0|0,0|0,0|0,0|0,0|0,0|0,0|0,0|0,0|0,0|0,0|0,0|0,0|0,0|0,0.5|1,0|0,0|0,0|0,0|0,0|0,0|1,0.5|1
af8b50a9271b35836609a0b8ee708d07943d45f8,0|0,0|0,0|0,0|0,0|0,0|0,0|0,0|0,0|0,0|0,0|0,0|0,0|0,0|0,0|0,0|0,0|0,0|0,0|0,0|0,0|0,0|0,0|0,0|0,0|0,0|0,0.5|1,0|0,0|0,0|0,0|1,0|0,0|1,0.5|1
b179abf1132dfa5a263b2ebceb6ef7a3c2890c64,0|0,0|0,0|0,0|0,0|0,0|0,0|0,0|0,0|0,0|0,0|0,0|0,0|0,0|0,0|0,0|0,0|0,0|0,0|0,0|0,0|0,0|0,0|0,0|0,0|0,0|0,0.5|1,0|0,0|0,0|0,0|1,0|0,0|1,0.5|1
50db95714a5767637fedd031c83cfeda579aae9e,0|0,0|0,0|0,0|0,0|0,0|0,0|0,0|0,0|0,0|0,0|0,0|0,0|0,0|0,0|0,0|0,0|0,0|0,0|0,0|0,0|0,0|0,0|0,0|0,0|0,0|0,0.5|1,0|0,0|0,0|0,0|1,0|0,0|1,0.5|1
3f2dc4b9871a2ef552171f57cb21b8cb29866402,0|0,0|0,0|0,0|0,0|0,0|0,0|0,0|0,0|0,0|0,0|0,0|0,0|0,0|0,0|0,0|0,0|0,0|0,0|0,0|0,0|0,0|0,0|0,0|0,0|0,0|0,0.5|1,0|0,0|0,0|0,0|1,0|0,0|1,0.5|1
841c6ae7200c88f73b2825da27fed2a83360ad4c,0|0,0|0,0|0,0|0,0|0,0|0,0|0,0|0,0|0,0|0,0|0,0|0,0|0,0|0,0|0,0|0,0|0,0|0,0|0,0|0,0|0,0|0,0|0,0|0,0|0,0|0,0.5|1,0|0,0|0,0|0,0|1,0|0,0|1,0.5|1
843bb60d997829d7ad71a53e8e1adb747902234d,0|0,0|0,0|0,0|0,0|0,0|0,0|0,0|0,0|0,0|0,0|0,0|0,0|0,0|0,0|0,0|0,0|0,0|0,0|0,0|0,0|0,0|0,0|0,0|0,0|0,0|0,0.5|1,0|0,0|0,0|0,0|1,0|0,0|1,0.5|1
253c2cc03945b4d70b316d3df4d96b5b04ad9c49,0|0,0|0,0|0,0|0,0|0,0|0,0|0,0|0,0|0,0|0,0|0,0|0,0|0,0|0,0|0,0|0,0|0,0|0,0|0,0|0,0|0,0|0,0|0,0|0,0|0,0|0,0.5|1,0|0,0|0,0|0,0|1,0|0,0|1,0.5|1
bb66cce09881094582c7329a43434fae15121ec9,0|0,0|0,0|0,0|0,0|0,0|0,0|0,0|0,0|0,0|0,0|0,0|0,0|0,0|0,0|0,0|0,0|0,0|0,0|0,0|0,0|0,0|0,0|0,0|0,0|0,0|0,0.5|1,0|0,0|0,0|0,0|1,0|0,0|1,0.5|1
7be3f6fbf4f8a0e2876eecdf15602400f508ffe5,0|0,0|0,0|0,0|0,0|0,0|0,0|0,0|0,0|0,0|0,0|0,0|0,0|0,0|0,0|0,0|0,0|0,0|0,0|0,0|0,0|0,0|0,0|0,0|0,0|0,0|0,0.5|1,0|0,0|0,0|0,0|1,0|0,0|1,0.5|1
3669c5c4cbe25e321b8bfd3bdca3e8083bd54ca9,0|0,0|0,0|0,0|0,0|0,0|0,0|0,0|0,0|0,0|0,0|0,0|0,0|0,0|0,0|0,0|0,0|0,0|0,0|0,0|0,0|0,0|0,0|0,0|0,0|0,0|0,0.5|1,0|0,0|0,0|0,0|1,0|0,0|1,0.5|1
0ec41df743404ad8f8de27125b7dbbe03bd0f6f2,0|0,0|0,0|0,0|0,0|0,0|0,0|0,0|0,0|0,0|0,0|0,0|0,0|0,0|0,0|0,0|0,0|0,0|0,0|0,0|0,0|0,0|0,0|0,0|0,0|0,0|0,0.5|1,0|0,0|0,0|0,0|1,0|0,0|1,0.5|1
2a07f345790a03edec331c05a2ba2c5fdb4bf9bf,0|0,0|0,0|0,0|0,0|0,0|0,0|0,0|0,0|0,0|0,0|0,0|0,0|0,0|0,0|0,0|0,0|0,0|0,0|0,0|0,0|0,0|0,0|0,0|0,0|0,0|0,0.5|1,0|0,0|0,0|0,0|1,0|0,0|1,0.5|1
a675b071ffd1d623a14cc83654557ccafb4f3446,0|0,0|0,0|0,0|0,0|0,0|0,0|0,0|0,0|0,0|0,0|0,0|0,0|0,0|0,0|0,0|0,0|0,0|0,0|0,0|0,0|0,0|0,0|0,0|0,0|0,0|0,0.5|1,0|0,0|0,0|0,0|1,0|0,0|1,0.5|1
9f99b3af67d8148f9985fb1c0d2c01c5e10f094f,0|0,0|0,0|0,0|0,0|0,0|0,0|0,0|0,0|0,0|0,0|0,0|0,0|0,0|0,0|0,0|0,0|0,0|0,0|0,0|0,0|0,0|0,0|0,0|0,0|0,0|0,0.5|1,0|0,0|0,0|0,0|1,0|0,0|1,0.5|1
bf437c3825188d0115e2a45134ceb744743c7b63,0|0,0|0,0|0,0|0,0|0,0|0,0|0,0|0,0|0,0|0,0|0,0|0,0|0,0|0,0|0,0|0,0|0,0|0,0|0,0|0,0|0,0|0,0|0,0|0,0|0,0|0,0.5|1,0|0,0|0,0|0,0|1,0|0,0|1,0.5|1
64e1ce8a4bc1b12099afb1eda7890cc16f9e2904,0|0,0|0,0|0,0|0,0|0,0|0,0|0,0|0,0|0,0|0,0|0,0|0,0|0,0|0,0|0,0|0,0|0,0|0,0|0,0|0,0|0,0|0,0|0,0|0,0|0,0|0,0.5|1,0|0,0|0,0|0,0|1,0|0,0|1,0.5|1
5ff43ff87135d0fa649c758e136b62405aefc78a,0|0,0|0,0|0,0|0,0|0,0|0,0|0,0|0,0|0,0|0,0|0,0|0,0|0,0|0,0|0,0|0,0|0,0|0,0|0,0|0,0|0,0|0,0|0,0|0,0|0,0|0,0.5|1,0|0,0|0,0|0,0|1,0|0,0|1,0.5|1
f3aea9edc53b9f943bd681fec85b65c7766d94da,0|0,0|0,0|0,0|0,0|0,0|0,0|0,0|0,0|0,0|0,0|0,0|0,0|0,0|0,0|0,0|0,0|0,0|0,0|0,0|0,0|0,0|0,0|0,0|0,0|0,0|0,0.5|1,0|0,0|0,0|0,0|1,0|0,0|1,0.5|1
dc5d651c38dfb7b2527edeaa05bb493f050f5554,0|0,0|0,0|0,0|0,0|0,0|0,0|0,0|0,0|0,0|0,0|0,0|0,0|0,0|0,0|0,0|0,0|0,0|0,0|0,0|0,0|0,0|0,0|0,0|0,0|0,0|0,0.5|1,0|0,0|0,0|0,0|1,0|0,0|1,0.5|1
7424ecfb6ccabfbf865f34c9019559efeb8a39e0,0|0,0|0,0|0,0|0,0|0,0|0,0|0,0|0,0|0,0|0,0|0,0|0,0|0,0|0,0|0,0|0,0|0,0|0,0|0,0|0,0|0,0|0,0|0,0|0,0|0,0|0,0.5|1,0|0,0|0,0|0,0|1,0|0,0|1,0.5|1
21ebac590bdecda71a75c9c9153a4275baadda66,0|0,0|0,0|0,0|0,0|0,0|0,0|0,0|0,0|0,0|0,0|0,0|0,0|0,0|0,0|0,0|0,0|0,0|0,0|0,0|0,0|0,0|0,0|0,0|0,0|0,0|0,0.5|1,0|0,0|0,0|0,0|1,0|0,0|1,0.5|1
8f8d931fbda982820f5db71619072b696d5daf56,0|0,0|0,0|0,0|0,0|0,0|0,0|0,0|0,0|0,0|0,0|0,0|0,0|0,0|0,0|0,0|0,0|0,0|0,0|0,0|0,0|0,0|0,0|0,0|0,0|0,0|0,0.5|1,0|0,0|0,0|0,0|1,0|0,0|1,0.5|1
e6d337c7f95b30ab1942e2cc2c72005e932dd9bd,0|0,0|0,0|0,0|0,0|0,0|0,0|0,0|0,0|0,0|0,0|0,0|0,0|0,0|0,0|0,0|0,0|0,0|0,0|0,0|0,0|0,0|0,0|0,0|0,0|0,0|0,0.5|1,0|0,0|0,0|0,0|1,0|0,0|1,0.5|1
fb5be70daa212a6a61343a185adfb5659e5247ae,0|0,0|0,0|0,0|0,0|0,0|0,0|0,0|0,0|0,0|0,0|0,0|0,0|0,0|0,0|0,0|0,0|0,0|0,0|0,0|0,0|0,0|0,0|0,0|0,0|0,0|0,0.5|1,0|0,0|0,0|0,0|1,0|0,0|1,0.5|1
bcad9792c0d911e7facdc4c7dcacdd8c32c6127a,0|0,0|0,0|0,0|0,0|0,0|0,0|0,0|0,0|0,0|0,0|0,0|0,0|0,0|0,0|0,0|0,0|0,0|0,0|0,0|0,0|0,0|0,0|0,0|0,0|0,0|0,0.5|1,0|0,0|0,0|0,0|1,0|0,0|1,0.5|1
0157208e915933bcf027aff5759abe5a2bd6e705,0|0,0|0,0|0,0|0,0|0,0|0,0|0,0|0,0|0,0|0,0|0,0|0,0|0,0|0,0|0,0|0,0|0,0|0,0|0,0|0,0|0,0|0,0|0,0|0,0|0,0|0,0.5|1,0|0,0|0,0|0,0|1,0|0,0|1,0.5|1
3ae32b6de27fb6ea383f9d6a54db7c81cdf25d39,0|0,0|0,0|0,0|0,0|0,0|0,0|0,0|0,0|0,0|0,0|0,0|0,0|0,0|0,0|0,0|0,0|0,0|0,0|0,0|0,0|0,0|0,0|0,0|0,0|0,0|0,0.5|1,0|0,0|0,0|0,0|1,0|0,0|1,0.5|1
1d01dec79bf63026de232aa27f62044396e10680,0|0,0|0,0|0,0|0,0|0,0|0,0|0,0|0,0|0,0|0,0|0,0|0,0|0,0|0,0|0,0|0,0|0,0|0,0|0,0|0,0|0,0|0,0|0,0|0,0|0,0|0,0.5|1,0|0,0|0,0|0,0|1,0|0,0|1,0.5|1
a72dec9ef6fd2d9b315b91eaa95cbd7fce91057e,0|0,0|0,0|0,0|0,0|0,0|0,0|0,0|0,0|0,0|0,0|0,0|0,0|0,0|0,0|0,0|0,0|0,0|0,0|0,0|0,0|0,0|0,0|0,0|0,0|0,0|0,0.5|1,0|0,0|0,0|0,0|1,0|0,0|1,0.5|1
4ff59716e1c140c49b7aa688894ca0a20ea7e0ac,0|0,0|0,0|0,0|0,0|0,0|0,0|0,0|0,0|0,0|0,0|0,0|0,0|0,0|0,0|0,0|0,0|0,0|0,0|0,0|0,0|0,0|0,0|0,0|0,0|0,0|0,0.5|1,0|0,0|0,0|0,0|1,0|0,0|1,0.5|1
addcc195e1eb5629a1b9e6d8938df4dc06bf910e,0|0,0|0,0|0,0|0,0|0,0|0,0|0,0|0,0|0,0|0,0|0,0|0,0|0,0|0,0|0,0|0,0|0,0|0,0|0,0|0,0|0,0|0,0|0,0|0,0|0,0|0,0.5|1,0|0,0|0,0|0,0|1,0|0,0|1,0.5|1
a874872e3db80d67f083422c880663f843e485a0,0|0,0|0,0|0,0|0,0|0,0|0,0|0,0|0,0|0,0|0,0|0,0|0,0|0,0|0,0|0,0|0,0|0,0|0,0|0,0|0,0|0,0|0,0|0,0|0,0|0,0|0,0.5|1,0|0,0|0,0|0,0|1,0|0,0|1,0.5|1
acb7c1ea32e35d664f7822bf7c19e0bc4412054b,0|0,0|0,0|0,0|0,0|0,0|0,0|0,0|0,0|0,0|0,0|0,0|0,0|0,0|0,0|0,0|0,0|0,0|0,0|0,0|0,0|0,0|0,0|0,0|0,0|0,0|0,0.5|1,0|0,0|0,0|0,0|1,0|0,0|1,0.5|1
d15b21b11bf49859d76208b3f1ebad60f4903a40,0|0,0|0,0|0,0|0,0|0,0|0,0|0,0|0,0|0,0|0,0|0,0|0,0|0,0|0,0|0,0|0,0|0,0|0,0|0,0|0,0|0,0|0,0|0,0|0,0|0,0|0,0.5|1,0|0,0|0,0|0,0|1,0|0,0|1,0.5|1
b8336bac3e5a5af9132884fa47095f28edbfa200,0|0,0|0,0|0,0|0,0|0,0|0,0|0,0|0,0|0,0|0,0|0,0|0,0|0,0|0,0|0,0|0,0|0,0|0,0|0,0|0,0|0,0|0,0|0,0|0,0|0,0|0,0.5|1,0|0,0|0,0|0,0|1,0|0,0|1,0.5|1
bde9355d0c10d4f7cb6d34307fa6bb7bb580024b,,,,,,,,,,,,,,,,,,,,,,,,,,,,,,,,,,
68178d509444bdea7065f937701fe3cb148a1e65,0|0,0|0,0|0,0|0,0|0,0|0,0|0,0|0,0|0,0|0,0|0,0|0,0|0,0|0,0|0,0|0,0|0,0|0,0|0,0|0,0|0,0|0,0|0,0|0,0|0,0|0,0.5|1,0|0,0|0,0|0,0|1,0|0,0|1,0.5|1
0c698b79d1330802b76cb66bc86389d3eedd86ea,0|0,0|0,0|0,0|0,0|0,0|0,0|0,0|0,0|0,0|0,0|0,0|0,0|0,0|0,0|0,0|0,0|0,0|0,0|0,0|0,0|0,0|0,0|0,0|0,0|0,0|0,0.5|1,0|0,0|0,0|0,0|1,0|0,0|1,0.5|1
6bbd64b7f394488f1e84b190f80504c2015a46e2,0|0,0|0,0|0,0|0,0|0,0|0,0|0,0|0,0|0,0|0,0|0,0|0,0|0,0|0,0|0,0|0,0|0,0|0,0|0,0|0,0|0,0|0,0|0,0|0,0|0,0|0,0.5|1,0|0,0|0,0|0,0|1,0|0,0|1,0.5|1
9cce80b34fc7f9f1bddb0b33db48c842625f9fbf,0|0,0|0,0|0,0|0,0|0,0|0,0|0,0|0,0|0,0|0,0|0,0|0,0|0,0|0,0|0,0|0,0|0,0|0,0|0,0|0,0|0,0|0,0|0,0|0,0|0,0|0,0.5|1,0|0,0|0,0|0,0|1,0|0,0|1,0.5|1
1d4a87b1e57d4b34c9ea68ee2e3c89ed2f8c1e65,0|0,0|0,0|0,0|0,0|0,0|0,0|0,0|0,0|0,0|0,0|0,0|0,0|0,0|0,0|0,0|0,0|0,0|0,0|0,0|0,0|0,0|0,0|0,0|0,0|0,0|0,0.5|1,0|0,0|0,0|0,0|1,0|0,0|1,0.5|1
03ee1f1283e8c1cb040c66ada4e513136110930d,0|0,0|0,0|0,0|0,0|0,0|0,0|0,0|0,0|0,0|0,0|0,0|0,0|0,0|0,0|0,0|0,0|0,0|0,0|0,0|0,0|0,0|0,0|0,0|0,0|0,0|0,0.5|1,0|0,0|0,0|0,0|1,0|0,0|1,0.5|1
63a86f91135173c58c8c694731efcd079a1bd889,0|0,0|0,0|0,0|0,0|0,0|0,0|0,0|0,0|0,0|0,0|0,0|0,0|0,0|0,0|0,0|0,0|0,0|0,0|0,0|0,0|0,0|0,0|0,0|0,0|0,0|0,0.5|1,0|0,0|0,0|0,0|1,0|0,0|1,0.5|1
f0eeb84216812e62689fdd6901c7575f8be059a7,0|0,0|0,0|0,0|0,0|0,0|0,0|0,0|0,0|0,0|0,0|0,0|0,0|0,0|0,0|0,0|0,0|0,0|0,0|0,0|0,0|0,0|0,0|0,0|0,0|0,0|0,0.5|1,0|0,0|0,0|0,0|1,0|0,0|1,0.5|1
34d0e2c231307f3b2dc2cffba448afdc3adc7928,0|0,0|0,0|0,0|0,0|0,0|0,0|0,0|0,0|0,0|0,0|0,0|0,0|0,0|0,0|0,0|0,0|0,0|0,0|0,0|0,0|0,0|0,0|0,0|0,0|0,0|0,0.5|1,0|0,0|0,0|0,0|1,0|0,0|1,0.5|1
b4e173e5ff05f29c3c6702ce86dbdd09cacbdbf4,0|0,0|0,0|0,0|0,0|0,0|0,0|0,0|0,0|0,0|0,0|0,0|0,0|0,0|0,0|0,0|0,0|0,0|0,0|0,0|0,0|0,0|0,0|0,0|0,0|0,0|0,0.5|1,0|0,0|0,0|0,0|1,0|0,0|1,0.5|1
c18640e04ccecfd97bc4167a3fdb59b947586210,0|0,0|0,0|0,0|0,0|0,0|0,0|0,0|0,0|0,0|0,0|0,0|0,0|0,0|0,0|0,0|0,0|0,0|0,0|0,0|0,0|0,0|0,0|0,0|0,0|0,0|0,0.5|1,0|0,0|0,0|0,0|1,0|0,0|1,0.5|1
7020062b296508028ccf3ab5a2217e6ebcbc1583,0|0,0|0,0|0,0|0,0|0,0|0,0|0,0|0,0|0,0|0,0|0,0|0,0|0,0|0,0|0,0|0,0|0,0|0,0|0,0|0,0|0,0|0,0|0,0|0,0|0,0|0,0.5|1,0|0,0|0,0|0,0|1,0|0,0|1,0.5|1
5f6516da0d6225d4522d49716e2a08bf9544ff1c,0|0,0|0,0|0,0|0,0|0,0|0,0|0,0|0,0|0,0|0,0|0,0|0,0|0,0|0,0|0,0|0,0|0,0|0,0|0,0|0,0|0,0|0,0|0,0|0,0|0,0|0,0.5|1,0|0,0|0,0|0,0|1,0|0,0|1,0.5|1
4a752d4e4e99439921ca61076545349522d615aa,0|0,0|0,0|0,0|0,0|0,0|0,0|0,0|0,0|0,0|0,0|0,0|0,0|0,0|0,0|0,0|0,0|0,0|0,0|0,0|0,0|0,0|0,0|0,0|0,0|0,0|0,0.5|1,0|0,0|0,0|0,0|1,0|0,0|1,0.5|1
88add6940d7d8104be65a1622afb2961d2be0d9e,0|0,0|0,0|0,0|0,0|0,0|0,0|0,0|0,0|0,0|0,0|0,0|0,0|0,0|0,0|0,0|0,0|0,0|0,0|0,0|0,0|0,0|0,0|0,0|0,0|0,0|0,0.5|1,0|0,0|0,0|0,0|1,0|0,0|1,0.5|1
660cbc591f2d568d499fb1e4f728b6c953ea91e1,0|0,0|0,0|0,0|0,0|0,0|0,0|0,0|0,0|0,0|0,0|0,0|0,0|0,0|0,0|0,0|0,0|0,0|0,0|0,0|0,0|0,0|0,0|0,0|0,0|0,0|0,0.5|1,0|0,0|0,0|0,0|1,0|0,0|1,0.5|1
26a7173aae2f5f7f3bcb4642432d51bbe9f7b5ac,0|0,0|0,0|0,0|0,0|0,0|0,0|0,0|0,0|0,0|0,0|0,0|0,0|0,0|0,0|0,0|0,0|0,0|0,0|0,0|0,0|0,0|0,0|0,0|0,0|0,0|0,0.5|1,0|0,0|0,0|0,0|1,0|0,0|1,0.5|1
d2167d34120f617f64f48090f2495fc6e9ae8cf5,0|0,0|0,0|0,0|0,0|0,0|0,0|0,0|0,0|0,0|0,0|0,0|0,0|0,0|0,0|0,0|0,0|0,0|0,0|0,0|0,0|0,0|0,0|0,0|0,0|0,0|0,0.5|1,0|0,0|0,0|0,0|1,0|0,0|1,0.5|1
fa5e3f4c5c645e315be0f998679b8e73b7d42680,0|0,0|0,0|0,0|0,0|0,0|0,0|0,0|0,0|0,0|0,0|0,0|0,0|0,0|0,0|0,0|0,0|0,0|0,0|0,0|0,0|0,0|0,0|0,0|0,0|0,0|0,0.5|1,0|0,0|0,0|0,0|1,0|0,0|1,0.5|1
a5a14a7592cade12b3f6fa99566b96e040f28d7d,0|0,0|0,0|0,0|0,0|0,0|0,0|0,0|0,0|0,0|0,0|0,0|0,0|0,0|0,0|0,0|0,0|0,0|0,0|0,0|0,0|0,0|0,0|0,0|0,0|0,0|0,0.5|1,0|0,0|0,0|0,0|1,0|0,1|1,0.5|1
8ab3ef606163863de1b0886e2adcc8baec3d34d6,0|0,0|0,0|0,0|0,0|0,0|0,0|0,0|0,0|0,0|0,0|0,0|0,0|0,0|0,0|0,0|0,0|0,0|0,0|0,0|0,0|0,0|0,0|0,0|0,0|0,0|0,0.5|1,0|0,0|0,0|0,0|1,0|0,1|1,0.5|1
df889b5dbe0f8fd651e9b5f41edf5dd6d792d147,0|0,0|0,0|0,0|0,0|0,0|0,0|0,0|0,0|0,0|0,0|0,0|0,0|0,0|0,0|0,0|0,0|0,0|0,0|0,0|0,0|0,0|0,0|0,0|0,0|0,0|0,0.5|1,0|0,0|0,0|0,0|1,0|0,1|1,0.5|1
06ab59d2f0143f7baa1525f9683c302211c2acbc,0|0,0|0,0|0,0|0,0|0,0|0,0|0,0|0,0|0,0|0,0|0,0|0,0|0,0|0,0|0,0|0,0|0,0|0,0|0,0|0,0|0,0|0,0|0,0|0,0|0,0|0,0.5|1,0|0,0|0,0|0,0|1,0|0,1|1,0.5|1
9194ec00e2e236f54ef2c803adb5aa948b37fbf9,0|0,0|0,0|0,0|0,0|0,0|0,0|0,0|0,0|0,0|0,0|0,0|0,0|0,0|0,0|0,0|0,0|0,0|0,0|0,0|0,0|0,0|0,0|0,0|0,0|0,0|0,0.5|1,0|0,0|0,0|0,0|1,0|0,1|1,0.5|1
7611351ad7f9740046dfaeb15ea4f748da2d6bad,0|0,0|0,0|0,0|0,0|0,0|0,0|0,0|0,0|0,0|0,0|0,0|0,0|0,0|0,0|0,0|0,0|0,0|0,0|0,0|0,0|0,0|0,0|0,0|0,0|0,0|0,0.5|1,0|0,0|0,0|0,0|1,0|0,1|1,0.5|1
ce788efbba6024db4752583fb8b477df0aabeb26,0|0,0|0,0|0,0|0,0|0,0|0,0|0,0|0,0|0,0|0,0|0,0|0,0|0,0|0,0|0,0|0,0|0,0|0,0|0,0|0,0|0,0|0,0|0,0|0,0|0,0|0,0.5|1,0|0,0|0,0|0,0|1,0|0,1|1,0.5|1
27a7de1f3d20cf1afc7b2c0820414a5226540dbc,0|0,0|0,0|0,0|0,0|0,0|0,0|0,0|0,0|0,0|0,0|0,0|0,0|0,0|0,0|0,0|0,0|0,0|0,0|0,0|0,0|0,0|0,0|0,0|0,0|0,0|0,0.5|1,0|0,0|0,0|0,0|1,0|0,1|1,0.5|1
ea45da2f76a2111f19f1aaff83c3a358cd57d027,0|0,0|0,0|0,0|0,0|0,0|0,0|0,0|0,0|0,0|0,0|0,0|0,0|0,0|0,0|0,0|0,0|0,0|0,0|0,0|0,0|0,0|0,0|0,0|0,0|0,0|0,0.5|1,0|0,0|0,0|0,0|1,0|0,1|1,0.5|1
c8cf34fc0c97d2e8095e95c8eb46c2f73b59d995,0|0,0|0,0|0,0|0,0|0,0|0,0|0,0|0,0|0,0|0,0|0,0|0,0|0,0|0,0|0,0|0,0|0,0|0,0|0,0|0,0|0,0|0,0|0,0|0,0|0,0|0,0.5|1,0|0,0|0,0|0,0|1,0|0,1|1,0.5|1
1d9eb59c99fe585427c8fa97eb08b50669c6c107,0|0,0|0,0|0,0|0,0|0,0|0,0|0,0|0,0|0,0|0,0|0,0|0,0|0,0|0,0|0,0|0,0|0,0|0,0|0,0|0,0|0,0|0,0|0,0|0,0|0,0|0,0.5|1,0|0,0|0,0|0,0|1,0|0,1|1,0.5|1
12de89697690756d3bcd4b99e430f854600447f9,0|0,0|0,0|0,0|0,0|0,0|0,0|0,0|0,0|0,0|0,0|0,0|0,0|0,0|0,0|0,0|0,0|0,0|0,0|0,0|0,0|0,0|0,0|0,0|0,0|0,0|0,0.5|1,0|0,0|0,0|0,0|1,0|0,1|1,0.5|1
cfaa9c72f25566f630c5f3d32ac9321372c6c93f,0|0,0|0,0|0,0|0,0|0,0|0,0|0,0|0,0|0,0|0,0|0,0|0,0|0,0|0,0|0,0|0,0|0,0|0,0|0,0|0,0|0,0|0,0|0,0|0,0|0,0|0,0.5|1,0|0,0|0,0|0,0|1,0|0,1|1,0.5|1
9cc79a79373f1b338b2e029e2e489b4e7971cd0c,0|0,0|0,0|0,0|0,0|0,0|0,0|0,0|0,0|0,0|0,0|0,0|0,0|0,0|0,0|0,0|0,0|0,0|0,0|0,0|0,0|0,0|0,0|0,0|0,0|0,0|0,0.5|1,0|0,0|0,0|0,0|1,0|0,1|1,0.5|1
a1fb572b5e4b507ed62a03dd91cca44917fd201a,0|0,0|0,0|0,0|0,0|0,0|0,0|0,0|0,0|0,0|0,0|0,0|0,0|0,0|0,0|0,0|0,0|0,0|0,0|0,0|0,0|0,0|0,0|0,0|0,0|0,0|0,0.5|1,0|0,0|0,0|0,0|1,0|0,1|1,0.5|1
892f6d9c8ffc6e3c4d571df8fc02114f88c69b52,0|0,0|0,0|0,0|0,0|0,0|0,0|0,0|0,0|0,0|0,0|0,0|0,0|0,0|0,0|0,0|0,0|0,0|0,0|0,0|0,0|0,0|0,0|0,0|0,0|0,0|0,0.5|1,0|0,0|0,0|0,0|1,0|0,1|1,0.5|1
bbfc2ef5296bab89e46af8e5be679415656f63d3,0|0,0|0,0|0,0|0,0|0,0|0,0|0,0|0,0|0,0|0,0|0,0|0,0|0,0|0,0|0,0|0,0|0,0|0,0|0,0|0,0|0,0|0,0|0,0|0,0|0,0|0,0.5|1,0|0,0|0,0|0,0|1,0|0,1|1,0.5|1
fd932171089f4df40fb0f70f6766350217b0ff98,0|0,0|0,0|0,0|0,0|0,0|0,0|0,0|0,0|0,0|0,0|0,0|0,0|0,0|0,0|0,0|0,0|0,0|0,0|0,0|0,0|0,0|0,0|0,0|0,0|0,0|0,0.5|1,0|0,0|0,0|0,0|1,0|0,1|1,0.5|1
cd601ad7b05544ac2ea7800dbe4595cb170018ca,0|0,0|0,0|0,0|0,0|0,0|0,0|0,0|0,0|0,0|0,0|0,0|0,0|0,0|0,0|0,0|0,0|0,0|0,0|0,0|0,0|0,0|0,0|0,0|0,0|0,0|0,0.5|1,0|0,0|0,0|0,0|1,0|0,1|1,0.5|1
a0352a31e98fcd17071acd252a83b08947d089e6,0|0,0|0,0|0,0|0,0|0,0|0,0|0,0|0,0|0,0|0,0|0,0|0,0|0,0|0,0|0,0|0,0|0,0|0,0|0,0|0,0|0,0|0,0|0,0|0,0|0,0|0,0.5|1,0|0,0|0,0|0,0|1,0|0,1|1,0.5|1
4dcfc84783606c49bf38bc9e4e8ce21340e57677,0|0,0|0,0|0,0|0,0|0,0|0,0|0,0|0,0|0,0|0,0|0,0|0,0|0,0|0,0|0,0|0,0|0,0|0,0|0,0|0,0|0,0|0,0|0,0|0,0|0,0|0,0.5|1,0|0,0|0,0|0,0|1,0|0,1|1,0.5|1
6a75d172ab81c5e984db21228ebb93a8fa8229f8,0|0,0|0,0|0,0|0,0|0,0|0,0|0,0|0,0|0,0|0,0|0,0|0,0|0,0|0,0|0,0|0,0|0,0|0,0|0,0|0,0|0,0|0,0|0,0|0,0|0,0|0,0.5|1,0|0,0|0,0|0,0|1,0|0,1|1,0.5|1
7b74ddfb3785b07e5a086976cd9f28cb041aba14,0|0,0|0,0|0,0|0,0|0,0|0,0|0,0|0,0|0,0|0,0|0,0|0,0|0,0|0,0|0,0|0,0|0,0|0,0|0,0|0,0|0,0|0,0|0,0|0,0|0,0|0,0.5|1,0|0,0|0,0|0,0|1,0|0,1|1,0.5|1
97db7b185c78c1d949591da938062d8c0bd572cc,0|0,0|0,0|0,0|0,0|0,0|0,0|0,0|0,0|0,0|0,0|0,0|0,0|0,0|0,0|0,0|0,0|0,0|0,0|0,0|0,0|0,0|0,0|0,0|0,0|0,0|0,0.5|1,0|0,0|0,0|0,0|1,0|0,1|1,0.5|1
df4e7086b4c82aa275fcbb64de60311d38ea75c9,0|0,0|0,0|0,0|0,0|0,0|0,0|0,0|0,0|0,0|0,0|0,0|0,0|0,0|0,0|0,0|0,0|0,0|0,0|0,0|0,0|0,0|0,0|0,0|0,0|0,0|0,0.5|1,0|0,0|0,0|0,0|1,0|0,1|1,0.5|1
6fd987561314209eb1c04d6e84ec997b88ad8f5e,0|0,0|0,0|0,0|0,0|0,0|0,0|0,0|0,0|0,0|0,0|0,0|0,0|0,0|0,0|0,0|0,0|0,0|0,0|0,0|0,0|0,0|0,0|0,0|0,0|0,0|0,0.5|1,0|0,0|0,0|0,0|1,0|0,1|1,0.5|1
9aa45bc8eb71359dc57941e9b8ced11804ece59a,0|0,0|0,0|0,0|0,0|0,0|0,0|0,0|0,0|0,0|0,0|0,0|0,0|0,0|0,0|0,0|0,0|0,0|0,0|0,0|0,0|0,0|0,0|0,0|0,0|0,0|0,0.5|1,0|0,0|0,0|0,0|1,0|0,1|1,0.5|1
10669b099ac40a6302c011502ec230f0c29dbdcf,0|0,0|0,0|0,0|0,0|0,0|0,0|0,0|0,0|0,0|0,0|0,0|0,0|0,0|0,0|0,0|0,0|0,0|0,0|0,0|0,0|0,0|0,0|0,0|0,0|0,0|0,0.5|1,0|0,0|0,0|0,0|1,0|0,1|1,0.5|1
8d1c4826662a8e759154ff56a01f99d9d7da3665,0|0,0|0,0|0,0|0,0|0,0|0,0|0,0|0,0|0,0|0,0|0,0|0,0|0,0|0,0|0,0|0,0|0,0|0,0|0,0|0,0|0,0|0,0|0,0|0,0|0,0|0,0.5|1,0|0,0|0,0|0,0|1,0|0,1|1,0.5|1
14830508fa9edfb8c12b6619da0386ce7f815711,0|0,0|0,0|0,0|0,0|0,0|0,0|0,0|0,0|0,0|0,0|0,0|0,0|0,0|0,0|0,0|0,0|0,0|0,0|0,0|0,0|0,0|0,0|0,0|0,0|0,0|0,0.5|1,0|0,0|0,0|0,0|1,0|0,1|1,0.5|1
fb2251129946d9d44d348cdc744734c3f3e9bde0,0|0,0|0,0|0,0|0,0|0,0|0,0|0,0|0,0|0,0|0,0|0,0|0,0|0,0|0,0|0,0|0,0|0,0|0,0|0,0|0,0|0,0|0,0|0,0|0,0|0,0|0,0.5|1,0|0,0|0,0|0,0|1,0|0,1|1,0.5|1
efe809c64086c4cac0b79e86ff088bf4dcbe74f2,0|0,0|0,0|0,0|0,0|0,0|0,0|0,0|0,0|0,0|0,0|0,0|0,0|0,0|0,0|0,0|0,0|0,0|0,0|0,0|0,0|0,0|0,0|0,0|0,0|0,0|0,0.5|1,0|0,0|0,0|0,0|1,0|0,1|1,0.5|1
8cac3a5a6a044849e4f22d2c67320aceb745b59c,0|0,0|0,0|0,0|0,0|0,0|0,0|0,0|0,0|0,0|0,0|0,0|0,0|0,0|0,0|0,0|0,0|0,0|0,0|0,0|0,0|0,0|0,0|0,0|0,0|0,0|0,0.5|1,0|0,0|0,0|0,0|1,0|0,1|1,0.5|1
93a422ac4847bcdc4bf97496bb5eeffb14da6c54,0|0,0|0,0|0,0|0,0|0,0|0,0|0,0|0,0|0,0|0,0|0,0|0,0|0,0|0,0|0,0|0,0|0,0|0,0|0,0|0,0|0,0|0,0|0,0|0,0|0,0|0,0.5|1,0|0,0|0,0|0,0|1,0|0,1|1,0.5|1
a5217c2266281b773d1dd905bb69409cdcc04d89,0|0,0|0,0|0,0|0,0|0,0|0,0|0,0|0,0|0,0|0,0|0,0|0,0|0,0|0,0|0,0|0,0|0,0|0,0|0,0|0,0|0,0|0,0|0,0|0,0|0,0|0,0.5|1,0|0,0|0,0|0,0|1,0|0,1|1,0.5|1
ce5c0c3280a4f91af86b6c1cac0007d9cad19c63,0|0,0|0,0|0,0|0,0|0,0|0,0|0,0|0,0|0,0|0,0|0,0|0,0|0,0|0,0|0,0|0,0|0,0|0,0|0,0|0,0|0,0|0,0|0,0|0,0|0,0|0,0.5|1,0|0,0|0,0|0,0|1,0|0,1|1,0.5|1
1dd1e55cb329d01c210da77ceb53027853c35b72,0|0,0|0,0|0,0|0,0|0,0|0,0|0,0|0,0|0,0|0,0|0,0|0,0|0,0|0,0|0,0|0,0|0,0|0,0|0,0|0,0|0,0|0,0|0,0|0,0|0,0|0,0.5|1,0|0,0|0,0|0,0|1,0|0,1|1,0.5|1
2f8f6edca5a013cc5f9283be251e9cf1c7a00845,0|0,0|0,0|0,0|0,0|0,0|0,0|0,0|0,0|0,0|0,0|0,0|0,0|0,0|0,0|0,0|0,0|0,0|0,0|0,0|0,0|0,0|0,0|0,0|0,0|0,0|0,0.5|1,0|0,0|0,0|0,0|1,0|0,1|1,0.5|1
a4120e720a2651d26bcf15ef3e6b04d4cdd889bd,0|0,0|0,0|0,0|0,0|0,0|0,0|0,0|0,0|0,0|0,0|0,0|0,0|0,0|0,0|0,0|0,0|0,0|0,0|0,0|0,0|0,0|0,0|0,0|0,0|0,0|0,0.5|1,0|0,0|0,0|0,0|1,0|0,1|1,0.5|1
fd6ec1fb17f9b93938e907bd57b07858902df969,0|0,0|0,0|0,0|0,0|0,0|0,0|0,0|0,0|0,0|0,0|0,0|0,0|0,0|0,0|0,0|0,0|0,0|0,0|0,0|0,0|0,0|0,0|0,0|0,0|0,0|0,0.5|1,0|0,0|0,0|0,0|1,0|0,1|1,0.5|1
ed9002c99a0d2e70984ad01d1bfcff0ca5d45f0d,0|0,0|0,0|0,0|0,0|0,0|0,0|0,0|0,0|0,0|0,0|0,0|0,0|0,0|0,0|0,0|0,0|0,0|0,0|0,0|0,0|0,0|0,0|0,0|0,0|0,0|0,0.5|1,0|0,0|0,0|0,0|1,0|0,1|1,0.5|1
e0918a19bf13e31669908f97c8eccb7ff0f4e2e7,0|0,0|0,0|0,0|0,0|0,0|0,0|0,0|0,0|0,0|0,0|0,0|0,0|0,0|0,0|0,0|0,0|0,0|0,0|0,0|0,0|0,0|0,0|0,0|0,0|0,0|0,0.5|1,0|0,0|0,0|0,0|1,0|0,1|1,0.5|1
8c519b428549254a8fc412f845805bbac14cf0a2,0|0,0|0,0|0,0|0,0|0,0|0,0|0,0|0,0|0,0|0,0|0,0|0,0|0,0|0,0|0,0|0,0|0,0|0,0|0,0|0,0|0,0|0,0|0,0|0,0|0,0|0,0.5|1,0|0,0|0,0|0,0|1,0|0,1|1,0.5|1
f0183767d73073eb41bbf97bf56554c7a55c7dbf,0|0,0|0,0|0,0|0,0|0,0|0,0|0,0|0,0|0,0|0,0|0,0|0,0|0,0|0,0|0,0|0,0|0,0|0,0|0,0|0,0|0,0|0,0|0,0|0,0|0,0|0,0.5|1,0|0,0|0,0|0,0|1,0|0,1|1,0.5|1
103e17cb585bf010f957f00cd08157976842f9c8,0|0,0|0,0|0,0|0,0|0,0|0,0|0,0|0,0|0,0|0,0|0,0|0,0|0,0|0,0|0,0|0,0|0,0|0,0|0,0|0,0|0,0|0,0|0,0|0,0|0,0|0,0.5|1,0|0,0|0,0|0,0|1,0|0,1|1,0.5|1
472dc12f2aa47918da53fffc676b7465ac18ec14,0|0,0|0,0|0,0|0,0|0,0|0,0|0,0|0,0|0,0|0,0|0,0|0,0|0,0|0,0|0,0|0,0|0,0|0,0|0,0|0,0|0,0|0,0|0,0|0,0|0,0|0,0.5|1,0|0,0|0,0|0,0|1,0|0,1|1,0.5|1
ebfb27d36f09f9f39f8ba463565b81aa476ccfe2,0|0,0|0,0|0,0|0,0|0,0|0,0|0,0|0,0|0,0|0,0|0,0|0,0|0,0|0,0|0,0|0,0|0,0|0,0|0,0|0,0|0,0|0,0|0,0|0,0|0,0|0,0.5|1,0|0,0|0,0|0,0|1,0|0,1|1,0.5|1
9f6eaf6f2fdabd0fac6feabd6bb418b401bd8e55,0|0,0|0,0|0,0|0,0|0,0|0,0|0,0|0,0|0,0|0,0|0,0|0,0|0,0|0,0|0,0|0,0|0,0|0,0|0,0|0,0|0,0|0,0|0,0|0,0|0,0|0,0.5|1,0|0,0|0,0|0,0|1,0|0,1|1,0.5|1
a4d52c6db5f69fa326131a4c76c1e3319462ffaf,0|0,0|0,0|0,0|0,0|0,0|0,0|0,0|0,0|0,0|0,0|0,0|0,0|0,0|0,0|0,0|0,0|0,0|0,0|0,0|0,0|0,0|0,0|0,0|0,0|0,0|0,0.5|1,0|0,0|0,0|0,0|1,0|0,1|1,0.5|1
98ba23b25e52864646c50ec9d5936a8e7dcabb6b,0|0,0|0,0|0,0|0,0|0,0|0,0|0,0|0,0|0,0|0,0|0,0|0,0|0,0|0,0|0,0|0,0|0,0|0,0|0,0|0,0|0,0|0,0|0,0|0,0|0,0|0,0.5|1,0|0,0|0,0|0,0|1,0|0,1|1,0.5|1
a52b8debfca51a4f31d5d884ca2348b3994ade8e,0|0,0|0,0|0,0|0,0|0,0|0,0|0,0|0,0|0,0|0,0|0,0|0,0|0,0|0,0|0,0|0,0|0,0|0,0|0,0|0,0|0,0|0,0|0,0|0,0|0,0|0,0.5|1,0|0,0|0,0|0,0|1,0|0,1|1,0.5|1
bd3d2136594a2d52ae3be7e7a721c8c37660c477,0|0,0|0,0|0,0|0,0|0,0|0,0|0,0|0,0|0,0|0,0|0,0|0,0|0,0|0,0|0,0|0,0|0,0|0,0|0,0|0,0|0,0|0,0|0,0|0,0|0,0|0,0.5|1,0|0,0|0,0|0,0|1,0|0,1|1,0.5|1
edcf96d4f1d288db3849abae60c1721ee40e881d,0|0,0|0,0|0,0|0,0|0,0|0,0|0,0|0,0|0,0|0,0|0,0|0,0|0,0|0,0|0,0|0,0|0,0|0,0|0,0|0,0|0,0|0,0|0,0|0,0|0,0|0,0.5|1,0|0,0|0,0|0,0|1,0|0,1|1,0.5|1
22177bca1f097645927d7d54e04bbc45aba68530,0|0,0|0,0|0,0|0,0|0,0|0,0|0,0|0,0|0,0|0,0|0,0|0,0|0,0|0,0|0,0|0,0|0,0|0,0|0,0|0,0|0,0|0,0|0,0|0,0|0,0|0,0.5|1,0|0,0|0,0|0,0|1,0|0,1|1,0.5|1
ef531a46ba1e05fad91a7b34ee2095211c58dfdd,0|0,0|0,0|0,0|0,0|0,0|0,0|0,0|0,0|0,0|0,0|0,0|0,0|0,0|0,0|0,0|0,0|0,0|0,0|0,0|0,0|0,0|0,0|0,0|0,0|0,0|0,0.5|1,0|0,0|0,0|0,0|1,0|0,1|1,0.5|1
54a23bfbb813658b6103dcb0952b0ff384bf0e87,0|0,0|0,0|0,0|0,0|0,0|0,0|0,0|0,0|0,0|0,0|0,0|0,0|0,0|0,0|0,0|0,0|0,0|0,0|0,0|0,0|0,0|0,0|0,0|0,0|0,0|0,0.5|1,0|0,0|0,0|0,0|1,0|0,1|1,0.5|1
c6e8bf60a991c57b0c3d4b887dfb3a414ecd7221,0|0,0|0,0|0,0|0,0|0,0|0,0|0,0|0,0|0,0|0,0|0,0|0,0|0,0|0,0|0,0|0,0|0,0|0,0|0,0|0,0|0,0|0,0|0,0|0,0|0,0|0,0.5|1,0|0,0|0,0|0,0|1,0|0,1|1,0.5|1
97ac7964f6f0c7c019d641dc7b4b27861a213d4c,0|0,0|0,0|0,0|0,0|0,0|0,0|0,0|0,0|0,0|0,0|0,0|0,0|0,0|0,0|0,0|0,0|0,0|0,0|0,0|0,0|0,0|0,0|0,0|0,0|0,0|0,0.5|1,0|0,0|0,0|0,0|1,0|0,1|1,0.5|1
21324a683a504df928293f6685a6a633333aaf14,0|0,0|0,0|0,0|0,0|0,0|0,0|0,0|0,0|0,0|0,0|0,0|0,0|0,0|0,0|0,0|0,0|0,0|0,0|0,0|0,0|0,0|0,0|0,0|0,0|0,0|0,0.5|1,0|0,0|0,0|0,0|1,0|0,1|1,0.5|1
44de7e3ad81874afe0da92a6032887245d765448,0|0,0|0,0|0,0|0,0|0,0|0,0|0,0|0,0|0,0|0,0|0,0|0,0|0,0|0,0|0,0|0,0|0,0|0,0|0,0|0,0|0,0|0,0|0,0|0,0|0,0|0,0.5|1,0|0,0|0,0|0,0|1,0|0,1|1,0.5|1
36e663775d2f8650ec8d7d422fac57410ae323ee,0|0,0|0,0|0,0|0,0|0,0|0,0|0,0|0,0|0,0|0,0|0,0|0,0|0,0|0,0|0,0|0,0|0,0|0,0|0,0|0,0|0,0|0,0|0,0|0,0|0,0|0,0.5|1,0|0,0|0,0|0,0|1,0|0,1|1,0.5|1
70ae60a24e2de9afcf7b907f50c31e166d04c819,0|0,0|0,0|0,0|0,0|0,0|0,0|0,0|0,0|0,0|0,0|0,0|0,0|0,0|0,0|0,0|0,0|0,0|0,0|0,0|0,0|0,0|0,0|0,0|0,0|0,0|0,0.5|1,0|0,0|0,0|0,0|1,0|0,1|1,0.5|1
63faf24c1733ee153f7115c7301c3f5b6a832793,0|0,0|0,0|0,0|0,0|0,0|0,0|0,0|0,0|0,0|0,0|0,0|0,0|0,0|0,0|0,0|0,0|0,0|0,0|0,0|0,0|0,0|0,0|0,0|0,0|0,0|0,0.5|1,0|0,0|0,0|0,0|1,0|0,1|1,0.5|1
220beed74c3e265ab523e5fdb65e58aeaffb1ae4,0|0,0|0,0|0,0|0,0|0,0|0,0|0,0|0,0|0,0|0,0|0,0|0,0|0,0|0,0|0,0|0,0|0,0|0,0|0,0|0,0|0,0|0,0|0,0|0,0|0,0|0,0.5|1,0|0,0|0,0|0,0|1,0|0,1|1,0.5|1
8a8c70524c748cdcaa3a8f2ce834cc9ed0e8d49a,0|0,0|0,0|0,0|0,0|0,0|0,0|0,0|0,0|0,0|0,0|0,0|0,0|0,0|0,0|0,0|0,0|0,0|0,0|0,0|0,0|0,0|0,0|0,0|0,0|0,0|0,0.5|1,0|0,0|0,0|0,0|1,0|0,1|1,0.5|1
03736c8f02500ac697e09525111dbdbe99cfeac5,0|0,0|0,0|0,0|0,0|0,0|0,0|0,0|0,0|0,0|0,0|0,0|0,0|0,0|0,0|0,0|0,0|0,0|0,0|0,0|0,0|0,0|0,0|0,0|0,0|0,0|0,0.5|1,0|0,0|0,0|0,0|1,0|0,1|1,0.5|1
6719650af85ad116a8442666f753ba2409999114,0|0,0|0,0|0,0|0,0|0,0|0,0|0,0|0,0|0,0|0,0|0,0|0,0|0,0|0,0|0,0|0,0|0,0|0,0|0,0|0,0|0,0|0,0|0,0|0,0|0,0|0,0.5|1,0|0,0|0,0|0,0|1,0|0,1|1,0.5|1
7bced71d7c07358262ff50c5387102b47144cf99,0|0,0|0,0|0,0|0,0|0,0|0,0|0,0|0,0|0,0|0,0|0,0|0,0|0,0|0,0|0,0|0,0|0,0|0,0|0,0|0,0|0,0|0,0|0,0|0,0|0,0|0,0.5|1,0|0,0|0,0|0,0|1,0|0,1|1,0.5|1
be906c0247d143539c5d5d15d2ee5cfd41a23b14,0|0,0|0,0|0,0|0,0|0,0|0,0|0,0|0,0|0,0|0,0|0,0|0,0|0,0|0,0|0,0|0,0|0,0|0,0|0,0|0,0|0,0|0,0|0,0|0,0|0,0|0,0.5|1,0|0,0|0,0|0,0|1,0|0,1|1,0.5|1
c173f05d3c4e1308efc85d1fb265b0fbbf25dfbc,0|0,0|0,0|0,0|0,0|0,0|0,0|0,0|0,0|0,0|0,0|0,0|0,0|0,0|0,0|0,0|0,0|0,0|0,0|0,0|0,0|0,0|0,0|0,0|0,0|0,0|0,0.5|1,0|0,0|0,0|0,0|1,0|0,1|1,0.5|1
e512ce0acbc66ccd69c11fd1aff3f39f9a25b79e,0|0,0|0,0|0,0|0,0|0,0|0,0|0,0|0,0|0,0|0,0|0,0|0,0|0,0|0,0|0,0|0,0|0,0|0,0|0,0|0,0|0,0|0,0|0,0|0,0|0,0|0,0.5|1,0|0,0|0,0|0,0|1,0|0,1|1,0.5|1
c3541c77dee9d1613f833df4fbcb5a279d375c3f,0|0,0|0,0|0,0|0,0|0,0|0,0|0,0|0,0|0,0|0,0|0,0|0,0|0,0|0,0|0,0|0,0|0,0|0,0|0,0|0,0|0,0|0,0|0,0|0,0|0,0|0,0.5|1,0|0,0|0,0|0,0|1,0|0,1|1,0.5|1
e47fbead2acc95c7bf441835b208ef5488e8b229,,,,,,,,,,,,,,,,,,,,,,,,,,,,,,,,,,
2d166040cf91bc0a4f0579d3a99da08a6abadde2,0|0,0|0,0|0,0|0,0|0,0|0,0|0,0|0,0|0,0|0,0|0,0|0,0|0,0|0,0|0,0|0,0|0,0|0,0|0,0|0,0|0,0|0,0|0,0|0,0|0,0|0,0.5|1,0|0,0|0,0|0,0|1,0|0,1|1,0.5|1
72d279eb9ad5f3450bc210a34d66420b1c7db2ee,0|0,0|0,0|0,0|0,0|0,0|0,0|0,0|0,0|0,0|0,0|0,0|0,0|0,0|0,0|0,0|0,0|0,0|0,0|0,0|0,0|0,0|0,0|0,0|0,0|0,0|0,0.5|1,0|0,0|0,0|0,0|1,0|0,1|1,0.5|1
733ed9b3c9ea778939cc843ee6a8a162b9ff2342,0|0,0|0,0|0,0|0,0|0,0|0,0|0,0|0,0|0,0|0,0|0,0|0,0|0,0|0,0|0,0|0,0|0,0|0,0|0,0|0,0|0,0|0,0|0,0|0,0|0,0|0,0.5|1,0|0,0|0,0|0,0|1,0|0,1|1,0.5|1
0d95ba6fe43968a193dd7bc72c5e5c785538d0e2,0|0,0|0,0|0,0|0,0|0,0|0,0|0,0|0,0|0,0|0,0|0,0|0,0|0,0|0,0|0,0|0,0|0,0|0,0|0,0|0,0|0,0|0,0|0,0|0,0|0,0|0,0.5|1,0|0,0|0,0|0,0|1,0|0,1|1,0.5|1
9a827fd7b3f7bbbda20e1d7019726fbe9e9a778f,0|0,0|0,0|0,0|0,0|0,0|0,0|0,0|0,0|0,0|0,0|0,0|0,0|0,0|0,0|0,0|0,0|0,0|0,0|0,0|0,0|0,0|0,0|0,0|0,0|0,0|0,0.5|1,0|0,0|0,0|0,0|1,0|0,1|1,0.5|1
87605a3e5105e9de66e6076145c235abab285bc8,0|0,0|0,0|0,0|0,0|0,0|0,0|0,0|0,0|0,0|0,0|0,0|0,0|0,0|0,0|0,0|0,0|0,0|0,0|0,0|0,0|0,0|0,0|0,0|0,0|0,0|0,0.5|1,0|0,0|0,0|0,0|1,0|0,1|1,0.5|1
12952aefcab04f25972eeaade7acfda8c203091c,0|0,0|0,0|0,0|0,0|0,0|0,0|0,0|0,0|0,0|0,0|0,0|0,0|0,0|0,0|0,0|0,0|0,0|0,0|0,0|0,0|0,0|0,0|0,0|0,0|0,0|0,0.5|1,0|0,0|0,0|0,0|1,0|0,1|1,0.5|1
017b2780dec630765a700e13008fb198e8e7d5b0,0|0,0|0,0|0,0|0,0|0,0|0,0|0,0|0,0|0,0|0,0|0,0|0,0|0,0|0,0|0,0|0,0|0,0|0,0|0,0|0,0|0,0|0,0|0,0|0,0|0,0|0,0.5|1,0|0,0|0,0|0,0|1,0|0,1|1,0.5|1
1594bc341af87213bf0bb5cc0505a83eae8fc14a,0|0,0|0,0|0,0|0,0|0,0|0,0|0,0|0,0|0,0|0,0|0,0|0,0|0,0|0,0|0,0|0,0|0,0|0,0|0,0|0,0|0,0|0,0|0,0|0,0|0,0|0,0.5|1,0|0,0|0,0|0,0|1,0|0,1|1,0.5|1
fbe03a22969c53354072162f865547a13495f00f,0|0,0|0,0|0,0|0,0|0,0|0,0|0,0|0,0|0,0|0,0|0,0|0,0|0,0|0,0|0,0|0,0|0,0|0,0|0,0|0,0|0,0|0,0|0,0|0,0|0,0|0,0.5|1,0|0,0|0,0|0,0|1,0|0,1|1,0.5|1
9ffd8f262e90633e600469e872a7782f9a6ee73d,0|0,0|0,0|0,0|0,0|0,0|0,0|0,0|0,0|0,0|0,0|0,0|0,0|0,0|0,0|0,0|0,0|0,0|0,0|0,0|0,0|0,0|0,0|0,0|0,0|0,0|0,0.5|1,0|0,0|0,0|0,0|1,0|0,1|1,0.5|1
d781240aa57bba7306058fdc28da60453baf2bea,0|0,0|0,0|0,0|0,0|0,0|0,0|0,0|0,0|0,0|0,0|0,0|0,0|0,0|0,0|0,0|0,0|0,0|0,0|0,0|0,0|0,0|0,0|0,0|0,0|0,0|0,0.5|1,0|0,0|0,0|0,0|1,0|0,1|1,0.5|1
6bc96bf65053c8664722b40f1d416aed9532c76c,0|0,0|0,0|0,0|0,0|0,0|0,0|0,0|0,0|0,0|0,0|0,0|0,0|0,0|0,0|0,0|0,0|0,0|0,0|0,0|0,0|0,0|0,0|0,0|0,0|0,0|0,0.5|1,0|0,0|0,0|0,0|1,0|0,1|1,0.5|1
211e5a95628e4c5f45e149a3c0ec29a655b5f55f,0|0,0|0,0|0,0|0,0|0,0|0,0|0,0|0,0|0,0|0,0|0,0|0,0|0,0|0,0|0,0|0,0|0,0|0,0|0,0|0,0|0,0|0,0|0,0|0,0|0,0|0,0.5|1,0|0,0|0,0|0,0|1,0|0,1|1,0.5|1
eeac9ec392103e428b808876b67dec2eb94e1aa6,0|0,0|0,0|0,0|0,0|0,0|0,0|0,0|0,0|0,0|0,0|0,0|0,0|0,0|0,0|0,0|0,0|0,0|0,0|0,0|0,0|0,0|0,0|0,0|0,0|0,0|0,0.5|1,0|0,0|0,0|0,0|1,0|0,1|1,0.5|1
182f5571d88b87307993e01a32d0a36f1606f627,0|0,0|0,0|0,0|0,0|0,0|0,0|0,0|0,0|0,0|0,0|0,0|0,0|0,0|0,0|0,0|0,0|0,0|0,0|0,0|0,0|0,0|0,0|0,0|0,0|0,0|0,0.5|1,0|0,0|0,0|0,0|1,0|0,1|1,0.5|1
a0716d809c2371f9ba1bea675ea9b84c129e89bc,0|0,0|0,0|0,0|0,0|0,0|0,0|0,0|0,0|0,0|0,0|0,0|0,0|0,0|0,0|0,0|0,0|0,0|0,0|0,0|0,0|0,0|0,0|0,0|0,0|0,0|0,0.5|1,0|0,0|0,0|0,0|1,0|0,1|1,0.5|1
da14975c2b192cbb4722e3258e6e14de85dc988a,0|0,0|0,0|0,0|0,0|0,0|0,0|0,0|0,0|0,0|0,0|0,0|0,0|0,0|0,0|0,0|0,0|0,0|0,0|0,0|0,0|0,0|0,0|0,0|0,0|0,0|0,0.5|1,0|0,0|0,0|0,0|1,0|0,1|1,0.5|1
3ea8b4ae21563bc740c91f5abfe823c9b8438738,0|0,0|0,0|0,0|0,0|0,0|0,0|0,0|0,0|0,0|0,0|0,0|0,0|0,0|0,0|0,0|0,0|0,0|0,0|0,0|0,0|0,0|0,0|0,0|0,0|0,0|0,0.5|1,0|0,0|0,0|0,0|1,0|0,1|1,0.5|1
231a98f835d94b324c9f2a6d08061223b500a401,0|0,0|0,0|0,0|0,0|0,0|0,0|0,0|0,0|0,0|0,0|0,0|0,0|0,0|0,0|0,0|0,0|0,0|0,0|0,0|0,0|0,0|0,0|0,0|0,0|0,0|0,0.5|1,0|0,0|0,0|0,0|1,0|0,1|1,0.5|1
0531353c065815f08caba179cfcff1e352e95336,0|0,0|0,0|0,0|0,0|0,0|0,0|0,0|0,0|0,0|0,0|0,0|0,0|0,0|0,0|0,0|0,0|0,0|0,0|0,0|0,0|0,0|0,0|0,0|0,0|0,0|0,0.5|1,0|0,0|0,0|0,0|1,0|0,1|1,0.5|1
369fe109f8c079d854af8857dc61d98d37c98460,0|0,0|0,0|0,0|0,0|0,0|0,0|0,0|0,0|0,0|0,0|0,0|0,0|0,0|0,0|0,0|0,0|0,0|0,0|0,0|0,0|0,0|0,0|0,0|0,0|0,0|0,0.5|1,0|0,0|0,0|0,0|1,0|0,1|1,0.5|1
5b38ffeb6fdaa29fe359b06fec0ac8ae004c4773,0|0,0|0,0|0,0|0,0|0,0|0,0|0,0|0,0|0,0|0,0|0,0|0,0|0,0|0,0|0,0|0,0|0,0|0,0|0,0|0,0|0,0|0,0|0,0|0,0|0,0|0,0.5|1,0|0,0|0,0|0,0|1,0|0,1|1,0.5|1
ff87d56d476142ea4039fc956b515318e514b06b,0|0,0|0,0|0,0|0,0|0,0|0,0|0,0|0,0|0,0|0,0|0,0|0,0|0,0|0,0|0,0|0,0|0,0|0,0|0,0|0,0|0,0|0,0|0,0|0,0|0,0|0,0.5|1,0|0,0|0,0|0,0|1,0|0,1|1,0.5|1
ffc750b70e5309fef11747f4b66c886875555c71,0|0,0|0,0|0,0|0,0|0,0|0,0|0,0|0,0|0,0|0,0|0,0|0,0|0,0|0,0|0,0|0,0|0,0|0,0|0,0|0,0|0,0|0,0|0,0|0,0|0,0|0,0.5|1,0|0,0|0,0|0,0|1,0|0,1|1,0.5|1
4ec95bf74f09ba9567f920e346cc65c228862aaa,0|0,0|0,0|0,0|0,0|0,0|0,0|0,0|0,0|0,0|0,0|0,0|0,0|0,0|0,0|0,0|0,0|0,0|0,0|0,0|0,0|0,0|0,0|0,0|0,0|0,0|0,0.5|1,0|0,0|0,0|0,0|1,0|0,1|1,0.5|1
79e576472a0df2ed7156db8ccdb5abf1893def50,0|0,0|0,0|0,0|0,0|0,0|0,0|0,0|0,0|0,0|0,0|0,0|0,0|0,0|0,0|0,0|0,0|0,0|0,0|0,0|0,0|0,0|0,0|0,0|0,0|0,0|0,0.5|1,0|0,0|0,0|0,0|1,0|0,1|1,0.5|1
60d23181eddcd9607644cc0e69d4c78d3c820a8f,0|0,0|0,0|0,0|0,0|0,0|0,0|0,0|0,0|0,0|0,0|0,0|0,0|0,0|0,0|0,0|0,0|0,0|0,0|0,0|0,0|0,0|0,0|0,0|0,0|0,0|0,0.5|1,0|0,0|0,0|0,0|1,0|0,1|1,0.5|1
a5c6c89440f9d24214f16a68a62df4fa6b02c565,0|0,0|0,0|0,0|0,0|0,0|0,0|0,0|0,0|0,0|0,0|0,0|0,0|0,0|0,0|0,0|0,0|0,0|0,0|0,0|0,0|0,0|0,0|0,0|0,0|0,0|0,0.5|1,0|0,0|0,0|0,0|1,0|0,1|1,0.5|1
da8cd94be49cb6486312e9014a882c4875e6ae0d,0|0,0|0,0|0,0|0,0|0,0|0,0|0,0|0,0|0,0|0,0|0,0|0,0|0,0|0,0|0,0|0,0|0,0|0,0|0,0|0,0|0,0|0,0|0,0|0,0|0,0|0,0.5|1,0|0,0|0,0|0,0|1,0|0,1|1,0.5|1
fdacf9f3b7b729857d16297f61f23553bffb2d28,0|0,0|0,0|0,0|0,0|0,0|0,0|0,0|0,0|0,0|0,0|0,0|0,0|0,0|0,0|0,0|0,0|0,0|0,0|0,0|0,0|0,0|0,0|0,0|0,0|0,0|0,0.5|1,0|0,0|0,0|0,0|1,0|0,1|1,0.5|1
a03bbc1f0aa81e3e7963626c0fad4a9df574447a,0|0,0|0,0|0,0|0,0|0,0|0,0|0,0|0,0|0,0|0,0|0,0|0,0|0,0|0,0|0,0|0,0|0,0|0,0|0,0|0,0|0,0|0,0|0,0|0,0|0,0|0,0.5|1,0|0,0|0,0|0,0|1,0|0,1|1,0.5|1
bfbd07db409240ed5299066e23522b1e3c9f7072,0|0,0|0,0|0,0|0,0|0,0|0,0|0,0|0,0|0,0|0,0|0,0|0,0|0,0|0,0|0,0|0,0|0,0|0,0|0,0|0,0|0,0|0,0|0,0|0,0|0,0|0,0.5|1,0|0,0|0,0|0,0|1,0|0,1|1,0.5|1
c2e7b84f5f7ac5f47a98ebdf94b16afc15ef8d68,0|0,0|0,0|0,0|0,0|0,0|0,0|0,0|0,0|0,0|0,0|0,0|0,0|0,0|0,0|0,0|0,0|0,0|0,0|0,0|0,0|0,0|0,0|0,0|0,0|0,0|0,0.5|1,0|0,0|0,0|0,0|1,0|0,1|1,0.5|1
68b3bf28bdb9c32d5d1a8b5b70c264d1e7d6605f,0|0,0|0,0|0,0|0,0|0,0|0,0|0,0|0,0|0,0|0,0|0,0|0,0|0,0|0,0|0,0|0,0|0,0|0,0|0,0|0,0|0,0|0,0|0,0|0,0|0,0|0,0.5|1,0|0,0|0,0|0,0|1,0|0,1|1,0.5|1
af9608eee0ec695ea7703fc390a05385bb66182d,0|0,0|0,0|0,0|0,0|0,0|0,0|0,0|0,0|0,0|0,0|0,0|0,0|0,0|0,0|0,0|0,0|0,0|0,0|0,0|0,0|0,0|0,0|0,0|0,0|0,0|0,0.5|1,0|0,0|0,0|0,0|1,0|0,1|1,0.5|1
558d982c09651c9e9124facf756bf0cfb1065c64,0|0,0|0,0|0,0|0,0|0,0|0,0|0,0|0,0|0,0|0,0|0,0|0,0|0,0|0,0|0,0|0,0|0,0|0,0|0,0|0,0|0,0|0,0|0,0|0,0|0,0|0,0.5|1,0|0,0|0,0|0,0|1,0|0,1|1,0.5|1
9728e2a00b00d2e65be2865c1ac1e6de60ae6e1c,0|0,0|0,0|0,0|0,0|0,0|0,0|0,0|0,0|0,0|0,0|0,0|0,0|0,0|0,0|0,0|0,0|0,0|0,0|0,0|0,0|0,0|0,0|0,0|0,0|0,0|0,0.5|1,0|0,0|0,0|0,0|1,0|0,1|1,0.5|1
accf9ffc3f36c45f032b7a5b08a8e5c6b9d90bdc,0|0,0|0,0|0,0|0,0|0,0|0,0|0,0|0,0|0,0|0,0|0,0|0,0|0,0|0,0|0,0|0,0|0,0|0,0|0,0|0,0|0,0|0,0|0,0|0,0|0,0|0,0.5|1,0|0,0|0,0|0,0|1,0|0,1|1,0.5|1
f79964a97eb22a07cca71930ef8c2745fb6cf5be,0|0,0|0,0|0,0|0,0|0,0|0,0|0,0|0,0|0,0|0,0|0,0|0,0|0,0|0,0|0,0|0,0|0,0|0,0|0,0|0,0|0,0|0,0|0,0|0,0|0,0|0,0.5|1,0|0,0|0,0|0,0|1,0|0,1|1,0.5|1
e11231bd4da12cbcd65f14d9534dfd82f5e0cf8d,0|0,0|0,0|0,0|0,0|0,0|0,0|0,0|0,0|0,0|0,0|0,0|0,0|0,0|0,0|0,0|0,0|0,0|0,0|0,0|0,0|0,0|0,0|0,0|0,0|0,0|0,0.5|1,0|0,0|0,0|0,0|1,0|0,1|1,0.5|1
af2c53418ed05e93d44232e361b98bbc2a7fb037,0|0,0|0,0|0,0|0,0|0,0|0,0|0,0|0,0|0,0|0,0|0,0|0,0|0,0|0,0|0,0|0,0|0,0|0,0|0,0|0,0|0,0|0,0|0,0|0,0|0,0|0,0.5|1,0|0,0|0,0|0,0|1,0|0,1|1,0.5|1
595f69abb0bf18336ad642975e7f8de26751fc1e,0|0,0|0,0|0,0|0,0|0,0|0,0|0,0|0,0|0,0|0,0|0,0|0,0|0,0|0,0|0,0|0,0|0,0|0,0|0,0|0,0|0,0|0,0|0,0|0,0|0,0|0,0.5|1,0|0,0|0,0|0,0|1,0|0,1|1,0.5|1
c94787a0cc9cfcd0911c36952a028ef5e1d95207,0|0,0|0,0|0,0|0,0|0,0|0,0|0,0|0,0|0,0|0,0|0,0|0,0|0,0|0,0|0,0|0,0|0,0|0,0|0,0|0,0|0,0|0,0|0,0|0,0|0,0|0,0.5|1,0|0,0|0,0|0,0|1,0|0,1|1,0.5|1
38a61f1c2136dadf333e82c4d0c21e04657aa63c,0|0,0|0,0|0,0|0,0|0,0|0,0|0,0|0,0|0,0|0,0|0,0|0,0|0,0|0,0|0,0|0,0|0,0|0,0|0,0|0,0|0,0|0,0|0,0|0,0|0,0|0,0.5|1,0|0,0|0,0|0,0|1,0|0,1|1,0.5|1
83a6d99f0d5bbe230d7148507cc580c4477553fe,0|0,0|0,0|0,0|0,0|0,0|0,0|0,0|0,0|0,0|0,0|0,0|0,0|0,0|0,0|0,0|0,0|0,0|0,0|0,0|0,0|0,0|0,0|0,0|0,0|0,0|0,0.5|1,0|0,0|0,0|0,0|1,0|0,1|1,0.5|1
a6e5f65528e9bc23556a7da0cccb9c65d33eab6b,0|0,0|0,0|0,0|0,0|0,0|0,0|0,0|0,0|0,0|0,0|0,0|0,0|0,0|0,0|0,0|0,0|0,0|0,0|0,0|0,0|0,0|0,0|0,0|0,0|0,0|0,0.5|1,0|0,0|0,0|0,0|1,0|0,1|1,0.5|1
8b81ae78d3de4d24f0678baf187b220390938b43,0|0,0|0,0|0,0|0,0|0,0|0,0|0,0|0,0|0,0|0,0|0,0|0,0|0,0|0,0|0,0|0,0|0,0|0,0|0,0|0,0|0,0|0,0|0,0|0,0|0,0|0,0.5|1,0|0,0|0,0|0,0|1,0|0,1|1,0.5|1
06d1465f298e3900867fc297569493e34cf73129,0|0,0|0,0|0,0|0,0|0,0|0,0|0,0|0,0|0,0|0,0|0,0|0,0|0,0|0,0|0,0|0,0|0,0|0,0|0,0|0,0|0,0|0,0|0,0|0,0|0,0|0,0.5|1,0|0,0|0,0|0,0|1,0|0,1|1,0.5|1
40bc0d48d0d277991d20eec61c6dcceb8b0cf520,0|0,0|0,0|0,0|0,0|0,0|0,0|0,0|0,0|0,0|0,0|0,0|0,0|0,0|0,0|0,0|0,0|0,0|0,0|0,0|0,0|0,0|0,0|0,0|0,0|0,0|0,0.5|1,0|0,0|0,0|0,0|1,0|0,1|1,0.5|1
e94de3d7c59e0581ddef192cd82a9fd838bacc41,0|0,0|0,0|0,0|0,0|0,0|0,0|0,0|0,0|0,0|0,0|0,0|0,0|0,0|0,0|0,0|0,0|0,0|0,0|0,0|0,0|0,0|0,0|0,0|0,0|0,0|0,0.5|1,0|0,0|0,0|0,0|1,0|0,1|1,0.5|1
12e2a765ed45e37113009a91660f3a85ea0480a6,0|0,0|0,0|0,0|0,0|0,0|0,0|0,0|0,0|0,0|0,0|0,0|0,0|0,0|0,0|0,0|0,0|0,0|0,0|0,0|0,0|0,0|0,0|0,0|0,0|0,0|0,0.5|1,0|0,0|0,0|0,0|1,0|0,1|1,0.5|1
8e1cfd9b688a792b0e8d6d0babf359e45b5a903e,0|0,0|0,0|0,0|0,0|0,0|0,0|0,0|0,0|0,0|0,0|0,0|0,0|0,0|0,0|0,0|0,0|0,0|0,0|0,0|0,0|0,0|0,0|0,0|0,0|0,0|0,0.5|1,0|0,0|0,0|0,0|1,0|0,1|1,0.5|1
2be8b26a3fc8e957554d2a35edf844b660fba9cd,0|0,0|0,0|0,0|0,0|0,0|0,0|0,0|0,0|0,0|0,0|0,0|0,0|0,0|0,0|0,0|0,0|0,0|0,0|0,0|0,0|0,0|0,0|0,0|0,0|0,0|0,0.5|1,0|0,0|0,0|0,0|1,0|0,1|1,0.5|1
35e5ace4868323355d70b4ee7062a5d62bb4d138,0|0,0|0,0|0,0|0,0|0,0|0,0|0,0|0,0|0,0|0,0|0,0|0,0|0,0|0,0|0,0|0,0|0,0|0,0|0,0|0,0|0,0|0,0|0,0|0,0|0,0|0,0.5|1,0|0,0|0,0|0,0|1,0|0,1|1,0.5|1
61c00e186e9259f8d8f056288b6f7384c1951066,0|0,0|0,0|0,0|0,0|0,0|0,0|0,0|0,0|0,0|0,0|0,0|0,0|0,0|0,0|0,0|0,0|0,0|0,0|0,0|0,0|0,0|0,0|0,0|0,0|0,0|0,0.5|1,0|0,0|0,0|0,0|1,0|0,1|1,0.5|1
f8417b103e6b0bbe06b861f92d57285590e1166a,0|0,0|0,0|0,0|0,0|0,0|0,0|0,0|0,0|0,0|0,0|0,0|0,0|0,0|0,0|0,0|0,0|0,0|0,0|0,0|0,0|0,0|0,0|0,0|0,0|0,0|0,0.5|1,0|0,0|0,0|0,0|1,0|0,1|1,0.5|1
95e0fd427bbdfc6addd0c341ac95ce9a97079177,0|0,0|0,0|0,0|0,0|0,0|0,0|0,0|0,0|0,0|0,0|0,0|0,0|0,0|0,0|0,0|0,0|0,0|0,0|0,0|0,0|0,0|0,0|0,0|0,0|0,0|0,0.5|1,0|0,0|0,0|0,0|1,0|1,1|1,0.5|1
3ecb9dd575db7da4542b659a8e9d7f9948d4be76,0|0,0|0,0|0,0|0,0|0,0|0,0|0,0|0,0|0,0|0,0|0,0|0,0|0,0|0,0|0,0|0,0|0,0|0,0|0,0|0,0|0,0|0,0|0,0|0,0|0,0|0,0.5|1,0|0,0|0,0|0,0|1,0|0,1|1,0.5|1
24b703d9483f9fb391ba504d8bdf3a929b201ea7,0|0,0|0,0|0,0|0,0|0,0|0,0|0,0|0,0|0,0|0,0|0,0|0,0|0,0|0,0|0,0|0,0|0,0|0,0|0,0|0,0|0,0|0,0|0,0|0,0|0,0|0,0.5|1,0|0,0|0,0|0,0|1,0|1,1|1,0.5|1
3e88f857697a421797584bd25bdd9fad1fd0fc5d,0|0,0|0,0|0,0|0,0|0,0|0,0|0,0|0,0|0,0|0,0|0,0|0,0|0,0|0,0|0,0|0,0|0,0|0,0|0,0|0,0|0,0|0,0|0,0|0,0|0,0|0,0.5|1,0|0,0|0,0|0,0|1,0|1,1|1,0.5|1
61377baf0bde9f0409845bdd498a075ce9d64fc8,0|0,0|0,0|0,0|0,0|0,0|0,0|0,0|0,0|0,0|0,0|0,0|0,0|0,0|0,0|0,0|0,0|0,0|0,0|0,0|0,0|0,0|0,0|0,0|0,0|0,0|0,0.5|1,0|0,0|0,0|0,0|1,0|1,1|1,0.5|1
f4d00cc4dca9502b98550c5dc252b0d7b75e8e07,0|0,0|0,0|0,0|0,0|0,0|0,0|0,0|0,0|0,0|0,0|0,0|0,0|0,0|0,0|0,0|0,0|0,0|0,0|0,0|0,0|0,0|0,0|0,0|0,0|0,0|0,0.5|1,0|0,0|0,0|0,0|1,0|1,1|1,0.5|1
bba56388fcfc3a6a1130d3488759654ea8a032cc,0|0,0|0,0|0,0|0,0|0,0|0,0|0,0|0,0|0,0|0,0|0,0|0,0|0,0|0,0|0,0|0,0|0,0|0,0|0,0|0,0|0,0|0,0|0,0|0,0|0,0|0,0.5|1,0|0,0|0,0|0,0|1,0|1,1|1,0.5|1
60e6679a3ae9ffe8bc13b8ed5b612c2fb9f3b3fb,0|0,0|0,0|0,0|0,0|0,0|0,0|0,0|0,0|0,0|0,0|0,0|0,0|0,0|0,0|0,0|0,0|0,0|0,0|0,0|0,0|0,0|0,0|0,0|0,0|0,0|0,0.5|1,0|0,0|0,0|0,0|1,0|1,1|1,0.5|1
aefc9b5ccf18c6303161b517677b6ba403959de8,0|0,0|0,0|0,0|0,0|0,0|0,0|0,0|0,0|0,0|0,0|0,0|0,0|0,0|0,0|0,0|0,0|0,0|0,0|0,0|0,0|0,0|0,0|0,0|0,0|0,0|0,0.5|1,0|0,0|0,0|0,0|1,0|1,1|1,0.5|1
34b273ee60289aaddc1dfc77e790b01263ae3005,0|0,0|0,0|0,0|0,0|0,0|0,0|0,0|0,0|0,0|0,0|0,0|0,0|0,0|0,0|0,0|0,0|0,0|0,0|0,0|0,0|0,0|0,0|0,0|0,0|0,0|0,0.5|1,0|0,0|0,0|0,0|1,0|1,1|1,0.5|1
ea1c222c86c591761ea307644ea0dd46f46c5159,0|0,0|0,0|0,0|0,0|0,0|0,0|0,0|0,0|0,0|0,0|0,0|0,0|0,0|0,0|0,0|0,0|0,0|0,0|0,0|0,0|0,0|0,0|0,0|0,0|0,0|0,0.5|1,0|0,0|0,0|0,0|1,0|1,1|1,0.5|1
219f2d6db61528a509d21ce79d47c70631715e63,0|0,0|0,0|0,0|0,0|0,0|0,0|0,0|0,0|0,0|0,0|0,0|0,0|0,0|0,0|0,0|0,0|0,0|0,0|0,0|0,0|0,0|0,0|0,0|0,0|0,0|0,0.5|1,0|0,0|0,0|0,0|1,0|1,1|1,0.5|1
6f872180860186847bb9c40f10b510fdd9c29a68,0|0,0|0,0|0,0|0,0|0,0|0,0|0,0|0,0|0,0|0,0|0,0|0,0|0,0|0,0|0,0|0,0|0,0|0,0|0,0|0,0|0,0|0,0|0,0|0,0|0,0|0,0.5|1,0|0,0|0,0|0,0|1,0|1,1|1,0.5|1
eacc7b35e1d38c556cc88b62b5e1c275833b0070,0|0,0|0,0|0,0|0,0|0,0|0,0|0,0|0,0|0,0|0,0|0,0|0,0|0,0|0,0|0,0|0,0|0,0|0,0|0,0|0,0|0,0|0,0|0,0|0,0|0,0|0,0.5|1,0|0,0|0,0|0,0|1,0|1,1|1,0.5|1
2329d42a8cd86099571ed71a1717c27a29e7e591,0|0,0|0,0|0,0|0,0|0,0|0,0|0,0|0,0|0,0|0,0|0,0|0,0|0,0|0,0|0,0|0,0|0,0|0,0|0,0|0,0|0,0|0,0|0,0|0,0|0,0|0,0.5|1,0|0,0|0,0|0,0|1,0|1,1|1,0.5|1
20884590b49f5f5dcad54dd0dc8c0710c16fda69,0|0,0|0,0|0,0|0,0|0,0|0,0|0,0|0,0|0,0|0,0|0,0|0,0|0,0|0,0|0,0|0,0|0,0|0,0|0,0|0,0|0,0|0,0|0,0|0,0|0,0|0,0.5|1,0|0,0|0,0|0,0|1,0|1,1|1,0.5|1
c5764564432754bbb9fd7ff7a8c89be3d254ca1a,0|0,0|0,0|0,0|0,0|0,0|0,0|0,0|0,0|0,0|0,0|0,0|0,0|0,0|0,0|0,0|0,0|0,0|0,0|0,0|0,0|0,0|0,0|0,0|0,0|0,0|0,0.5|1,0|0,0|0,0|0,0|1,0|1,1|1,0.5|1
4c7f52f423d1a3d07100dff09e2a64214cfdec8a,0|0,0|0,0|0,0|0,0|0,0|0,0|0,0|0,0|0,0|0,0|0,0|0,0|0,0|0,0|0,0|0,0|0,0|0,0|0,0|0,0|0,0|0,0|0,0|0,0|0,0|0,0.5|1,0|0,0|0,0|0,0|1,0|1,1|1,0.5|1
6bbade9e13bd166ea0189f8c3b6253c9bbe9bb54,0|0,0|0,0|0,0|0,0|0,0|0,0|0,0|0,0|0,0|0,0|0,0|0,0|0,0|0,0|0,0|0,0|0,0|0,0|0,0|0,0|0,0|0,0|0,0|0,0|0,0|0,0.5|1,0|0,0|0,0|0,0|1,0|1,1|1,0.5|1
96746c028e749125dbc3e061d3c350f2f9112bd6,0|0,0|0,0|0,0|0,0|0,0|0,0|0,0|0,0|0,0|0,0|0,0|0,0|0,0|0,0|0,0|0,0|0,0|0,0|0,0|0,0|0,0|0,0|0,0|0,0|0,0|0,0.5|1,0|0,0|0,0|0,0|1,0|1,1|1,0.5|1
8ce0e96844d37588df76d48ac89b6549b01229f0,0|0,0|0,0|0,0|0,0|0,0|0,0|0,0|0,0|0,0|0,0|0,0|0,0|0,0|0,0|0,0|0,0|0,0|0,0|0,0|0,0|0,0|0,0|0,0|0,0|0,0|0,0.5|1,0|0,0|0,0|0,0|1,0|1,1|1,0.5|1
1c6b5906d711443d330f31369fc2e76db8a8f6cf,,,,,,,,,,,,,,,,,,,,,,,,,,,,,,,,,,
8185e18f9078f2ea900ca30b00504d59bc2b2797,,,,,,,,,,,,,,,,,,,,,,,,,,,,,,,,,,
481ca7ba336f9a4d7551873ba767a6fa8bb92926,,,,,,,,,,,,,,,,,,,,,,,,,,,,,,,,,,
3cece477627040f50d84270de3807d7324940701,,,,,,,,,,,,,,,,,,,,,,,,,,,,,,,,,,
22770bf7d383103682b747a62c13ddec236b7a1a,,,,,,,,,,,,,,,,,,,,,,,,,,,,,,,,,,
e5c7f826309fc7534e09f52b38cac9b190561bfe,0|0,0|0,0|0,0|0,0|0,0|0,0|0,0|0,0|0,0|0,0|0,0|0,0|0,0|0,0|0,0|0,0|0,0|0,0|0,0|0,0|0,0|0,0|0,0|0,0|0,0|0,0.5|1,0|0,0|0,0|0,0|1,0|1,1|1,0.5|1
4f886c3f9688d727e0cf63ee253f2c59f449f411,0|0,0|0,0|0,0|0,0|0,0|0,0|0,0|0,0|0,0|0,0|0,0|0,0|0,0|0,0|0,0|0,0|0,0|0,0|0,0|0,0|0,0|0,0|0,0|0,0|0,0|0,0.5|1,0|0,0|0,0|0,0|1,0|1,1|1,0.5|1
02cc3d096485d552b525ac7d4498799ba3703034,,,,,,,,,,,,,,,,,,,,,,,,,,,,,,,,,,
36d78effb975b2c8e1cfbbee8af5773abb8c8c31,,,,,,,,,,,,,,,,,,,,,,,,,,,,,,,,,,
c73b89418037886fa4e405adbfc94357a729523c,,,,,,,,,,,,,,,,,,,,,,,,,,,,,,,,,,
c6196c9c6d1f652d24d5e864ecb4d55c904a1abf,,,,,,,,,,,,,,,,,,,,,,,,,,,,,,,,,,
9cc30a4afc53b1ae8184767e2ecaa162092f6799,,,,,,,,,,,,,,,,,,,,,,,,,,,,,,,,,,
365424276c9978bcf53e306bc4de3402decb001d,0|0,0|0,0|0,0|0,0|0,0|0,0|0,0|0,0|0,0|0,0|0,0|0,0|0,0|0,0|0,0|0,0|0,0|0,0|0,0|0,0|0,0|0,0|0,0|0,0|0,0|0,0.5|1,0|0,0|0,0|0,0|1,0|1,1|1,0.5|1
37e083e68e77c6a3a00cb0087a14a3d3d4babfd6,0|0,0|0,0|0,0|0,0|0,0|0,0|0,0|0,0|0,0|0,0|0,0|0,0|0,0|0,0|0,0|0,0|0,0|0,0|0,0|0,0|0,0|0,0|0,0|0,0|0,0|0,0.5|1,0|0,0|0,0|0,0|1,0|1,1|1,0.5|1
5f66aff625b2a008c8bd05cb611d04d106d27423,0|0,0|0,0|0,0|0,0|0,0|0,0|0,0|0,0|0,0|0,0|0,0|0,0|0,0|0,0|0,0|0,0|0,0|0,0|0,0|0,0|0,0|0,0|0,0|0,0|0,0|0,0.5|1,0|0,0|0,0|0,0|1,0|1,1|1,0.5|1
79a6e9614aa140c3c98db4db229b2864f9575bfd,0|0,0|0,0|0,0|0,0|0,0|0,0|0,0|0,0|0,0|0,0|0,0|0,0|0,0|0,0|0,0|0,0|0,0|0,0|0,0|0,0|0,0|0,0|0,0|0,0|0,0|0,0.5|1,0|0,0|0,0|0,0|1,0|1,1|1,0.5|1
8fbdb431030afd20dbae18f3f5a3a4ed841d75b0,0|0,0|0,0|0,0|0,0|0,0|0,0|0,0|0,0|0,0|0,0|0,0|0,0|0,0|0,0|0,0|0,0|0,0|0,0|0,0|0,0|0,0|0,0|0,0|0,0|0,0|0,0.5|1,0|0,0|0,0|0,0|1,0|1,1|1,0.5|1
1c5441f466c2706303b3988f14a3c63251f19f31,0|0,0|0,0|0,0|0,0|0,0|0,0|0,0|0,0|0,0|0,0|0,0|0,0|0,0|0,0|0,0|0,0|0,0|0,0|0,0|0,0|0,0|0,0|0,0|0,0|0,0|0,0.5|1,0|0,0|0,0|0,0|1,0|1,1|1,0.5|1
d1908567b5bc478df4d214a965486888cc833efb,0|0,0|0,0|0,0|0,0|0,0|0,0|0,0|0,0|0,0|0,0|0,0|0,0|0,0|0,0|0,0|0,0|0,0|0,0|0,0|0,0|0,0|0,0|0,0|0,0|0,0|0,0.5|1,0|0,0|0,0|0,0|1,0|1,1|1,0.5|1
d0594f5ed3d2dae1a9c0797f18ccad26bc02bc3e,0|0,0|0,0|0,0|0,0|0,0|0,0|0,0|0,0|0,0|0,0|0,0|0,0|0,0|0,0|0,0|0,0|0,0|0,0|0,0|0,0|0,0|0,0|0,0|0,0|0,0|0,0.5|1,0|0,0|0,0|0,0|1,0|1,1|1,0.5|1
5a7adf4be5f4470e5387c36f7361ca68e751a731,0|0,0|0,0|0,0|0,0|0,0|0,0|0,0|0,0|0,0|0,0|0,0|0,0|0,0|0,0|0,0|0,0|0,0|0,0|0,0|0,0|0,0|0,0|0,0|0,0|0,0|0,0.5|1,0|0,0|0,0|0,0|1,0|1,1|1,0.5|1
42ec0a71e30efcc2cd2b014564f7f5cad945e52f,0|0,0|0,0|0,0|0,0|0,0|0,0|0,0|0,0|0,0|0,0|0,0|0,0|0,0|0,0|0,0|0,0|0,0|0,0|0,0|0,0|0,0|0,0|0,0|0,0|0,0|0,0.5|1,0|0,0|0,0|0,0|1,0|1,1|1,0.5|1
2bd8eddd14af4630abfcc5a95a15de7d0e1c5460,0|0,0|0,0|0,0|0,0|0,0|0,0|0,0|0,0|0,0|0,0|0,0|0,0|0,0|0,0|0,0|0,0|0,0|0,0|0,0|0,0|0,0|0,0|0,0|0,0|0,0|0,0.5|1,0|0,0|0,0|0,0|1,0|1,1|1,0.5|1
3b4827b854d8c4845f1e6464ea62ebf302590c80,0|0,0|0,0|0,0|0,0|0,0|0,0|0,0|0,0|0,0|0,0|0,0|0,0|0,0|0,0|0,0|0,0|0,0|0,0|0,0|0,0|0,0|0,0|0,0|0,0|0,0|0,0.5|1,0|0,0|0,0|0,0|1,0|1,1|1,0.5|1
029b6404acc6fa3735fecd0551ab291cc3b110a5,0|0,0|0,0|0,0|0,0|0,0|0,0|0,0|0,0|0,0|0,0|0,0|0,0|0,0|0,0|0,0|0,0|0,0|0,0|0,0|0,0|0,0|0,0|0,0|0,0|0,0|0,0.5|1,0|0,0|0,0|0,0|1,0|1,1|1,0.5|1
d24f7e923aca6634717ddc2d8ccbdeea456b61f3,0|0,0|0,0|0,0|0,0|0,0|0,0|0,0|0,0|0,0|0,0|0,0|0,0|0,0|0,0|0,0|0,0|0,0|0,0|0,0|0,0|0,0|0,0|0,0|0,0|0,0|0,0.5|1,0|0,0|0,0|0,0|1,0|1,1|1,0.5|1
2eec1cddea433dc05b6af3cf0ab7dea094b9397e,0|0,0|0,0|0,0|0,0|0,0|0,0|0,0|0,0|0,0|0,0|0,0|0,0|0,0|0,0|0,0|0,0|0,0|0,0|0,0|0,0|0,0|0,0|0,0|0,0|0,0|0,0.5|1,0|0,0|0,0|0,0|1,0|1,1|1,0.5|1
d510951c492db9f09ab9171675c3dddbf8ffd4fa,0|0,0|0,0|0,0|0,0|0,0|0,0|0,0|0,0|0,0|0,0|0,0|0,0|0,0|0,0|0,0|0,0|0,0|0,0|0,0|0,0|0,0|0,0|0,0|0,0|0,0|0,0.5|1,0|0,0|0,0|0,0|1,0|1,1|1,0.5|1
002509336849e55e48f51922db44134ffc85d159,0|0,0|0,0|0,0|0,0|0,0|0,0|0,0|0,0|0,0|0,0|0,0|0,0|0,0|0,0|0,0|0,0|0,0|0,0|0,0|0,0|0,0|0,0|0,0|0,0|0,0|0,0.5|1,0|0,0|0,0|0,0|1,0|1,1|1,0.5|1
e11cb2d2168f71fb8f9c44de2c4f6666ac9a3cf3,0|0,0|0,0|0,0|0,0|0,0|0,0|0,0|0,0|0,0|0,0|0,0|0,0|0,0|0,0|0,0|0,0|0,0|0,0|0,0|0,0|0,0|0,0|0,0|0,0|0,0|0,0.5|1,0|0,0|0,0|0,0|1,0|1,1|1,0.5|1
7c0b97dd2fbfb82a2b05c4427ea6b3eff1041e94,0|0,0|0,0|0,0|0,0|0,0|0,0|0,0|0,0|0,0|0,0|0,0|0,0|0,0|0,0|0,0|0,0|0,0|0,0|0,0|0,0|0,0|0,0|0,0|0,0|0,0|0,0.5|1,0|0,0|0,0|0,0|1,0|1,1|1,0.5|1
90975f887f76bf762a35cb41451cb3029c139c84,0|0,0|0,0|0,0|0,0|0,0|0,0|0,0|0,0|0,0|0,0|0,0|0,0|0,0|0,0|0,0|0,0|0,0|0,0|0,0|0,0|0,0|0,0|0,0|0,0|0,0|0,0.5|1,0|0,0|0,0|0,0|1,0|1,1|1,0.5|1
4966a176a81cd7480a82fc5d6acfd1b15d95e7dc,0|0,0|0,0|0,0|0,0|0,0|0,0|0,0|0,0|0,0|0,0|0,0|0,0|0,0|0,0|0,0|0,0|0,0|0,0|0,0|0,0|0,0|0,0|0,0|0,0|0,0|0,0.5|1,0|0,0|0,0|0,0|1,0|1,1|1,0.5|1
e5ff89ecc55caa00e4b2a8f6b459850031493ad9,0|0,0|0,0|0,0|0,0|0,0|0,0|0,0|0,0|0,0|0,0|0,0|0,0|0,0|0,0|0,0|0,0|0,0|0,0|0,0|0,0|0,0|0,0|0,0|0,0|0,0|0,0.5|1,0|0,0|0,0|0,0|1,0|1,1|1,0.5|1
bcc86104087e643e78cbcd55953fdc4ec0773a31,0|0,0|0,0|0,0|0,0|0,0|0,0|0,0|0,0|0,0|0,0|0,0|0,0|0,0|0,0|0,0|0,0|0,0|0,0|0,0|0,0|0,0|0,0|0,0|0,0|0,0|0,0.5|1,0|0,0|0,0|0,0|1,0|1,1|1,0.5|1
4b4097723dea1fd3c77558cf0d8e13c3b9463ec6,0|0,0|0,0|0,0|0,0|0,0|0,0|0,0|0,0|0,0|0,0|0,0|0,0|0,0|0,0|0,0|0,0|0,0|0,0|0,0|0,0|0,0|0,0|0,0|0,0|0,0|0,0.5|1,0|0,0|0,0|0,0|1,0|1,1|1,0.5|1
b34c1d276d57d2eb68a55d766c9a1591194601e9,0|0,0|0,0|0,0|0,0|0,0|0,0|0,0|0,0|0,0|0,0|0,0|0,0|0,0|0,0|0,0|0,0|0,0|0,0|0,0|0,0|0,0|0,0|0,0|0,0|0,0|0,0.5|1,0|0,0|0,0|0,0|1,0|1,1|1,0.5|1
9dc3b01e48fa33b1206985a017b1aa9b6c6df730,0|0,0|0,0|0,0|0,0|0,0|0,0|0,0|0,0|0,0|0,0|0,0|0,0|0,0|0,0|0,0|0,0|0,0|0,0|0,0|0,0|0,0|0,0|0,0|0,0|0,0|0,0.5|1,0|0,0|0,0|0,0|1,0|1,1|1,0.5|1
d62e35c2d26d62b0cfb7f4b7e7bf953ef7787aba,0|0,0|0,0|0,0|0,0|0,0|0,0|0,0|0,0|0,0|0,0|0,0|0,0|0,0|0,0|0,0|0,0|0,0|0,0|0,0|0,0|0,0|0,0|0,0|0,0|0,0|0,0.5|1,0|0,0|0,0|0,0|1,0|1,1|1,0.5|1
49b5dbd94f8fead435da32543259e6e4646aa02a,0|0,0|0,0|0,0|0,0|0,0|0,0|0,0|0,0|0,0|0,0|0,0|0,0|0,0|0,0|0,0|0,0|0,0|0,0|0,0|0,0|0,0|0,0|0,0|0,0|0,0|0,0.5|1,0|0,0|0,0|0,0|1,0|1,1|1,0.5|1
88c46fd9019f4125b53b70ef1475605a6cde8302,0|0,0|0,0|0,0|0,0|0,0|0,0|0,0|0,0|0,0|0,0|0,0|0,0|0,0|0,0|0,0|0,0|0,0|0,0|0,0|0,0|0,0|0,0|0,0|0,0|0,0|0,0.5|1,0|0,0|0,0|0,0|1,0|1,1|1,0.5|1
1a26298a132bedc9144b36b88e9f80fca0e316c7,0|0,0|0,0|0,0|0,0|0,0|0,0|0,0|0,0|0,0|0,0|0,0|0,0|0,0|0,0|0,0|0,0|0,0|0,0|0,0|0,0|0,0|0,0|0,0|0,0|0,0|0,0.5|1,0|0,0|0,0|0,0|1,0|1,1|1,0.5|1
f14aa157ed376b024ff32486aaa7b32664df4005,0|0,0|0,0|0,0|0,0|0,0|0,0|0,0|0,0|0,0|0,0|0,0|0,0|0,0|0,0|0,0|0,0|0,0|0,0|0,0|0,0|0,0|0,0|0,0|0,0|0,0|0,0.5|1,0|0,0|0,0|0,0|1,0|1,1|1,0.5|1
b62c8d09de19e633fa94f976ce48c9852cb8e143,0|0,0|0,0|0,0|0,0|0,0|0,0|0,0|0,0|0,0|0,0|0,0|0,0|0,0|0,0|0,0|0,0|0,0|0,0|0,0|0,0|0,0|0,0|0,0|0,0|0,0|0,0.5|1,0|0,0|0,0|0,0|1,0|1,1|1,0.5|1
d4d99a26171fa552c96c17dd9687b0ce0d83565d,0|0,0|0,0|0,0|0,0|0,0|0,0|0,0|0,0|0,0|0,0|0,0|0,0|0,0|0,0|0,0|0,0|0,0|0,0|0,0|0,0|0,0|0,0|0,0|0,0|0,0|0,0.5|1,0|0,0|0,0|0,0|1,0|1,1|1,0.5|1
da9d9de463ea1763af5c4bc5bbe193c734e5055f,0|0,0|0,0|0,0|0,0|0,0|0,0|0,0|0,0|0,0|0,0|0,0|0,0|0,0|0,0|0,0|0,0|0,0|0,0|0,0|0,0|0,0|0,0|0,0|0,0|0,0|0,0.5|1,0|0,0|0,0|0,0|1,0|1,1|1,0.5|1
f3ad130ba7f24a83383b0583334db6279d072f9f,0|0,0|0,0|0,0|0,0|0,0|0,0|0,0|0,0|0,0|0,0|0,0|0,0|0,0|0,0|0,0|0,0|0,0|0,0|0,0|0,0|0,0|0,0|0,0|0,0|0,0|0,0.5|1,0|0,0|0,0|0,0|1,0|1,1|1,0.5|1
0e37517907245ef15ea6a32ff60a785025d176e1,0|0,0|0,0|0,0|0,0|0,0|0,0|0,0|0,0|0,0|0,0|0,0|0,0|0,0|0,0|0,0|0,0|0,0|0,0|0,0|0,0|0,0|0,0|0,0|0,0|0,0|0,0.5|1,0|0,0|0,0|0,0|1,0|1,1|1,0.5|1
9da341204c1c397cd8d18a380abf4f94dbe27e07,0|0,0|0,0|0,0|0,0|0,0|0,0|0,0|0,0|0,0|0,0|0,0|0,0|0,0|0,0|0,0|0,0|0,0|0,0|0,0|0,0|0,0|0,0|0,0|0,0|0,0|0,0.5|1,0|0,0|0,0|0,0|1,0|1,1|1,0.5|1
7e59a45592d07a952ea459f4b6c34b5d4cd1071f,0|0,0|0,0|0,0|0,0|0,0|0,0|0,0|0,0|0,0|0,0|0,0|0,0|0,0|0,0|0,0|0,0|0,0|0,0|0,0|0,0|0,0|0,0|0,0|0,0|0,0|0,0.5|1,0|0,0|0,0|0,0|1,0|1,1|1,0.5|1
26cd3cbddf5217f2a571ea24b04a6f5283935161,0|0,0|0,0|0,0|0,0|0,0|0,0|0,0|0,0|0,0|0,0|0,0|0,0|0,0|0,0|0,0|0,0|0,0|0,0|0,0|0,0|0,0|0,0|0,0|0,0|0,0|0,0.5|1,0|0,0|0,0|0,0|1,0|1,1|1,0.5|1
09a3bccbfd1842013ac02e29a234fd13b2aae3fe,0|0,0|0,0|0,0|0,0|0,0|0,0|0,0|0,0|0,0|0,0|0,0|0,0|0,0|0,0|0,0|0,0|0,0|0,0|0,0|0,0|0,0|0,0|0,0|0,0|0,0|0,0.5|1,0|0,0|0,0|0,0|1,0|1,1|1,0.5|1
7614d284ed88d97e7fb039f4d754a02dca7d0b32,0|0,0|0,0|0,0|0,0|0,0|0,0|0,0|0,0|0,0|0,0|0,0|0,0|0,0|0,0|0,0|0,0|0,0|0,0|0,0|0,0|0,0|0,0|0,0|0,0|0,0|0,0.5|1,0|0,0|0,0|0,0|1,0|1,1|1,0.5|1
d1aa36719f5349e4e51a692f25858afca0d1b141,0|0,0|0,0|0,0|0,0|0,0|0,0|0,0|0,0|0,0|0,0|0,0|0,0|0,0|0,0|0,0|0,0|0,0|0,0|0,0|0,0|0,0|0,0|0,0|0,0|0,0|0,0.5|1,0|0,0|0,0|0,0|1,0|1,1|1,0.5|1
bcc3825d2203a5f07af9590a7bec178b06e05778,0|0,0|0,0|0,0|0,0|0,0|0,0|0,0|0,0|0,0|0,0|0,0|0,0|0,0|0,0|0,0|0,0|0,0|0,0|0,0|0,0|0,0|0,0|0,0|0,0|0,0|0,0.5|1,0|0,0|0,0|0,0|1,0|1,1|1,0.5|1
0787e1b26027b582aaf8955dc18534689ef4f21b,0|0,0|0,0|0,0|0,0|0,0|0,0|0,0|0,0|0,0|0,0|0,0|0,0|0,0|0,0|0,0|0,0|0,0|0,0|0,0|0,0|0,0|0,0|0,0|0,0|0,0|0,0.5|1,0|0,0|0,0|0,0|1,0|1,1|1,0.5|1
37ea3288e4a1d33cb61bb588d363aaf03f1ce686,0|0,0|0,0|0,0|0,0|0,0|0,0|0,0|0,0|0,0|0,0|0,0|0,0|0,0|0,0|0,0|0,0|0,0|0,0|0,0|0,0|0,0|0,0|0,0|0,0|0,0|0,0.5|1,0|0,0|0,0|0,0|1,0|1,1|1,0.5|1
48e7cdf4a901ee11461548474f5581671e3a72f5,0|0,0|0,0|0,0|0,0|0,0|0,0|0,0|0,0|0,0|0,0|0,0|0,0|0,0|0,0|0,0|0,0|0,0|0,0|0,0|0,0|0,0|0,0|0,0|0,0|0,0|0,0.5|1,0|0,0|0,0|0,0|1,0|1,1|1,0.5|1
d55bfcd6804699e1435dc3e233fd76c8a5d3f9e3,0|0,0|0,0|0,0|0,0|0,0|0,0|0,0|0,0|0,0|0,0|0,0|0,0|0,0|0,0|0,0|0,0|0,0|0,0|0,0|0,0|0,0|0,0|0,0|0,0|0,0|0,0.5|1,0|0,0|0,0|0,0|1,0|1,1|1,0.5|1
425e8a9a59d49378d57e2116b6c9b0190a5986f5,0|0,0|0,0|0,0|0,0|0,0|0,0|0,0|0,0|0,0|0,0|0,0|0,0|0,0|0,0|0,0|0,0|0,0|0,0|0,0|0,0|0,0|0,0|0,0|0,0|0,0|0,0.5|1,0|0,0|0,0|0,0|1,0|1,1|1,0.5|1
144ed29aeca9fdd4b559f45983d714545b81c890,0|0,0|0,0|0,0|0,0|0,0|0,0|0,0|0,0|0,0|0,0|0,0|0,0|0,0|0,0|0,0|0,0|0,0|0,0|0,0|0,0|0,0|0,0|0,0|0,0|0,0|0,0.5|1,0|0,0|0,0|0,0|1,0|1,1|1,0.5|1
c2d4995957d00fcceb3c34513afd54be42b88e68,0|0,0|0,0|0,0|0,0|0,0|0,0|0,0|0,0|0,0|0,0|0,0|0,0|0,0|0,0|0,0|0,0|0,0|0,0|0,0|0,0|0,0|0,0|0,0|0,0|0,0|0,0.5|1,0|0,0|0,0|0,0|1,0|1,1|1,0.5|1
86fc0f66aa6dd079dbf79d775dc9dc1462830ffd,0|0,0|0,0|0,0|0,0|0,0|0,0|0,0|0,0|0,0|0,0|0,0|0,0|0,0|0,0|0,0|0,0|0,0|0,0|0,0|0,0|0,0|0,0|0,0|0,0|0,0|0,0.5|1,0|0,0|0,0|0,0|1,0|1,1|1,0.5|1
5486f5ca47e9db413a70eaad8ef986a5a3814f43,0|0,0|0,0|0,0|0,0|0,0|0,0|0,0|0,0|0,0|0,0|0,0|0,0|0,0|0,0|0,0|0,0|0,0|0,0|0,0|0,0|0,0|0,0|0,0|0,0|0,0|0,0.5|1,0|0,0|0,0|0,0|1,0|1,1|1,0.5|1
092e30d33aa76d921001aeedbcfbb9aa4a40043e,0|0,0|0,0|0,0|0,0|0,0|0,0|0,0|0,0|0,0|0,0|0,0|0,0|0,0|0,0|0,0|0,0|0,0|0,0|0,0|0,0|0,0|0,0|0,0|0,0|0,0|0,0.5|1,0|0,0|0,0|0,0|1,0|1,1|1,0.5|1
08e4e1a4eb8e925d18fd5d394234b3371f13aa7d,0|0,0|0,0|0,0|0,0|0,0|0,0|0,0|0,0|0,0|0,0|0,0|0,0|0,0|0,0|0,0|0,0|0,0|0,0|0,0|0,0|0,0|0,0|0,0|0,0|0,0|0,0.5|1,0|0,0|0,0|0,0|1,0|1,1|1,0.5|1
fd6f6ef76bb1bd8d5f01c1e04a726f0a9a92296c,0|0,0|0,0|0,0|0,0|0,0|0,0|0,0|0,0|0,0|0,0|0,0|0,0|0,0|0,0|0,0|0,0|0,0|0,0|0,0|0,0|0,0|0,0|0,0|0,0|0,0|0,0.5|1,0|0,0|0,0|0,0|1,0|1,1|1,0.5|1
804640269efbbbb3258459af9cb5a2fcf072bedd,0|0,0|0,0|0,0|0,0|0,0|0,0|0,0|0,0|0,0|0,0|0,0|0,0|0,0|0,0|0,0|0,0|0,0|0,0|0,0|0,0|0,0|0,0|0,0|0,0|0,0|0,0.5|1,0|0,0|0,0|0,0|1,0|1,1|1,0.5|1
2f52ee80714ad571a0e7f291600ec72c0de4d32e,0|0,0|0,0|0,0|0,0|0,0|0,0|0,0|0,0|0,0|0,0|0,0|0,0|0,0|0,0|0,0|0,0|0,0|0,0|0,0|0,0|0,0|0,0|0,0|0,0|0,0|0,0.5|1,0|0,0|0,0|0,0|1,0|1,1|1,0.5|1
fd6df7577c81fc341ebc30a5a7fe50e818d67390,0|0,0|0,0|0,0|0,0|0,0|0,0|0,0|0,0|0,0|0,0|0,0|0,0|0,0|0,0|0,0|0,0|0,0|0,0|0,0|0,0|0,0|0,0|0,0|0,0|0,0|0,0.5|1,0|0,0|0,0|0,0|1,0|1,1|1,0.5|1
876316bcf60636948570a4d9be76bc2970e782e7,0|0,0|0,0|0,0|0,0|0,0|0,0|0,0|0,0|0,0|0,0|0,0|0,0|0,0|0,0|0,0|0,0|0,0|0,0|0,0|0,0|0,0|0,0|0,0|0,0|0,0|0,0.5|1,0|0,0|0,0|0,0|1,0|1,1|1,0.5|1
190292cbcf07a325a2f6d9f669c40d4f6c5ddc05,0|0,0|0,0|0,0|0,0|0,0|0,0|0,0|0,0|0,0|0,0|0,0|0,0|0,0|0,0|0,0|0,0|0,0|0,0|0,0|0,0|0,0|0,0|0,0|0,0|0,0|0,0.5|1,0|0,0|0,0|0,0|1,0|1,1|1,0.5|1
2fffef7233576db5f2bb23aa4f5079a445afd499,0|0,0|0,0|0,0|0,0|0,0|0,0|0,0|0,0|0,0|0,0|0,0|0,0|0,0|0,0|0,0|0,0|0,0|0,0|0,0|0,0|0,0|0,0|0,0|0,0|0,0|0,0.5|1,0|0,0|0,0|0,0|1,0|1,1|1,0.5|1
7b3da03738562a219bb7d85b2bae533c23752b63,0|0,0|0,0|0,0|0,0|0,0|0,0|0,0|0,0|0,0|0,0|0,0|0,0|0,0|0,0|0,0|0,0|0,0|0,0|0,0|0,0|0,0|0,0|0,0|0,0|0,0|0,0.5|1,0|0,0|0,0|0,0|1,0|1,1|1,0.5|1
c12cd6ea1c37cc12412843f155465ec33c0007fa,0|0,0|0,0|0,0|0,0|0,0|0,0|0,0|0,0|0,0|0,0|0,0|0,0|0,0|0,0|0,0|0,0|0,0|0,0|0,0|0,0|0,0|0,0|0,0|0,0|0,0|0,0.5|1,0|0,0|0,0|0,0|1,0|1,1|1,0.5|1
257cc203a0ac98999c0203100060866e1ffa9231,0|0,0|0,0|0,0|0,0|0,0|0,0|0,0|0,0|0,0|0,0|0,0|0,0|0,0|0,0|0,0|0,0|0,0|0,0|0,0|0,0|0,0|0,0|0,0|0,0|0,0|0,0.5|1,0|0,0|0,0|0,0|1,0|1,1|1,0.5|1
b2fe10bad7c82e4495eda21328bca0448ee31762,0|0,0|0,0|0,0|0,0|0,0|0,0|0,0|0,0|0,0|0,0|0,0|0,0|0,0|0,0|0,0|0,0|0,0|0,0|0,0|0,0|0,0|0,0|0,0|0,0|0,0|0,0.5|1,0|0,0|0,0|0,0|1,0|1,1|1,0.5|1
7ee73133ae4304e33d2d9d87471df958ffed977a,0|0,0|0,0|0,0|0,0|0,0|0,0|0,0|0,0|0,0|0,0|0,0|0,0|0,0|0,0|0,0|0,0|0,0|0,0|0,0|0,0|0,0|0,0|0,0|0,0|0,0|0,0.5|1,0|0,0|0,0|0,0|1,0|1,1|1,0.5|1
2eab185da8d1cd443e385c39e8fb3cb9f4ca25f2,0|0,0|0,0|0,0|0,0|0,0|0,0|0,0|0,0|0,0|0,0|0,0|0,0|0,0|0,0|0,0|0,0|0,0|0,0|0,0|0,0|0,0|0,0|0,0|0,0|0,0|0,0.5|1,0|0,0|0,0|0,0|1,0|1,1|1,0.5|1
1d4a50f6d83f143a31666574a3fac31bd14b8576,0|0,0|0,0|0,0|0,0|0,0|0,0|0,0|0,0|0,0|0,0|0,0|0,0|0,0|0,0|0,0|0,0|0,0|0,0|0,0|0,0|0,0|0,0|0,0|0,0|0,0|0,0.5|1,0|0,0|0,0|0,0|1,0|1,1|1,0.5|1
57f7d69379132ab6e9f800102fa2940704f28e4c,0|0,0|0,0|0,0|0,0|0,0|0,0|0,0|0,0|0,0|0,0|0,0|0,0|0,0|0,0|0,0|0,0|0,0|0,0|0,0|0,0|0,0|0,0|0,0|0,0|0,0|0,0.5|1,0|0,0|0,0|0,0|1,0|1,1|1,0.5|1
298e085890e46b1c27054e8db48b3b3a7091db50,0|0,0|0,0|0,0|0,0|0,0|0,0|0,0|0,0|0,0|0,0|0,0|0,0|0,0|0,0|0,0|0,0|0,0|0,0|0,0|0,0|0,0|0,0|0,0|0,0|0,0|0,0.5|1,0|0,0|0,0|0,0|1,0|1,1|1,0.5|1
ae71d5e7273f66be4321ca67af9f3d487edbc9a7,0|0,0|0,0|0,0|0,0|0,0|0,0|0,0|0,0|0,0|0,0|0,0|0,0|0,0|0,0|0,0|0,0|0,0|0,0|0,0|0,0|0,0|0,0|0,0|0,0|0,0|0,0.5|1,0|0,0|0,0|0,0|1,0|1,1|1,0.5|1
7e31de3e3de0787527ce824ee3d3fb4d4f9ae584,0|0,0|0,0|0,0|0,0|0,0|0,0|0,0|0,0|0,0|0,0|0,0|0,0|0,0|0,0|0,0|0,0|0,0|0,0|0,0|0,0|0,0|0,0|0,0|0,0|0,0|0,0.5|1,0|0,0|0,0|0,0|1,0|1,1|1,0.5|1
3362954d995488840621456f547b0c08b82aa69b,0|0,0|0,0|0,0|0,0|0,0|0,0|0,0|0,0|0,0|0,0|0,0|0,0|0,0|0,0|0,0|0,0|0,0|0,0|0,0|0,0|0,0|0,0|0,0|0,0|0,0|0,0.5|1,0|0,0|0,0|0,0|1,0|1,1|1,0.5|1
c4c2d910ed67692586fcc0596df27f36ef286841,0|0,0|0,0|0,0|0,0|0,0|0,0|0,0|0,0|0,0|0,0|0,0|0,0|0,0|0,0|0,0|0,0|0,0|0,0|0,0|0,0|0,0|0,0|0,0|0,0|0,0|0,0.5|1,0|0,0|0,0|0,0|1,0|1,1|1,0.5|1
02a39a60b045bfb60eec4f815c786648232c8245,0|0,0|0,0|0,0|0,0|0,0|0,0|0,0|0,0|0,0|0,0|0,0|0,0|0,0|0,0|0,0|0,0|0,0|0,0|0,0|0,0|0,0|0,0|0,0|0,0|0,0|0,0.5|1,0|0,0|0,0|0,0|1,0|1,1|1,0.5|1
22f69e16ab24c32c1cd237b83f09481c1fa6d350,0|0,0|0,0|0,0|0,0|0,0|0,0|0,0|0,0|0,0|0,0|0,0|0,0|0,0|0,0|0,0|0,0|0,0|0,0|0,0|0,0|0,0|0,0|0,0|0,0|0,0|0,0.5|1,0|0,0|0,0|0,0|1,0|1,1|1,0.5|1
c8ebc2472193262d449c050125f699a8cd3fc6b4,0|0,0|0,0|0,0|0,0|0,0|0,0|0,0|0,0|0,0|0,0|0,0|0,0|0,0|0,0|0,0|0,0|0,0|0,0|0,0|0,0|0,0|0,0|0,0|0,0|0,0|0,0.5|1,0|0,0|0,0|0,0|1,0|1,1|1,0.5|1
a3e56eecae02830b78819803b3d9663c18b127be,0|0,0|0,0|0,0|0,0|0,0|0,0|0,0|0,0|0,0|0,0|0,0|0,0|0,0|0,0|0,0|0,0|0,0|0,0|0,0|0,0|0,0|0,0|0,0|0,0|0,0|0,0.5|1,0|0,0|0,0|0,0|1,0|1,1|1,0.5|1
4450f15492a1cd8d8e9fa66efd9c25105748a3ad,0|0,0|0,0|0,0|0,0|0,0|0,0|0,0|0,0|0,0|0,0|0,0|0,0|0,0|0,0|0,0|0,0|0,0|0,0|0,0|0,0|0,0|0,0|0,0|0,0|0,0|0,0.5|1,0|0,0|0,0|0,0|1,0|1,1|1,0.5|1
0420bd4f6de7abf3e6077dd8d955e6d073ccd014,0|0,0|0,0|0,0|0,0|0,0|0,0|0,0|0,0|0,0|0,0|0,0|0,0|0,0|0,0|0,0|0,0|0,0|0,0|0,0|0,0|0,0|0,0|0,0|0,0|0,0|0,0.5|1,0|0,0|0,0|0,0|1,0|1,1|1,0.5|1
868b53ec5cc8aa5377124a06431cded6c1f269a9,0|0,0|0,0|0,0|0,0|0,0|0,0|0,0|0,0|0,0|0,0|0,0|0,0|0,0|0,0|0,0|0,0|0,0|0,0|0,0|0,0|0,0|0,0|0,0|0,0|0,0|0,0.5|1,0|0,0|0,0|0,0|1,0|1,1|1,0.5|1
53e83654a2acc926316d804c70df407aed691a0c,0|0,0|0,0|0,0|0,0|0,0|0,0|0,0|0,0|0,0|0,0|0,0|0,0|0,0|0,0|0,0|0,0|0,0|0,0|0,0|0,0|0,0|0,0|0,0|0,0|0,0|0,0.5|1,0|0,0|0,0|0,0|1,0|1,1|1,0.5|1
f344bb7c334ff025ea71e23d7a6742a9827745b9,0|0,0|0,0|0,0|0,0|0,0|0,0|0,0|0,0|0,0|0,0|0,0|0,0|0,0|0,0|0,0|0,0|0,0|0,0|0,0|0,0|0,0|0,0|0,0|0,0|0,0|0,0.5|1,0|0,0|0,0|0,0|1,0|1,1|1,0.5|1
0a292210a3097354db7c6fa6badb34a119fafb26,0|0,0|0,0|0,0|0,0|0,0|0,0|0,0|0,0|0,0|0,0|0,0|0,0|0,0|0,0|0,0|0,0|0,0|0,0|0,0|0,0|0,0|0,0|0,0|0,0|0,0|0,0.5|1,0|0,0|0,0|0,0|1,0|1,1|1,0.5|1
b6fbd00a287e03f4ff5fed376477fce8b1fa61ff,0|0,0|0,0|0,0|0,0|0,0|0,0|0,0|0,0|0,0|0,0|0,0|0,0|0,0|0,0|0,0|0,0|0,0|0,0|0,0|0,0|0,0|0,0|0,0|0,0|0,0|0,0.5|1,0|0,0|0,0|0,0|1,0|1,1|1,0.5|1
1bbd9278a7a91272b0fd51cdc79ca1c09ca55b9f,0|0,0|0,0|0,0|0,0|0,0|0,0|0,0|0,0|0,0|0,0|0,0|0,0|0,0|0,0|0,0|0,0|0,0|0,0|0,0|0,0|0,0|0,0|0,0|0,0|0,0|0,0.5|1,0|0,0|0,0|0,0|1,0|1,1|1,0.5|1
21adb49856eafc7e9d5847db5b25a03b2bba2dbe,0|0,0|0,0|0,0|0,0|0,0|0,0|0,0|0,0|0,0|0,0|0,0|0,0|0,0|0,0|0,0|0,0|0,0|0,0|0,0|0,0|0,0|0,0|0,0|0,0|0,0|0,0.5|1,0|0,0|0,0|0,0|1,0|1,1|1,0.5|1
d5a5b92af300cd2dadd497aa2bfbdaa34d489f75,0|0,0|0,0|0,0|0,0|0,0|0,0|0,0|0,0|0,0|0,0|0,0|0,0|0,0|0,0|0,0|0,0|0,0|0,0|0,0|0,0|0,0|0,0|0,0|0,0|0,0|0,0.5|1,0|0,0|0,0|0,0|1,0|1,1|1,0.5|1
3209b306e7ca320031e58531cfc1386ff0def6ed,0|0,0|0,0|0,0|0,0|0,0|0,0|0,0|0,0|0,0|0,0|0,0|0,0|0,0|0,0|0,0|0,0|0,0|0,0|0,0|0,0|0,0|0,0|0,0|0,0|0,0|0,0.5|1,0|0,0|0,0|0,0|1,0|1,1|1,0.5|1
d020bc168d4665a94df7fb7383e012de40bfd0d4,0|0,0|0,0|0,0|0,0|0,0|0,0|0,0|0,0|0,0|0,0|0,0|0,0|0,0|0,0|0,0|0,0|0,0|0,0|0,0|0,0|0,0|0,0|0,0|0,0|0,0|0,0.5|1,0|0,0|0,0|0,0|1,0|1,1|1,0.5|1
e8f85191ef0e93e39931885cf3a9f6fa33ea0de1,0|0,0|0,0|0,0|0,0|0,0|0,0|0,0|0,0|0,0|0,0|0,0|0,0|0,0|0,0|0,0|0,0|0,0|0,0|0,0|0,0|0,0|0,0|0,0|0,0|0,0|0,0.5|1,0|0,0|0,0|0,0|1,0|1,1|1,0.5|1
56c1f541e5a5e691c7531264eb84944687b8d804,0|0,0|0,0|0,0|0,0|0,0|0,0|0,0|0,0|0,0|0,0|0,0|0,0|0,0|0,0|0,0|0,0|0,0|0,0|0,0|0,0|0,0|0,0|0,0|0,0|0,0|0,0.5|1,0|0,0|0,0|0,0|1,0|1,1|1,0.5|1
d24a03e7b8c7e318580c512ef1bab8b278470aca,0|0,0|0,0|0,0|0,0|0,0|0,0|0,0|0,0|0,0|0,0|0,0|0,0|0,0|0,0|0,0|0,0|0,0|0,0|0,0|0,0|0,0|0,0|0,0|0,0|0,0|0,0.5|1,0|0,0|0,0|0,0|1,0|1,1|1,0.5|1
65a1a3034a27004337d23d11f44e529114c65d7d,0|0,0|0,0|0,0|0,0|0,0|0,0|0,0|0,0|0,0|0,0|0,0|0,0|0,0|0,0|0,0|0,0|0,0|0,0|0,0|0,0|0,0|0,0|0,0|0,0|0,0|0,0.5|1,0|0,0|0,0|0,0|1,0|1,1|1,0.5|1
cbe53d92c7d75716296b50815c57ea99ab5826ed,0|0,0|0,0|0,0|0,0|0,0|0,0|0,0|0,0|0,0|0,0|0,0|0,0|0,0|0,0|0,0|0,0|0,0|0,0|0,0|0,0|0,0|0,0|0,0|0,0|0,0|0,0.5|1,0|0,0|0,0|0,0|1,0|1,1|1,0.5|1
ca60217e40779b10d1774901fa6bf74cbf472e4a,0|0,0|0,0|0,0|0,0|0,0|0,0|0,0|0,0|0,0|0,0|0,0|0,0|0,0|0,0|0,0|0,0|0,0|0,0|0,0|0,0|0,0|0,0|0,0|0,0|0,0|0,0.5|1,0|0,0|0,0|0,0|1,0|1,1|1,0.5|1
07efcf5111909cdcbd9c54bbb6d449a2feb78381,0|0,0|0,0|0,0|0,0|0,0|0,0|0,0|0,0|0,0|0,0|0,0|0,0|0,0|0,0|0,0|0,0|0,0|0,0|0,0|0,0|0,0|0,0|0,0|0,0|0,0|0,0.5|1,0|0,0|0,0|0,0|1,0|1,1|1,0.5|1
eddd96544cc14f441dd0b8e305877c8da78561b1,0|0,0|0,0|0,0|0,0|0,0|0,0|0,0|0,0|0,0|0,0|0,0|0,0|0,0|0,0|0,0|0,0|0,0|0,0|0,0|0,0|0,0|0,0|0,0|0,0|0,0|0,0.5|1,0|0,0|0,0|0,0|1,0|1,1|1,0.5|1
9cc60eb03b5cede8f609ca7aae73f0a6554a062a,0|0,0|0,0|0,0|0,0|0,0|0,0|0,0|0,0|0,0|0,0|0,0|0,0|0,0|0,0|0,0|0,0|0,0|0,0|0,0|0,0|0,0|0,0|0,0|0,0|0,0|0,0.5|1,0|0,0|0,0|0,0|1,0|1,1|1,0.5|1
a7019e2af6acf733198e54e6f4a3bd608420c926,0|0,0|0,0|0,0|0,0|0,0|0,0|0,0|0,0|0,0|0,0|0,0|0,0|0,0|0,0|0,0|0,0|0,0|0,0|0,0|0,0|0,0|0,0|0,0|0,0|0,0|0,0.5|1,0|0,0|0,0|0,0|1,0|1,1|1,0.5|1
c9be81c30763e8d564b21d135b8aeec6d37002f0,0|0,0|0,0|0,0|0,0|0,0|0,0|0,0|0,0|0,0|0,0|0,0|0,0|0,0|0,0|0,0|0,0|0,0|0,0|0,0|0,0|0,0|0,0|0,0|0,0|0,0|0,0.5|1,0|0,0|0,0|0,0|1,0|1,1|1,0.5|1
b66e38e97ee5a9b2f05a745d246937d0add50ea0,0|0,0|0,0|0,0|0,0|0,0|0,0|0,0|0,0|0,0|0,0|0,0|0,0|0,0|0,0|0,0|0,0|0,0|0,0|0,0|0,0|0,0|0,0|0,0|0,0|0,0|0,0.5|1,0|0,0|0,0|0,0|1,0|1,1|1,0.5|1
78fafb979ba0435e092f995c92441e6c5c43d1b0,0|0,0|0,0|0,0|0,0|0,0|0,0|0,0|0,0|0,0|0,0|0,0|0,0|0,0|0,0|0,0|0,0|0,0|0,0|0,0|0,0|0,0|0,0|0,0|0,0|0,0|0,0.5|1,0|0,0|0,0|0,0|1,0|1,1|1,0.5|1
84c11d3a1fddd88d90ddef9d738009e28221f33f,0|0,0|0,0|0,0|0,0|0,0|0,0|0,0|0,0|0,0|0,0|0,0|0,0|0,0|0,0|0,0|0,0|0,0|0,0|0,0|0,0|0,0|0,0|0,0|0,0|0,0|0,0.5|1,0|0,0|0,0|0,0|1,0|1,1|1,0.5|1
8f602184ca0c1b3ebea9504a20bb84645cdeb2f4,0|0,0|0,0|0,0|0,0|0,0|0,0|0,0|0,0|0,0|0,0|0,0|0,0|0,0|0,0|0,0|0,0|0,0|0,0|0,0|0,0|0,0|0,0|0,0|0,0|0,0|0,0.5|1,0|0,0|0,0|0,0|1,0|1,1|1,0.5|1
f2873a8e0ea9adbc282ee9e2ee642b6799bafa94,0|0,0|0,0|0,0|0,0|0,0|0,0|0,0|0,0|0,0|0,0|0,0|0,0|0,0|0,0|0,0|0,0|0,0|0,0|0,0|0,0|0,0|0,0|0,0|0,0|0,0|0,0.5|1,0|0,0|0,0|0,0|1,0|1,1|1,0.5|1
6c040285de6f8e47a38c225279f4ad9281f2df38,0|0,0|0,0|0,0|0,0|0,0|0,0|0,0|0,0|0,0|0,0|0,0|0,0|0,0|0,0|0,0|0,0|0,0|0,0|0,0|0,0|0,0|0,0|0,0|0,0|0,0|0,0.5|1,0|0,0|0,0|0,0|1,0|1,1|1,0.5|1
c4f28daf2b106e5c8eae63c33e7bf7ae2a655b8b,0|0,0|0,0|0,0|0,0|0,0|0,0|0,0|0,0|0,0|0,0|0,0|0,0|0,0|0,0|0,0|0,0|0,0|0,0|0,0|0,0|0,0|0,0|0,0|0,0|0,0|0,0.5|1,0|0,0|0,0|0,0|1,0|1,1|1,0.5|1
ed5e5ff698add5a0b373914f497ee9ebac92cdeb,0|0,0|0,0|0,0|0,0|0,0|0,0|0,0|0,0|0,0|0,0|0,0|0,0|0,0|0,0|0,0|0,0|0,0|0,0|0,0|0,0|0,0|0,0|0,0|0,0|0,0|0,0.5|1,0|0,0|0,0|0,0|1,0|1,1|1,0.5|1
9b34ba114c1b6e79968baa3ca2ae87c057d9ba6f,0|0,0|0,0|0,0|0,0|0,0|0,0|0,0|0,0|0,0|0,0|0,0|0,0|0,0|0,0|0,0|0,0|0,0|0,0|0,0|0,0|0,0|0,0|0,0|0,0|0,0|0,0.5|1,0|0,0|0,0|0,0|1,0|1,1|1,0.5|1
849ed7cbe2b9fee543d6ac0f476b7ae96feb3291,0|0,0|0,0|0,0|0,0|0,0|0,0|0,0|0,0|0,0|0,0|0,0|0,0|0,0|0,0|0,0|0,0|0,0|0,0|0,0|0,0|0,0|0,0|0,0|0,0|0,0|0,0.5|1,0|0,0|0,0|0,0|1,0|1,1|1,0.5|1
805224d177d9c3082b09ce717d941c3ebb2a116b,0|0,0|0,0|0,0|0,0|0,0|0,0|0,0|0,0|0,0|0,0|0,0|0,0|0,0|0,0|0,0|0,0|0,0|0,0|0,0|0,0|0,0|0,0|0,0|0,0|0,0|0,0.5|1,0|0,0|0,0|0,0|1,0|1,1|1,0.5|1
78d39789dd7dd4c6275cc2ec32228237126f8bd3,0|0,0|0,0|0,0|0,0|0,0|0,0|0,0|0,0|0,0|0,0|0,0|0,0|0,0|0,0|0,0|0,0|0,0|0,0|0,0|0,0|0,0|0,0|0,0|0,0|0,0|0,0.5|1,0|0,0|0,0|0,0|1,0|1,1|1,0.5|1
04035a3759b8c100e4808918e44a3eaef4969875,0|0,0|0,0|0,0|0,0|0,0|0,0|0,0|0,0|0,0|0,0|0,0|0,0|0,0|0,0|0,0|0,0|0,0|0,0|0,0|0,0|0,0|0,0|0,0|0,0|0,0|0,0.5|1,0|0,0|0,0|0,0|1,0|1,1|1,0.5|1
f203d2f63b4b283f2d94aa4ea567e3e03e4f8ce9,0|0,0|0,0|0,0|0,0|0,0|0,0|0,0|0,0|0,0|0,0|0,0|0,0|0,0|0,0|0,0|0,0|0,0|0,0|0,0|0,0|0,0|0,0|0,0|0,0|0,0|0,0.5|1,0|0,0|0,0|0,0|1,0|1,1|1,0.5|1
c51d050dfa154411d776d84771fd74ca83bd232b,0|0,0|0,0|0,0|0,0|0,0|0,0|0,0|0,0|0,0|0,0|0,0|0,0|0,0|0,0|0,0|0,0|0,0|0,0|0,0|0,0|0,0|0,0|0,0|0,0|0,0|0,0.5|1,0|0,0|0,0|0,0|1,0|1,1|1,0.5|1
5178ea8601050d457afa8bd4ccd805f0a0585da1,0|0,0|0,0|0,0|0,0|0,0|0,0|0,0|0,0|0,0|0,0|0,0|0,0|0,0|0,0|0,0|0,0|0,0|0,0|0,0|0,0|0,0|0,0|0,0|0,0|0,0|0,0.5|1,0|0,0|0,0|0,0|1,0|1,1|1,0.5|1
4e78fbb9dccf7563cd93d36821c696d06b302972,0|0,0|0,0|0,0|0,0|0,0|0,0|0,0|0,0|0,0|0,0|0,0|0,0|0,0|0,0|0,0|0,0|0,0|0,0|0,0|0,0|0,0|0,0|0,0|0,0|0,0|0,0.5|1,0|0,0|0,0|0,0|1,0|1,1|1,0.5|1
2a0b89bce360e5466e03f40047844fe7de0639e8,0|0,0|0,0|0,0|0,0|0,0|0,0|0,0|0,0|0,0|0,0|0,0|0,0|0,0|0,0|0,0|0,0|0,0|0,0|0,0|0,0|0,0|0,0|0,0|0,0|0,0|0,0.5|1,0|0,0|0,0|0,0|1,0|1,1|1,0.5|1
a1907bb2a9ae7f19067769bdc489f60abea36306,0|0,0|0,0|0,0|0,0|0,0|0,0|0,0|0,0|0,0|0,0|0,0|0,0|0,0|0,0|0,0|0,0|0,0|0,0|0,0|0,0|0,0|0,0|0,0|0,0|0,0|0,0.5|1,0|0,0|0,0|0,0|1,0|1,1|1,0.5|1
4a12603f722ad888ab0ad4d740d52369ace15655,0|0,0|0,0|0,0|0,0|0,0|0,0|0,0|0,0|0,0|0,0|0,0|0,0|0,0|0,0|0,0|0,0|0,0|0,0|0,0|0,0|0,0|0,0|0,0|0,0|0,0|0,0.5|1,0|0,0|0,0|0,0|1,0|1,1|1,0.5|1
3c512b299422cb7ff1bb977c16592b5f6841c4bb,0|0,0|0,0|0,0|0,0|0,0|0,0|0,0|0,0|0,0|0,0|0,0|0,0|0,0|0,0|0,0|0,0|0,0|0,0|0,0|0,0|0,0|0,0|0,0|0,0|0,0|0,0.5|1,0|0,0|0,0|0,0|1,0|1,1|1,0.5|1
f6a701f5221dc6ca6630ab9f0ed638d4d184e548,0|0,0|0,0|0,0|0,0|0,0|0,0|0,0|0,0|0,0|0,0|0,0|0,0|0,0|0,0|0,0|0,0|0,0|0,0|0,0|0,0|0,0|0,0|0,0|0,0|0,0|0,0.5|1,0|0,0|0,0|0,0|1,0|1,1|1,0.5|1
9e5626d24644defbba61016053cf5a51a36bb832,0|0,0|0,0|0,0|0,0|0,0|0,0|0,0|0,0|0,0|0,0|0,0|0,0|0,0|0,0|0,0|0,0|0,0|0,0|0,0|0,0|0,0|0,0|0,0|0,0|0,0|0,0.5|1,0|0,0|0,0|0,0|1,0|1,1|1,0.5|1
fb6237c57898ab79c3e5f2510af24acb353443aa,0|0,0|0,0|0,0|0,0|0,0|0,0|0,0|0,0|0,0|0,0|0,0|0,0|0,0|0,0|0,0|0,0|0,0|0,0|0,0|0,0|0,0|0,0|0,0|0,0|0,0|0,0.5|1,0|0,0|0,0|0,0|1,0|1,1|1,0.5|1
28665a3682bf5fc4bf43243b5ed995891249f0ae,0|0,0|0,0|0,0|0,0|0,0|0,0|0,0|0,0|0,0|0,0|0,0|0,0|0,0|0,0|0,0|0,0|0,0|0,0|0,0|0,0|0,0|0,0|0,0|0,0|0,0|0,0.5|1,0|0,0|0,0|0,0|1,0|1,1|1,0.5|1
e1d20fd82b6a5253d772089905d3dee235f6dc3e,0|0,0|0,0|0,0|0,0|0,0|0,0|0,0|0,0|0,0|0,0|0,0|0,0|0,0|0,0|0,0|0,0|0,0|0,0|0,0|0,0|0,0|0,0|0,0|0,0|0,0|0,0.5|1,0|0,0|0,0|0,0|1,0|1,1|1,0.5|1
7e06821a2ddf61454ff6c65e3155c4b87a247f65,0|0,0|0,0|0,0|0,0|0,0|0,0|0,0|0,0|0,0|0,0|0,0|0,0|0,0|0,0|0,0|0,0|0,0|0,0|0,0|0,0|0,0|0,0|0,0|0,0|0,0|0,0.5|1,0|0,0|0,0|0,0|1,0|1,1|1,0.5|1
56c3a65d05c853d212388a7c30dfa84523a6be8a,0|0,0|0,0|0,0|0,0|0,0|0,0|0,0|0,0|0,0|0,0|0,0|0,0|0,0|0,0|0,0|0,0|0,0|0,0|0,0|0,0|0,0|0,0|0,0|0,0|0,0|0,0.5|1,0|0,0|0,0|0,0|1,0|1,1|1,0.5|1
809011909fe68cec55a80c5944b77651f679535b,0|0,0|0,0|0,0|0,0|0,0|0,0|0,0|0,0|0,0|0,0|0,0|0,0|0,0|0,0|0,0|0,0|0,0|0,0|0,0|0,0|0,0|0,0|0,0|0,0|0,0|0,0.5|1,0|0,0|0,0|0,0|1,0|1,1|1,0.5|1
01808c5bf30af9ffd18e4347d95d94b62ecbdcc2,0|0,0|0,0|0,0|0,0|0,0|0,0|0,0|0,0|0,0|0,0|0,0|0,0|0,0|0,0|0,0|0,0|0,0|0,0|0,0|0,0|0,0|0,0|0,0|0,0|0,0|0,0.5|1,0|0,0|0,0|0,0|1,0|1,1|1,0.5|1
3ac1de7446d7e9201dfee6d0b645ad9141ae755f,0|0,0|0,0|0,0|0,0|0,0|0,0|0,0|0,0|0,0|0,0|0,0|0,0|0,0|0,0|0,0|0,0|0,0|0,0|0,0|0,0|0,0|0,0|0,0|0,0|0,0|0,0.5|1,0|0,0|0,0|0,0|1,0|1,1|1,0.5|1
fe3550b868f016481d8500fe5e93aec9e4310dd2,0|0,0|0,0|0,0|0,0|0,0|0,0|0,0|0,0|0,0|0,0|0,0|0,0|0,0|0,0|0,0|0,0|0,0|0,0|0,0|0,0|0,0|0,0|0,0|0,0|0,0|0,0.5|1,0|0,0|0,0|0,0|1,0|1,1|1,0.5|1
00576bfd067d49e35556ea14ec9c99d3cf16a8aa,0|0,0|0,0|0,0|0,0|0,0|0,0|0,0|0,0|0,0|0,0|0,0|0,0|0,0|0,0|0,0|0,0|0,0|0,0|0,0|0,0|0,0|0,0|0,0|0,0|0,0|0,0.5|1,0|0,0|0,0|0,0|1,0|1,1|1,0.5|1
1cc73eca5a354b194c939a4ba928a6206d91f073,0|0,0|0,0|0,0|0,0|0,0|0,0|0,0|0,0|0,0|0,0|0,0|0,0|0,0|0,0|0,0|0,0|0,0|0,0|0,0|0,0|0,0|0,0|0,0|0,0|0,0|0,0.5|1,0|0,0|0,0|0,0|1,0|1,1|1,0.5|1
00df585fffbb06d8f155d01abd633dde235fdfe5,0|0,0|0,0|0,0|0,0|0,0|0,0|0,0|0,0|0,0|0,0|0,0|0,0|0,0|0,0|0,0|0,0|0,0|0,0|0,0|0,0|0,0|0,0|0,0|0,0|0,0|0,0.5|1,0|0,0|0,0|0,0|1,0|1,1|1,0.5|1
4d991a8941ec9777daa41d738e72b92fffccb818,0|0,0|0,0|0,0|0,0|0,0|0,0|0,0|0,0|0,0|0,0|0,0|0,0|0,0|0,0|0,0|0,0|0,0|0,0|0,0|0,0|0,0|0,0|0,0|0,0|0,0|0,0.5|1,0|0,0|0,0|0,0|1,0|1,1|1,0.5|1
328c88f9c32cd3fadf5e90b34fafc9c0e6971241,0|0,0|0,0|0,0|0,0|0,0|0,0|0,0|0,0|0,0|0,0|0,0|0,0|0,0|0,0|0,0|0,0|0,0|0,0|0,0|0,0|0,0|0,0|0,0|0,0|0,0|0,0.5|1,0|0,0|0,0|0,0|1,0|1,1|1,0.5|1
01a9532c90be343ed17b043a0165e5490887dbde,0|0,0|0,0|0,0|0,0|0,0|0,0|0,0|0,0|0,0|0,0|0,0|0,0|0,0|0,0|0,0|0,0|0,0|0,0|0,0|0,0|0,0|0,0|0,0|0,0|0,0|0,0.5|1,0|0,0|0,0|0,0|1,0|1,1|1,0.5|1
944e7ef1fef84b72528b7e7ac316dd14c4d970f7,0|0,0|0,0|0,0|0,0|0,0|0,0|0,0|0,0|0,0|0,0|0,0|0,0|0,0|0,0|0,0|0,0|0,0|0,0|0,0|0,0|0,0|0,0|0,0|0,0|0,0|0,0.5|1,0|0,0|0,0|0,0|1,0|1,1|1,0.5|1
c4433cd463e1c3b2b8b80865964e001252e3f44e,0|0,0|0,0|0,0|0,0|0,0|0,0|0,0|0,0|0,0|0,0|0,0|0,0|0,0|0,0|0,0|0,0|0,0|0,0|0,0|0,0|0,0|0,0|0,0|0,0|0,0|0,0.5|1,0|0,0|0,0|0,0|1,0|1,1|1,0.5|1
7b1ce3ae639518a01ae39fd0742db0b2840ca436,0|0,0|0,0|0,0|0,0|0,0|0,0|0,0|0,0|0,0|0,0|0,0|0,0|0,0|0,0|0,0|0,0|0,0|0,0|0,0|0,0|0,0|0,0|0,0|0,0|0,0|0,0.5|1,0|0,0|0,0|0,0|1,0|1,1|1,0.5|1
461478bde277c511db4583641568932684d8e8e8,0|0,0|0,0|0,0|0,0|0,0|0,0|0,0|0,0|0,0|0,0|0,0|0,0|0,0|0,0|0,0|0,0|0,0|0,0|0,0|0,0|0,0|0,0|0,0|0,0|0,0|0,0.5|1,0|0,0|0,0|0,0|1,0|1,1|1,0.5|1
02a2f6a42b54b699e9833147ebaa0b569aa2cc25,0|0,0|0,0|0,0|0,0|0,0|0,0|0,0|0,0|0,0|0,0|0,0|0,0|0,0|0,0|0,0|0,0|0,0|0,0|0,0|0,0|0,0|0,0|0,0|0,0|0,0|0,0.5|1,0|0,0|0,0|0,0|1,0|1,1|1,0.5|1
f90524db83a94ebd6ad493d898ac2093308520dd,0|0,0|0,0|0,0|0,0|0,0|0,0|0,0|0,0|0,0|0,0|0,0|0,0|0,0|0,0|0,0|0,0|0,0|0,0|0,0|0,0|0,0|0,0|0,0|0,0|0,0|0,0.5|1,0|0,0|0,0|0,0|1,0|1,1|1,0.5|1
4a2c844db0b70dfed2dbf46a2d765eb0fa041429,0|0,0|0,0|0,0|0,0|0,0|0,0|0,0|0,0|0,0|0,0|0,0|0,0|0,0|0,0|0,0|0,0|0,0|0,0|0,0|0,0|0,0|0,0|0,0|0,0|0,0|0,0.5|1,0|0,0|0,0|0,0|1,0|1,1|1,0.5|1
70e4490b098013c6f40a3bd73d0acba54e10fc1f,0|0,0|0,0|0,0|0,0|0,0|0,0|0,0|0,0|0,0|0,0|0,0|0,0|0,0|0,0|0,0|0,0|0,0|0,0|0,0|0,0|0,0|0,0|0,0|0,0|0,0|0,0.5|1,0|0,0|0,0|0,0|1,0|1,1|1,0.5|1
3a1eeb23d1b8c796b9bfcc3e8058243b0fb7b14d,0|0,0|0,0|0,0|0,0|0,0|0,0|0,0|0,0|0,0|0,0|0,0|0,0|0,0|0,0|0,0|0,0|0,0|0,0|0,0|0,0|0,0|0,0|0,0|0,0|0,0|0,0.5|1,0|0,0|0,0|0,0|1,0|1,1|1,0.5|1
bb7eff5394cb06e54f3039c6ece0c469d2c0a500,0|0,0|0,0|0,0|0,0|0,0|0,0|0,0|0,0|0,0|0,0|0,0|0,0|0,0|0,0|0,0|0,0|0,0|0,0|0,0|0,0|0,0|0,0|0,0|0,0|0,0|0,0.5|1,0|0,0|0,0|0,0|1,0|1,1|1,0.5|1
09b4e461db4f895812de3e651e31145825b17168,0|0,0|0,0|0,0|0,0|0,0|0,0|0,0|0,0|0,0|0,0|0,0|0,0|0,0|0,0|0,0|0,0|0,0|0,0|0,0|0,0|0,0|0,0|0,0|0,0|0,0|0,0.5|1,0|0,0|0,0|0,0|1,0|1,1|1,0.5|1
f7b1605b86636b16ab18bca6a8f711ef38c63b0a,0|0,0|0,0|0,0|0,0|0,0|0,0|0,0|0,0|0,0|0,0|0,0|0,0|0,0|0,0|0,0|0,0|0,0|0,0|0,0|0,0|0,0|0,0|0,0|0,0|0,0|0,0.5|1,0|0,0|0,0|0,0|1,0|1,1|1,0.5|1
0aa01c6554a1417d362709bbfa3aa35fad56b698,0|0,0|0,0|0,0|0,0|0,0|0,0|0,0|0,0|0,0|0,0|0,0|0,0|0,0|0,0|0,0|0,0|0,0|0,0|0,0|0,0|0,0|0,0|0,0|0,0|0,0|0,0.5|1,0|0,0|0,0|0,0|1,0|1,1|1,0.5|1
79fb8a974f2337533d718a2a9e3b262fdf487665,0|0,0|0,0|0,0|0,0|0,0|0,0|0,0|0,0|0,0|0,0|0,0|0,0|0,0|0,0|0,0|0,0|0,0|0,0|0,0|0,0|0,0|0,0|0,0|0,0|0,0|0,0.5|1,0|0,0|0,0|0,0|1,0|1,1|1,0.5|1
b20fd74006a1379565611e637f5d36007169d639,0|0,0|0,0|0,0|0,0|0,0|0,0|0,0|0,0|0,0|0,0|0,0|0,0|0,0|0,0|0,0|0,0|0,0|0,0|0,0|0,0|0,0|0,0|0,0|0,0|0,0|0,0.5|1,0|0,0|0,0|0,0|1,0|1,1|1,0.5|1
c2ddfea9f332654bb8e6e0cac2bf55c4eb0b92ba,0|0,0|0,0|0,0|0,0|0,0|0,0|0,0|0,0|0,0|0,0|0,0|0,0|0,0|0,0|0,0|0,0|0,0|0,0|0,0|0,0|0,0|0,0|0,0|0,0|0,0|0,0.5|1,0|0,0|0,0|0,0|1,0|1,1|1,0.5|1
e404e5ff38685e033ec2197580385c26c13736e4,0|0,0|0,0|0,0|0,0|0,0|0,0|0,0|0,0|0,0|0,0|0,0|0,0|0,0|0,0|0,0|0,0|0,0|0,0|0,0|0,0|0,0|0,0|0,0|0,0|0,0|0,0.5|1,0|0,0|0,0|0,0|1,0|1,1|1,0.5|1
99e399ebe9cfc01b12d0d77721e784ae0f2c6fa5,0|0,0|0,0|0,0|0,0|0,0|0,0|0,0|0,0|0,0|0,0|0,0|0,0|0,0|0,0|0,0|0,0|0,0|0,0|0,0|0,0|0,0|0,0|0,0|0,0|0,0|0,0.5|1,0|0,0|0,0|0,0|1,0|1,1|1,0.5|1
577431b86f489f90de574bc4c7dc9e51e9bab8d5,0|0,0|0,0|0,0|0,0|0,0|0,0|0,0|0,0|0,0|0,0|0,0|0,0|0,0|0,0|0,0|0,0|0,0|0,0|0,0|0,0|0,0|0,0|0,0|0,0|0,0|0,0.5|1,0|0,0|0,0|0,0|1,0|1,1|1,0.5|1
765181d42a3d09bcafc56a3c6a75cc832687e3b1,0|0,0|0,0|0,0|0,0|0,0|0,0|0,0|0,0|0,0|0,0|0,0|0,0|0,0|0,0|0,0|0,0|0,0|0,0|0,0|0,0|0,0|0,0|0,0|0,0|0,0|0,0.5|1,0|0,0|0,0|0,0|1,0|1,1|1,0.5|1
582ae3bc05477b7c78149fcdbd2cc93cd5a6cc4f,0|0,0|0,0|0,0|0,0|0,0|0,0|0,0|0,0|0,0|0,0|0,0|0,0|0,0|0,0|0,0|0,0|0,0|0,0|0,0|0,0|0,0|0,0|0,0|0,0|0,0|0,0.5|1,0|0,0|0,0|0,0|1,0|1,1|1,0.5|1
9ba7d20e4d100eb1fe6d3dc62cdd80a637f0e845,0|0,0|0,0|0,0|0,0|0,0|0,0|0,0|0,0|0,0|0,0|0,0|0,0|0,0|0,0|0,0|0,0|0,0|0,0|0,0|0,0|0,0|0,0|0,0|0,0|0,0|0,0.5|1,0|0,0|0,0|0,0|1,0|1,1|1,0.5|1
f595beee896a1953f6bff15b71383bfc9999bfa0,0|0,0|0,0|0,0|0,0|0,0|0,0|0,0|0,0|0,0|0,0|0,0|0,0|0,0|0,0|0,0|0,0|0,0|0,0|0,0|0,0|0,0|0,0|0,0|0,0|0,0|0,0.5|1,0|0,0|0,0|0,0|1,0|1,1|1,0.5|1
8de035e5147397e3008a61ae1e2e6fcc949319f0,0|0,0|0,0|0,0|0,0|0,0|0,0|0,0|0,0|0,0|0,0|0,0|0,0|0,0|0,0|0,0|0,0|0,0|0,0|0,0|0,0|0,0|0,0|0,0|0,0|0,0|0,0.5|1,0|0,0|0,0|0,0|1,0|1,1|1,0.5|1
9f126cc43e62107339db17621f925811d57df302,0|0,0|0,0|0,0|0,0|0,0|0,0|0,0|0,0|0,0|0,0|0,0|0,0|0,0|0,0|0,0|0,0|0,0|0,0|0,0|0,0|0,0|0,0|0,0|0,0|0,0|0,0.5|1,0|0,0|0,0|0,0|1,0|1,1|1,0.5|1
b04deb3c809e9e7eb653c0816dae90ed246afb4e,0|0,0|0,0|0,0|0,0|0,0|0,0|0,0|0,0|0,0|0,0|0,0|0,0|0,0|0,0|0,0|0,0|0,0|0,0|0,0|0,0|0,0|0,0|0,0|0,0|0,0|0,0.5|1,0|0,0|0,0|0,0|1,0|1,1|1,0.5|1
218ff0e22f74729a8db57f81cdbe6c2ee63c8e36,0|0,0|0,0|0,0|0,0|0,0|0,0|0,0|0,0|0,0|0,0|0,0|0,0|0,0|0,0|0,0|0,0|0,0|0,0|0,0|0,0|0,0|0,0|0,0|0,0|0,0|0,0.5|1,0|0,0|0,0|0,0|1,0|1,1|1,0.5|1
5d36b14b7f638a4e50c934b327e314c0b174a156,0|0,0|0,0|0,0|0,0|0,0|0,0|0,0|0,0|0,0|0,0|0,0|0,0|0,0|0,0|0,0|0,0|0,0|0,0|0,0|0,0|0,0|0,0|0,0|0,0|0,0|0,0.5|1,0|0,0|0,0|0,0|1,0|1,1|1,0.5|1
20a5c2cd14edbce76894a293bf6aed9375cba30b,0|0,0|0,0|0,0|0,0|0,0|0,0|0,0|0,0|0,0|0,0|0,0|0,0|0,0|0,0|0,0|0,0|0,0|0,0|0,0|0,0|0,0|0,0|0,0|0,0|0,0|0,0.5|1,0|0,0|0,0|0,0|1,0|1,1|1,0.5|1
3c234b0990fef8d4e6296f0ac3a0a90e3b65981c,0|0,0|0,0|0,0|0,0|0,0|0,0|0,0|0,0|0,0|0,0|0,0|0,0|0,0|0,0|0,0|0,0|0,0|0,0|0,0|0,0|0,0|0,0|0,0|0,0|0,0|0,0.5|1,0|0,0|0,0|0,0|1,0|1,1|1,0.5|1
6ffb7f629ca5e4e61d9dd59b4f34c15dede627e0,0|0,0|0,0|0,0|0,0|0,0|0,0|0,0|0,0|0,0|0,0|0,0|0,0|0,0|0,0|0,0|0,0|0,0|0,0|0,0|0,0|0,0|0,0|0,0|0,0|0,0|0,0.5|1,0|0,0|0,0|0,0|1,0|1,1|1,0.5|1
d29259e295fefb0ba193e7c1b24255729ea80679,0|0,0|0,0|0,0|0,0|0,0|0,0|0,0|0,0|0,0|0,0|0,0|0,0|0,0|0,0|0,0|0,0|0,0|0,0|0,0|0,0|0,0|0,0|0,0|0,0|0,0|0,0.5|1,0|0,0|0,0|0,0|1,0|1,1|1,0.5|1
718f41548c355c93f6d0f7eac57a525442333f23,0|0,0|0,0|0,0|0,0|0,0|0,0|0,0|0,0|0,0|0,0|0,0|0,0|0,0|0,0|0,0|0,0|0,0|0,0|0,0|0,0|0,0|0,0|0,0|0,0|0,0|0,0.5|1,0|0,0|0,0|0,0|1,0|1,1|1,0.5|1
1eb6e607fc80c18800df9827e021e23b1baf80d5,0|0,0|0,0|0,0|0,0|0,0|0,0|0,0|0,0|0,0|0,0|0,0|0,0|0,0|0,0|0,0|0,0|0,0|0,0|0,0|0,0|0,0|0,0|0,0|0,0|0,0|0,0.5|1,0|0,0|0,0|0,0|1,0|1,1|1,0.5|1
76c5b3a4decc6e856c151264ba85edbbf904cd73,0|0,0|0,0|0,0|0,0|0,0|0,0|0,0|0,0|0,0|0,0|0,0|0,0|0,0|0,0|0,0|0,0|0,0|0,0|0,0|0,0|0,0|0,0|0,0|0,0|0,0|0,0.5|1,0|0,0|0,0|0,0|1,0|1,1|1,0.5|1
237f3e799de0dca369586e3874d706bab7a676a1,0|0,0|0,0|0,0|0,0|0,0|0,0|0,0|0,0|0,0|0,0|0,0|0,0|0,0|0,0|0,0|0,0|0,0|0,0|0,0|0,0|0,0|0,0|0,0|0,0|0,0|0,0.5|1,0|0,0|0,0|0,0|1,0|1,1|1,0.5|1
a19be5481c70033324a6b8df7b895af24231ffed,0|0,0|0,0|0,0|0,0|0,0|0,0|0,0|0,0|0,0|0,0|0,0|0,0|0,0|0,0|0,0|0,0|0,0|0,0|0,0|0,0|0,0|0,0|0,0|0,0|0,0|0,0.5|1,0|0,0|0,0|0,0|1,0|1,1|1,0.5|1
e6efc097d6bfa4c510294f2c417ff340d21128ac,0|0,0|0,0|0,0|0,0|0,0|0,0|0,0|0,0|0,0|0,0|0,0|0,0|0,0|0,0|0,0|0,0|0,0|0,0|0,0|0,0|0,0|0,0|0,0|0,0|0,0|0,0.5|1,0|0,0|0,0|0,0|1,0|1,1|1,0.5|1
033c553073b65f66a18497bcd5781cf7a03c3bb1,0|0,0|0,0|0,0|0,0|0,0|0,0|0,0|0,0|0,0|0,0|0,0|0,0|0,0|0,0|0,0|0,0|0,0|0,0|0,0|0,0|0,0|0,0|0,0|0,0|0,0|0,0.5|1,0|0,0|0,0|0,0|1,0|1,1|1,0.5|1
bbcc3c4e95b82560ae30d4f6dadebe219d4c58dd,0|0,0|0,0|0,0|0,0|0,0|0,0|0,0|0,0|0,0|0,0|0,0|0,0|0,0|0,0|0,0|0,0|0,0|0,0|0,0|0,0|0,0|0,0|0,0|0,0|0,0|0,0.5|1,0|0,0|0,0|0,0|1,0|1,1|1,0.5|1
64f76c0dcd20fc95c49000353aed92cfb338deb0,0|0,0|0,0|0,0|0,0|0,0|0,0|0,0|0,0|0,0|0,0|0,0|0,0|0,0|0,0|0,0|0,0|0,0|0,0|0,0|0,0|0,0|0,0|0,0|0,0|0,0|0,0.5|1,0|0,0|0,0|0,0|1,0|1,1|1,0.5|1
2a1a3bde22509bbe940d074d0a0ada85c1d42517,,,,,,,,,,,,,,,,,,,,,,,,,,,,,,,,,,
d63a82f850103838ae0e79bc832c9c562345df06,0|0,0|0,0|0,0|0,0|0,0|0,0|0,0|0,0|0,0|0,0|0,0|0,0|0,0|0,0|0,0|0,0|0,0|0,0|0,0|0,0|0,0|0,0|0,0|0,0|0,0|0,0.5|1,0|0,0|0,0|0,0|1,0|1,,0.5|1
f7d622c6f29b7de1991e467c01e21160b764a78c,0|0,0|0,0|0,0|0,0|0,0|0,0|0,0|0,0|0,0|0,0|0,0|0,0|0,0|0,0|0,0|0,0|0,0|0,0|0,0|0,0|0,0|0,0|0,0|0,0|0,0|0,0.5|1,0|0,0|0,0|0,0|1,0|1,,0.5|1
99b749e6da79c41634c4f04a827597ae1dd0f489,0|0,0|0,0|0,0|0,0|0,0|0,0|0,0|0,0|0,0|0,0|0,0|0,0|0,0|0,0|0,0|0,0|0,0|0,0|0,0|0,0|0,0|0,0|0,0|0,0|0,0|0,0.5|1,0|0,0|0,0|0,0|1,0|1,,0.5|1
7f187c9aa4bfe79d9dcf05672c4d23e9795aaf8a,0|0,0|0,0|0,0|0,0|0,0|0,0|0,0|0,0|0,0|0,0|0,0|0,0|0,0|0,0|0,0|0,0|0,0|0,0|0,0|0,0|0,0|0,0|0,0|0,0|0,0|0,0.5|1,0|0,0|0,0|0,0|1,0|1,,0.5|1
85d3d4f8c2199a1095360b6cb696477987c386c1,0|0,0|0,0|0,0|0,0|0,0|0,0|0,0|0,0|0,0|0,0|0,0|0,0|0,0|0,0|0,0|0,0|0,0|0,0|0,0|0,0|0,0|0,0|0,0|0,0|0,0|0,0.5|1,0|0,0|0,0|0,0|1,0|1,,0.5|1
bf2363392241dedbc23d55cdad9bd81cf923e2e6,0|0,0|0,0|0,0|0,0|0,0|0,0|0,0|0,0|0,0|0,0|0,0|0,0|0,0|0,0|0,0|0,0|0,0|0,0|0,0|0,0|0,0|0,0|0,0|0,0|0,0|0,0.5|1,0|0,0|0,0|0,0|1,0|1,,0.5|1
50e8d1c3e939410067a8f992a75f1ccd7207fcb3,0|0,0|0,0|0,0|0,0|0,0|0,0|0,0|0,0|0,0|0,0|0,0|0,0|0,0|0,0|0,0|0,0|0,0|0,0|0,0|0,0|0,0|0,0|0,0|0,0|0,0|0,0.5|1,0|0,0|0,0|0,0|1,0|1,1|1,0.5|1
f95bf2ea5e8b2d014152ab43572aad342ae9fdd9,0|0,0|0,0|0,0|0,0|0,0|0,0|0,0|0,0|0,0|0,0|0,0|0,0|0,0|0,0|0,0|0,0|0,0|0,0|0,0|0,0|0,0|0,0|0,0|0,0|0,0|0,0.5|1,0|0,0|0,0|0,0|1,0|1,1|1,0.5|1
bc9627ffd00a54ebff2a9db46d732aa8dc80fdcd,0|0,0|0,0|0,0|0,0|0,0|0,0|0,0|0,0|0,0|0,0|0,0|0,0|0,0|0,0|0,0|0,0|0,0|0,0|0,0|0,0|0,0|0,0|0,0|0,0|0,0|0,0.5|1,0|0,0|0,0|0,0|1,0|1,1|1,0.5|1
cf63000976ed1c8d33dbd837e71934dd0f01b5cb,0|0,0|0,0|0,0|0,0|0,0|0,0|0,0|0,0|0,0|0,0|0,0|0,0|0,0|0,0|0,0|0,0|0,0|0,0|0,0|0,0|0,0|0,0|0,0|0,0|0,0|0,0.5|1,0|0,0|0,0|0,0|1,0|1,1|1,0.5|1
022665719572d058462cba3d25e2d41545073fd5,0|0,0|0,0|0,0|0,0|0,0|0,0|0,0|0,0|0,0|0,0|0,0|0,0|0,0|0,0|0,0|0,0|0,0|0,0|0,0|0,0|0,0|0,0|0,0|0,0|0,0|0,0.5|1,0|0,0|0,0|0,0|1,0|1,1|1,0.5|1
e0910383c9f0ced5b7cf10705b537bb4181d9508,0|0,0|0,0|0,0|0,0|0,0|0,0|0,0|0,0|0,0|0,0|0,0|0,0|0,0|0,0|0,0|0,0|0,0|0,0|0,0|0,0|0,0|0,0|0,0|0,0|0,0|0,0.5|1,0|0,0|0,0|0,0|1,0|1,1|1,0.5|1
f6a9a0f54b0e2ace6804f55e5863f4ac3ebdd87b,0|0,0|0,0|0,0|0,0|0,0|0,0|0,0|0,0|0,0|0,0|0,0|0,0|0,0|0,0|0,0|0,0|0,0|0,0|0,0|0,0|0,0|0,0|0,0|0,0|0,0|0,0.5|1,0|0,0|0,0|0,0|1,0|1,1|1,0.5|1
cbd7e2de63ef2ac06495c063ca1293186b792a44,0|0,0|0,0|0,0|0,0|0,0|0,0|0,0|0,0|0,0|0,0|0,0|0,0|0,0|0,0|0,0|0,0|0,0|0,0|0,0|0,0|0,0|0,0|0,0|0,0|0,0|0,0.5|1,0|0,0|0,0|0,0|1,0|1,1|1,0.5|1
42c88c45b24d0a2b967b454e18da2228f95437d8,0|0,0|0,0|0,0|0,0|0,0|0,0|0,0|0,0|0,0|0,0|0,0|0,0|0,0|0,0|0,0|0,0|0,0|0,0|0,0|0,0|0,0|0,0|0,0|0,0|0,0|0,0.5|1,0|0,0|0,0|0,0|1,0|1,1|1,0.5|1
a3bf05915b6baf5f0ae04b240d1dc2c31e2f0326,0|0,0|0,0|0,0|0,0|0,0|0,0|0,0|0,0|0,0|0,0|0,0|0,0|0,0|0,0|0,0|0,0|0,0|0,0|0,0|0,0|0,0|0,0|0,0|0,0|0,0|0,0.5|1,0|0,0|0,0|0,0|1,0|1,1|1,0.5|1
33cc204df0ed57ea862d67bcce9778fa753b1439,0|0,0|0,0|0,0|0,0|0,0|0,0|0,0|0,0|0,0|0,0|0,0|0,0|0,0|0,0|0,0|0,0|0,0|0,0|0,0|0,0|0,0|0,0|0,0|0,0|0,0|0,0.5|1,0|0,0|0,0|0,0|1,0|1,1|1,0.5|1
df3c20fd4bf05ede03ec63ef13e74c930ae461e1,0|0,0|0,0|0,0|0,0|0,0|0,0|0,0|0,0|0,0|0,0|0,0|0,0|0,0|0,0|0,0|0,0|0,0|0,0|0,0|0,0|0,0|0,0|0,0|0,0|0,0|0,0.5|1,0|0,0|0,0|0,0|1,0|1,1|1,0.5|1
f7ca0762bed6228b694695ee5a25bf39f6a59154,0|0,0|0,0|0,0|0,0|0,0|0,0|0,0|0,0|0,0|0,0|0,0|0,0|0,0|0,0|0,0|0,0|0,0|0,0|0,0|0,0|0,0|0,0|0,0|0,0|0,0|0,0.5|1,0|0,0|0,0|0,0|1,0|1,1|1,0.5|1
68841cc3867b416318b37339f0bf1e3b65ddaf8f,0|0,0|0,0|0,0|0,0|0,0|0,0|0,0|0,0|0,0|0,0|0,0|0,0|0,0|0,0|0,0|0,0|0,0|0,0|0,0|0,0|0,0|0,0|0,0|0,0|0,0|0,0.5|1,0|0,0|0,0|0,0|1,0|1,1|1,0.5|1
422548f0356aaba93f522dccb703f3c33718c6ed,0|0,0|0,0|0,0|0,0|0,0|0,0|0,0|0,0|0,0|0,0|0,0|0,0|0,0|0,0|0,0|0,0|0,0|0,0|0,0|0,0|0,0|0,0|0,0|0,0|0,0|0,0.5|1,0|0,0|0,0|0,0|1,0|1,1|1,0.5|1
2dbff4883e40d540c3037adfbe023c25a9ed50ce,0|0,0|0,0|0,0|0,0|0,0|0,0|0,0|0,0|0,0|0,0|0,0|0,0|0,0|0,0|0,0|0,0|0,0|0,0|0,0|0,0|0,0|0,0|0,0|0,0|0,0|0,0.5|1,0|0,0|0,0|0,0|1,0|1,1|1,0.5|1
819fdc04304babf39660e49dcff6e9bc33d9a112,0|0,0|0,0|0,0|0,0|0,0|0,0|0,0|0,0|0,0|0,0|0,0|0,0|0,0|0,0|0,0|0,0|0,0|0,0|0,0|0,0|0,0|0,0|0,0|0,0|0,0|0,0.5|1,0|0,0|0,0|0,0|1,0|1,1|1,0.5|1
097754571e33fd27ef25bcb4d86e272083a1d90b,0|0,0|0,0|0,0|0,0|0,0|0,0|0,0|0,0|0,0|0,0|0,0|0,0|0,0|0,0|0,0|0,0|0,0|0,0|0,0|0,0|0,0|0,0|0,0|0,0|0,0|0,0.5|1,0|0,0|0,0|0,0|1,0|1,1|1,0.5|1
317537399fb89438b47c952942b19bec88269d6d,0|0,0|0,0|0,0|0,0|0,0|0,0|0,0|0,0|0,0|0,0|0,0|0,0|0,0|0,0|0,0|0,0|0,0|0,0|0,0|0,0|0,0|0,0|0,0|0,0|0,0|0,0.5|1,0|0,0|0,0|0,0|1,0|1,1|1,0.5|1
a9d15a1abbafad25938858a7534759209ea47d86,0|0,0|0,0|0,0|0,0|0,0|0,0|0,0|0,0|0,0|0,0|0,0|0,0|0,0|0,0|0,0|0,0|0,0|0,0|0,0|0,0|0,0|0,0|0,0|0,0|0,0|0,0.5|1,0|0,0|0,0|0,0|1,0|1,1|1,0.5|1
475f47b8814ae9c7551e80b1560902e014222645,0|0,0|0,0|0,0|0,0|0,0|0,0|0,0|0,0|0,0|0,0|0,0|0,0|0,0|0,0|0,0|0,0|0,0|0,0|0,0|0,0|0,0|0,0|0,0|0,0|0,0|0,0.5|1,0|0,0|0,0|0,0|1,0|1,1|1,0.5|1
94d2f00a511ed566fad467a7a7a8b9a208e054ae,0|0,0|0,0|0,0|0,0|0,0|0,0|0,0|0,0|0,0|0,0|0,0|0,0|0,0|0,0|0,0|0,0|0,0|0,0|0,0|0,0|0,0|0,0|0,0|0,0|0,0|0,0.5|1,0|0,0|0,0|0,0|1,0|1,1|1,0.5|1
878f8d5ccdc6473a6965d35af13bd123377b28b5,0|0,0|0,0|0,0|0,0|0,0|0,0|0,0|0,0|0,0|0,0|0,0|0,0|0,0|0,0|0,0|0,0|0,0|0,0|0,0|0,0|0,0|0,0|0,0|0,0|0,0|0,0.5|1,0|0,0|0,0|0,0|1,0|1,1|1,0.5|1
312c75eba9a64e03516b5a9ea418a6e79fb176dd,0|0,0|0,0|0,0|0,0|0,0|0,0|0,0|0,0|0,0|0,0|0,0|0,0|0,0|0,0|0,0|0,0|0,0|0,0|0,0|0,0|0,0|0,0|0,0|0,0|0,0|0,0.5|1,0|0,0|0,0|0,0|1,0|1,1|1,0.5|1
aeb122fcbb71b1733ee4f15d5657e77c8adc0552,0|0,0|0,0|0,0|0,0|0,0|0,0|0,0|0,0|0,0|0,0|0,0|0,0|0,0|0,0|0,0|0,0|0,0|0,0|0,0|0,0|0,0|0,0|0,0|0,0|0,0|0,0.5|1,0|0,0|0,0|0,0|1,0|1,1|1,0.5|1
829a4da9eb43a24a2ab98c92b4409c51a07b92d9,0|0,0|0,0|0,0|0,0|0,0|0,0|0,0|0,0|0,0|0,0|0,0|0,0|0,0|0,0|0,0|0,0|0,0|0,0|0,0|0,0|0,0|0,0|0,0|0,0|0,0|0,0.5|1,0|0,0|0,0|0,0|1,0|1,1|1,0.5|1
318343e6636d0b0e988cf6dde1b5e60f2b2ef1d8,0|0,0|0,0|0,0|0,0|0,0|0,0|0,0|0,0|0,0|0,0|0,0|0,0|0,0|0,0|0,0|0,0|0,0|0,0|0,0|0,0|0,0|0,0|0,0|0,0|0,0|0,0.5|1,0|0,0|0,0|0,0|1,0|1,1|1,0.5|1
945aef15bb3bdda0797c7fb1186dd0c9aba1cedb,0|0,0|0,0|0,0|0,0|0,0|0,0|0,0|0,0|0,0|0,0|0,0|0,0|0,0|0,0|0,0|0,0|0,0|0,0|0,0|0,0|0,0|0,0|0,0|0,0|0,0|0,0.5|1,0|0,0|0,0|0,0|1,0|1,1|1,0.5|1
9767c987df67abc2e8600218c1d90c103dc9226a,0|0,0|0,0|0,0|0,0|0,0|0,0|0,0|0,0|0,0|0,0|0,0|0,0|0,0|0,0|0,0|0,0|0,0|0,0|0,0|0,0|0,0|0,0|0,0|0,0|0,0|0,0.5|1,0|0,0|0,0|0,0|1,0|1,1|1,0.5|1
d9a3e482ba876ec4e464323a00ee9d407b65869f,0|0,0|0,0|0,0|0,0|0,0|0,0|0,0|0,0|0,0|0,0|0,0|0,0|0,0|0,0|0,0|0,0|0,0|0,0|0,0|0,0|0,0|0,0|0,0|0,0|0,0|0,0.5|1,0|0,0|0,0|0,0|1,0|1,1|1,0.5|1
2954de3005b52d8b985d0626551a0509723cf1c7,0|0,0|0,0|0,0|0,0|0,0|0,0|0,0|0,0|0,0|0,0|0,0|0,0|0,0|0,0|0,0|0,0|0,0|0,0|0,0|0,0|0,0|0,0|0,0|0,0|0,0|0,0.5|1,0|0,0|0,0|0,0|1,0|1,1|1,0.5|1
ca9d7c6f42e9c95d78b896ebd875bcf54b2affce,0|0,0|0,0|0,0|0,0|0,0|0,0|0,0|0,0|0,0|0,0|0,0|0,0|0,0|0,0|0,0|0,0|0,0|0,0|0,0|0,0|0,0|0,0|0,0|0,0|0,0|0,0.5|1,0|0,0|0,0|0,0|1,0|1,1|1,0.5|1
d0b73f86196138b3c53444e9fea07693ec2d8191,0|0,0|0,0|0,0|0,0|0,0|0,0|0,0|0,0|0,0|0,0|0,0|0,0|0,0|0,0|0,0|0,0|0,0|0,0|0,0|0,0|0,0|0,0|0,0|0,0|0,0|0,0.5|1,0|0,0|0,0|0,0|1,0|1,1|1,0.5|1
439d9048b5f1e4ebc355c7ab9fdeda270cb05e49,0|0,0|0,0|0,0|0,0|0,0|0,0|0,0|0,0|0,0|0,0|0,0|0,0|0,0|0,0|0,0|0,0|0,0|0,0|0,0|0,0|0,0|0,0|0,0|0,0|0,0|0,0.5|1,0|0,0|0,0|0,0|1,0|1,1|1,0.5|1
8123f7ea5de9066c28a8660b6157d8d5804709b1,0|0,0|0,0|0,0|0,0|0,0|0,0|0,0|0,0|0,0|0,0|0,0|0,0|0,0|0,0|0,0|0,0|0,0|0,0|0,0|0,0|0,0|0,0|0,0|0,0|0,0|0,0.5|1,0|0,0|0,0|0,0|1,0|1,1|1,0.5|1
6de4189182f11b07e155e0c56f168b8a1de85b42,0|0,0|0,0|0,0|0,0|0,0|0,0|0,0|0,0|0,0|0,0|0,0|0,0|0,0|0,0|0,0|0,0|0,0|0,0|0,0|0,0|0,0|0,0|0,0|0,0|0,0|0,0.5|1,0|0,0|0,0|0,0|1,0|1,1|1,0.5|1
f7beca08ea2abf0defe40afe1850fdf5ac333cd2,0|0,0|0,0|0,0|0,0|0,0|0,0|0,0|0,0|0,0|0,0|0,0|0,0|0,0|0,0|0,0|0,0|0,0|0,0|0,0|0,0|0,0|0,0|0,0|0,0|0,0|0,0.5|1,0|0,0|0,0|0,0|1,0|1,1|1,0.5|1
43d79845948e4ddc4b92129ba0fb6696ab2c84d4,0|0,0|0,0|0,0|0,0|0,0|0,0|0,0|0,0|0,0|0,0|0,0|0,0|0,0|0,0|0,0|0,0|0,0|0,0|0,0|0,0|0,0|0,0|0,0|0,0|0,0|0,0.5|1,0|0,0|0,0|0,0|1,0|1,1|1,0.5|1
b9579fbfc5fcb7aa237341f658838e343c005491,0|0,0|0,0|0,0|0,0|0,0|0,0|0,0|0,0|0,0|0,0|0,0|0,0|0,0|0,0|0,0|0,0|0,0|0,0|0,0|0,0|0,0|0,0|0,0|0,0|0,0|0,0.5|1,0|0,0|0,0|0,0|1,0|1,1|1,0.5|1
1e65a17e908aa7f83dbfa8cc689dce71546ed46d,0|0,0|0,0|0,0|0,0|0,0|0,0|0,0|0,0|0,0|0,0|0,0|0,0|0,0|0,0|0,0|0,0|0,0|0,0|0,0|0,0|0,0|0,0|0,0|0,0|0,0|0,0.5|1,0|0,0|0,0|0,0|1,0|1,1|1,0.5|1
e347c44e842b86156ba7305b293b689edb5700b7,0|0,0|0,0|0,0|0,0|0,0|0,0|0,0|0,0|0,0|0,0|0,0|0,0|0,0|0,0|0,0|0,0|0,0|0,0|0,0|0,0|0,0|0,0|0,0|0,0|0,0|0,0.5|1,0|0,0|0,0|0,0|1,0|1,1|1,0.5|1
323e0b097a4107431b363c443457a877d4b74758,0|0,0|0,0|0,0|0,0|0,0|0,0|0,0|0,0|0,0|0,0|0,0|0,0|0,0|0,0|0,0|0,0|0,0|0,0|0,0|0,0|0,0|0,0|0,0|0,0|0,0|0,0.5|1,0|0,0|0,0|0,0|1,0|1,1|1,0.5|1
e7b610941fe8fd1d72e318b161facfaa464eab80,0|0,0|0,0|0,0|0,0|0,0|0,0|0,0|0,0|0,0|0,0|0,0|0,0|0,0|0,0|0,0|0,0|0,0|0,0|0,0|0,0|0,0|0,0|0,0|0,0|0,0|0,0.5|1,0|0,0|0,0|0,0|1,0|1,1|1,0.5|1
a03fadfb3fd9f106f30d242a7fc5d29a00956cf8,0|0,0|0,0|0,0|0,0|0,0|0,0|0,0|0,0|0,0|0,0|0,0|0,0|0,0|0,0|0,0|0,0|0,0|0,0|0,0|0,0|0,0|0,0|0,0|0,0|0,0|0,0.5|1,0|0,0|0,0|0,0|1,0|1,1|1,0.5|1
83d00f2316e8c1dc9a2d5fa2c89de7d94f9ac00e,0|0,0|0,0|0,0|0,0|0,0|0,0|0,0|0,0|0,0|0,0|0,0|0,0|0,0|0,0|0,0|0,0|0,0|0,0|0,0|0,0|0,0|0,0|0,0|0,0|0,0|0,0.5|1,0|0,0|0,0|0,0|1,0|1,1|1,0.5|1
66ae0a4812efaa852dc8323a2af943688c0305f1,0|0,0|0,0|0,0|0,0|0,0|0,0|0,0|0,0|0,0|0,0|0,0|0,0|0,0|0,0|0,0|0,0|0,0|0,0|0,0|0,0|0,0|0,0|0,0|0,0|0,0|0,0.5|1,0|0,0|0,0|0,0|1,0|1,1|1,0.5|1
58d05a82047d594a1b61d05c35cf6fb58ca4cb86,0|0,0|0,0|0,0|0,0|0,0|0,0|0,0|0,0|0,0|0,0|0,0|0,0|0,0|0,0|0,0|0,0|0,0|0,0|0,0|0,0|0,0|0,0|0,0|0,0|0,0|0,0.5|1,0|0,0|0,0|0,0|1,0|1,1|1,0.5|1
bfd650f004c87a9c6a163717a9fa2957166f83a2,0|0,0|0,0|0,0|0,0|0,0|0,0|0,0|0,0|0,0|0,0|0,0|0,0|0,0|0,0|0,0|0,0|0,0|0,0|0,0|0,0|0,0|0,0|0,0|0,0|0,0|0,0.5|1,0|0,0|0,0|0,0|1,0|1,1|1,0.5|1
60c1023934322625bb7dc2095bd8e6f1d821d24d,0|0,0|0,0|0,0|0,0|0,0|0,0|0,0|0,0|0,0|0,0|0,0|0,0|0,0|0,0|0,0|0,0|0,0|0,0|0,0|0,0|0,0|0,0|0,0|0,0|0,0|0,0.5|1,0|0,0|0,0|0,0|1,0|1,1|1,0.5|1
cb21c695959f0dd887101d2b17912b95f39f6733,0|0,0|0,0|0,0|0,0|0,0|0,0|0,0|0,0|0,0|0,0|0,0|0,0|0,0|0,0|0,0|0,0|0,0|0,0|0,0|0,0|0,0|0,0|0,0|0,0|0,0|0,0.5|1,0|0,0|0,0|0,0|1,0|1,1|1,0.5|1
6644b8877dfc77dc1c5cca6459b7837f25e51e01,0|0,0|0,0|0,0|0,0|0,0|0,0|0,0|0,0|0,0|0,0|0,0|0,0|0,0|0,0|0,0|0,0|0,0|0,0|0,0|0,0|0,0|0,0|0,0|0,0|0,0|0,0.5|1,0|0,0|0,0|0,0|1,0|1,1|1,0.5|1
b5a45745fe062c145124f12442d13d683791302b,0|0,0|0,0|0,0|0,0|0,0|0,0|0,0|0,0|0,0|0,0|0,0|0,0|0,0|0,0|0,0|0,0|0,0|0,0|0,0|0,0|0,0|0,0|0,0|0,0|0,0|0,0.5|1,0|0,0|0,0|0,0|1,0|1,1|1,0.5|1
4489a08367f14be31dd67c4118dc6a6ccbfa3475,0|0,0|0,0|0,0|0,0|0,0|0,0|0,0|0,0|0,0|0,0|0,0|0,0|0,0|0,0|0,0|0,0|0,0|0,0|0,0|0,0|0,0|0,0|0,0|0,0|0,0|0,0.5|1,0|0,0|0,0|0,0|1,0|1,1|1,0.5|1
f5fad7e266e69aa81af7446fedd04e69e01c7e7c,0|0,0|0,0|0,0|0,0|0,0|0,0|0,0|0,0|0,0|0,0|0,0|0,0|0,0|0,0|0,0|0,0|0,0|0,0|0,0|0,0|0,0|0,0|0,0|0,0|0,0|0,0.5|1,0|0,0|0,0|0,0|1,0|1,1|1,0.5|1
5a3a6f66e73d9f7ebb1a817611d13661573dfa40,0|0,0|0,0|0,0|0,0|0,0|0,0|0,0|0,0|0,0|0,0|0,0|0,0|0,0|0,0|0,0|0,0|0,0|0,0|0,0|0,0|0,0|0,0|0,0|0,0|0,0|0,0.5|1,0|0,0|0,0|0,0|1,0|1,1|1,0.5|1
665592e38a92b1701ede295b506c3231064d72c2,0|0,0|0,0|0,0|0,0|0,0|0,0|0,0|0,0|0,0|0,0|0,0|0,0|0,0|0,0|0,0|0,0|0,0|0,0|0,0|0,0|0,0|0,0|0,0|0,0|0,0|0,0.5|1,0|0,0|0,0|0,0|1,0|1,1|1,0.5|1
f24f6b9ee5e81e7cc2377d1c65ca8fe0e7fa52ca,0|0,0|0,0|0,0|0,0|0,0|0,0|0,0|0,0|0,0|0,0|0,0|0,0|0,0|0,0|0,0|0,0|0,0|0,0|0,0|0,0|0,0|0,0|0,0|0,0|0,0|0,0.5|1,0|0,0|0,0|0,0|1,0|1,1|1,0.5|1
8ff8d00dd337bd3432dc1f7614c50c68d0a18518,0|0,0|0,0|0,0|0,0|0,0|0,0|0,0|0,0|0,0|0,0|0,0|0,0|0,0|0,0|0,0|0,0|0,0|0,0|0,0|0,0|0,0|0,0|0,0|0,0|0,0|0,0.5|1,0|0,0|0,0|0,0|1,0|1,1|1,0.5|1
517dd1fd22002c1387f3210f5df791142adf5c96,0|0,0|0,0|0,0|0,0|0,0|0,0|0,0|0,0|0,0|0,0|0,0|0,0|0,0|0,0|0,0|0,0|0,0|0,0|0,0|0,0|0,0|0,0|0,0|0,0|0,0|0,0.5|1,0|0,0|0,0|0,0|1,0|1,1|1,0.5|1
510df9394b2582a5340b0c2ac81beca9f991e7a7,0|0,0|0,0|0,0|0,0|0,0|0,0|0,0|0,0|0,0|0,0|0,0|0,0|0,0|0,0|0,0|0,0|0,0|0,0|0,0|0,0|0,0|0,0|0,0|0,0|0,0|0,0.5|1,0|0,0|0,0|0,0|1,0|1,1|1,0.5|1
62696b2aab29e2a8bb2cf6967032433a327ae988,0|0,0|0,0|0,0|0,0|0,0|0,0|0,0|0,0|0,0|0,0|0,0|0,0|0,0|0,0|0,0|0,0|0,0|0,0|0,0|0,0|0,0|0,0|0,0|0,0|0,0|0,0.5|1,0|0,0|0,0|0,0|1,0|1,1|1,0.5|1
019118e3d1d24b847da348e5a28520359c227785,0|0,0|0,0|0,0|0,0|0,0|0,0|0,0|0,0|0,0|0,0|0,0|0,0|0,0|0,0|0,0|0,0|0,0|0,0|0,0|0,0|0,0|0,0|0,0|0,0|0,0|0,0.5|1,0|0,0|0,0|0,0|1,0|1,1|1,0.5|1
22b900bf78c6df9b08605a9723fd1a10d95adfcb,0|0,0|0,0|0,0|0,0|0,0|0,0|0,0|0,0|0,0|0,0|0,0|0,0|0,0|0,0|0,0|0,0|0,0|0,0|0,0|0,0|0,0|0,0|0,0|0,0|0,0|0,0.5|1,0|0,0|0,0|0,0|1,0|1,1|1,0.5|1
2e813b0c5762bca2672c0ee50242c1e667677f82,0|0,0|0,0|0,0|0,0|0,0|0,0|0,0|0,0|0,0|0,0|0,0|0,0|0,0|0,0|0,0|0,0|0,0|0,0|0,0|0,0|0,0|0,0|0,0|0,0|0,0|0,0.5|1,0|0,0|0,0|0,0|1,0|1,1|1,0.5|1
b727d1508965ffedc2d93de732617a0f45c07254,0|0,0|0,0|0,0|0,0|0,0|0,0|0,0|0,0|0,0|0,0|0,0|0,0|0,0|0,0|0,0|0,0|0,0|0,0|0,0|0,0|0,0|0,0|0,0|0,0|0,0|0,0.5|1,0|0,0|0,0|0,0|1,0|1,1|1,0.5|1
e751187b24ac2eccf986e562428cb529ae495d87,0|0,0|0,0|0,0|0,0|0,0|0,0|0,0|0,0|0,0|0,0|0,0|0,0|0,0|0,0|0,0|0,0|0,0|0,0|0,0|0,0|0,0|0,0|0,0|0,0|0,0|0,0.5|1,0|0,0|0,0|0,0|1,0|1,1|1,0.5|1
0a6fb43eb6afc2c9340e9692bbbea230c235183d,0|0,0|0,0|0,0|0,0|0,0|0,0|0,0|0,0|0,0|0,0|0,0|0,0|0,0|0,0|0,0|0,0|0,0|0,0|0,0|0,0|0,0|0,0|0,0|0,0|0,0|0,0.5|1,0|0,0|0,0|0,0|1,0|1,1|1,0.5|1
cbd6a7c1579326bf11799867860bddeb24d2ec1e,0|0,0|0,0|0,0|0,0|0,0|0,0|0,0|0,0|0,0|0,0|0,0|0,0|0,0|0,0|0,0|0,0|0,0|0,0|0,0|0,0|0,0|0,0|0,0|0,0|0,0|0,0.5|1,0|0,0|0,0|0,0|1,0|1,1|1,0.5|1
91891a3f67e037fa2e1e1bff5a267f507c5d6692,0|0,0|0,0|0,0|0,0|0,0|0,0|0,0|0,0|0,0|0,0|0,0|0,0|0,0|0,0|0,0|0,0|0,0|0,0|0,0|0,0|0,0|0,0|0,0|0,0|0,0|0,0.5|1,0|0,0|0,0|0,0|1,0|1,1|1,0.5|1
e0c3f9d4106ab403a5134b1a1492f7aba07db6a4,0|0,0|0,0|0,0|0,0|0,0|0,0|0,0|0,0|0,0|0,0|0,0|0,0|0,0|0,0|0,0|0,0|0,0|0,0|0,0|0,0|0,0|0,0|0,0|0,0|0,0|0,0.5|1,0|0,0|0,0|0,0|1,0|1,1|1,0.5|1
eb5849394705673ea7412fb7d25a2a9d014c023c,0|0,0|0,0|0,0|0,0|0,0|0,0|0,0|0,0|0,0|0,0|0,0|0,0|0,0|0,0|0,0|0,0|0,0|0,0|0,0|0,0|0,0|0,0|0,0|0,0|0,0|0,0.5|1,0|0,0|0,0|0,0|1,0|1,1|1,0.5|1
c72ed9ef2f5cb868919d08b1f91582c1b9ff68d4,0|0,0|0,0|0,0|0,0|0,0|0,0|0,0|0,0|0,0|0,0|0,0|0,0|0,0|0,0|0,0|0,0|0,0|0,0|0,0|0,0|0,0|0,0|0,0|0,0|0,0|0,0.5|1,0|0,0|0,0|0,0|1,0|1,1|1,0.5|1
a4bb72606a108f62eb669ea8089f9a222fc37794,0|0,0|0,0|0,0|0,0|0,0|0,0|0,0|0,0|0,0|0,0|0,0|0,0|0,0|0,0|0,0|0,0|0,0|0,0|0,0|0,0|0,0|0,0|0,0|0,0|0,0|0,0.5|1,0|0,0|0,0|0,0|1,0|1,1|1,0.5|1
4a7ce33845740ecbb4238cefab1df38a8e26d15c,0|0,0|0,0|0,0|0,0|0,0|0,0|0,0|0,0|0,0|0,0|0,0|0,0|0,0|0,0|0,0|0,0|0,0|0,0|0,0|0,0|0,0|0,0|0,0|0,0|0,0|0,0.5|1,0|0,0|0,0|0,0|1,0|1,1|1,0.5|1
3304bcd071dcc77c30c5f35a3731a16ba03eb4db,0|0,0|0,0|0,0|0,0|0,0|0,0|0,0|0,0|0,0|0,0|0,0|0,0|0,0|0,0|0,0|0,0|0,0|0,0|0,0|0,0|0,0|0,0|0,0|0,0|0,0|0,0.5|1,0|0,0|0,0|0,0|1,0|1,1|1,0.5|1
b6e2e566de68dfa56f032c3abb66d8fd6cd129f7,0|0,0|0,0|0,0|0,0|0,0|0,0|0,0|0,0|0,0|0,0|0,0|0,0|0,0|0,0|0,0|0,0|0,0|0,0|0,0|0,0|0,0|0,0|0,0|0,0|0,0|0,0.5|1,0|0,0|0,0|0,0|1,0|1,1|1,0.5|1
24e02706c2e3d4e68509dd378ee241bf1486bce0,0|0,0|0,0|0,0|0,0|0,0|0,0|0,0|0,0|0,0|0,0|0,0|0,0|0,0|0,0|0,0|0,0|0,0|0,0|0,0|0,0|0,0|0,0|0,0|0,0|0,0|0,0.5|1,0|0,0|0,0|0,0|1,0|1,1|1,0.5|1
f2aab501087011c5958004f77a4965d652267568,0|0,0|0,0|0,0|0,0|0,0|0,0|0,0|0,0|0,0|0,0|0,0|0,0|0,0|0,0|0,0|0,0|0,0|0,0|0,0|0,0|0,0|0,0|0,0|0,0|0,0|0,0.5|1,0|0,0|0,0|0,0|1,0|1,1|1,0.5|1
be30e1be61028487ee93f029e4bcc8615cb5b904,0|0,0|0,0|0,0|0,0|0,0|0,0|0,0|0,0|0,0|0,0|0,0|0,0|0,0|0,0|0,0|0,0|0,0|0,0|0,0|0,0|0,0|0,0|0,0|0,0|0,0|0,0.5|1,0|0,0|0,0|0,0|1,0|1,1|1,0.5|1
e8474c157d67d738490e3f1336a219546d51a960,0|0,0|0,0|0,0|0,0|0,0|0,0|0,0|0,0|0,0|0,0|0,0|0,0|0,0|0,0|0,0|0,0|0,0|0,0|0,0|0,0|0,0|0,0|0,0|0,0|0,0|0,0.5|1,0|0,0|0,0|0,0|1,0|1,1|1,0.5|1
d571f3f30e2ca26d520528d8315a66ea2a4f28cb,0|0,0|0,0|0,0|0,0|0,0|0,0|0,0|0,0|0,0|0,0|0,0|0,0|0,0|0,0|0,0|0,0|0,0|0,0|0,0|0,0|0,0|0,0|0,0|0,0|0,0|0,0.5|1,0|0,0|0,0|0,0|1,0|1,1|1,0.5|1
8b473c8b30776c9bc77af8c44099869e5f6f0a33,0|0,0|0,0|0,0|0,0|0,0|0,0|0,0|0,0|0,0|0,0|0,0|0,0|0,0|0,0|0,0|0,0|0,0|0,0|0,0|0,0|0,0|0,0|0,0|0,0|0,0|0,0.5|1,0|0,0|0,0|0,0|1,0|1,1|1,0.5|1
230ef6c91f8a05a4c66c37a8a7310db7461ef013,0|0,0|0,0|0,0|0,0|0,0|0,0|0,0|0,0|0,0|0,0|0,0|0,0|0,0|0,0|0,0|0,0|0,0|0,0|0,0|0,0|0,0|0,0|0,0|0,0|0,0|0,0.5|1,0|0,0|0,0|0,0|1,0|1,1|1,0.5|1
dc1cae17604a74c0a6572bc1fd517400e9479055,,,,,,,,,,,,,,,,,,,,,,,,,,,,,,,,,,
86d67cca42c04b8d18ed68f5ba13411bd204eaab,0|0,0|0,0|0,0|0,0|0,0|0,0|0,0|0,0|0,0|0,0|0,0|0,0|0,0|0,0|0,0|0,0|0,0|0,0|0,0|0,0|0,0|0,0|0,0|0,0|0,0|0,0.5|1,0|0,0|0,0|0,0|1,0|1,1|1,0.5|1
ca17c047708c7f26a7982d6a91cc7cd5661c5e5a,0|0,0|0,0|0,0|0,0|0,0|0,0|0,0|0,0|0,0|0,0|0,0|0,0|0,0|0,0|0,0|0,0|0,0|0,0|0,0|0,0|0,0|0,0|0,0|0,0|0,0|0,0.5|1,0|0,0|0,0|0,0|1,0|1,1|1,0.5|1
14f8cabab9eb001e6db30e13ca5a87835b2292bc,0|0,0|0,0|0,0|0,0|0,0|0,0|0,0|0,0|0,0|0,0|0,0|0,0|0,0|0,0|0,0|0,0|0,0|0,0|0,0|0,0|0,0|0,0|0,0|0,0|0,0|0,0.5|1,0|0,0|0,0|0,0|1,0|1,1|1,0.5|1
b3786cca1131db6f6d9b162694ec1972c7480970,0|0,0|0,0|0,0|0,0|0,0|0,0|0,0|0,0|0,0|0,0|0,0|0,0|0,0|0,0|0,0|0,0|0,0|0,0|0,0|0,0|0,0|0,0|0,0|0,0|0,0|0,0.5|1,0|0,0|0,0|0,0|1,0|1,1|1,0.5|1
bcb1b9267ffa9a026856bbf111325144f5d83454,0|0,0|0,0|0,0|0,0|0,0|0,0|0,0|0,0|0,0|0,0|0,0|0,0|0,0|0,0|0,0|0,0|0,0|0,0|0,0|0,0|0,0|0,0|0,0|0,0|0,0|0,0.5|1,0|0,0|0,0|0,0|1,0|1,1|1,0.5|1
697d9537aad9113e481d5e3ccd042ec46fa8c094,0|0,0|0,0|0,0|0,0|0,0|0,0|0,0|0,0|0,0|0,0|0,0|0,0|0,0|0,0|0,0|0,0|0,0|0,0|0,0|0,0|0,0|0,0|0,0|0,0|0,0|0,0.5|1,0|0,0|0,0|0,0|1,0|1,1|1,0.5|1
71fb55721bd5886e9ed6a35c3d5a82568a27b359,0|0,0|0,0|0,0|0,0|0,0|0,0|0,0|0,0|0,0|0,0|0,0|0,0|0,0|0,0|0,0|0,0|0,0|0,0|0,0|0,0|0,0|0,0|0,0|0,0|0,0|0,0.5|1,0|0,0|0,0|0,0|1,0|1,1|1,0.5|1
d30aa80876acf75030e7c6f38a6de241afa66da8,0|0,0|0,0|0,0|0,0|0,0|0,0|0,0|0,0|0,0|0,0|0,0|0,0|0,0|0,0|0,0|0,0|0,0|0,0|0,0|0,0|0,0|0,0|0,0|0,0|0,0|0,0.5|1,0|0,0|0,0|0,0|1,0|1,1|1,0.5|1
e86541c24956d64eba95fcf6c18bf56df8dc73d4,0|0,0|0,0|0,0|0,0|0,0|0,0|0,0|0,0|0,0|0,0|0,0|0,0|0,0|0,0|0,0|0,0|0,0|0,0|0,0|0,0|0,0|0,0|0,0|0,0|0,0|0,0.5|1,0|0,0|0,0|0,0|1,0|1,1|1,0.5|1
e67eb5d450cab48c1d9af2f6294b78d6264dbde7,0|0,0|0,0|0,0|0,0|0,0|0,0|0,0|0,0|0,0|0,0|0,0|0,0|0,0|0,0|0,0|0,0|0,0|0,0|0,0|0,0|0,0|0,0|0,0|0,0|0,0|0,0.5|1,0|0,0|0,0|0,0|1,0|1,1|1,0.5|1
6789e6e6d75bc5d1d516b5828e5657c566b7cea9,0|0,0|0,0|0,0|0,0|0,0|0,0|0,0|0,0|0,0|0,0|0,0|0,0|0,0|0,0|0,0|0,0|0,0|0,0|0,0|0,0|0,0|0,0|0,0|0,0|0,0|0,0.5|1,0|0,0|0,0|0,0|1,0|1,1|1,0.5|1
2e4751dee3bc42f394fb4542aef1a16f556d5162,0|0,0|0,0|0,0|0,0|0,0|0,0|0,0|0,0|0,0|0,0|0,0|0,0|0,0|0,0|0,0|0,0|0,0|0,0|0,0|0,0|0,0|0,0|0,0|0,0|0,0|0,0.5|1,0|0,0|0,0|0,0|1,0|1,1|1,0.5|1
4dc21429684c14a465b5974db54a6d0c80b9f4c9,0|0,0|0,0|0,0|0,0|0,0|0,0|0,0|0,0|0,0|0,0|0,0|0,0|0,0|0,0|0,0|0,0|0,0|0,0|0,0|0,0|0,0|0,0|0,0|0,0|0,0|0,0.5|1,0|0,0|0,0|0,0|1,0|1,1|1,0.5|1
0d0690736c59b097dfc5bec1290080396ba7f91b,0|0,0|0,0|0,0|0,0|0,0|0,0|0,0|0,0|0,0|0,0|0,0|0,0|0,0|0,0|0,0|0,0|0,0|0,0|0,0|0,0|0,0|0,0|0,0|0,0|0,0|0,0.5|1,0|0,0|0,0|0,0|1,0|1,1|1,0.5|1
e8f4fd016984ad9e82ea5dd6eaf187bc89bb94bb,0|0,0|0,0|0,0|0,0|0,0|0,0|0,0|0,0|0,0|0,0|0,0|0,0|0,0|0,0|0,0|0,0|0,0|0,0|0,0|0,0|0,0|0,0|0,0|0,0|0,0|0,0.5|1,0|0,0|0,0|0,0|1,0|1,1|1,0.5|1
5baa586da7590be44d6659fd0b4bd0558dd6aad7,0|0,0|0,0|0,0|0,0|0,0|0,0|0,0|0,0|0,0|0,0|0,0|0,0|0,0|0,0|0,0|0,0|0,0|0,0|0,0|0,0|0,0|0,0|0,0|0,0|0,0|0,0.5|1,0|0,0|0,0|0,0|1,0|1,1|1,0.5|1
9fbe10ed0335f486c78ac0ee4ad8d73ee1f61063,0|0,0|0,0|0,0|0,0|0,0|0,0|0,0|0,0|0,0|0,0|0,0|0,0|0,0|0,0|0,0|0,0|0,0|0,0|0,0|0,0|0,0|0,0|0,0|0,0|0,0|0,0.5|1,0|0,0|0,0|0,0|1,0|1,1|1,0.5|1
5b230085ba9f462d8635b35c40ade238f0e81e29,0|0,0|0,0|0,0|0,0|0,0|0,0|0,0|0,0|0,0|0,0|0,0|0,0|0,0|0,0|0,0|0,0|0,0|0,0|0,0|0,0|0,0|0,0|0,0|0,0|0,0|0,0.5|1,0|0,0|0,0|0,0|1,0|1,1|1,0.5|1
52fcbe87ee5a116491de19a7953b30e25f6b07b0,0|0,0|0,0|0,0|0,0|0,0|0,0|0,0|0,0|0,0|0,0|0,0|0,0|0,0|0,0|0,0|0,0|0,0|0,0|0,0|0,0|0,0|0,0|0,0|0,0|0,0|0,0.5|1,0|0,0|0,0|0,0|1,0|1,1|1,0.5|1
6c97ddcbfa53cf8fd6b055cf5461c6cdc72e1806,0|0,0|0,0|0,0|0,0|0,0|0,0|0,0|0,0|0,0|0,0|0,0|0,0|0,0|0,0|0,0|0,0|0,0|0,0|0,0|0,0|0,0|0,0|0,0|0,0|0,0|0,0.5|1,0|0,0|0,0|0,0|1,0|1,1|1,0.5|1
6671512f12baeb78779357206178210b411c46b8,0|0,0|0,0|0,0|0,0|0,0|0,0|0,0|0,0|0,0|0,0|0,0|0,0|0,0|0,0|0,0|0,0|0,0|0,0|0,0|0,0|0,0|0,0|0,0|0,0|0,0|0,0.5|1,0|0,0|0,0|0,0|1,0|1,1|1,0.5|1
8a69edb8d63668993cf0a7c0ab3a8554dbeaf1e6,0|0,0|0,0|0,0|0,0|0,0|0,0|0,0|0,0|0,0|0,0|0,0|0,0|0,0|0,0|0,0|0,0|0,0|0,0|0,0|0,0|0,0|0,0|0,0|0,0|0,0|0,0.5|1,0|0,0|0,0|0,0|1,0|1,1|1,0.5|1
1ae637122c09f97acf3849212c07eb4c75d7b84f,0|0,0|0,0|0,0|0,0|0,0|0,0|0,0|0,0|0,0|0,0|0,0|0,0|0,0|0,0|0,0|0,0|0,0|0,0|0,0|0,0|0,0|0,0|0,0|0,0|0,0|0,0.5|1,0|0,0|0,0|0,0|1,0|1,1|1,0.5|1
b1149394af76e64f74a92ec48e1f94b5e6d91b9b,0|0,0|0,0|0,0|0,0|0,0|0,0|0,0|0,0|0,0|0,0|0,0|0,0|0,0|0,0|0,0|0,0|0,0|0,0|0,0|0,0|0,0|0,0|0,0|0,0|0,0|0,0.5|1,0|0,0|0,0|0,0|1,0|1,1|1,0.5|1
66b5cb2891e8a65a886de140c1097f2c30be2beb,0|0,0|0,0|0,0|0,0|0,0|0,0|0,0|0,0|0,0|0,0|0,0|0,0|0,0|0,0|0,0|0,0|0,0|0,0|0,0|0,0|0,0|0,0|0,0|0,0|0,0|0,0.5|1,0|0,0|0,0|0,0|1,0|1,1|1,0.5|1
21621cde559a5ddcbd13e568a3b77e5c96c2c69d,0|0,0|0,0|0,0|0,0|0,0|0,0|0,0|0,0|0,0|0,0|0,0|0,0|0,0|0,0|0,0|0,0|0,0|0,0|0,0|0,0|0,0|0,0|0,0|0,0|0,0|0,0.5|1,0|0,0|0,0|0,0|1,0|1,1|1,0.5|1
9570bf7c0c0c93200b9eec555dc0c10085777d49,0|0,0|0,0|0,0|0,0|0,0|0,0|0,0|0,0|0,0|0,0|0,0|0,0|0,0|0,0|0,0|0,0|0,0|0,0|0,0|0,0|0,0|0,0|0,0|0,0|0,0|0,0.5|1,0|0,0|0,0|0,0|1,0|1,1|1,0.5|1
35db0f694137774e7ac72eb9035c0ad58f4f05bb,0|0,0|0,0|0,0|0,0|0,0|0,0|0,0|0,0|0,0|0,0|0,0|0,0|0,0|0,0|0,0|0,0|0,0|0,0|0,0|0,0|0,0|0,0|0,0|0,0|0,0|0,0.5|1,0|0,0|0,0|0,0|1,0|1,1|1,0.5|1
3a1cd3c75af5f3551928b0e3c32e93050131ff0c,0|0,0|0,0|0,0|0,0|0,0|0,0|0,0|0,0|0,0|0,0|0,0|0,0|0,0|0,0|0,0|0,0|0,0|0,0|0,0|0,0|0,0|0,0|0,0|0,0|0,0|0,0.5|1,0|0,0|0,0|0,0|1,0|1,1|1,0.5|1
fc08d1ffcc77942377dab86e196aad7cfc2f3339,0|0,0|0,0|0,0|0,0|0,0|0,0|0,0|0,0|0,0|0,0|0,0|0,0|0,0|0,0|0,0|0,0|0,0|0,0|0,0|0,0|0,0|0,0|0,0|0,0|0,0|0,0.5|1,0|0,0|0,0|0,0|1,0|1,1|1,0.5|1
8c5033590b9e8333ae2cd32058459354382863ae,0|0,0|0,0|0,0|0,0|0,0|0,0|0,0|0,0|0,0|0,0|0,0|0,0|0,0|0,0|0,0|0,0|0,0|0,0|0,0|0,0|0,0|0,0|0,0|0,0|0,0|0,0.5|1,0|0,0|0,0|0,0|1,0|1,1|1,0.5|1
6548d168059391174c0a93c25de5980ad876343f,0|0,0|0,0|0,0|0,0|0,0|0,0|0,0|0,0|0,0|0,0|0,0|0,0|0,0|0,0|0,0|0,0|0,0|0,0|0,0|0,0|0,0|0,0|0,0|0,0|0,0|0,0.5|1,0|0,0|0,0|0,0|1,0|1,1|1,0.5|1
1081c5b2ce2498f5c92afe98c58af7cec3d435aa,0|0,0|0,0|0,0|0,0|0,0|0,0|0,0|0,0|0,0|0,0|0,0|0,0|0,0|0,0|0,0|0,0|0,0|0,0|0,0|0,0|0,0|0,0|0,0|0,0|0,0|0,0.5|1,0|0,0|0,0|0,0|1,0|1,1|1,0.5|1
20dfceb78f68c09d53e2c15db3795ab4a76fc5e6,0|0,0|0,0|0,0|0,0|0,0|0,0|0,0|0,0|0,0|0,0|0,0|0,0|0,0|0,0|0,0|0,0|0,0|0,0|0,0|0,0|0,0|0,0|0,0|0,0|0,0|0,0.5|1,0|0,0|0,0|0,0|1,0|1,1|1,0.5|1
f7f92cb5548a0751dd6f822bc4352ffad964bb78,0|0,0|0,0|0,0|0,0|0,0|0,0|0,0|0,0|0,0|0,0|0,0|0,0|0,0|0,0|0,0|0,0|0,0|0,0|0,0|0,0|0,0|0,0|0,0|0,0|0,0|0,0.5|1,0|0,0|0,0|0,0|1,0|1,1|1,0.5|1
260aa67b43b319718d09df84c91a833d511d266a,0|0,0|0,0|0,0|0,0|0,0|0,0|0,0|0,0|0,0|0,0|0,0|0,0|0,0|0,0|0,0|0,0|0,0|0,0|0,0|0,0|0,0|0,0|0,0|0,0|0,0|0,0.5|1,0|0,0|0,0|0,0|1,0|1,1|1,0.5|1
ffbe0dd2281972f82214bd795ba456f4ff75b2c1,0|0,0|0,0|0,0|0,0|0,0|0,0|0,0|0,0|0,0|0,0|0,0|0,0|0,0|0,0|0,0|0,0|0,0|0,0|0,0|0,0|0,0|0,0|0,0|0,0|0,0|0,0.5|1,0|0,0|0,0|0,0|1,0|1,1|1,0.5|1
6c43e58cc71c90fc51e1e1f21fa1580afe66f306,0|0,0|0,0|0,0|0,0|0,0|0,0|0,0|0,0|0,0|0,0|0,0|0,0|0,0|0,0|0,0|0,0|0,0|0,0|0,0|0,0|0,0|0,0|0,0|0,0|0,0|0,0.5|1,0|0,0|0,0|0,0|1,0|1,1|1,0.5|1
ac8be1af127f2bc2c3bab5d48049628c54c122a0,0|0,0|0,0|0,0|0,0|0,0|0,0|0,0|0,0|0,0|0,0|0,0|0,0|0,0|0,0|0,0|0,0|0,0|0,0|0,0|0,0|0,0|0,0|0,0|0,0|0,0|0,0.5|1,0|0,0|0,0|0,0|1,0|1,1|1,0.5|1
3394094123b41ac081a335cabdbbe04c294937cf,0|0,0|0,0|0,0|0,0|0,0|0,0|0,0|0,0|0,0|0,0|0,0|0,0|0,0|0,0|0,0|0,0|0,0|0,0|0,0|0,0|0,0|0,0|0,0|0,0|0,0|0,0.5|1,0|0,0|0,0|0,0|1,0|1,,0.5|1
72575da0dade21c94e8f43cfacc1bb486a97a546,,,,,,,,,,,,,,,,,,,,,,,,,,,,,,,,,,
bf641bedb3dd9e270032141e77174965b79a4e23,0|0,0|0,0|0,0|0,0|0,0|0,0|0,0|0,0|0,0|0,0|0,0|0,0|0,0|0,0|0,0|0,0|0,0|0,0|0,0|0,0|0,0|0,0|0,0|0,0|0,0|0,0.5|1,0|0,0|0,0|0,0|1,0|1,1|1,0.5|1
a4fdb994a23d999c1e2bbabae694e04fa4441d1b,0|0,0|0,0|0,0|0,0|0,0|0,0|0,0|0,0|0,0|0,0|0,0|0,0|0,0|0,0|0,0|0,0|0,0|0,0|0,0|0,0|0,0|0,0|0,0|0,0|0,0|0,0.5|1,0|0,0|0,0|0,0|1,0|1,1|1,0.5|1
b4d57c6c505d71b42927b5375365cd168160c7cb,0|0,0|0,0|0,0|0,0|0,0|0,0|0,0|0,0|0,0|0,0|0,0|0,0|0,0|0,0|0,0|0,0|0,0|0,0|0,0|0,0|0,0|0,0|0,0|0,0|0,0|0,0.5|1,0|0,0|0,0|0,0|1,0|1,1|1,0.5|1
e204359a202ce8624eed47f56bb2093dab43ce60,0|0,0|0,0|0,0|0,0|0,0|0,0|0,0|0,0|0,0|0,0|0,0|0,0|0,0|0,0|0,0|0,0|0,0|0,0|0,0|0,0|0,0|0,0|0,0|0,0|0,0|0,0.5|1,0|0,0|0,0|0,0|1,0|1,1|1,0.5|1
2a18ffb98c8e446f9c0a028a710d144f16a4c644,0|0,0|0,0|0,0|0,0|0,0|0,0|0,0|0,0|0,0|0,0|0,0|0,0|0,0|0,0|0,0|0,0|0,0|0,0|0,0|0,0|0,0|0,0|0,0|0,0|0,0|0,0.5|1,0|0,0|0,0|0,0|1,0|1,1|1,0.5|1
136930229a25c199c8965aa71afbc0bc3f994c38,0|0,0|0,0|0,0|0,0|0,0|0,0|0,0|0,0|0,0|0,0|0,0|0,0|0,0|0,0|0,0|0,0|0,0|0,0|0,0|0,0|0,0|0,0|0,0|0,0|0,0|0,0.5|1,0|0,0|0,0|0,0|1,0|1,1|1,0.5|1
72a17720ff3969aef93746aa5ffb1858169fc50a,0|0,0|0,0|0,0|0,0|0,0|0,0|0,0|0,0|0,0|0,0|0,0|0,0|0,0|0,0|0,0|0,0|0,0|0,0|0,0|0,0|0,0|0,0|0,0|0,0|0,0|0,0.5|1,0|0,0|0,0|0,0|1,0|1,1|1,0.5|1
78a557c79a004d320a2edaa2f68104346a5417a9,0|0,0|0,0|0,0|0,0|0,0|0,0|0,0|0,0|0,0|0,0|0,0|0,0|0,0|0,0|0,0|0,0|0,0|0,0|0,0|0,0|0,0|0,0|0,0|0,0|0,0|0,0.5|1,0|0,0|0,0|0,0|1,0|1,1|1,0.5|1
dd57c035a6438cc3bf70efd852218c0ca4eddcab,0|0,0|0,0|0,0|0,0|0,0|0,0|0,0|0,0|0,0|0,0|0,0|0,0|0,0|0,0|0,0|0,0|0,0|0,0|0,0|0,0|0,0|0,0|0,0|0,0|0,0|0,0.5|1,0|0,0|0,0|0,0|1,0|1,1|1,0.5|1
c6031717b53942ed221df361998c46c5eade2dae,0|0,0|0,0|0,0|0,0|0,0|0,0|0,0|0,0|0,0|0,0|0,0|0,0|0,0|0,0|0,0|0,0|0,0|0,0|0,0|0,0|0,0|0,0|0,0|0,0|0,0|0,0.5|1,0|0,0|0,0|0,0|1,0|1,1|1,0.5|1
a6f43d0ebd693182eaa07055e478a1da18922f61,0|0,0|0,0|0,0|0,0|0,0|0,0|0,0|0,0|0,0|0,0|0,0|0,0|0,0|0,0|0,0|0,0|0,0|0,0|0,0|0,0|0,0|0,0|0,0|0,0|0,0|0,0.5|1,0|0,0|0,0|0,0|1,0|1,1|1,0.5|1
318f7991bb4f5baec25a93820d34b4e83b327b3c,0|0,0|0,0|0,0|0,0|0,0|0,0|0,0|0,0|0,0|0,0|0,0|0,0|0,0|0,0|0,0|0,0|0,0|0,0|0,0|0,0|0,0|0,0|0,0|0,0|0,0|0,0.5|1,0|0,0|0,0|0,0|1,0|1,1|1,0.5|1
9e777adbf75f02f559f06ed967f3e36303635878,0|0,0|0,0|0,0|0,0|0,0|0,0|0,0|0,0|0,0|0,0|0,0|0,0|0,0|0,0|0,0|0,0|0,0|0,0|0,0|0,0|0,0|0,0|0,0|0,0|0,0|0,0.5|1,0|0,0|0,0|0,0|1,0|1,1|1,0.5|1
9e3c23e732737fd8672aa620f308bb11bdaa7d2e,0|0,0|0,0|0,0|0,0|0,0|0,0|0,0|0,0|0,0|0,0|0,0|0,0|0,0|0,0|0,0|0,0|0,0|0,0|0,0|0,0|0,0|0,0|0,0|0,0|0,0|0,0.5|1,0|0,0|0,0|0,0|1,0|1,1|1,0.5|1
224d0ea662ea89b36a4d306c0b90e4fefae520cc,0|0,0|0,0|0,0|0,0|0,0|0,0|0,0|0,0|0,0|0,0|0,0|0,0|0,0|0,0|0,0|0,0|0,0|0,0|0,0|0,0|0,0|0,0|0,0|0,0|0,0|0,0.5|1,0|0,0|0,0|0,0|1,0|1,1|1,0.5|1
3edda1df29cc2bec1267e6661b5b1bcea8fd3f8c,0|0,0|0,0|0,0|0,0|0,0|0,0|0,0|0,0|0,0|0,0|0,0|0,0|0,0|0,0|0,0|0,0|0,0|0,0|0,0|0,0|0,0|0,0|0,0|0,0|0,0|0,0.5|1,0|0,0|0,0|0,0|1,0|1,1|1,0.5|1
40e72e4f9e8d08c1a2ed1249f9676e7dbe3ae556,0|0,0|0,0|0,0|0,0|0,0|0,0|0,0|0,0|0,0|0,0|0,0|0,0|0,0|0,0|0,0|0,0|0,0|0,0|0,0|0,0|0,0|0,0|0,0|0,0|0,0|0,0.5|1,0|0,0|0,0|0,0|1,0|1,1|1,0.5|1
2171e776afbc321da354e195f3f32e91afa9b267,0|0,0|0,0|0,0|0,0|0,0|0,0|0,0|0,0|0,0|0,0|0,0|0,0|0,0|0,0|0,0|0,0|0,0|0,0|0,0|0,0|0,0|0,0|0,0|0,0|0,0|0,0.5|1,0|0,0|0,0|0,0|1,0|1,1|1,0.5|1
25b63187e80d5c0a35a5876da9b205e71fc4d51c,0|0,0|0,0|0,0|0,0|0,0|0,0|0,0|0,0|0,0|0,0|0,0|0,0|0,0|0,0|0,0|0,0|0,0|0,0|0,0|0,0|0,0|0,0|0,0|0,0|0,0|0,0.5|1,0|0,0|0,0|0,0|1,0|1,1|1,0.5|1
57e4df62646bfe04ec9cb009c889b3532963f7fb,0|0,0|0,0|0,0|0,0|0,0|0,0|0,0|0,0|0,0|0,0|0,0|0,0|0,0|0,0|0,0|0,0|0,0|0,0|0,0|0,0|0,0|0,0|0,0|0,0|0,0|0,0.5|1,0|0,0|0,0|0,0|1,0|1,1|1,0.5|1
6a56bc68fc48bbe968e891d9b8339111b7316296,0|0,0|0,0|0,0|0,0|0,0|0,0|0,0|0,0|0,0|0,0|0,0|0,0|0,0|0,0|0,0|0,0|0,0|0,0|0,0|0,0|0,0|0,0|0,0|0,0|0,0|0,0.5|1,0|0,0|0,0|0,0|1,0|1,1|1,0.5|1
a769efd6da0eadaa7bfa017c0d61484baf12f3de,0|0,0|0,0|0,0|0,0|0,0|0,0|0,0|0,0|0,0|0,0|0,0|0,0|0,0|0,0|0,0|0,0|0,0|0,0|0,0|0,0|0,0|0,0|0,0|0,0|0,0|0,0.5|1,0|0,0|0,0|0,0|1,0|1,1|1,0.5|1
85695f2346ed9035e492dbe0560a8f73076e032c,0|0,0|0,0|0,0|0,0|0,0|0,0|0,0|0,0|0,0|0,0|0,0|0,0|0,0|0,0|0,0|0,0|0,0|0,0|0,0|0,0|0,0|0,0|0,0|0,0|0,0|0,0.5|1,0|0,0|0,0|0,0|1,0|1,1|1,0.5|1
7f1c74dda139f026002153e3a37a504d4c2f9707,0|0,0|0,0|0,0|0,0|0,0|0,0|0,0|0,0|0,0|0,0|0,0|0,0|0,0|0,0|0,0|0,0|0,0|0,0|0,0|0,0|0,0|0,0|0,0|0,0|0,0|0,0.5|1,0|0,0|0,0|0,0|1,0|1,1|1,0.5|1
c77ef068d9ff65f9eebddc28cbe3a921a42dc5df,0|0,0|0,0|0,0|0,0|0,0|0,0|0,0|0,0|0,0|0,0|0,0|0,0|0,0|0,0|0,0|0,0|0,0|0,0|0,0|0,0|0,0|0,0|0,0|0,0|0,0|0,0.5|1,0|0,0|0,0|0,0|1,0|1,1|1,0.5|1
d1814c74e713c2505358e843a7176b9fda317ed2,0|0,0|0,0|0,0|0,0|0,0|0,0|0,0|0,0|0,0|0,0|0,0|0,0|0,0|0,0|0,0|0,0|0,0|0,0|0,0|0,0|0,0|0,0|0,0|0,0|0,0|0,0.5|1,0|0,0|0,0|0,0|1,0|1,1|1,0.5|1
1cd95b71b6fcd42d2fe26df90395bfa92dfbecf8,0|0,0|0,0|0,0|0,0|0,0|0,0|0,0|0,0|0,0|0,0|0,0|0,0|0,0|0,0|0,0|0,0|0,0|0,0|0,0|0,0|0,0|0,0|0,0|0,0|0,0|0,0.5|1,0|0,0|0,0|0,0|1,0|1,1|1,0.5|1
b4892e1915ec9251fe8925869ac9f109252ad51a,0|0,0|0,0|0,0|0,0|0,0|0,0|0,0|0,0|0,0|0,0|0,0|0,0|0,0|0,0|0,0|0,0|0,0|0,0|0,0|0,0|0,0|0,0|0,0|0,0|0,0|0,0.5|1,0|0,0|0,0|0,0|1,0|1,1|1,0.5|1
e34f54dede31df983edd7e2581a248e79babd271,0|0,0|0,0|0,0|0,0|0,0|0,0|0,0|0,0|0,0|0,0|0,0|0,0|0,0|0,0|0,0|0,0|0,0|0,0|0,0|0,0|0,0|0,0|0,0|0,0|0,0|0,0.5|1,0|0,0|0,0|0,0|1,0|1,1|1,0.5|1
e339d6c3529b8f6c1f1fd3c6b5bfda8554de360c,0|0,0|0,0|0,0|0,0|0,0|0,0|0,0|0,0|0,0|0,0|0,0|0,0|0,0|0,0|0,0|0,0|0,0|0,0|0,0|0,0|0,0|0,0|0,0|0,0|0,0|0,0.5|1,0|0,0|0,0|0,0|1,0|1,1|1,0.5|1
df728972dff49c908300352da3786c9408669ca3,0|0,0|0,0|0,0|0,0|0,0|0,0|0,0|0,0|0,0|0,0|0,0|0,0|0,0|0,0|0,0|0,0|0,0|0,0|0,0|0,0|0,0|0,0|0,0|0,0|0,0|0,0.5|1,0|0,0|0,0|0,0|1,0|1,1|1,0.5|1
571f09bf6404c36f8599aab7de3c8f68de494b11,0|0,0|0,0|0,0|0,0|0,0|0,0|0,0|0,0|0,0|0,0|0,0|0,0|0,0|0,0|0,0|0,0|0,0|0,0|0,0|0,0|0,0|0,0|0,0|0,0|0,0|0,0.5|1,0|0,0|0,0|0,0|1,0|1,1|1,0.5|1
bdd550ba2555784bdf4660931570a06043583f99,0|0,0|0,0|0,0|0,0|0,0|0,0|0,0|0,0|0,0|0,0|0,0|0,0|0,0|0,0|0,0|0,0|0,0|0,0|0,0|0,0|0,0|0,0|0,0|0,0|0,0|0,0.5|1,0|0,0|0,0|0,0|1,0|1,1|1,0.5|1
6893afe06825de38f599e61c0900cfb5ee7e2c21,0|0,0|0,0|0,0|0,0|0,0|0,0|0,0|0,0|0,0|0,0|0,0|0,0|0,0|0,0|0,0|0,0|0,0|0,0|0,0|0,0|0,0|0,0|0,0|0,0|0,0|0,0.5|1,0|0,0|0,0|0,0|1,0|1,1|1,0.5|1
462e597c97c54a20cefa8d0b92820b50698dce58,0|0,0|0,0|0,0|0,0|0,0|0,0|0,0|0,0|0,0|0,0|0,0|0,0|0,0|0,0|0,0|0,0|0,0|0,0|0,0|0,0|0,0|0,0|0,0|0,0|0,0|0,0.5|1,0|0,0|0,0|0,0|1,0|1,1|1,0.5|1
710fd8274eeaf328e802b73a56d058e541c72ce4,0|0,0|0,0|0,0|0,0|0,0|0,0|0,0|0,0|0,0|0,0|0,0|0,0|0,0|0,0|0,0|0,0|0,0|0,0|0,0|0,0|0,0|0,0|0,0|0,0|0,0|0,0.5|1,0|0,0|0,0|0,0|1,0|1,1|1,0.5|1
82e7d1a26900b6f945bea677baec271aa3f6f654,0|0,0|0,0|0,0|0,0|0,0|0,0|0,0|0,0|0,0|0,0|0,0|0,0|0,0|0,0|0,0|0,0|0,0|0,0|0,0|0,0|0,0|0,0|0,0|0,0|0,0|0,0.5|1,0|0,0|0,0|0,0|1,0|1,1|1,0.5|1
0d9eac4c4bfab2e1b0c05c3c731ee0263dcd2c8c,0|0,0|0,0|0,0|0,0|0,0|0,0|0,0|0,0|0,0|0,0|0,0|0,0|0,0|0,0|0,0|0,0|0,0|0,0|0,0|0,0|0,0|0,0|0,0|0,0|0,0|0,0.5|1,0|0,0|0,0|0,0|1,0|1,1|1,0.5|1
a13cfe352fa00039cabac50fd0c7e686989f9097,0|0,0|0,0|0,0|0,0|0,0|0,0|0,0|0,0|0,0|0,0|0,0|0,0|0,0|0,0|0,0|0,0|0,0|0,0|0,0|0,0|0,0|0,0|0,0|0,0|0,0|0,0.5|1,0|0,0|0,0|0,0|1,0|1,1|1,0.5|1
679bf8650ea51e099521bd9a9ed442426a385014,0|0,0|0,0|0,0|0,0|0,0|0,0|0,0|0,0|0,0|0,0|0,0|0,0|0,0|0,0|0,0|0,0|0,0|0,0|0,0|0,0|0,0|0,0|0,0|0,0|0,0|0,0.5|1,0|0,0|0,0|0,0|1,0|1,1|1,0.5|1
65d81c469b541d926e8b1542324077505e11a666,0|0,0|0,0|0,0|0,0|0,0|0,0|0,0|0,0|0,0|0,0|0,0|0,0|0,0|0,0|0,0|0,0|0,0|0,0|0,0|0,0|0,0|0,0|0,0|0,0|0,0|0,0.5|1,0|0,0|0,0|0,0|1,0|1,1|1,0.5|1
9996f46c0eb658d1cfede2aafbd17fc052b40dfc,0|0,0|0,0|0,0|0,0|0,0|0,0|0,0|0,0|0,0|0,0|0,0|0,0|0,0|0,0|0,0|0,0|0,0|0,0|0,0|0,0|0,0|0,0|0,0|0,0|0,0|0,0.5|1,0|0,0|0,0|0,0|1,0|1,1|1,0.5|1
08cafcf306deb4145e4de84776971cc5469f837d,0|0,0|0,0|0,0|0,0|0,0|0,0|0,0|0,0|0,0|0,0|0,0|0,0|0,0|0,0|0,0|0,0|0,0|0,0|0,0|0,0|0,0|0,0|0,0|0,0|0,0|0,0.5|1,0|0,0|0,0|0,0|1,0|1,1|1,0.5|1
fd1461bd43fbec3511d831a4710c92bc34c42181,0|0,0|0,0|0,0|0,0|0,0|0,0|0,0|0,0|0,0|0,0|0,0|0,0|0,0|0,0|0,0|0,0|0,0|0,0|0,0|0,0|0,0|0,0|0,0|0,0|0,0|0,0.5|1,0|0,0|0,0|0,0|1,0|1,1|1,0.5|1
28e51dd4a1f83e7ccc0dc7db8bf66d515646bb50,0|0,0|0,0|0,0|0,0|0,0|0,0|0,0|0,0|0,0|0,0|0,0|0,0|0,0|0,0|0,0|0,0|0,0|0,0|0,0|0,0|0,0|0,0|0,0|0,0|0,0|0,0.5|1,0|0,0|0,0|0,0|1,0|1,1|1,0.5|1
28eef570a8d5cc392089a43a62e6d426207cca82,0|0,0|0,0|0,0|0,0|0,0|0,0|0,0|0,0|0,0|0,0|0,0|0,0|0,0|0,0|0,0|0,0|0,0|0,0|0,0|0,0|0,0|0,0|0,0|0,0|0,0|0,0.5|1,0|0,0|0,0|0,0|1,0|1,1|1,0.5|1
5c54e5458143c5e707534ec15c8f881d83f92b21,0|0,0|0,0|0,0|0,0|0,0|0,0|0,0|0,0|0,0|0,0|0,0|0,0|0,0|0,0|0,0|0,0|0,0|0,0|0,0|0,0|0,0|0,0|0,0|0,0|0,0|0,0.5|1,0|0,0|0,0|0,0|1,0|1,1|1,0.5|1
43f8dfd6e5650fc2c1998d47db632018046d7611,0|0,0|0,0|0,0|0,0|0,0|0,0|0,0|0,0|0,0|0,0|0,0|0,0|0,0|0,0|0,0|0,0|0,0|0,0|0,0|0,0|0,0|0,0|0,0|0,0|0,0|0,0.5|1,0|0,0|0,0|0,0|1,0|1,1|1,0.5|1
44b062052328d81398733b52684d3bc15de5a363,0|0,0|0,0|0,0|0,0|0,0|0,0|0,0|0,0|0,0|0,0|0,0|0,0|0,0|0,0|0,0|0,0|0,0|0,0|0,0|0,0|0,0|0,0|0,0|0,0|0,0|0,0.5|1,0|0,0|0,0|0,0|1,0|1,1|1,0.5|1
16504db22efbbba3d42c92364b5163b1c26e7cd5,0|0,0|0,0|0,0|0,0|0,0|0,0|0,0|0,0|0,0|0,0|0,0|0,0|0,0|0,0|0,0|0,0|0,0|0,0|0,0|0,0|0,0|0,0|0,0|0,0|0,0|0,0.5|1,0|0,0|0,0|0,0|1,0|1,1|1,0.5|1
d2a1ea3c56c1a58e5bd472bd54cfd84104189049,0|0,0|0,0|0,0|0,0|0,0|0,0|0,0|0,0|0,0|0,0|0,0|0,0|0,0|0,0|0,0|0,0|0,0|0,0|0,0|0,0|0,0|0,0|0,0|0,0|0,0|0,0.5|1,0|0,0|0,0|0,0|1,0|1,1|1,0.5|1
f7e1a64c7ff283f6e4d8960e1f290f7ced775026,0|0,0|0,0|0,0|0,0|0,0|0,0|0,0|0,0|0,0|0,0|0,0|0,0|0,0|0,0|0,0|0,0|0,0|0,0|0,0|0,0|0,0|0,0|0,0|0,0|0,0|0,0.5|1,0|0,0|0,0|0,0|1,0|1,1|1,0.5|1
e037891bb9b674df76f65a391ba2759cd17e8181,0|0,0|0,0|0,0|0,0|0,0|0,0|0,0|0,0|0,0|0,0|0,0|0,0|0,0|0,0|0,0|0,0|0,0|0,0|0,0|0,0|0,0|0,0|0,0|0,0|0,0|0,0.5|1,0|0,0|0,0|0,0|1,0|1,1|1,0.5|1
bb357ff9ca24a2d29ec0c917d19233218f3c0bb9,0|0,0|0,0|0,0|0,0|0,0|0,0|0,0|0,0|0,0|0,0|0,0|0,0|0,0|0,0|0,0|0,0|0,0|0,0|0,0|0,0|0,0|0,0|0,0|0,0|0,0|0,0.5|1,0|0,0|0,0|0,0|1,0|1,1|1,0.5|1
ea2bd7df1eee02ae25eae2253045952d3eae72bd,0|0,0|0,0|0,0|0,0|0,0|0,0|0,0|0,0|0,0|0,0|0,0|0,0|0,0|0,0|0,0|0,0|0,0|0,0|0,0|0,0|0,0|0,0|0,0|0,0|0,0|0,0.5|1,0|0,0|0,0|0,0|1,0|1,1|1,0.5|1
e07b8eea6ac41884766833022f6f0862aac4c5e8,0|0,0|0,0|0,0|0,0|0,0|0,0|0,0|0,0|0,0|0,0|0,0|0,0|0,0|0,0|0,0|0,0|0,0|0,0|0,0|0,0|0,0|0,0|0,0|0,0|0,0|0,0.5|1,0|0,0|0,0|0,0|1,0|1,1|1,0.5|1
28eb79d6e26b2cc6ec165a3d6c589f4789f7f155,0|0,0|0,0|0,0|0,0|0,0|0,0|0,0|0,0|0,0|0,0|0,0|0,0|0,0|0,0|0,0|0,0|0,0|0,0|0,0|0,0|0,0|0,0|0,0|0,0|0,0|0,0.5|1,0|0,0|0,0|0,0|1,0|1,1|1,0.5|1
0f0f0e0861146956af626c680f79329930a8ce0c,0|0,0|0,0|0,0|0,0|0,0|0,0|0,0|0,0|0,0|0,0|0,0|0,0|0,0|0,0|0,0|0,0|0,0|0,0|0,0|0,0|0,0|0,0|0,0|0,0|0,0|0,0.5|1,0|0,0|0,0|0,0|1,0|1,1|1,0.5|1
c9948cfd5e678860115b4eb6f64fb1536e5cfc21,0|0,0|0,0|0,0|0,0|0,0|0,0|0,0|0,0|0,0|0,0|0,0|0,0|0,0|0,0|0,0|0,0|0,0|0,0|0,0|0,0|0,0|0,0|0,0|0,0|0,0|0,0.5|1,0|0,0|0,0|0,0|1,0|1,1|1,0.5|1
c92106f73aada58494b82c8dcc058f9c460dee4f,0|0,0|0,0|0,0|0,0|0,0|0,0|0,0|0,0|0,0|0,0|0,0|0,0|0,0|0,0|0,0|0,0|0,0|0,0|0,0|0,0|0,0|0,0|0,0|0,0|0,0|0,0.5|1,0|0,0|0,0|0,0|1,0|1,1|1,0.5|1
1bbabb6d000e7cdac57b20f79338ed47bbe89e71,0|0,0|0,0|0,0|0,0|0,0|0,0|0,0|0,0|0,0|0,0|0,0|0,0|0,0|0,0|0,0|0,0|0,0|0,0|0,0|0,0|0,0|0,0|0,0|0,0|0,0|0,0.5|1,0|0,0|0,0|0,0|1,0|1,1|1,0.5|1
2d7646a6f56819e0241fe8690fd987f704cff541,0|0,0|0,0|0,0|0,0|0,0|0,0|0,0|0,0|0,0|0,0|0,0|0,0|0,0|0,0|0,0|0,0|0,0|0,0|0,0|0,0|0,0|0,0|0,0|0,0|0,0|0,0.5|1,0|0,0|0,0|0,0|1,0|1,1|1,0.5|1
c1fb29dbb5bb5e76120638a314ee5009105f7320,0|0,0|0,0|0,0|0,0|0,0|0,0|0,0|0,0|0,0|0,0|0,0|0,0|0,0|0,0|0,0|0,0|0,0|0,0|0,0|0,0|0,0|0,0|0,0|0,0|0,0|0,0.5|1,0|0,0|0,0|0,0|1,0|1,1|1,0.5|1
c3dea213eced48c846d3e42e04b83ee896349927,0|0,0|0,0|0,0|0,0|0,0|0,0|0,0|0,0|0,0|0,0|0,0|0,0|0,0|0,0|0,0|0,0|0,0|0,0|0,0|0,0|0,0|0,0|0,0|0,0|0,0|0,0.5|1,0|0,0|0,0|0,0|1,0|1,1|1,0.5|1
ca8cefc30d27ef6c8b595f2a56b89da9649ac46c,0|0,0|0,0|0,0|0,0|0,0|0,0|0,0|0,0|0,0|0,0|0,0|0,0|0,0|0,0|0,0|0,0|0,0|0,0|0,0|0,0|0,0|0,0|0,0|0,0|0,0|0,0.5|1,0|0,0|0,0|0,0|1,0|1,1|1,0.5|1
2b218b275823de4f4dfe88d54650e9571c298e85,0|0,0|0,0|0,0|0,0|0,0|0,0|0,0|0,0|0,0|0,0|0,0|0,0|0,0|0,0|0,0|0,0|0,0|0,0|0,0|0,0|0,0|0,0|0,0|0,0|0,0|0,0.5|1,0|0,0|0,0|0,0|1,0|1,1|1,0.5|1
763813617fae66dacb13fdb5ae2565899443afe9,0|0,0|0,0|0,0|0,0|0,0|0,0|0,0|0,0|0,0|0,0|0,0|0,0|0,0|0,0|0,0|0,0|0,0|0,0|0,0|0,0|0,0|0,0|0,0|0,0|0,0|0,0.5|1,0|0,0|0,0|0,0|1,0|1,1|1,0.5|1
f4d25d756513cf2363ad1b63a217caf487d5170e,0|0,0|0,0|0,0|0,0|0,0|0,0|0,0|0,0|0,0|0,0|0,0|0,0|0,0|0,0|0,0|0,0|0,0|0,0|0,0|0,0|0,0|0,0|0,0|0,0|0,0|0,0.5|1,0|0,0|0,0|0,0|1,0|1,1|1,0.5|1
932e86d9594028fbacaab9b59393475053984b57,0|0,0|0,0|0,0|0,0|0,0|0,0|0,0|0,0|0,0|0,0|0,0|0,0|0,0|0,0|0,0|0,0|0,0|0,0|0,0|0,0|0,0|0,0|0,0|0,0|0,0|0,0.5|1,0|0,0|0,0|0,0|1,0|1,1|1,0.5|1
4aea9860f7d44bce7eaa94a09066a8d7f6d1f0a4,0|0,0|0,0|0,0|0,0|0,0|0,0|0,0|0,0|0,0|0,0|0,0|0,0|0,0|0,0|0,0|0,0|0,0|0,0|0,0|0,0|0,0|0,0|0,0|0,0|0,0|0,0.5|1,0|0,0|0,0|0,0|1,0|1,1|1,0.5|1
fa9f787b533f960b61eaa2b62ab0124d09a51143,0|0,0|0,0|0,0|0,0|0,0|0,0|0,0|0,0|0,0|0,0|0,0|0,0|0,0|0,0|0,0|0,0|0,0|0,0|0,0|0,0|0,0|0,0|0,0|0,0|0,0|0,0.5|1,0|0,0|0,0|0,0|1,0|1,1|1,0.5|1
5966ed50a25c636661b32c8cf2ba33f31eb84ab6,0|0,0|0,0|0,0|0,0|0,0|0,0|0,0|0,0|0,0|0,0|0,0|0,0|0,0|0,0|0,0|0,0|0,0|0,0|0,0|0,0|0,0|0,0|0,0|0,0|0,0|0,0.5|1,0|0,0|0,0|0,0|1,0|1,1|1,0.5|1
25a1b5c82d141d9ea20e607e8996d23cf7ef342f,0|0,0|0,0|0,0|0,0|0,0|0,0|0,0|0,0|0,0|0,0|0,0|0,0|0,0|0,0|0,0|0,0|0,0|0,0|0,0|0,0|0,0|0,0|0,0|0,0|0,0|0,0.5|1,0|0,0|0,0|0,0|1,0|1,1|1,0.5|1
3d6c49c2820b1c76420e90ed746681fb109cdd9a,0|0,0|0,0|0,0|0,0|0,0|0,0|0,0|0,0|0,0|0,0|0,0|0,0|0,0|0,0|0,0|0,0|0,0|0,0|0,0|0,0|0,0|0,0|0,0|0,0|0,0|0,0.5|1,0|0,0|0,0|0,0|1,0|1,1|1,0.5|1
4efcee1ea4556bbbce31704f719460afb64b567a,0|0,0|0,0|0,0|0,0|0,0|0,0|0,0|0,0|0,0|0,0|0,0|0,0|0,0|0,0|0,0|0,0|0,0|0,0|0,0|0,0|0,0|0,0|0,0|0,0|0,0|0,0.5|1,0|0,0|0,0|0,0|1,0|1,1|1,0.5|1
5de08153beb062e1a8c1118c5023194008ac8913,0|0,0|0,0|0,0|0,0|0,0|0,0|0,0|0,0|0,0|0,0|0,0|0,0|0,0|0,0|0,0|0,0|0,0|0,0|0,0|0,0|0,0|0,0|0,0|0,0|0,0|0,0.5|1,0|0,0|0,0|0,0|1,0|1,1|1,0.5|1
6cba88c1b8ace064a1d1f395ae0a87d8b4adc21e,0|0,0|0,0|0,0|0,0|0,0|0,0|0,0|0,0|0,0|0,0|0,0|0,0|0,0|0,0|0,0|0,0|0,0|0,0|0,0|0,0|0,0|0,0|0,0|0,0|0,0|0,0.5|1,0|0,0|0,0|0,0|1,0|1,1|1,0.5|1
1ab7273f6ebed32b6ca3b6c2e74c63be30e3516f,0|0,0|0,0|0,0|0,0|0,0|0,0|0,0|0,0|0,0|0,0|0,0|0,0|0,0|0,0|0,0|0,0|0,0|0,0|0,0|0,0|0,0|0,0|0,0|0,0|0,0|0,0.5|1,0|0,0|0,0|0,0|1,0|1,1|1,0.5|1
42431f6cf099325ab01e84a25a02f75d42d07bc7,0|0,0|0,0|0,0|0,0|0,0|0,0|0,0|0,0|0,0|0,0|0,0|0,0|0,0|0,0|0,0|0,0|0,0|0,0|0,0|0,0|0,0|0,0|0,0|0,0|0,0|0,0.5|1,0|0,0|0,0|0,0|1,0|1,1|1,0.5|1
55e9b06c6191af68938dc3301b7ed4153cf86f7a,0|0,0|0,0|0,0|0,0|0,0|0,0|0,0|0,0|0,0|0,0|0,0|0,0|0,0|0,0|0,0|0,0|0,0|0,0|0,0|0,0|0,0|0,0|0,0|0,0|0,0|0,0.5|1,0|0,0|0,0|0,0|1,0|1,1|1,0.5|1
3c630983297df56c3db4a490bd2175fb22691089,0|0,0|0,0|0,0|0,0|0,0|0,0|0,0|0,0|0,0|0,0|0,0|0,0|0,0|0,0|0,0|0,0|0,0|0,0|0,0|0,0|0,0|0,0|0,0|0,0|0,0|0,0.5|1,0|0,0|0,0|0,0|1,0|1,1|1,0.5|1
f7081cd49286f48e81cea3525222006ca65f2420,0|0,0|0,0|0,0|0,0|0,0|0,0|0,0|0,0|0,0|0,0|0,0|0,0|0,0|0,0|0,0|0,0|0,0|0,0|0,0|0,0|0,0|0,0|0,0|0,0|0,0|0,0.5|1,0|0,0|0,0|0,0|1,0|1,1|1,0.5|1
5af9f6b94fa27f63293c7d6203aa2fd91011ae13,0|0,0|0,0|0,0|0,0|0,0|0,0|0,0|0,0|0,0|0,0|0,0|0,0|0,0|0,0|0,0|0,0|0,0|0,0|0,0|0,0|0,0|0,0|0,0|0,0|0,0|0,0.5|1,0|0,0|0,0|0,0|1,0|1,1|1,0.5|1
69f841768ac2c98f6d0ac4c15ab162055871e95b,0|0,0|0,0|0,0|0,0|0,0|0,0|0,0|0,0|0,0|0,0|0,0|0,0|0,0|0,0|0,0|0,0|0,0|0,0|0,0|0,0|0,0|0,0|0,0|0,0|0,0|0,0.5|1,0|0,0|0,0|0,0|1,0|1,1|1,0.5|1
6bf101ce438c7677508c21c2b8d2e9f85fbccfcc,0|0,0|0,0|0,0|0,0|0,0|0,0|0,0|0,0|0,0|0,0|0,0|0,0|0,0|0,0|0,0|0,0|0,0|0,0|0,0|0,0|0,0|0,0|0,0|0,0|0,0|0,0.5|1,0|0,0|0,0|0,0|1,0|1,1|1,0.5|1
855aeb5b9199f8869fc9d7f8c21923ffa477df0a,0|0,0|0,0|0,0|0,0|0,0|0,0|0,0|0,0|0,0|0,0|0,0|0,0|0,0|0,0|0,0|0,0|0,0|0,0|0,0|0,0|0,0|0,0|0,0|0,0|0,0|0,0.5|1,0|0,0|0,0|0,0|1,0|1,1|1,0.5|1
52c56db933a7db033c2d4bc0fd6c6f9f2d3cde34,0|0,0|0,0|0,0|0,0|0,0|0,0|0,0|0,0|0,0|0,0|0,0|0,0|0,0|0,0|0,0|0,0|0,0|0,0|0,0|0,0|0,0|0,0|0,0|0,0|0,0|0,0.5|1,0|0,0|0,0|0,0|1,0|1,1|1,0.5|1
2b57f5d0d2e3e816963ba1335c8ce346a24e2c61,0|0,0|0,0|0,0|0,0|0,0|0,0|0,0|0,0|0,0|0,0|0,0|0,0|0,0|0,0|0,0|0,0|0,0|0,0|0,0|0,0|0,0|0,0|0,0|0,0|0,0|0,0.5|1,0|0,0|0,0|0,0|1,0|1,1|1,0.5|1
344ae36bd65c1590041977c256e6ad254888dca1,0|0,0|0,0|0,0|0,0|0,0|0,0|0,0|0,0|0,0|0,0|0,0|0,0|0,0|0,0|0,0|0,0|0,0|0,0|0,0|0,0|0,0|0,0|0,0|0,0|0,0|0,0.5|1,0|0,0|0,0|0,0|1,0|1,1|1,0.5|1
29d770956cab08bf610f73d23ecbf78a5d87b314,0|0,0|0,0|0,0|0,0|0,0|0,0|0,0|0,0|0,0|0,0|0,0|0,0|0,0|0,0|0,0|0,0|0,0|0,0|0,0|0,0|0,0|0,0|0,0|0,0|0,0|0,0.5|1,0|0,0|0,0|0,0|1,0|1,1|1,0.5|1
930391d7d696c4a2aa732e1058d8b61672918ff0,0|0,0|0,0|0,0|0,0|0,0|0,0|0,0|0,0|0,0|0,0|0,0|0,0|0,0|0,0|0,0|0,0|0,0|0,0|0,0|0,0|0,0|0,0|0,0|0,0|0,0|0,0.5|1,0|0,0|0,0|0,0|1,0|1,1|1,0.5|1
5f67899cebdf8bccca53bb4bc97e0d27f763d0c8,0|0,0|0,0|0,0|0,0|0,0|0,0|0,0|0,0|0,0|0,0|0,0|0,0|0,0|0,0|0,0|0,0|0,0|0,0|0,0|0,0|0,0|0,0|0,0|0,0|0,0|0,0.5|1,0|0,0|0,0|0,0|1,0|1,1|1,0.5|1
c9edeb9b042bfe1becb93ea9efcf02dbe651eddb,0|0,0|0,0|0,0|0,0|0,0|0,0|0,0|0,0|0,0|0,0|0,0|0,0|0,0|0,0|0,0|0,0|0,0|0,0|0,0|0,0|0,0|0,0|0,0|0,0|0,0|0,0.5|1,0|0,0|0,0|0,0|1,0|1,1|1,0.5|1
5782a14996ed829e3fbdd8dc7d597ab545c413f4,0|0,0|0,0|0,0|0,0|0,0|0,0|0,0|0,0|0,0|0,0|0,0|0,0|0,0|0,0|0,0|0,0|0,0|0,0|0,0|0,0|0,0|0,0|0,0|0,0|0,0|0,0.5|1,0|0,0|0,0|0,0|1,0|1,1|1,0.5|1
7cf39b6a13c8441cbfe837cb9e623674fdc2d2cc,0|0,0|0,0|0,0|0,0|0,0|0,0|0,0|0,0|0,0|0,0|0,0|0,0|0,0|0,0|0,0|0,0|0,0|0,0|0,0|0,0|0,0|0,0|0,0|0,0|0,0|0,0.5|1,0|0,0|0,0|0,0|1,0|1,1|1,0.5|1
fc9bd98158418bcbb765cd8a1d51b136f8f21176,0|0,0|0,0|0,0|0,0|0,0|0,0|0,0|0,0|0,0|0,0|0,0|0,0|0,0|0,0|0,0|0,0|0,0|0,0|0,0|0,0|0,0|0,0|0,0|0,0|0,0|0,0.5|1,0|0,0|0,0|0,0|1,0|1,1|1,0.5|1
e7725e0b18dfde62f1258389b67baa14961cf802,0|0,0|0,0|0,0|0,0|0,0|0,0|0,0|0,0|0,0|0,0|0,0|0,0|0,0|0,0|0,0|0,0|0,0|0,0|0,0|0,0|0,0|0,0|0,0|0,0|0,0|0,0.5|1,0|0,0|0,0|0,0|1,0|1,1|1,0.5|1
17d5d5f6de6651b02b6895883a31d8bc115471d2,0|0,0|0,0|0,0|0,0|0,0|0,0|0,0|0,0|0,0|0,0|0,0|0,0|0,0|0,0|0,0|0,0|0,0|0,0|0,0|0,0|0,0|0,0|0,0|0,0|0,0|0,0.5|1,0|0,0|0,0|0,0|1,0|1,1|1,0.5|1
f93851c05f21923efcff1d6b250366ad32f2b714,0|0,0|0,0|0,0|0,0|0,0|0,0|0,0|0,0|0,0|0,0|0,0|0,0|0,0|0,0|0,0|0,0|0,0|0,0|0,0|0,0|0,0|0,0|0,0|0,0|0,0|0,0.5|1,0|0,0|0,0|0,0|1,0|1,1|1,0.5|1
f277ca0a0c339d45869acbfada5d68e3c242ec44,0|0,0|0,0|0,0|0,0|0,0|0,0|0,0|0,0|0,0|0,0|0,0|0,0|0,0|0,0|0,0|0,0|0,0|0,0|0,0|0,0|0,0|0,0|0,0|0,0|0,0|0,0.5|1,0|0,0|0,0|0,0|1,0|1,1|1,0.5|1
6867ffa292f0b5d73ff7d60fd407dfb6cc5af1f9,0|0,0|0,0|0,0|0,0|0,0|0,0|0,0|0,0|0,0|0,0|0,0|0,0|0,0|0,0|0,0|0,0|0,0|0,0|0,0|0,0|0,0|0,0|0,0|0,0|0,0|0,0.5|1,0|0,0|0,0|0,0|1,0|1,1|1,0.5|1
a44c4ce2e87bf31c4d0210aa17c2a6768ebc0e2a,0|0,0|0,0|0,0|0,0|0,0|0,0|0,0|0,0|0,0|0,0|0,0|0,0|0,0|0,0|0,0|0,0|0,0|0,0|0,0|0,0|0,0|0,0|0,0|0,0|0,0|0,0.5|1,0|0,0|0,0|0,0|1,0|1,1|1,0.5|1
425f33bf85de126585c3a28b5d9f9e21a27995b0,0|0,0|0,0|0,0|0,0|0,0|0,0|0,0|0,0|0,0|0,0|0,0|0,0|0,0|0,0|0,0|0,0|0,0|0,0|0,0|0,0|0,0|0,0|0,0|0,0|0,0|0,0.5|1,0|0,0|0,0|0,0|1,0|1,1|1,0.5|1
216626f8563014cb5d77d61d4edca1dbee1da387,0|0,0|0,0|0,0|0,0|0,0|0,0|0,0|0,0|0,0|0,0|0,0|0,0|0,0|0,0|0,0|0,0|0,0|0,0|0,0|0,0|0,0|0,0|0,0|0,0|0,0|0,0.5|1,0|0,0|0,0|0,0|1,0|1,1|1,0.5|1
6e6a2c2dacfa5e2926286a69e87bdfa91853704b,0|0,0|0,0|0,0|0,0|0,0|0,0|0,0|0,0|0,0|0,0|0,0|0,0|0,0|0,0|0,0|0,0|0,0|0,0|0,0|0,0|0,0|0,0|0,0|0,0|0,0|0,0.5|1,0|0,0|0,0|0,0|1,0|1,1|1,0.5|1
a08c13d6106746763a01b243d537effec406aace,0|0,0|0,0|0,0|0,0|0,0|0,0|0,0|0,0|0,0|0,0|0,0|0,0|0,0|0,0|0,0|0,0|0,0|0,0|0,0|0,0|0,0|0,0|0,0|0,0|0,0|0,0.5|1,0|0,0|0,0|0,0|1,0|1,1|1,0.5|1
b0af90609d54db7e723dff814a1b6e146dda1024,0|0,0|0,0|0,0|0,0|0,0|0,0|0,0|0,0|0,0|0,0|0,0|0,0|0,0|0,0|0,0|0,0|0,0|0,0|0,0|0,0|0,0|0,0|0,0|0,0|0,0|0,0.5|1,0|0,0|0,0|0,0|1,0|1,1|1,0.5|1
3c7c9f5d2fd6f2ae390455c1a69e3e43a87c3cda,0|0,0|0,0|0,0|0,0|0,0|0,0|0,0|0,0|0,0|0,0|0,0|0,0|0,0|0,0|0,0|0,0|0,0|0,0|0,0|0,0|0,0|0,0|0,0|0,0|0,0|0,0.5|1,0|0,0|0,0|0,0|1,0|1,1|1,0.5|1
1649e4425983583eb266266190fa1ac4e980cea5,0|0,0|0,0|0,0|0,0|0,0|0,0|0,0|0,0|0,0|0,0|0,0|0,0|0,0|0,0|0,0|0,0|0,0|0,0|0,0|0,0|0,0|0,0|0,0|0,0|0,0|0,0.5|1,0|0,0|0,0|0,0|1,0|1,1|1,0.5|1
b9c264094b51a712ec9ef517e79acf6dcc3b7b75,0|0,0|0,0|0,0|0,0|0,0|0,0|0,0|0,0|0,0|0,0|0,0|0,0|0,0|0,0|0,0|0,0|0,0|0,0|0,0|0,0|0,0|0,0|0,0|0,0|0,0|0,0.5|1,0|0,0|0,0|0,0|1,0|1,1|1,0.5|1
eb7151d357a76259445546fd5fa7bcdd2e49df17,0|0,0|0,0|0,0|0,0|0,0|0,0|0,0|0,0|0,0|0,0|0,0|0,0|0,0|0,0|0,0|0,0|0,0|0,0|0,0|0,0|0,0|0,0|0,0|0,0|0,0|0,0.5|1,0|0,0|0,0|0,0|1,0|1,1|1,0.5|1
98d9825cda0996ccb8b7f986f595efb1f6049ae0,0|0,0|0,0|0,0|0,0|0,0|0,0|0,0|0,0|0,0|0,0|0,0|0,0|0,0|0,0|0,0|0,0|0,0|0,0|0,0|0,0|0,0|0,0|0,0|0,0|0,0|0,0.5|1,0|0,0|0,0|0,0|1,0|1,1|1,0.5|1
af92adb3f934a952be6aea0196611afa514bf28c,0|0,0|0,0|0,0|0,0|0,0|0,0|0,0|0,0|0,0|0,0|0,0|0,0|0,0|0,0|0,0|0,0|0,0|0,0|0,0|0,0|0,0|0,0|0,0|0,0|0,0|0,0.5|1,0|0,0|0,0|0,0|1,0|1,1|1,0.5|1
66cee50585f32edcd25806c78541aba8dbf71088,0|0,0|0,0|0,0|0,0|0,0|0,0|0,0|0,0|0,0|0,0|0,0|0,0|0,0|0,0|0,0|0,0|0,0|0,0|0,0|0,0|0,0|0,0|0,0|0,0|0,0|0,0.5|1,0|0,0|0,0|0,0|1,0|1,1|1,0.5|1
6a0f245460d84406360125d0a77cae104e3f9ac2,0|0,0|0,0|0,0|0,0|0,0|0,0|0,0|0,0|0,0|0,0|0,0|0,0|0,0|0,0|0,0|0,0|0,0|0,0|0,0|0,0|0,0|0,0|0,0|0,0|0,0|0,0.5|1,0|0,0|0,0|0,0|1,0|1,1|1,0.5|1
5b64f928badfc29706fb28ae0e76f63c783daaff,0|0,0|0,0|0,0|0,0|0,0|0,0|0,0|0,0|0,0|0,0|0,0|0,0|0,0|0,0|0,0|0,0|0,0|0,0|0,0|0,0|0,0|0,0|0,0|0,0|0,0|0,0.5|1,0|0,0|0,0|0,0|1,0|1,1|1,0.5|1
434eaf20530d3890dfe63273780d645ddc00b550,0|0,0|0,0|0,0|0,0|0,0|0,0|0,0|0,0|0,0|0,0|0,0|0,0|0,0|0,0|0,0|0,0|0,0|0,0|0,0|0,0|0,0|0,0|0,0|0,0|0,0|0,0.5|1,0|0,0|0,0|0,0|1,0|1,1|1,0.5|1
0226e7bd559ce3da794f619d246740e9c52ede1a,0|0,0|0,0|0,0|0,0|0,0|0,0|0,0|0,0|0,0|0,0|0,0|0,0|0,0|0,0|0,0|0,0|0,0|0,0|0,0|0,0|0,0|0,0|0,0|0,0|0,0|0,0.5|1,0|0,0|0,0|0,0|1,0|1,1|1,0.5|1
356cb03c8860b0660d925c7533a11fc0faf8d9f9,0|0,0|0,0|0,0|0,0|0,0|0,0|0,0|0,0|0,0|0,0|0,0|0,0|0,0|0,0|0,0|0,0|0,0|0,0|0,0|0,0|0,0|0,0|0,0|0,0|0,0|0,0.5|1,0|0,0|0,0|0,0|1,0|1,1|1,0.5|1
6e7cf5dd14e81257d34420e7f1fa9356df2490f9,0|0,0|0,0|0,0|0,0|0,0|0,0|0,0|0,0|0,0|0,0|0,0|0,0|0,0|0,0|0,0|0,0|0,0|0,0|0,0|0,0|0,0|0,0|0,0|0,0|0,0|0,0.5|1,0|0,0|0,0|0,0|1,0|1,1|1,0.5|1
46ebf8ec8d5a2e03e70fd879359890faf07ac01a,0|0,0|0,0|0,0|0,0|0,0|0,0|0,0|0,0|0,0|0,0|0,0|0,0|0,0|0,0|0,0|0,0|0,0|0,0|0,0|0,0|0,0|0,0|0,0|0,0|0,0|0,0.5|1,0|0,0|0,0|0,0|1,0|1,1|1,0.5|1
d4bf0866acf4279751d98683a4cc1c9e8e13e4f4,0|0,0|0,0|0,0|0,0|0,0|0,0|0,0|0,0|0,0|0,0|0,0|0,0|0,0|0,0|0,0|0,0|0,0|0,0|0,0|0,0|0,0|0,0|0,0|0,0|0,0|0,0.5|1,0|0,0|0,0|0,0|1,0|1,1|1,0.5|1
51d3cf3ab531a7566f59108f09ea55a24adcefbb,0|0,0|0,0|0,0|0,0|0,0|0,0|0,0|0,0|0,0|0,0|0,0|0,0|0,0|0,0|0,0|0,0|0,0|0,0|0,0|0,0|0,0|0,0|0,0|0,0|0,0|0,0.5|1,0|0,0|0,0|0,0|1,0|1,1|1,0.5|1
c3477f55376663c7689c17c6a0a07b03f81f2471,0|0,0|0,0|0,0|0,0|0,0|0,0|0,0|0,0|0,0|0,0|0,0|0,0|0,0|0,0|0,0|0,0|0,0|0,0|0,0|0,0|0,0|0,0|0,0|0,0|0,0|0,0.5|1,0|0,0|0,0|0,0|1,0|1,1|1,0.5|1
5dd1420b721a15cb055f53957157259791a3c4b1,0|0,0|0,0|0,0|0,0|0,0|0,0|0,0|0,0|0,0|0,0|0,0|0,0|0,0|0,0|0,0|0,0|0,0|0,0|0,0|0,0|0,0|0,0|0,0|0,0|0,0|0,0.5|1,0|0,0|0,0|0,0|1,0|1,1|1,0.5|1
962210792bfd1d9ae062f8ce00e4946262ea60f0,0|0,0|0,0|0,0|0,0|0,0|0,0|0,0|0,0|0,0|0,0|0,0|0,0|0,0|0,0|0,0|0,0|0,0|0,0|0,0|0,0|0,0|0,0|0,0|0,0|0,0|0,0.5|1,0|0,0|0,0|0,0|1,0|1,1|1,0.5|1
7dbe518002c60245f82efff00d9ea179c572e6ad,0|0,0|0,0|0,0|0,0|0,0|0,0|0,0|0,0|0,0|0,0|0,0|0,0|0,0|0,0|0,0|0,0|0,0|0,0|0,0|0,0|0,0|0,0|0,0|0,0|0,0|0,0.5|1,0|0,0|0,0|0,0|1,0|1,1|1,0.5|1
27d7fb2ecda05782d695723646b0c41f55d0edc1,0|0,0|0,0|0,0|0,0|0,0|0,0|0,0|0,0|0,0|0,0|0,0|0,0|0,0|0,0|0,0|0,0|0,0|0,0|0,0|0,0|0,0|0,0|0,0|0,0|0,0|0,0.5|1,0|0,0|0,0|0,0|1,0|1,1|1,0.5|1
886d4c9b78334d1e854be60e67c95f37547685fe,0|0,0.5|1,0.5|1,0|0,0|0,0|0,0|0,0|0,0|0,0|0,0|0,0|0,0|0,0|0,0|0,0|0,0|0,0|0,0|0,0|0,0|0,0|0,0|0,0|0,0.5|1,0.5|1,0.5|1,0|1,0.5|1,1|1,0|1,0.5|1,1|1,0.5|1
7f4574f51ad7db56fc13de89e13e7893b1a82189,0|0,0|0,0|0,0|0,0|0,0|0,0|0,0|0,0|0,0|0,0|0,0|0,0|0,0|0,0|0,0|0,0|0,0|0,0|0,0|0,0|0,0|0,0|0,0|0,0|0,0|0,0.5|1,0|0,0|0,0|0,0|1,0|1,1|1,0.5|1
75da2826b4b90a5456059a8a6085d9209093a5d4,0|0,0|0,0|0,0|0,0|0,0|0,0|0,0|0,0|0,0|0,0|0,0|0,0|0,0|0,0|0,0|0,0|0,0|0,0|0,0|0,0|0,0|0,0|0,0|0,0|0,0|0,0.5|1,0|0,0|0,0|0,0|1,0|1,1|1,0.5|1
4a9f4b4a9a9816da3842b8c0f61b7274b64fcc80,0|0,0.5|1,0.5|1,0|0,0|0,0|0,0|0,0|0,0|0,0|0,0|0,0|0,0|0,0|0,0|0,0|0,0|0,0|0,0|0,0|0,0|0,0|0,0|0,0|0,0.5|1,0.5|1,0.5|1,0|1,0.5|1,1|1,0|1,0.5|1,1|1,0.5|1
5a50726608d0d0b2ffcf00e24d0a2e387abd642a,0|0,0.5|1,0.5|1,0|0,0|0,0|0,0|0,0|0,0|0,0|0,0|0,0|0,0|0,0|0,0|0,0|0,0|0,0|0,0|0,0|0,0|0,0|0,0|0,0|0,0.5|1,0.5|1,0.5|1,0|1,0.5|1,1|1,0|1,0.5|1,1|1,0.5|1
37d593dde763d8899ea0fb9c26ea680bc80b0b8a,0|0,0.5|1,0.5|1,0|0,0|0,0|0,0|0,0|0,0|0,0|0,0|0,0|0,0|0,0|0,0|0,0|0,0|0,0|0,0|0,0|0,0|0,0|0,0|0,0|0,0.5|1,0.5|1,0.5|1,0|1,0.5|1,1|1,0|1,0.5|1,1|1,0.5|1
6caa0111fa16ba8f335ece3171e401dda32d6dd8,0|0,0.5|1,0.5|1,0|0,0|0,0|0,0|0,0|0,0|0,0|0,0|0,0|0,0|0,0|0,0|0,0|0,0|0,0|0,0|0,0|0,0|0,0|0,0|0,0|0,0.5|1,0.5|1,0.5|1,0|1,0.5|1,1|1,0|1,0.5|1,1|1,0.5|1
ae0369edca745668c51da60ad1aa5be84ce4dcf0,,,,,,,,,,,,,,,,,,,,,,,,,,,,,,,,,,
6667f078a0a2e300aa2b7d4990496dbb4fb8caa9,,,,,,,,,,,,,,,,,,,,,,,,,,,,,,,,,,
c12ef1c7c1df49da36c7a8ac5ca9aac956914bbd,0|0,0.5|1,0.5|1,0|0,0|0,0|0,0|0,0|0,0|0,0|0,0|0,0|0,0|0,0|0,0|0,0|0,0|0,0|0,0|0,0|0,0|0,0|0,0|0,0|0,0.5|1,0.5|1,0.5|1,0|1,0.5|1,1|1,0|1,0.5|1,1|1,0.5|1
fa901822715534711204c75e226a4a1d0646d147,0|0,0.5|1,0.5|1,0|0,0|0,0|0,0|0,0|0,0|0,0|0,0|0,0|0,0|0,0|0,0|0,0|0,0|0,0|0,0|0,0|0,0|0,0|0,0|0,0|0,0.5|1,0.5|1,0.5|1,0|1,0.5|1,1|1,0|1,0.5|1,1|1,0.5|1
7627dd8ba34ae40b3b25163fe6dda572a26f56df,0|0,0.5|1,0.5|1,0|0,0|0,0|0,0|0,0|0,0|0,0|0,0|0,0|0,0|0,0|0,0|0,0|0,0|0,0|0,0|0,0|0,0|0,0|0,0|0,0|0,0.5|1,0.5|1,0.5|1,0|1,0.5|1,1|1,0|1,0.5|1,1|1,0.5|1
696e01aee77ff243243ac4f329fff8efc76614b6,0|0,0.5|1,0.5|1,0|0,0|0,0|0,0|0,0|0,0|0,0|0,0|0,0|0,0|0,0|0,0|0,0|0,0|0,0|0,0|0,0|0,0|0,0|0,0|0,0|0,0.5|1,0.5|1,0.5|1,0|1,0.5|1,1|1,0|1,0.5|1,1|1,0.5|1
45bc2c74d5f3510869dd391f68b2707562ef36f3,0|0,0.5|1,0.5|1,0|0,0|0,0|0,0|0,0|0,0|0,0|0,0|0,0|0,0|0,0|0,0|0,0|0,0|0,0|0,0|0,0|0,0|0,0|0,0|0,0|0,0.5|1,0.5|1,0.5|1,0|1,0.5|1,1|1,0|1,0.5|1,1|1,0.5|1
af4806fb9df1fd0920d1044367e6720db0c0659a,0|0,0.5|1,0.5|1,0|0,0|0,0|0,0|0,0|0,0|0,0|0,0|0,0|0,0|0,0|0,0|0,0|0,0|0,0|0,0|0,0|0,0|0,0|0,0|0,0|0,0.5|1,0.5|1,0.5|1,0|1,0.5|1,1|1,0|1,0.5|1,1|1,0.5|1
206324ba45d51e5127dec763d334985aa8cdbb4e,0|0,0.5|1,0.5|1,0|0,0|0,0|0,0|0,0|0,0|0,0|0,0|0,0|0,0|0,0|0,0|0,0|0,0|0,0|0,0|0,0|0,0|0,0|0,0|0,0|0,0.5|1,0.5|1,0.5|1,0|1,0.5|1,1|1,0|1,0.5|1,1|1,0.5|1
d437d4c41e318fe84b306c5b599fb76748d50c22,0|0,0.5|1,0.5|1,0|0,0|0,0|0,0|0,0|0,0|0,0|0,0|0,0|0,0|0,0|0,0|0,0|0,0|0,0|0,0|0,0|0,0|0,0|0,0|0,0|0,0.5|1,0.5|1,0.5|1,0|1,0.5|1,1|1,0|1,0.5|1,1|1,0.5|1
1bc6e11b10a257950749836c072cfbeb87ea5b4b,0|0,0.5|1,0.5|1,0|0,0|0,0|0,0|0,0|0,0|0,0|0,0|0,0|0,0|0,0|0,0|0,0|0,0|0,0|0,0|0,0|0,0|0,0|0,0|0,0|0,0.5|1,0.5|1,0.5|1,0|1,0.5|1,1|1,0|1,0.5|1,1|1,0.5|1
737ff3e44f5329d6d06308489513bc19bdab3db8,0|0,0.5|1,0.5|1,0|0,0|0,0|0,0|0,0|0,0|0,0|0,0|0,0|0,0|0,0|0,0|0,0|0,0|0,0|0,0|0,0|0,0|0,0|0,0|0,0|0,0.5|1,0.5|1,0.5|1,0|1,0.5|1,1|1,0|1,0.5|1,1|1,0.5|1
79a1765ad704d380f0372b765c1bb6ea425f095d,0|0,0.5|1,0.5|1,0|0,0|0,0|0,0|0,0|0,0|0,0|0,0|0,0|0,0|0,0|0,0|0,0|0,0|0,0|0,0|0,0|0,0|0,0|0,0|0,0|0,0.5|1,0.5|1,0.5|1,0|1,0.5|1,1|1,0|1,0.5|1,1|1,0.5|1
8953a72a39b384cdca611a9f710330d5cdb462cf,0|0,0.5|1,0.5|1,0|0,0|0,0|0,0|0,0|0,0|0,0|0,0|0,0|0,0|0,0|0,0|0,0|0,0|0,0|0,0|0,0|0,0|0,0|0,0|0,0|0,0.5|1,0.5|1,0.5|1,0|1,0.5|1,1|1,0|1,0.5|1,1|1,0.5|1
e9fb9bf383122e8d48e9917f1fbe5352bbdd81b7,0|0,0.5|1,0.5|1,0|0,0|0,0|0,0|0,0|0,0|0,0|0,0|0,0|0,0|0,0|0,0|0,0|0,0|0,0|0,0|0,0|0,0|0,0|0,0|0,0|0,0.5|1,0.5|1,0.5|1,0|1,0.5|1,1|1,0|1,0.5|1,1|1,0.5|1
4d691a9213327570ca909bb17fbf3b9d31046cc9,0|0,0.5|1,0.5|1,0|0,0|0,0|0,0|0,0|0,0|0,0|0,0|0,0|0,0|0,0|0,0|0,0|0,0|0,0|0,0|0,0|0,0|0,0|0,0|0,0|0,0.5|1,0.5|1,0.5|1,0|1,0.5|1,1|1,0|1,0.5|1,1|1,0.5|1
af4f6aa53edebd260afa09dfaef34e068aa52d45,0|0,0.5|1,0.5|1,0|0,0|0,0|0,0|0,0|0,0|0,0|0,0|0,0|0,0|0,0|0,0|0,0|0,0|0,0|0,0|0,0|0,0|0,0|0,0|0,0|0,0.5|1,0.5|1,0.5|1,0|1,0.5|1,1|1,0|1,0.5|1,1|1,0.5|1
2668cd76806add5d34deeebba81497cf0a8ae2c8,0|0,0.5|1,0.5|1,0|0,0|0,0|0,0|0,0|0,0|0,0|0,0|0,0|0,0|0,0|0,0|0,0|0,0|0,0|0,0|0,0|0,0|0,0|0,0|0,0|0,0.5|1,0.5|1,0.5|1,0|1,0.5|1,1|1,0|1,0.5|1,1|1,0.5|1
6a25d93b2342e88fd72cb1d039794783d96fe7ff,0|0,0.5|1,0.5|1,0|0,0|0,0|0,0|0,0|0,0|0,0|0,0|0,0|0,0|0,0|0,0|0,0|0,0|0,0|0,0|0,0|0,0|0,0|0,0|0,0|0,0.5|1,0.5|1,0.5|1,0|1,0.5|1,1|1,0|1,0.5|1,1|1,0.5|1
9bd90e10c2e93431fb5b2d7743a70026f0fa7825,0|0,0.5|1,0.5|1,0|0,0|0,0|0,0|0,0|0,0|0,0|0,0|0,0|0,0|0,0|0,0|0,0|0,0|0,0|0,0|0,0|0,0|0,0|0,0|0,0|0,0.5|1,0.5|1,0.5|1,0|1,0.5|1,1|1,0|1,0.5|1,1|1,0.5|1
ba8a2008e754ba28b883c21a5b8a587bbb8b6c0b,0|0,0.5|1,0.5|1,0|0,0|0,0|0,0|0,0|0,0|0,0|0,0|0,0|0,0|0,0|0,0|0,0|0,0|0,0|0,0|0,0|0,0|0,0|0,0|0,0|0,0.5|1,0.5|1,0.5|1,0|1,0.5|1,1|1,0|1,0.5|1,1|1,0.5|1
8ea407a6e4d57ac71499cf8fa1b7c5be4cf66dd3,0|0,0.5|1,0.5|1,0|0,0|0,0|0,0|0,0|0,0|0,0|0,0|0,0|0,0|0,0|0,0|0,0|0,0|0,0|0,0|0,0|0,0|0,0|0,0|0,0|0,0.5|1,0.5|1,0.5|1,0|1,0.5|1,1|1,0|1,0.5|1,1|1,0.5|1
d77d3ebe14d6fb7085fde26c30678a82f6fe562c,0|0,0.5|1,0.5|1,0|0,0|0,0|0,0|0,0|0,0|0,0|0,0|0,0|0,0|0,0|0,0|0,0|0,0|0,0|0,0|0,0|0,0|0,0|0,0|0,0|0,0.5|1,0.5|1,0.5|1,0|1,0.5|1,1|1,0|1,0.5|1,1|1,0.5|1
4460dfe69d7a947c5278a756113005cdf9c1fef9,0|0,0.5|1,0.5|1,0|0,0|0,0|0,0|0,0|0,0|0,0|0,0|0,0|0,0|0,0|0,0|0,0|0,0|0,0|0,0|0,0|0,0|0,0|0,0|0,0|0,0.5|1,0.5|1,0.5|1,0|1,0.5|1,1|1,0|1,0.5|1,1|1,0.5|1
ce2e8fe5f2fdb3779505935f05f93481d4905e62,0|0,0.5|1,0.5|1,0|0,0|0,0|0,0|0,0|0,0|0,0|0,0|0,0|0,0|0,0|0,0|0,0|0,0|0,0|0,0|0,0|0,0|0,0|0,0|0,0|0,0.5|1,0.5|1,0.5|1,0|1,0.5|1,1|1,0|1,0.5|1,1|1,0.5|1
79b6995ab82e09ccd1bd50f50e6af1ef40280c4c,0|0,0.5|1,0.5|1,0|0,0|0,0|0,0|0,0|0,0|0,0|0,0|0,0|0,0|0,0|0,0|0,0|0,0|0,0|0,0|0,0|0,0|0,0|0,0|0,0|0,0.5|1,0.5|1,0.5|1,0|1,0.5|1,1|1,0|1,0.5|1,1|1,0.5|1
d949577e61a1fc55b3f704d2fe53bca57b4278f8,0|0,0.5|1,0.5|1,0|0,0|0,0|0,0|0,0|0,0|0,0|0,0|0,0|0,0|0,0|0,0|0,0|0,0|0,0|0,0|0,0|0,0|0,0|0,0|0,0|0,0.5|1,0.5|1,0.5|1,0|1,0.5|1,1|1,0|1,0.5|1,1|1,0.5|1
4e231e35d1a72ccb6025e0f4a45327f0f5a3e28b,0|0,0.5|1,0.5|1,0|0,0|0,0|0,0|0,0|0,0|0,0|0,0|0,0|0,0|0,0|0,0|0,0|0,0|0,0|0,0|0,0|0,0|0,0|0,0|0,0|0,0.5|1,0.5|1,0.5|1,0|1,0.5|1,1|1,0|1,0.5|1,1|1,0.5|1
8359e6d06ad4c95f546251e78cab0df253936c09,0|0,0.5|1,0.5|1,0|0,0|0,0|0,0|0,0|0,0|0,0|0,0|0,0|0,0|0,0|0,0|0,0|0,0|0,0|0,0|0,0|0,0|0,0|0,0|0,0|0,0.5|1,0.5|1,0.5|1,0|1,0.5|1,1|1,0|1,0.5|1,1|1,0.5|1
594a5f33eb3b78d026bd89a21422b0c745f19aab,,,,,,,,,,,,,,,,,,,,,,,,,,,,,,,,,,
7ba8b832d2b7c65047130edbc3b25c65dcae5597,0|0,0.5|1,0.5|1,0|0,0|0,0|0,0|0,0|0,0|0,0|0,0|0,0|0,0|0,0|0,0|0,0|0,0|0,0|0,0|0,0|0,0|0,0|0,0|0,0|0,0.5|1,0.5|1,0.5|1,0|1,0.5|1,1|1,0|1,0.5|1,1|1,0.5|1
fe868edf6c83666b3b44b4992f34b3b3bcf6545e,0|0,0.5|1,0.5|1,0|0,0|0,0|0,0|0,0|0,0|0,0|0,0|0,0|0,0|0,0|0,0|0,0|0,0|0,0|0,0|0,0|0,0|0,0|0,0|0,0|0,0.5|1,0.5|1,0.5|1,0|1,0.5|1,1|1,0|1,0.5|1,1|1,0.5|1
8c4e51ed26f362e2d5ecd3a9140101418cbf8a0d,0|0,0.5|1,0.5|1,0|0,0|0,0|0,0|0,0|0,0|0,0|0,0|0,0|0,0|0,0|0,0|0,0|0,0|0,0|0,0|0,0|0,0|0,0|0,0|0,0|0,0.5|1,0.5|1,0.5|1,0|1,0.5|1,1|1,0|1,0.5|1,1|1,0.5|1
4bcc265eaad41a4a180716c0e28bfbfe7a38ef66,0|0,0.5|1,0.5|1,0|0,0|0,0|0,0|0,0|0,0|0,0|0,0|0,0|0,0|0,0|0,0|0,0|0,0|0,0|0,0|0,0|0,0|0,0|0,0|0,0|0,0.5|1,0.5|1,0.5|1,0|1,0.5|1,1|1,0|1,0.5|1,1|1,0.5|1
8c230d62aca2249d16051dba452205f8fe7daeb1,0|0,0.5|1,0.5|1,0|0,0|0,0|0,0|0,0|0,0|0,0|0,0|0,0|0,0|0,0|0,0|0,0|0,0|0,0|0,0|0,0|0,0|0,0|0,0|0,0|0,0.5|1,0.5|1,0.5|1,0|1,0.5|1,1|1,0|1,0.5|1,1|1,0.5|1
c47f037233ff7df7802e6c9f6ba6a1825cf251f1,0|0,0.5|1,0.5|1,0|0,0|0,0|0,0|0,0|0,0|0,0|0,0|0,0|0,0|0,0|0,0|0,0|0,0|0,0|0,0|0,0|0,0|0,0|0,0|0,0|0,0.5|1,0.5|1,0.5|1,0|1,0.5|1,1|1,0|1,0.5|1,1|1,0.5|1
9f3cb14a0614f59bbcf85bb990e1214219825fa1,0|0,0.5|1,0.5|1,0|0,0|0,0|0,0|0,0|0,0|0,0|0,0|0,0|0,0|0,0|0,0|0,0|0,0|0,0|0,0|0,0|0,0|0,0|0,0|0,0|0,0.5|1,0.5|1,0.5|1,0|1,0.5|1,1|1,0|1,0.5|1,1|1,0.5|1
625b23eae661e207cd5a6d9beb2b25135d3b675d,0|0,0.5|1,0.5|1,0|0,0|0,0|0,0|0,0|0,0|0,0|0,0|0,0|0,0|0,0|0,0|0,0|0,0|0,0|0,0|0,0|0,0|0,0|0,0|0,0|0,0.5|1,0.5|1,0.5|1,0|1,0.5|1,1|1,0|1,0.5|1,1|1,0.5|1
5f5213c23cc8608537b234e93ee5dae31a77aaff,0|0,0.5|1,0.5|1,0|0,0|0,0|0,0|0,0|0,0|0,0|0,0|0,0|0,0|0,0|0,0|0,0|0,0|0,0|0,0|0,0|0,0|0,0|0,0|0,0|0,0.5|1,0.5|1,0.5|1,0|1,0.5|1,1|1,0|1,0.5|1,1|1,0.5|1
7265a6470e7d72ad90647024189d67724c0be73c,0|0,0.5|1,0.5|1,0|0,0|0,0|0,0|0,0|0,0|0,0|0,0|0,0|0,0|0,0|0,0|0,0|0,0|0,0|0,0|0,0|0,0|0,0|0,0|0,0|0,0.5|1,0.5|1,0.5|1,0|0,0.5|1,1|1,0|1,0.5|1,1|1,0.5|1
a581837d9400501c09f957298e91be0eec9a0b0a,0|0,0.5|1,0.5|1,0|0,0|0,0|0,0|0,0|0,0|0,0|0,0|0,0|0,0|0,0|0,0|0,0|0,0|0,0|0,0|0,0|0,0|0,0|0,0|0,0|0,0.5|1,0.5|1,0.5|1,0|0,0.5|1,1|1,0|1,0.5|1,1|1,0.5|1
e6035df1d3f285af9a2e756fb428633eb7898881,0|0,0.5|1,0.5|1,0|0,0|0,0|0,0|0,0|0,0|0,0|0,0|0,0|0,0|0,0|0,0|0,0|0,0|0,0|0,0|0,0|0,0|0,0|0,0|0,0|0,0.5|1,0.5|1,0.5|1,0|0,0.5|1,1|1,0|1,0.5|1,1|1,0.5|1
024dd6a35c430a25a017372938a4dcf5cd859d0b,0|0,0.5|1,0.5|1,0|0,0|0,0|0,0|0,0|0,0|0,0|0,0|0,0|0,0|0,0|0,0|0,0|0,0|0,0|0,0|0,0|0,0|0,0|0,0|0,0|0,0.5|1,0.5|1,0.5|1,0|0,0.5|1,1|1,0|1,0.5|1,1|1,0.5|1
1caf20f71935b55a11c97539cf6bd5d81e165316,0|0,0.5|1,0.5|1,0|0,0|0,0|0,0|0,0|0,0|0,0|0,0|0,0|0,0|0,0|0,0|0,0|0,0|0,0|0,0|0,0|0,0|0,0|0,0|0,0|0,0.5|1,0.5|1,0.5|1,0|0,0.5|1,1|1,0|1,0.5|1,1|1,0.5|1
7f4e9d435daa3e07ad57b784b6663edbb2ae33dc,0|0,0.5|1,0.5|1,0|0,0|0,0|0,0|0,0|0,0|0,0|0,0|0,0|0,0|0,0|0,0|0,0|0,0|0,0|0,0|0,0|0,0|0,0|0,0|0,0|0,0.5|1,0.5|1,0.5|1,0|0,0.5|1,1|1,0|1,0.5|0,1|1,0.5|1
d6014744c887658a8fa349020914647024859841,0|0,0.5|1,0.5|1,0|0,0|0,0|0,0|0,0|0,0|0,0|0,0|0,0|0,0|0,0|0,0|0,0|0,0|0,0|0,0|0,0|0,0|0,0|0,0|0,0|0,0.5|1,0.5|1,0.5|1,0|0,0.5|1,1|1,0|1,0.5|0,1|1,0.5|1
d3080f33bd815bcd794e2231ec43a1d7d2eba0c7,0|0,0.5|1,0.5|1,0|0,0|0,0|0,0|0,0|0,0|0,0|0,0|0,0|0,0|0,0|0,0|0,0|0,0|0,0|0,0|0,0|0,0|0,0|0,0|0,0|0,0.5|1,0.5|1,0.5|1,0|0,0.5|1,1|1,0|1,0.5|0,1|1,0.5|1
485e4222841128f61cf55787e012f2b1f878ef90,0|0,0.5|1,0.5|1,0|0,0|0,0|0,0|0,0|0,0|0,0|0,0|0,0|0,0|0,0|0,0|0,0|0,0|0,0|0,0|0,0|0,0|0,0|0,0|0,0|0,0.5|1,0.5|1,0.5|1,0|0,0.5|1,1|1,0|1,0.5|0,1|1,0.5|1
6a45bbf88d92ba660b5d3bf37597dcde6b23b353,,,,,,,,,,,,,,,,,,,,,,,,,,,,,,,,,,
4ea1048affda5d2807189d53e90da2b17948a682,0|0,0.5|1,0.5|1,0|0,0|0,0|0,0|0,0|0,0|0,0|0,0|0,0|0,0|0,0|0,0|0,0|0,0|0,0|0,0|0,0|0,0|0,0|0,0|0,0|0,0.5|1,0.5|1,0.5|1,0|0,0.5|1,1|1,0|1,0.5|0,1|1,0.5|1
92acac33d2b3df6f77a98de0487980b3ba4cf003,0|0,0.5|1,0.5|1,0|0,0|0,0|0,0|0,0|0,0|0,0|0,0|0,0|0,0|0,0|0,0|0,0|0,0|0,0|0,0|0,0|0,0|0,0|0,0|0,0|0,0.5|1,0.5|1,0.5|1,0|0,0.5|1,1|1,0|1,0.5|0,1|1,0.5|1
4560df3ddd9e7031a450acdca28884884bd4f5ff,0|0,0.5|1,0.5|1,0|0,0|0,0|0,0|0,0|0,0|0,0|0,0|0,0|0,0|0,0|0,0|0,0|0,0|0,0|0,0|0,0|0,0|0,0|0,0|0,0|0,0.5|1,0.5|1,0.5|1,0|0,0.5|1,1|1,0|1,0.5|0,1|1,0.5|1
ccbd4d28519b2acdc959a0b91308dc8e336409aa,,,,,,,,,,,,,,,,,,,,,,,,,,,,,,,,,,
fb0137ef33b3926eb3b14e4dc428b22e076ef0ff,,,,,,,,,,,,,,,,,,,,,,,,,,,,,,,,,,
964f5b21df9bd4f6bd171bef69519639fccb40c8,0|0,0.5|1,0.5|1,0|0,0|0,0|0,0|0,0|0,0|0,0|0,0|0,0|0,0|0,0|0,0|0,0|0,0|0,0|0,0|0,0|0,0|0,0|0,0|0,0|0,0.5|1,0.5|1,0.5|1,0|0,0.5|1,1|1,0|1,0.5|0,1|1,0.5|1
b0ee76012356fdb34cf8efeb96f6a6600675b72b,,,,,,,,,,,,,,,,,,,,,,,,,,,,,,,,,,
93a02dff1eff88b2336f69891aa9f2ca90d191cd,,,,,,,,,,,,,,,,,,,,,,,,,,,,,,,,,,
627b2a01f6120067bb0ae63994086e04ab511322,,,,,,,,,,,,,,,,,,,,,,,,,,,,,,,,,,
784f82c1b9233f4868c535e2b57b1696f174d596,,,,,,,,,,,,,,,,,,,,,,,,,,,,,,,,,,
686fc9f079b632931ddca0e17e0055caeff51e11,,,,,,,,,,,,,,,,,,,,,,,,,,,,,,,,,,
868fdf6daf69e7e129d53862b1f62e83669af82d,,,,,,,,,,,,,,,,,,,,,,,,,,,,,,,,,,
effa3723eb19bc0840a0ef9e323a930f7da92010,0|0,0.5|1,0.5|1,0|0,0|0,0|0,0|0,0|0,0|0,0|0,0|0,0|0,0|0,0|0,0|0,0|0,0|0,0|0,0|0,0|0,0|0,0|0,0|0,0|0,0.5|1,0.5|1,0.5|1,0|0,0.5|1,1|1,0|1,0.5|0,1|1,0.5|1
f26b38a550e6791408b8218c35807f364ec1efb9,0|0,0.5|1,0.5|1,0|0,0|0,0|0,0|0,0|0,0|0,0|0,0|0,0|0,0|0,0|0,0|0,0|0,0|0,0|0,0|0,0|0,0|0,0|0,0|0,0|0,0.5|1,0.5|1,0.5|1,0|0,0.5|1,1|1,0|1,0.5|0,1|1,0.5|1
d76b105605e00841b004d0656596d5f2139adb0a,,,,,,,,,,,,,,,,,,,,,,,,,,,,,,,,,,
8e0b6e65bf6280e90f17232daefe595c49e4ab68,,,,,,,,,,,,,,,,,,,,,,,,,,,,,,,,,,
098765a82f80deedf9c68925b95fdf1e0f0a8d24,,,,,,,,,,,,,,,,,,,,,,,,,,,,,,,,,,
805276e363779ab113e0e844b99f07b5bb0d5dc0,,,,,,,,,,,,,,,,,,,,,,,,,,,,,,,,,,
cc9430bc5c70b7645d73bc8139d09e32fda1db1a,,,,,,,,,,,,,,,,,,,,,,,,,,,,,,,,,,
89908e35280ce1102f911c2cdfabc0e9db5ce766,,,,,,,,,,,,,,,,,,,,,,,,,,,,,,,,,,
23ad4e8b452c50bcffe4326f99e1e23f041274ec,,,,,,,,,,,,,,,,,,,,,,,,,,,,,,,,,,
4abd3766df3a9050c4af9556a939bffad8b1205b,,,,,,,,,,,,,,,,,,,,,,,,,,,,,,,,,,
d83a089276a969ddb2aedc241228479ff3cae6c7,,,,,,,,,,,,,,,,,,,,,,,,,,,,,,,,,,
abb0faba11d12a87c71b7d17d3f568b30d1e701c,0|0,0.5|1,0.5|1,0|0,0|0,0|0,0|0,0|0,0|0,0|0,0|0,0|0,0|0,0|0,0|0,0|0,0|0,0|0,0|0,0|0,0|0,0|0,0|0,0|0,0.5|1,0.5|1,0.5|1,0|0,0.5|1,1|1,0|1,0.5|1,1|1,0.5|1
9106fc33f2696e80c59f3153a4618d9a77d0b10f,0|0,0.5|1,0.5|1,0|0,0|0,0|0,0|0,0|0,0|0,0|0,0|0,0|0,0|0,0|0,0|0,0|0,0|0,0|0,0|0,0|0,0|0,0|0,0|0,0|0,0.5|1,0.5|1,0.5|1,0|0,0.5|1,1|1,0|1,0.5|1,1|1,0.5|1
5d7e4220166a4e42239230cac4bd71aee04d1326,0|0,0.5|1,0.5|1,0|0,0|0,0|0,0|0,0|0,0|0,0|0,0|0,0|0,0|0,0|0,0|0,0|0,0|0,0|0,0|0,0|0,0|0,0|0,0|0,0|0,0.5|1,0.5|1,0.5|1,0|0,0.5|1,1|1,0|1,0.5|1,1|1,0.5|1
16cc1d55b7d84f05668133b6bce5b30d3c52b6b3,0|0,0.5|1,0.5|1,0|0,0|0,0|0,0|0,0|0,0|0,0|0,0|0,0|0,0|0,0|0,0|0,0|0,0|0,0|0,0|0,0|0,0|0,0|0,0|0,0|0,0.5|1,0.5|1,0.5|1,0|0,0.5|1,1|1,0|1,0.5|0,1|1,0.5|1
0112ed48a52dcd9ec7f134c0769795b72f25b477,0|0,0|1,0|1,0|0,0|0,0|0,0|0,0|0,0|0,0|0,0|0,0|0,0|0,0|0,0|0,0|0,0|0,0|0,0|0,0|0,0|0,0|0,0|0,0|0,0|1,0|1,0|1,0|0,0|1,0|1,0|1,0|0,,0|1
58047c96c56a81c3f58ca72da7594a12d6067e50,0|0,0.5|1,0.5|1,0|0,0|0,0|0,0|0,0|0,0|0,0|0,0|0,0|0,0|0,0|0,0|0,0|0,0|0,0|0,0|0,0|0,0|0,0|0,0|0,0|0,0.5|1,0.5|1,0.5|1,0|0,0.5|1,1|1,0|1,0.5|0,1|1,0.5|1
41fdfff918387473fbe4c61674c91c807769a866,0|0,0.5|1,0.5|1,0|0,0|0,0|0,0|0,0|0,0|0,0|0,0|0,0|0,0|0,0|0,0|0,0|0,0|0,0|0,0|0,0|0,0|0,0|0,0|0,0|0,0.5|1,0.5|1,0.5|1,0|0,0.5|1,1|1,0|1,0.5|0,1|1,0.5|1
36fbefb68fd04d9399aec57e46f4ed44a84c39e1,0|0,0.5|1,0.5|1,0|0,0|0,0|0,0|0,0|0,0|0,0|0,0|0,0|0,0|0,0|0,0|0,0|0,0|0,0|0,0|0,0|0,0|0,0|0,0|0,0|0,0.5|1,0.5|1,0.5|1,0|0,0.5|1,1|1,0|1,0.5|0,1|1,0.5|1
f0fc8fb39bee563267ed6cdfeae0b34b46476368,0|0,0.5|1,0.5|1,0|0,0|0,0|0,0|0,0|0,0|0,0|0,0|0,0|0,0|0,0|0,0|0,0|0,0|0,0|0,0|0,0|0,0|0,0|0,0|0,0|0,0.5|1,0.5|1,0.5|1,0|0,0.5|1,1|1,0|1,0.5|0,1|1,0.5|1
1c57c0a37625fb09d83c393f84a19e3eaa9a9900,0|0,0.5|1,0.5|1,0|0,0|0,0|0,0|0,0|0,0|0,0|0,0|0,0|0,0|0,0|0,0|0,0|0,0|0,0|0,0|0,0|0,0|0,0|0,0|0,0|0,0.5|1,0.5|1,0.5|1,0|0,0.5|1,1|1,0|1,0.5|0,1|1,0.5|1
926b995c36dd8f5efa76713a234a8763ae7e2f0e,0|0,0.5|1,0.5|1,0|0,0|0,0|0,0|0,0|0,0|0,0|0,0|0,0|0,0|0,0|0,0|0,0|0,0|0,0|0,0|0,0|0,0|0,0|0,0|0,0|0,0.5|1,0.5|1,0.5|1,0|0,0.5|1,1|1,0|1,0.5|0,1|1,0.5|1
1171e327ddb134b5a73224de6e2fecc841a5fc25,0|0,0.5|1,0.5|1,0|0,0|0,0|0,0|0,0|0,0|0,0|0,0|0,0|0,0|0,0|0,0|0,0|0,0|0,0|0,0|0,0|0,0|0,0|0,0|0,0|0,0.5|1,0.5|1,0.5|1,0|0,0.5|1,1|1,0|1,0.5|0,1|1,0.5|1
0da2b4d6da24e62d8d53694c9ab4ef1d74e9bc5a,0|0,0.5|1,0.5|1,0|0,0|0,0|0,0|0,0|0,0|0,0|0,0|0,0|0,0|0,0|0,0|0,0|0,0|0,0|0,0|0,0|0,0|0,0|0,0|0,0|0,0.5|1,0.5|1,0.5|1,0|0,0.5|1,1|1,0|1,0.5|0,1|1,0.5|1
6759eb0d3a22431af1269e5f81fe4c45467bdf93,0|0,0.5|1,0.5|1,0|0,0|0,0|0,0|0,0|0,0|0,0|0,0|0,0|0,0|0,0|0,0|0,0|0,0|0,0|0,0|0,0|0,0|0,0|0,0|0,0|0,0.5|1,0.5|1,0.5|1,0|0,0.5|1,1|1,0|1,0.5|0,1|1,0.5|1
172274a277902cf3e330ad87da1fd6fb9ce72bdf,0|0,0.5|1,0.5|1,0|0,0|0,0|0,0|0,0|0,0|0,0|0,0|0,0|0,0|0,0|0,0|0,0|0,0|0,0|0,0|0,0|0,0|0,0|0,0|0,0|0,0.5|1,0.5|1,0.5|1,0|0,0.5|1,1|1,0|1,0.5|0,1|1,0.5|1
7eef8d8a6ce1f2b5573edf7e9599651fef475fd2,0|0,0.5|1,0.5|1,0|0,0|0,0|0,0|0,0|0,0|0,0|0,0|0,0|0,0|0,0|0,0|0,0|0,0|0,0|0,0|0,0|0,0|0,0|0,0|0,0|0,0.5|1,0.5|1,0.5|1,0|0,0.5|1,1|1,0|1,0.5|0,1|1,0.5|1
11e1a0052938c4ea51493bb4000792b7f87a87a0,0|0,0.5|1,0.5|1,0|0,0|0,0|0,0|0,0|0,0|0,0|0,0|0,0|0,0|0,0|0,0|0,0|0,0|0,0|0,0|0,0|0,0|0,0|0,0|0,0|0,0.5|1,0.5|1,0.5|1,0|0,0.5|1,1|1,0|1,0.5|0,1|1,0.5|1
8485bce0467bac9f270e24c9280b70bdbeaae616,0|0,0.5|1,0.5|1,0|0,0|0,0|0,0|0,0|0,0|0,0|0,0|0,0|0,0|0,0|0,0|0,0|0,0|0,0|0,0|0,0|0,0|0,0|0,0|0,0|0,0.5|1,0.5|1,0.5|1,0|0,0.5|1,1|1,0|1,0.5|0,1|1,0.5|1
90527886e77169e5699afbb0d793a7117fff6402,0|0,0.5|1,0.5|1,0|0,0|0,0|0,0|0,0|0,0|0,0|0,0|0,0|0,0|0,0|0,0|0,0|0,0|0,0|0,0|0,0|0,0|0,0|0,0|0,0|0,0.5|1,0.5|1,0.5|1,0|0,0.5|1,1|1,0|1,0.5|0,1|1,0.5|1
b09f9788f84cb68a786482be1f51844d13ae5b90,0|0,0.5|1,0.5|1,0|0,0|0,0|0,0|0,0|0,0|0,0|0,0|0,0|0,0|0,0|0,0|0,0|0,0|0,0|0,0|0,0|0,0|0,0|0,0|0,0|0,0.5|1,0.5|1,0.5|1,0|0,0.5|1,1|1,0|1,0.5|0,1|1,0.5|1
b20a726832ece4998de9e39eb9d745cf8f4b0fdb,0|0,0.5|1,0.5|1,0|0,0|0,0|0,0|0,0|0,0|0,0|0,0|0,0|0,0|0,0|0,0|0,0|0,0|0,0|0,0|0,0|0,0|0,0|0,0|0,0|0,0.5|1,0.5|1,0.5|1,0|0,0.5|1,1|1,0|1,0.5|0,1|1,0.5|1
5c9c98930f9835cf7d84c552b6919a18043a2119,0|0,0.5|1,0.5|1,0|0,0|0,0|0,0|0,0|0,0|0,0|0,0|0,0|0,0|0,0|0,0|0,0|0,0|0,0|0,0|0,0|0,0|0,0|0,0|0,0|0,0.5|1,0.5|1,0.5|1,0|0,0.5|1,1|1,0|1,0.5|0,1|1,0.5|1
ab19dc93ef9d2bfc4404d726afd89df5dba65bb2,0|0,0.5|1,0.5|1,0|0,0|0,0|0,0|0,0|0,0|0,0|0,0|0,0|0,0|0,0|0,0|0,0|0,0|0,0|0,0|0,0|0,0|0,0|0,0|0,0|0,0.5|1,0.5|1,0.5|1,0|0,0.5|1,1|1,0|1,0.5|0,1|1,0.5|1
3c8c9b5313901645717a845877669591b9cb5fc3,0|0,0.5|1,0.5|1,0|0,0|0,0|0,0|0,0|0,0|0,0|0,0|0,0|0,0|0,0|0,0|0,0|0,0|0,0|0,0|0,0|0,0|0,0|0,0|0,0|0,0.5|1,0.5|1,0.5|1,0|0,0.5|1,1|1,0|1,0.5|0,1|1,0.5|1
27b1b891d29e2be054562f0f62f9220814878483,0|0,0.5|1,0.5|1,0|0,0|0,0|0,0|0,0|0,0|0,0|0,0|0,0|0,0|0,0|0,0|0,0|0,0|0,0|0,0|0,0|0,0|0,0|0,0|0,0|0,0.5|1,0.5|1,0.5|1,0|0,0.5|1,1|1,0|1,0.5|0,1|1,0.5|1
33e249fd076a930b871f07cedb84bef328d90037,0|0,0.5|1,0.5|1,0|0,0|0,0|0,0|0,0|0,0|0,0|0,0|0,0|0,0|0,0|0,0|0,0|0,0|0,0|0,0|0,0|0,0|0,0|0,0|0,0|0,0.5|1,0.5|1,0.5|1,0|0,0.5|1,1|1,0|1,0.5|0,1|1,0.5|1
11fc8b7ea1c5e77f31c67ce204c35d50046d3640,0|0,0.5|1,0.5|1,0|0,0|0,0|0,0|0,0|0,0|0,0|0,0|0,0|0,0|0,0|0,0|0,0|0,0|0,0|0,0|0,0|0,0|0,0|0,0|0,0|0,0.5|1,0.5|1,0.5|1,0|0,0.5|1,1|1,0|1,0.5|0,1|1,0.5|1
65ecf6e07ac9abaaf516cec66d45a5165baf9e4e,0|0,0.5|1,0.5|1,0|0,0|0,0|0,0|0,0|0,0|0,0|0,0|0,0|0,0|0,0|0,0|0,0|0,0|0,0|0,0|0,0|0,0|0,0|0,0|0,0|0,0.5|1,0.5|1,0.5|1,0|0,0.5|1,1|1,0|1,0.5|0,1|1,0.5|1
12e4a732a5cc93c55424fb6b6849a287f70494b2,0|0,0.5|1,0.5|1,0|0,0|0,0|0,0|0,0|0,0|0,0|0,0|0,0|0,0|0,0|0,0|0,0|0,0|0,0|0,0|0,0|0,0|0,0|0,0|0,0|0,0.5|1,0.5|1,0.5|1,0|0,0.5|1,1|1,0|1,0.5|0,1|1,0.5|1
34047d564be3a2b61c85af39d0a9816a8102aa0e,0|0,0.5|1,0.5|1,0|0,0|0,0|0,0|0,0|0,0|0,0|0,0|0,0|0,0|0,0|0,0|0,0|0,0|0,0|0,0|0,0|0,0|0,0|0,0|0,0|0,0.5|1,0.5|1,0.5|1,0|0,0.5|1,1|1,0|1,0.5|0,1|1,0.5|1
3f5cc72f7a552c37af8a0aeec584f141936fd0e5,0|0,0.5|1,0.5|1,0|0,0|0,0|0,0|0,0|0,0|0,0|0,0|0,0|0,0|0,0|0,0|0,0|0,0|0,0|0,0|0,0|0,0|0,0|0,0|0,0|0,0.5|1,0.5|1,0.5|1,0|0,0.5|1,1|1,0|1,0.5|0,1|1,0.5|1
6d1813ea01109ad1fbd1a0acb9b3b43681f12e9c,0|0,0.5|1,0.5|1,0|0,0|0,0|0,0|0,0|0,0|0,0|0,0|0,0|0,0|0,0|0,0|0,0|0,0|0,0|0,0|0,0|0,0|0,0|0,0|0,0|0,0.5|1,0.5|1,0.5|1,0|0,0.5|1,1|1,0|1,0.5|0,1|1,0.5|1
8f241418f213f72c2da635e6a94653f3c3f6847e,0|0,0.5|1,0.5|1,0|0,0|0,0|0,0|0,0|0,0|0,0|0,0|0,0|0,0|0,0|0,0|0,0|0,0|0,0|0,0|0,0|0,0|0,0|0,0|0,0|0,0.5|1,0.5|1,0.5|1,0|0,0.5|1,1|1,0|1,0.5|0,1|1,0.5|1
342ea2d39a2942f9abdaf28e69bee711ac1b24d0,,,,,,,,,,,,,,,,,,,,,,,,,,,,,,,,,,
e2e133469def2be933d16edfbc3b280d5e82e681,,,,,,,,,,,,,,,,,,,,,,,,,,,,,,,,,,
b56e7d9458b54f0fa9bad5601ee3ac052bc272e0,0|0,0.5|1,0.5|1,0|0,0|0,0|0,0|0,0|0,0|0,0|0,0|0,0|0,0|0,0|0,0|0,0|0,0|0,0|0,0|0,0|0,0|0,0|0,0|0,0|0,0.5|1,0.5|1,0.5|1,0|0,0.5|1,1|1,0|1,0.5|0,1|1,0.5|1
98fe4474591bce90201f03714a51fcb6d5574fea,0|0,0.5|1,0.5|1,0|0,0|0,0|0,0|0,0|0,0|0,0|0,0|0,0|0,0|0,0|0,0|0,0|0,0|0,0|0,0|0,0|0,0|0,0|0,0|0,0|0,0.5|1,0.5|1,0.5|1,0|0,0.5|1,1|1,0|1,0.5|0,1|1,0.5|1
a347072d77e36903fde64824789bc62902495cd2,0|0,0.5|1,0.5|1,0|0,0|0,0|0,0|0,0|0,0|0,0|0,0|0,0|0,0|0,0|0,0|0,0|0,0|0,0|0,0|0,0|0,0|0,0|0,0|0,0|0,0.5|1,0.5|1,0.5|1,0|0,0.5|1,1|1,0|1,0.5|0,1|1,0.5|1
44439cf6f61114dbf50728de5b19d6e0a29571fd,0|0,0.5|1,0.5|1,0|0,0|0,0|0,0|0,0|0,0|0,0|0,0|0,0|0,0|0,0|0,0|0,0|0,0|0,0|0,0|0,0|0,0|0,0|0,0|0,0|0,0.5|1,0.5|1,0.5|1,0|0,0.5|1,1|1,0|1,0.5|0,1|1,0.5|1
58b99bf97145c161a28cccd3b9b9a333e503f59c,0|0,0.5|1,0.5|1,0|0,0|0,0|0,0|0,0|0,0|0,0|0,0|0,0|0,0|0,0|0,0|0,0|0,0|0,0|0,0|0,0|0,0|0,0|0,0|0,0|0,0.5|1,0.5|1,0.5|1,0|0,0.5|1,1|1,0|1,0.5|0,1|1,0.5|1
2fe8945be366f8393252e92bb4c2562d87c01b76,0|0,0.5|1,0.5|1,0|0,0|0,0|0,0|0,0|0,0|0,0|0,0|0,0|0,0|0,0|0,0|0,0|0,0|0,0|0,0|0,0|0,0|0,0|0,0|0,0|0,0.5|1,0.5|1,0.5|1,0|0,0.5|1,1|1,0|1,0.5|0,1|1,0.5|1
47c9fc9bacdb264722d5da128fe727a731ed6bea,0|0,0.5|1,0.5|1,0|0,0|0,0|0,0|0,0|0,0|0,0|0,0|0,0|0,0|0,0|0,0|0,0|0,0|0,0|0,0|0,0|0,0|0,0|0,0|0,0|0,0.5|1,0.5|1,0.5|1,0|0,0.5|1,1|1,0|1,0.5|0,1|1,0.5|1
5623afe5a5424771ab9921e30ddc7d09d907f98b,0|0,0.5|1,0.5|1,0|0,0|0,0|0,0|0,0|0,0|0,0|0,0|0,0|0,0|0,0|0,0|0,0|0,0|0,0|0,0|0,0|0,0|0,0|0,0|0,0|0,0.5|1,0.5|1,0.5|1,0|0,0.5|1,1|1,0|1,0.5|0,1|1,0.5|1
5c63eed34658a9f94a16ed560633b851e228c51b,,,,,,,,,,,,,,,,,,,,,,,,,,,,,,,,,,
8e0a80ee6c46b23b2508903729dde108ed805660,0|0,0.5|1,0.5|1,0|0,0|0,0|0,0|0,0|0,0|0,0|0,0|0,0|0,0|0,0|0,0|0,0|0,0|0,0|0,0|0,0|0,0|0,0|0,0|0,0|0,0.5|1,0.5|1,0.5|1,0|0,0.5|1,1|1,0|1,0.5|0,1|1,0.5|1
35f80b61697ed55eecff7a72932905d7a35516f8,0|0,0.5|1,0.5|1,0|0,0|0,0|0,0|0,0|0,0|0,0|0,0|0,0|0,0|0,0|0,0|0,0|0,0|0,0|0,0|0,0|0,0|0,0|0,0|0,0|0,0.5|1,0.5|1,0.5|1,0|0,0.5|1,1|1,0|1,0.5|0,1|1,0.5|1
76adff02fbb4ce196deb4641415df4566d9334fc,0|0,0.5|1,0.5|1,0|0,0|0,0|0,0|0,0|0,0|0,0|0,0|0,0|0,0|0,0|0,0|0,0|0,0|0,0|0,0|0,0|0,0|0,0|0,0|0,0|0,0.5|1,0.5|1,0.5|1,0|0,0.5|1,1|1,0|1,0.5|0,1|1,0.5|1
1aca0b7b29cc0a2a9f9ba765262d9445cf3a5381,0|0,0.5|1,0.5|1,0|0,0|0,0|0,0|0,0|0,0|0,0|0,0|0,0|0,0|0,0|0,0|0,0|0,0|0,0|0,0|0,0|0,0|0,0|0,0|0,0|0,0.5|1,0.5|1,0.5|1,0|0,0.5|1,1|1,0|1,0.5|0,1|1,0.5|1
be96401bd1320a0ed1c4dcd4ba10b7e8c533ba5e,0|0,0.5|1,0.5|1,0|0,0|0,0|0,0|0,0|0,0|0,0|0,0|0,0|0,0|0,0|0,0|0,0|0,0|0,0|0,0|0,0|0,0|0,0|0,0|0,0|0,0.5|1,0.5|1,0.5|1,0|0,0.5|1,1|1,0|1,0.5|0,1|1,0.5|1
3906a08c8e248ccfffc1c03e2b2834e7c56511d3,0|0,0.5|1,0.5|1,0|0,0|0,0|0,0|0,0|0,0|0,0|0,0|0,0|0,0|0,0|0,0|0,0|0,0|0,0|0,0|0,0|0,0|0,0|0,0|0,0|0,0.5|1,0.5|1,0.5|1,0|0,0.5|1,1|1,0|1,0.5|0,1|1,0.5|1
6c2a312dcf4421eb88a1e289dd039fb53c0a4ef6,0|0,0.5|1,0.5|1,0|0,0|0,0|0,0|0,0|0,0|0,0|0,0|0,0|0,0|0,0|0,0|0,0|0,0|0,0|0,0|0,0|0,0|0,0|0,0|0,0|0,0.5|1,0.5|1,0.5|1,0|0,0.5|1,1|1,0|1,0.5|0,1|1,0.5|1
89453a454ca4ac0b72db8bce0185c5b4fdacb353,0|0,0.5|1,0.5|1,0|0,0|0,0|0,0|0,0|0,0|0,0|0,0|0,0|0,0|0,0|0,0|0,0|0,0|0,0|0,0|0,0|0,0|0,0|0,0|0,0|0,0.5|1,0.5|1,0.5|1,0|0,0.5|1,1|1,0|1,0.5|0,1|1,0.5|1
44b50fa29c0767a327c1dba1eafbfb8c7ff64183,0|0,0.5|1,0.5|1,0|0,0|0,0|0,0|0,0|0,0|0,0|0,0|0,0|0,0|0,0|0,0|0,0|0,0|0,0|0,0|0,0|0,0|0,0|0,0|0,0|0,0.5|1,0.5|1,0.5|1,0|0,0.5|1,1|1,0|1,0.5|0,1|1,0.5|1
f890013d6d046ad1e667f2edc1a784fd379209c0,0|0,0.5|1,0.5|1,0|0,0|0,0|0,0|0,0|0,0|0,0|0,0|0,0|0,0|0,0|0,0|0,0|0,0|0,0|0,0|0,0|0,0|0,0|0,0|0,0|0,0.5|1,0.5|1,0.5|1,0|0,0.5|1,1|1,0|1,0.5|0,1|1,0.5|1
685e48115e11269f767cea9ae0abbf7060fe6f43,0|0,0.5|1,0.5|1,0|0,0|0,0|0,0|0,0|0,0|0,0|0,0|0,0|0,0|0,0|0,0|0,0|0,0|0,0|0,0|0,0|0,0|0,0|0,0|0,0|0,0.5|1,0.5|1,0.5|1,0|0,0.5|1,1|1,0|1,0.5|0,1|1,0.5|1
01908d706b9eeeb35c13e05799dc4b7430349b23,0|0,0.5|1,0.5|1,0|0,0|0,0|0,0|0,0|0,0|0,0|0,0|0,0|0,0|0,0|0,0|0,0|0,0|0,0|0,0|0,0|0,0|0,0|0,0|0,0|0,0.5|1,0.5|1,0.5|1,0|0,0.5|1,1|1,0|1,0.5|0,1|1,0.5|1
f3c8ed4b0669a0840d7c9460be1ec5fd29e85430,0|0,0.5|1,0.5|1,0|0,0|0,0|0,0|0,0|0,0|0,0|0,0|0,0|0,0|0,0|0,0|0,0|0,0|0,0|0,0|0,0|0,0|0,0|0,0|0,0|0,0.5|1,0.5|1,0.5|1,0|0,0.5|1,1|1,0|1,0.5|0,1|1,0.5|1
0ffff35c6272b1b67559a4b3363f11816dec6101,0|0,0.5|1,0.5|1,0|0,0|0,0|0,0|0,0|0,0|0,0|0,0|0,0|0,0|0,0|0,0|0,0|0,0|0,0|0,0|0,0|0,0|0,0|0,0|0,0|0,0.5|1,0.5|1,0.5|1,0|0,0.5|1,1|1,0|1,0.5|0,1|1,0.5|1
96bab3fd4f8285981b75549339082df12d508b38,0|0,0.5|1,0.5|1,0|0,0|0,0|0,0|0,0|0,0|0,0|0,0|0,0|0,0|0,0|0,0|0,0|0,0|0,0|0,0|0,0|0,0|0,0|0,0|0,0|0,0.5|1,0.5|1,0.5|1,0|0,0.5|1,1|1,0|1,0.5|0,1|1,0.5|1
5431df8a8b8e826cd890d15cfa77f1cd2ceca12f,0|0,0.5|1,0.5|1,0|0,0|0,0|0,0|0,0|0,0|0,0|0,0|0,0|0,0|0,0|0,0|0,0|0,0|0,0|0,0|0,0|0,0|0,0|0,0|0,0|0,0.5|1,0.5|1,0.5|1,0|0,0.5|1,1|1,0|1,0.5|0,1|1,0.5|1
adca0e29b3dc31b7d3d12115cd570e2453832ce8,0|0,0.5|1,0.5|1,0|0,0|0,0|0,0|0,0|0,0|0,0|0,0|0,0|0,0|0,0|0,0|0,0|0,0|0,0|0,0|0,0|0,0|0,0|0,0|0,0|0,0.5|1,0.5|1,0.5|1,0|0,0.5|1,1|1,0|1,0.5|0,1|1,0.5|1
b8d8f9322c26de647ad9716b0cade3842bb522f8,0|0,0.5|1,0.5|1,0|0,0|0,0|0,0|0,0|0,0|0,0|0,0|0,0|0,0|0,0|0,0|0,0|0,0|0,0|0,0|0,0|0,0|0,0|0,0|0,0|0,0.5|1,0.5|1,0.5|1,0|0,0.5|1,1|1,0|1,0.5|0,1|1,0.5|1
0531e8a988738e09672fd6bff78b119565ea9236,0|0,0.5|1,0.5|1,0|0,0|0,0|0,0|0,0|0,0|0,0|0,0|0,0|0,0|0,0|0,0|0,0|0,0|0,0|0,0|0,0|0,0|0,0|0,0|0,0|0,0.5|1,0.5|1,0.5|1,0|0,0.5|1,1|1,0|1,0.5|0,1|1,0.5|1
72dbdf11d5e9263785d52a8b177d56ad832f5fe0,0|0,0.5|1,0.5|1,0|0,0|0,0|0,0|0,0|0,0|0,0|0,0|0,0|0,0|0,0|0,0|0,0|0,0|0,0|0,0|0,0|0,0|0,0|0,0|0,0|0,0.5|1,0.5|1,0.5|1,0|0,0.5|1,1|1,0|1,0.5|0,1|1,0.5|1
f553bd2a5493605ed9ea7ef217ba511eaa2c948a,0|0,0.5|1,0.5|1,0|0,0|0,0|0,0|0,0|0,0|0,0|0,0|0,0|0,0|0,0|0,0|0,0|0,0|0,0|0,0|0,0|0,0|0,0|0,0|0,0|0,0.5|1,0.5|1,0.5|1,0|0,0.5|1,1|1,0|1,0.5|0,1|1,0.5|1
efd488b9881c8902454720df44f39867d27581d8,0|0,0.5|1,0.5|1,0|0,0|0,0|0,0|0,0|0,0|0,0|0,0|0,0|0,0|0,0|0,0|0,0|0,0|0,0|0,0|0,0|0,0|0,0|0,0|0,0|0,0.5|1,0.5|1,0.5|1,0|0,0.5|1,1|1,0|1,0.5|0,1|1,0.5|1
b2434ad1be6ea46e101e0691bfd6b2a43174cc8a,0|0,0.5|1,0.5|1,0|0,0|0,0|0,0|0,0|0,0|0,0|0,0|0,0|0,0|0,0|0,0|0,0|0,0|0,0|0,0|0,0|0,0|0,0|0,0|0,0|0,0.5|1,0.5|1,0.5|1,0|0,0.5|1,1|1,0|1,0.5|0,1|1,0.5|1
df09d1d2c79f291abc8b1494229de85efd010c1c,0|0,0.5|1,0.5|1,0|0,0|0,0|0,0|0,0|0,0|0,0|0,0|0,0|0,0|0,0|0,0|0,0|0,0|0,0|0,0|0,0|0,0|0,0|0,0|0,0|0,0.5|1,0.5|1,0.5|1,0|0,0.5|1,1|1,0|1,0.5|0,1|1,0.5|1
7bca417729efe883091545c3c9df370c2e42ae48,0|0,0.5|1,0.5|1,0|0,0|0,0|0,0|0,0|0,0|0,0|0,0|0,0|0,0|0,0|0,0|0,0|0,0|0,0|0,0|0,0|0,0|0,0|0,0|0,0|0,0.5|1,0.5|1,0.5|1,0|0,0.5|1,1|1,0|1,0.5|0,1|1,0.5|1
4fa8ce22b977d1cdb3fd712f86ec4f1bac424ef4,0|0,0.5|1,0.5|1,0|0,0|0,0|0,0|0,0|0,0|0,0|0,0|0,0|0,0|0,0|0,0|0,0|0,0|0,0|0,0|0,0|0,0|0,0|0,0|0,0|0,0.5|1,0.5|1,0.5|1,0|0,0.5|1,1|1,0|1,0.5|0,1|1,0.5|1
8d6bb0d7ddbd3cc00c09c39f2fd9faf473e8fd51,0|0,0.5|1,0.5|1,0|0,0|0,0|0,0|0,0|0,0|0,0|0,0|0,0|0,0|0,0|0,0|0,0|0,0|0,0|0,0|0,0|0,0|0,0|0,0|0,0|0,0.5|1,0.5|1,0.5|1,0|0,0.5|1,1|1,0|1,0.5|0,1|1,0.5|1
72af6cec8f5b98befb1cad31581194e1aa0b13d5,0|0,0.5|1,0.5|1,0|0,0|0,0|0,0|0,0|0,0|0,0|0,0|0,0|0,0|0,0|0,0|0,0|0,0|0,0|0,0|0,0|0,0|0,0|0,0|0,0|0,0.5|1,0.5|1,0.5|1,0|0,0.5|1,1|1,0|1,0.5|0,1|1,0.5|1
cc7b84342552bdc7cfe4e098b5a64b1d0ce69b8c,0|0,0.5|1,0.5|1,0|0,0|0,0|0,0|0,0|0,0|0,0|0,0|0,0|0,0|0,0|0,0|0,0|0,0|0,0|0,0|0,0|0,0|0,0|0,0|0,0|0,0.5|1,0.5|1,0.5|1,0|0,0.5|1,1|1,0|1,0.5|0,1|1,0.5|1
5503d8bc48da55b700268751e7f462bdaecc2ad3,0|0,0.5|1,0.5|1,0|0,0|0,0|0,0|0,0|0,0|0,0|0,0|0,0|0,0|0,0|0,0|0,0|0,0|0,0|0,0|0,0|0,0|0,0|0,0|0,0|0,0.5|1,0.5|1,0.5|1,0|0,0.5|1,1|1,0|1,0.5|0,1|1,0.5|1
38da659cd5862dccbb0457266fe752cfd6541d4f,0|0,0.5|1,0.5|1,0|0,0|0,0|0,0|0,0|0,0|0,0|0,0|0,0|0,0|0,0|0,0|0,0|0,0|0,0|0,0|0,0|0,0|0,0|0,0|0,0|0,0.5|1,0.5|1,0.5|1,0|0,0.5|1,1|1,0|1,0.5|0,1|1,0.5|1
72650ac2901fd145bd7806179ecb630f8d84e4fa,0|0,0.5|1,0.5|1,0|0,0|0,0|0,0|0,0|0,0|0,0|0,0|0,0|0,0|0,0|0,0|0,0|0,0|0,0|0,0|0,0|0,0|0,0|0,0|0,0|0,0.5|1,0.5|1,0.5|1,0|0,0.5|1,1|1,0|1,0.5|0,1|1,0.5|1
8972b17a243d2bfe5aba9e4c113f5e81ec15fd02,0|0,0.5|1,0.5|1,0|0,0|0,0|0,0|0,0|0,0|0,0|0,0|0,0|0,0|0,0|0,0|0,0|0,0|0,0|0,0|0,0|0,0|0,0|0,0|0,0|0,0.5|1,0.5|1,0.5|1,0|0,0.5|1,1|1,0|1,0.5|0,1|1,0.5|1
42d9b714ed540e8efbb9c9ac435969272750f217,0|0,0.5|1,0.5|1,0|0,0|0,0|0,0|0,0|0,0|0,0|0,0|0,0|0,0|0,0|0,0|0,0|0,0|0,0|0,0|0,0|0,0|0,0|0,0|0,0|0,0.5|1,0.5|1,0.5|1,0|0,0.5|1,1|1,0|1,0.5|0,1|1,0.5|1
9d758d115606d90dd0ce4ce888726965211575bf,0|0,0.5|1,0.5|1,0|0,0|0,0|0,0|0,0|0,0|0,0|0,0|0,0|0,0|0,0|0,0|0,0|0,0|0,0|0,0|0,0|0,0|0,0|0,0|0,0|0,0.5|1,0.5|1,0.5|1,0|0,0.5|1,1|1,0|1,0.5|0,1|1,0.5|1
8029ef798585acc58dbed70c1ede1c8f02f9f239,0|0,0.5|1,0.5|1,0|0,0|0,0|0,0|0,0|0,0|0,0|0,0|0,0|0,0|0,0|0,0|0,0|0,0|0,0|0,0|0,0|0,0|0,0|0,0|0,0|0,0.5|1,0.5|1,0.5|1,0|0,0.5|1,1|1,0|1,0.5|0,1|1,0.5|1
e359674f020f6f43f50fb8c59487179a0cf717c1,0|0,0.5|1,0.5|1,0|0,0|0,0|0,0|0,0|0,0|0,0|0,0|0,0|0,0|0,0|0,0|0,0|0,0|0,0|0,0|0,0|0,0|0,0|0,0|0,0|0,0.5|1,0.5|1,0.5|1,0|0,0.5|1,1|1,0|1,0.5|0,1|1,0.5|1
35b775d94aac5a8d859ac5a0cc79a78008d2397c,0|0,0.5|1,0.5|1,0|0,0|0,0|0,0|0,0|0,0|0,0|0,0|0,0|0,0|0,0|0,0|0,0|0,0|0,0|0,0|0,0|0,0|0,0|0,0|0,0|0,0.5|1,0.5|1,0.5|1,0|0,0.5|1,1|1,0|1,0.5|0,1|1,0.5|1
4db9e969c4f767ca98cf9208a0689d7fa1d59961,0|0,0.5|1,0.5|1,0|0,0|0,0|0,0|0,0|0,0|0,0|0,0|0,0|0,0|0,0|0,0|0,0|0,0|0,0|0,0|0,0|0,0|0,0|0,0|0,0|0,0.5|1,0.5|1,0.5|1,0|0,0.5|1,1|1,0|1,0.5|0,1|1,0.5|1
68c22720d75fb242935179a50d52137baae833e2,0|0,0.5|1,0.5|1,0|0,0|0,0|0,0|0,0|0,0|0,0|0,0|0,0|0,0|0,0|0,0|0,0|0,0|0,0|0,0|0,0|0,0|0,0|0,0|0,0|0,0.5|1,0.5|1,0.5|1,0|0,0.5|1,1|1,0|1,0.5|0,1|1,0.5|1
4d85866bd2fe78825ddb34ecdd7e6d4d3e0feef8,0|0,0.5|1,0.5|1,0|0,0|0,0|0,0|0,0|0,0|0,0|0,0|0,0|0,0|0,0|0,0|0,0|0,0|0,0|0,0|0,0|0,0|0,0|0,0|0,0|0,0.5|1,0.5|1,0.5|1,0|0,0.5|1,1|1,0|1,0.5|0,1|1,0.5|1
c0e4270d782d2d0482f5e373f5a226bd8712c572,0|0,0.5|1,0.5|1,0|0,0|0,0|0,0|0,0|0,0|0,0|0,0|0,0|0,0|0,0|0,0|0,0|0,0|0,0|0,0|0,0|0,0|0,0|0,0|0,0|0,0.5|1,0.5|1,0.5|1,0|0,0.5|1,1|1,0|1,0.5|0,1|1,0.5|1
8f81fef3c674cfc97bde00845b85d452b7b19afd,0|0,0.5|1,0.5|1,0|0,0|0,0|0,0|0,0|0,0|0,0|0,0|0,0|0,0|0,0|0,0|0,0|0,0|0,0|0,0|0,0|0,0|0,0|0,0|0,0|0,0.5|1,0.5|1,0.5|1,0|0,0.5|1,1|1,0|1,0.5|0,1|1,0.5|1
3c2bbfc2e276dce30f6333fcc9db30b51d2e26f2,0|0,0.5|1,0.5|1,0|0,0|0,0|0,0|0,0|0,0|0,0|0,0|0,0|0,0|0,0|0,0|0,0|0,0|0,0|0,0|0,0|0,0|0,0|0,0|0,0|0,0.5|1,0.5|1,0.5|1,0|0,0.5|1,1|1,0|1,0.5|0,1|1,0.5|1
d53783ce785318f4ca98c40880226c8ba71285c1,0|0,0.5|1,0.5|1,0|0,0|0,0|0,0|0,0|0,0|0,0|0,0|0,0|0,0|0,0|0,0|0,0|0,0|0,0|0,0|0,0|0,0|0,0|0,0|0,0|0,0.5|1,0.5|1,0.5|1,0|0,0.5|1,1|1,0|1,0.5|0,1|1,0.5|1
f5994c43750ee92a5414ab859c374209047c80b7,0|0,0.5|1,0.5|1,0|0,0|0,0|0,0|0,0|0,0|0,0|0,0|0,0|0,0|0,0|0,0|0,0|0,0|0,0|0,0|0,0|0,0|0,0|0,0|0,0|0,0.5|1,0.5|1,0.5|1,0|0,0.5|1,1|1,0|1,0.5|0,1|1,0.5|1
5162abc75aa4700bf35ec7aff1e90c38a7520a18,0|0,0.5|1,0.5|1,0|0,0|0,0|0,0|0,0|0,0|0,0|0,0|0,0|0,0|0,0|0,0|0,0|0,0|0,0|0,0|0,0|0,0|0,0|0,0|0,0|0,0.5|1,0.5|1,0.5|1,0|0,0.5|1,1|1,0|1,0.5|0,1|1,0.5|1
4ff87c292ae5387af359662d5b3d5080951ed68a,0|0,0.5|1,0.5|1,0|0,0|0,0|0,0|0,0|0,0|0,0|0,0|0,0|0,0|0,0|0,0|0,0|0,0|0,0|0,0|0,0|0,0|0,0|0,0|0,0|0,0.5|1,0.5|1,0.5|1,0|0,0.5|1,1|1,0|1,0.5|0,1|1,0.5|1
a83263b2238b8c32ad853b0beb11e6169e276812,0|0,0.5|1,0.5|1,0|0,0|0,0|0,0|0,0|0,0|0,0|0,0|0,0|0,0|0,0|0,0|0,0|0,0|0,0|0,0|0,0|0,0|0,0|0,0|0,0|0,0.5|1,0.5|1,0.5|1,0|0,0.5|1,1|1,0|1,0.5|0,1|1,0.5|1
32f3b25e65c8ff2b781c6805eaff7035ce7a79dc,0|0,0.5|1,0.5|1,0|0,0|0,0|0,0|0,0|0,0|0,0|0,0|0,0|0,0|0,0|0,0|0,0|0,0|0,0|0,0|0,0|0,0|0,0|0,0|0,0|0,0.5|1,0.5|1,0.5|1,0|0,0.5|1,1|1,0|1,0.5|0,1|1,0.5|1
3245ff72e6fc3262a97c9856790faa395d4f544c,0|0,0.5|1,0.5|1,0|0,0|0,0|0,0|0,0|0,0|0,0|0,0|0,0|0,0|0,0|0,0|0,0|0,0|0,0|0,0|0,0|0,0|0,0|0,0|0,0|0,0.5|1,0.5|1,0.5|1,0|0,0.5|1,1|1,0|1,0.5|0,1|1,0.5|1
72cbdae1e44f3944e2ff54f148d515ad8c672367,0|0,0.5|1,0.5|1,0|0,0|0,0|0,0|0,0|0,0|0,0|0,0|0,0|0,0|0,0|0,0|0,0|0,0|0,0|0,0|0,0|0,0|0,0|0,0|0,0|0,0.5|1,0.5|1,0.5|1,0|0,0.5|1,1|1,0|1,0.5|0,1|1,0.5|1
b03267cbab109556dd0fa95d2c8842733f68e965,0|0,0.5|1,0.5|1,0|0,0|0,0|0,0|0,0|0,0|0,0|0,0|0,0|0,0|0,0|0,0|0,0|0,0|0,0|0,0|0,0|0,0|0,0|0,0|0,0|0,0.5|1,0.5|1,0.5|1,0|0,0.5|1,1|1,0|1,0.5|0,1|1,0.5|1
d4bde335e2d97d2819b35a2829d3c73f8d5321d0,0|0,0.5|1,0.5|1,0|0,0|0,0|0,0|0,0|0,0|0,0|0,0|0,0|0,0|0,0|0,0|0,0|0,0|0,0|0,0|0,0|0,0|0,0|0,0|0,0|0,0.5|1,0.5|1,0.5|1,0|0,0.5|1,1|1,0|1,0.5|0,1|1,0.5|1
36d475c333eb4b299d9aa4927947b6ea731b8dba,0|0,0.5|1,0.5|1,0|0,0|0,0|0,0|0,0|0,0|0,0|0,0|0,0|0,0|0,0|0,0|0,0|0,0|0,0|0,0|0,0|0,0|0,0|0,0|0,0|0,0.5|1,0.5|1,0.5|1,0|0,0.5|1,1|1,0|1,0.5|0,1|1,0.5|1
e872bbc7707a4a59c948a4a82a4cc1159cafdaa0,0|0,0.5|1,0.5|1,0|0,0|0,0|0,0|0,0|0,0|0,0|0,0|0,0|0,0|0,0|0,0|0,0|0,0|0,0|0,0|0,0|0,0|0,0|0,0|0,0|0,0.5|1,0.5|1,0.5|1,0|0,0.5|1,1|1,0|1,0.5|0,1|1,0.5|1
cbea2054701eb694b0047787702a664f90cd0b29,0|0,0.5|1,0.5|1,0|0,0|0,0|0,0|0,0|0,0|0,0|0,0|0,0|0,0|0,0|0,0|0,0|0,0|0,0|0,0|0,0|0,0|0,0|0,0|0,0|0,0.5|1,0.5|1,0.5|1,0|0,0.5|1,1|1,0|1,0.5|0,1|1,0.5|1
a586e56c6d92e3c04ea1f4e17b07c4374b18b8ea,0|0,0.5|1,0.5|1,0|0,0|0,0|0,0|0,0|0,0|0,0|0,0|0,0|0,0|0,0|0,0|0,0|0,0|0,0|0,0|0,0|0,0|0,0|0,0|0,0|0,0.5|1,0.5|1,0.5|1,0|0,0.5|1,1|1,0|1,0.5|0,1|1,0.5|1
8c33526ae4a6b6375def4c01c461051b9bf6d3c9,0|0,0.5|1,0.5|1,0|0,0|0,0|0,0|0,0|0,0|0,0|0,0|0,0|0,0|0,0|0,0|0,0|0,0|0,0|0,0|0,0|0,0|0,0|0,0|0,0|0,0.5|1,0.5|1,0.5|1,0|0,0.5|1,1|1,0|1,0.5|0,1|1,0.5|1
ed8a334aa7eaffa2d4828ccbe2290c835362021c,0|0,0.5|1,0.5|1,0|0,0|0,0|0,0|0,0|0,0|0,0|0,0|0,0|0,0|0,0|0,0|0,0|0,0|0,0|0,0|0,0|0,0|0,0|0,0|0,0|0,0.5|1,0.5|1,0.5|1,0|0,0.5|1,1|1,0|1,0.5|0,1|1,0.5|1
4e2cdc4a5df8c59ae272ee4cac443157ab4ab694,0|0,0.5|1,0.5|1,0|0,0|0,0|0,0|0,0|0,0|0,0|0,0|0,0|0,0|0,0|0,0|0,0|0,0|0,0|0,0|0,0|0,0|0,0|0,0|0,0|0,0.5|1,0.5|1,0.5|1,0|0,0.5|1,1|1,0|1,0.5|0,1|1,0.5|1
ff0dab33eb3ccec77dad391fed4f17a3ee178262,0|0,0.5|1,0.5|1,0|0,0|0,0|0,0|0,0|0,0|0,0|0,0|0,0|0,0|0,0|0,0|0,0|0,0|0,0|0,0|0,0|0,0|0,0|0,0|0,0|0,0.5|1,0.5|1,0.5|1,0|0,0.5|1,1|1,0|1,0.5|0,1|1,0.5|1
c51870a093d14de092fc9a50f8bdb10516155412,0|0,0.5|1,0.5|1,0|0,0|0,0|0,0|0,0|0,0|0,0|0,0|0,0|0,0|0,0|0,0|0,0|0,0|0,0|0,0|0,0|0,0|0,0|0,0|0,0|0,0.5|1,0.5|1,0.5|1,0|0,0.5|1,1|1,0|1,0.5|0,1|1,0.5|1
98abb5124b99ce67f2761b111ed910d12025df4d,0|0,0.5|1,0.5|1,0|0,0|0,0|0,0|0,0|0,0|0,0|0,0|0,0|0,0|0,0|0,0|0,0|0,0|0,0|0,0|0,0|0,0|0,0|0,0|0,0|0,0.5|1,0.5|1,0.5|1,0|0,0.5|1,1|1,0|1,0.5|0,1|1,0.5|1
853d9f754028bd6299393849a6b21d51dceb5958,0|0,0.5|1,0.5|1,0|0,0|0,0|0,0|0,0|0,0|0,0|0,0|0,0|0,0|0,0|0,0|0,0|0,0|0,0|0,0|0,0|0,0|0,0|0,0|0,0|0,0.5|1,0.5|1,0.5|1,0|0,0.5|1,1|1,0|1,0.5|0,1|1,0.5|1
fef5f6be0e23df2921336dbb22782c28cf76ebd0,0|0,0.5|1,0.5|1,0|0,0|0,0|0,0|0,0|0,0|0,0|0,0|0,0|0,0|0,0|0,0|0,0|0,0|0,0|0,0|0,0|0,0|0,0|0,0|0,0|0,0.5|1,0.5|1,0.5|1,0|0,0.5|1,1|1,0|1,0.5|0,1|1,0.5|1
4b49f7df86727d4ad380939bc6a918ee54543ae3,0|0,0.5|1,0.5|1,0|0,0|0,0|0,0|0,0|0,0|0,0|0,0|0,0|0,0|0,0|0,0|0,0|0,0|0,0|0,0|0,0|0,0|0,0|0,0|0,0|0,0.5|1,0.5|1,0.5|1,0|0,0.5|1,1|1,0|1,0.5|0,1|1,0.5|1
e6733da481db958b30019b283b222cbb9884c5ba,0|0,0.5|1,0.5|1,0|0,0|0,0|0,0|0,0|0,0|0,0|0,0|0,0|0,0|0,0|0,0|0,0|0,0|0,0|0,0|0,0|0,0|0,0|0,0|0,0|0,0.5|1,0.5|1,0.5|1,0|0,0.5|1,1|1,0|1,0.5|0,1|1,0.5|1
80b8ab67a7562f92166eb58878068c33d730240c,0|0,0.5|1,0.5|1,0|0,0|0,0|0,0|0,0|0,0|0,0|0,0|0,0|0,0|0,0|0,0|0,0|0,0|0,0|0,0|0,0|0,0|0,0|0,0|0,0|0,0.5|1,0.5|1,0.5|1,0|0,0.5|1,1|1,0|1,0.5|0,1|1,0.5|1
1b6c6a76246acd00b4289d9e061351d97a87a474,0|0,0.5|1,0.5|1,0|0,0|0,0|0,0|0,0|0,0|0,0|0,0|0,0|0,0|0,0|0,0|0,0|0,0|0,0|0,0|0,0|0,0|0,0|0,0|0,0|0,0.5|1,0.5|1,0.5|1,0|0,0.5|1,1|1,0|1,0.5|0,1|1,0.5|1
203b42ca0c9a043f1e30f66ae599f9f4a5c36864,0|0,0.5|1,0.5|1,0|0,0|0,0|0,0|0,0|0,0|0,0|0,0|0,0|0,0|0,0|0,0|0,0|0,0|0,0|0,0|0,0|0,0|0,0|0,0|0,0|0,0.5|1,0.5|1,0.5|1,0|0,0.5|1,1|1,0|1,0.5|0,1|1,0.5|1
50634e899ee94dd8646246c93fc80461ebd67faf,0|0,0.5|1,0.5|1,0|0,0|0,0|0,0|0,0|0,0|0,0|0,0|0,0|0,0|0,0|0,0|0,0|0,0|0,0|0,0|0,0|0,0|0,0|0,0|0,0|0,0.5|1,0.5|1,0.5|1,0|0,0.5|1,1|1,0|1,0.5|0,1|1,0.5|1
1d7a74b30d062e515a128b12ff66a04253852ad2,0|0,0.5|1,0.5|1,0|0,0|0,0|0,0|0,0|0,0|0,0|0,0|0,0|0,0|0,0|0,0|0,0|0,0|0,0|0,0|0,0|0,0|0,0|0,0|0,0|0,0.5|1,0.5|1,0.5|1,0|0,0.5|1,1|1,0|1,0.5|0,1|1,0.5|1
aef01bb4be9671f0c934857cef7e5583d1b6a6a3,0|0,0.5|1,0.5|1,0|0,0|0,0|0,0|0,0|0,0|0,0|0,0|0,0|0,0|0,0|0,0|0,0|0,0|0,0|0,0|0,0|0,0|0,0|0,0|0,0|0,0.5|1,0.5|1,0.5|1,0|0,0.5|1,1|1,0|1,0.5|0,1|1,0.5|1
6d69ea5ec42aac05e859b4b11675820c5e64c645,0|0,0.5|1,0.5|1,0|0,0|0,0|0,0|0,0|0,0|0,0|0,0|0,0|0,0|0,0|0,0|0,0|0,0|0,0|0,0|0,0|0,0|0,0|0,0|0,0|0,0.5|1,0.5|1,0.5|1,0|0,0.5|1,1|1,0|1,0.5|0,1|1,0.5|1
8c747a43e2b42c0003aeaa8dd18d07d1a4c75b17,0|0,0.5|1,0.5|1,0|0,0|0,0|0,0|0,0|0,0|0,0|0,0|0,0|0,0|0,0|0,0|0,0|0,0|0,0|0,0|0,0|0,0|0,0|0,0|0,0|0,0.5|1,0.5|1,0.5|1,0|0,0.5|1,1|1,0|1,0.5|0,1|1,0.5|1
cb2845c729c26e712654ca79dc2d9dce53081d47,0|0,0.5|1,0.5|1,0|0,0|0,0|0,0|0,0|0,0|0,0|0,0|0,0|0,0|0,0|0,0|0,0|0,0|0,0|0,0|0,0|0,0|0,0|0,0|0,0|0,0.5|1,0.5|1,0.5|1,0|0,0.5|1,1|1,0|1,0.5|0,1|1,0.5|1
947b2727695ea71af6768230f53afc2afac44d16,0|0,0.5|1,0.5|1,0|0,0|0,0|0,0|0,0|0,0|0,0|0,0|0,0|0,0|0,0|0,0|0,0|0,0|0,0|0,0|0,0|0,0|0,0|0,0|0,0|0,0.5|1,0.5|1,0.5|1,0|0,0.5|1,1|1,0|1,0.5|0,1|1,0.5|1
abba9828f40fb768d9bce03a3f03c93f7fa632d4,0|0,0.5|1,0.5|1,0|0,0|0,0|0,0|0,0|0,0|0,0|0,0|0,0|0,0|0,0|0,0|0,0|0,0|0,0|0,0|0,0|0,0|0,0|0,0|0,0|0,0.5|1,0.5|1,0.5|1,0|0,0.5|1,1|1,0|1,0.5|0,1|1,0.5|1
cc17c0b7a7ab39283824fe4d4d93f19c2e98a6f5,0|0,0.5|1,0.5|1,0|0,0|0,0|0,0|0,0|0,0|0,0|0,0|0,0|0,0|0,0|0,0|0,0|0,0|0,0|0,0|0,0|0,0|0,0|0,0|0,0|0,0.5|1,0.5|1,0.5|1,0|0,0.5|1,1|1,0|1,0.5|0,1|1,0.5|1
87f749e6b359f9ecede5c8c5837d5afbbed6f12c,0|0,0.5|1,0.5|1,0|0,0|0,0|0,0|0,0|0,0|0,0|0,0|0,0|0,0|0,0|0,0|0,0|0,0|0,0|0,0|0,0|0,0|0,0|0,0|0,0|0,0.5|1,0.5|1,0.5|1,0|0,0.5|1,1|1,0|1,0.5|0,1|1,0.5|1
c0e243d540e51dbbd494969158a2b4c3d4ef2071,0|0,0.5|1,0.5|1,0|0,0|0,0|0,0|0,0|0,0|0,0|0,0|0,0|0,0|0,0|0,0|0,0|0,0|0,0|0,0|0,0|0,0|0,0|0,0|0,0|0,0.5|1,0.5|1,0.5|1,0|0,0.5|1,1|1,0|1,0.5|0,1|1,0.5|1
a8ded8512c235758cdfc707d9e4e1d65f3911955,0|0,0.5|1,0.5|1,0|0,0|0,0|0,0|0,0|0,0|0,0|0,0|0,0|0,0|0,0|0,0|0,0|0,0|0,0|0,0|0,0|0,0|0,0|0,0|0,0|0,0.5|1,0.5|1,0.5|1,0|0,0.5|1,1|1,0|1,0.5|0,1|1,0.5|1
67a9e962b61ae8764c027d2ded75ccf55edac049,0|0,0.5|1,0.5|1,0|0,0|0,0|0,0|0,0|0,0|0,0|0,0|0,0|0,0|0,0|0,0|0,0|0,0|0,0|0,0|0,0|0,0|0,0|0,0|0,0|0,0.5|1,0.5|1,0.5|1,0|0,0.5|1,1|1,0|1,0.5|0,1|1,0.5|1
3d936c5ef4884f780b1b64d39e0b5cca9c31aef9,0|0,0.5|1,0.5|1,0|0,0|0,0|0,0|0,0|0,0|0,0|0,0|0,0|0,0|0,0|0,0|0,0|0,0|0,0|0,0|0,0|0,0|0,0|0,0|0,0|0,0.5|1,0.5|1,0.5|1,0|0,0.5|1,1|1,0|1,0.5|0,1|1,0.5|1
254e4400ef6e65cca33242d7f345ce67c51570f0,0|0,0.5|1,0.5|1,0|0,0|0,0|0,0|0,0|0,0|0,0|0,0|0,0|0,0|0,0|0,0|0,0|0,0|0,0|0,0|0,0|0,0|0,0|0,0|0,0|0,0.5|1,0.5|1,0.5|1,0|0,0.5|1,1|1,0|1,0.5|0,1|1,0.5|1
9b7927414ff5899e72635a1236e2475aa1d33666,0|0,0.5|1,0.5|1,0|0,0|0,0|0,0|0,0|0,0|0,0|0,0|0,0|0,0|0,0|0,0|0,0|0,0|0,0|0,0|0,0|0,0|0,0|0,0|0,0|0,0.5|1,0.5|1,0.5|1,0|0,0.5|1,1|1,0|1,0.5|0,1|1,0.5|1
d0cf97d638a9e96bd719990d0ccf93914cca9aac,0|0,0.5|1,0.5|1,0|0,0|0,0|0,0|0,0|0,0|0,0|0,0|0,0|0,0|0,0|0,0|0,0|0,0|0,0|0,0|0,0|0,0|0,0|0,0|0,0|0,0.5|1,0.5|1,0.5|1,0|0,0.5|1,1|1,0|1,0.5|0,1|1,0.5|1
bd24fcc808dec43776fddc0de543cb32664928d8,0|0,0.5|1,0.5|1,0|0,0|0,0|0,0|0,0|0,0|0,0|0,0|0,0|0,0|0,0|0,0|0,0|0,0|0,0|0,0|0,0|0,0|0,0|0,0|0,0|0,0.5|1,0.5|1,0.5|1,0|0,0.5|1,1|1,0|1,0.5|0,1|1,0.5|1
3ba26acac02ffa0f73f5b263cdf3ca9b2dfc3013,0|0,0.5|1,0.5|1,0|0,0|0,0|0,0|0,0|0,0|0,0|0,0|0,0|0,0|0,0|0,0|0,0|0,0|0,0|0,0|0,0|0,0|0,0|0,0|0,0|0,0.5|1,0.5|1,0.5|1,0|0,0.5|1,1|1,0|1,0.5|0,1|1,0.5|1
1cf078a9700caf5f29f900619979246a9c4c2d48,0|0,0.5|1,0.5|1,0|0,0|0,0|0,0|0,0|0,0|0,0|0,0|0,0|0,0|0,0|0,0|0,0|0,0|0,0|0,0|0,0|0,0|0,0|0,0|0,0|0,0.5|1,0.5|1,0.5|1,0|0,0.5|1,1|1,0|1,0.5|0,1|1,0.5|1
3a15aca1f1a29d7d500e8927389af4be5f3301a5,0|0,0.5|1,0.5|1,0|0,0|0,0|0,0|0,0|0,0|0,0|0,0|0,0|0,0|0,0|0,0|0,0|0,0|0,0|0,0|0,0|0,0|0,0|0,0|0,0|0,0.5|1,0.5|1,0.5|1,0|0,0.5|1,1|1,0|1,0.5|0,1|1,0.5|1
c4daac38f2223e987618fa1f5761fc383cc8db40,0|0,0.5|1,0.5|1,0|0,0|0,0|0,0|0,0|0,0|0,0|0,0|0,0|0,0|0,0|0,0|0,0|0,0|0,0|0,0|0,0|0,0|0,0|0,0|0,0|0,0.5|1,0.5|1,0.5|1,0|0,0.5|1,1|1,0|1,0.5|0,1|1,0.5|1
967feeaf5d14e4d538b29efd59df91f61212425f,0|0,0.5|1,0.5|1,0|0,0|0,0|0,0|0,0|0,0|0,0|0,0|0,0|0,0|0,0|0,0|0,0|0,0|0,0|0,0|0,0|0,0|0,0|0,0|0,0|0,0.5|1,0.5|1,0.5|1,0|0,0.5|1,1|1,0|1,0.5|0,1|1,0.5|1
483a80ba44ce24d105eae73bd52eb991b841fdd8,0|0,0.5|1,0.5|1,0|0,0|0,0|0,0|0,0|0,0|0,0|0,0|0,0|0,0|0,0|0,0|0,0|0,0|0,0|0,0|0,0|0,0|0,0|0,0|0,0|0,0.5|1,0.5|1,0.5|1,0|0,0.5|1,1|1,0|1,0.5|0,1|1,0.5|1
4c352e23ef8a245ee5639d931f236051b12f0ada,0|0,0.5|1,0.5|1,0|0,0|0,0|0,0|0,0|0,0|0,0|0,0|0,0|0,0|0,0|0,0|0,0|0,0|0,0|0,0|0,0|0,0|0,0|0,0|0,0|0,0.5|1,0.5|1,0.5|1,0|0,0.5|1,1|1,0|1,0.5|0,1|1,0.5|1
3c1e321493c9e5b1003ae39c6ef08d542d6b1ecf,0|0,0.5|1,0.5|1,0|0,0|0,0|0,0|0,0|0,0|0,0|0,0|0,0|0,0|0,0|0,0|0,0|0,0|0,0|0,0|0,0|0,0|0,0|0,0|0,0|0,0.5|1,0.5|1,0.5|1,0|0,0.5|1,1|1,0|1,0.5|0,1|1,0.5|1
d31fd80777ddb6afd46a060f1144d782036d41df,0|0,0.5|1,0.5|1,0|0,0|0,0|0,0|0,0|0,0|0,0|0,0|0,0|0,0|0,0|0,0|0,0|0,0|0,0|0,0|0,0|0,0|0,0|0,0|0,0|0,0.5|1,0.5|1,0.5|1,0|0,0.5|1,1|1,0|1,0.5|0,1|1,0.5|1
fc98100c95be2bb1b8bd2fda07568547ab6b87ad,0|0,0.5|1,0.5|1,0|0,0|0,0|0,0|0,0|0,0|0,0|0,0|0,0|0,0|0,0|0,0|0,0|0,0|0,0|0,0|0,0|0,0|0,0|0,0|0,0|0,0.5|1,0.5|1,0.5|1,0|0,0.5|1,1|1,0|1,0.5|0,1|1,0.5|1
abebd7979ee7f3db5b89aac2c21d2a19e8c135c2,0|0,0.5|1,0.5|1,0|0,0|0,0|0,0|0,0|0,0|0,0|0,0|0,0|0,0|0,0|0,0|0,0|0,0|0,0|0,0|0,0|0,0|0,0|0,0|0,0|0,0.5|1,0.5|1,0.5|1,0|0,0.5|1,1|1,0|1,0.5|0,1|1,0.5|1
520db26369d793100b8a40aa6a75c2c0ac8cb36f,0|0,0.5|1,0.5|1,0|0,0|0,0|0,0|0,0|0,0|0,0|0,0|0,0|0,0|0,0|0,0|0,0|0,0|0,0|0,0|0,0|0,0|0,0|0,0|0,0|0,0.5|1,0.5|1,0.5|1,0|0,0.5|1,1|1,0|1,0.5|0,1|1,0.5|1
1cc3c6645414e870516ee1daf2d2426bb03548f4,0|0,0.5|1,0.5|1,0|0,0|0,0|0,0|0,0|0,0|0,0|0,0|0,0|0,0|0,0|0,0|0,0|0,0|0,0|0,0|0,0|0,0|0,0|0,0|0,0|0,0.5|1,0.5|1,0.5|1,0|0,0.5|1,1|1,0|1,0.5|0,1|1,0.5|1
8ab58ed5eac53363fb7b48ec364edd853c8e3649,0|0,0.5|1,0.5|1,0|0,0|0,0|0,0|0,0|0,0|0,0|0,0|0,0|0,0|0,0|0,0|0,0|0,0|0,0|0,0|0,0|0,0|0,0|0,0|0,0|0,0.5|1,0.5|1,0.5|1,0|0,0.5|1,1|1,0|1,0.5|0,1|1,0.5|1
c873c2b2c0142ae2324ad23eb17f0e9d290b4c25,0|0,0.5|1,0.5|1,0|0,0|0,0|0,0|0,0|0,0|0,0|0,0|0,0|0,0|0,0|0,0|0,0|0,0|0,0|0,0|0,0|0,0|0,0|0,0|0,0|0,0.5|1,0.5|1,0.5|1,0|0,0.5|1,1|1,0|1,0.5|0,1|1,0.5|1
60448b7b8c2408406da20861d5174aedcbbba446,0|0,0.5|1,0.5|1,0|0,0|0,0|0,0|0,0|0,0|0,0|0,0|0,0|0,0|0,0|0,0|0,0|0,0|0,0|0,0|0,0|0,0|0,0|0,0|0,0|0,0.5|1,0.5|1,0.5|1,0|0,0.5|1,1|1,0|1,0.5|0,1|1,0.5|1
68e7c09f10004f3347e5f62ca282aa4fc852fc4c,0|0,0.5|1,0.5|1,0|0,0|0,0|0,0|0,0|0,0|0,0|0,0|0,0|0,0|0,0|0,0|0,0|0,0|0,0|0,0|0,0|0,0|0,0|0,0|0,0|0,0.5|1,0.5|1,0.5|1,0|0,0.5|1,1|1,0|1,0.5|0,1|1,0.5|1
bd0b1105c1e81071f8d04720514a510e8ec403c5,0|0,0.5|1,0.5|1,0|0,0|0,0|0,0|0,0|0,0|0,0|0,0|0,0|0,0|0,0|0,0|0,0|0,0|0,0|0,0|0,0|0,0|0,0|0,0|0,0|0,0.5|1,0.5|1,0.5|1,0|0,0.5|1,1|1,0|1,0.5|0,1|1,0.5|1
b2cf908af7671f0ccc3f93f70fc9022cab2f47c6,,,,,,,,,,,,,,,,,,,,,,,,,,,,,,,,,,
748d99ccb46cc83d33e585defcf67303ed1b446c,,,,,,,,,,,,,,,,,,,,,,,,,,,,,,,,,,
91a100af41e3cc993c525ad9296ad7b1a7f79d92,0|0,0.5|1,0.5|1,0|0,0|0,0|0,0|0,0|0,0|0,0|0,0|0,0|0,0|0,0|0,0|0,0|0,0|0,0|0,0|0,0|0,0|0,0|0,0|0,0|0,0.5|1,0.5|1,0.5|1,0|0,0.5|1,1|1,0|1,0.5|0,1|1,0.5|1
db03b544d65396661b784c3c1d9d94ded5fc8440,0|0,0.5|1,0.5|1,0|0,0|0,0|0,0|0,0|0,0|0,0|0,0|0,0|0,0|0,0|0,0|0,0|0,0|0,0|0,0|0,0|0,0|0,0|0,0|0,0|0,0.5|1,0.5|1,0.5|1,0|0,0.5|1,1|1,0|1,0.5|0,1|1,0.5|1
26d6a68fb18a57a406bbff4494b3172907dbfed2,0|0,0.5|1,0.5|1,0|0,0|0,0|0,0|0,0|0,0|0,0|0,0|0,0|0,0|0,0|0,0|0,0|0,0|0,0|0,0|0,0|0,0|0,0|0,0|0,0|0,0.5|1,0.5|1,0.5|1,0|0,0.5|1,1|1,0|1,0.5|0,1|1,0.5|1
914dee42f36f9f56df82e381fa0ef38d0118bca0,0|0,0.5|1,0.5|1,0|0,0|0,0|0,0|0,0|0,0|0,0|0,0|0,0|0,0|0,0|0,0|0,0|0,0|0,0|0,0|0,0|0,0|0,0|0,0|0,0|0,0.5|1,0.5|1,0.5|1,0|0,0.5|1,1|1,0|1,0.5|0,1|1,0.5|1
1600817ed4961b13bbe6eed5f308c9abc78eee1e,0|0,0.5|1,0.5|1,0|0,0|0,0|0,0|0,0|0,0|0,0|0,0|0,0|0,0|0,0|0,0|0,0|0,0|0,0|0,0|0,0|0,0|0,0|0,0|0,0|0,0.5|1,0.5|1,0.5|1,0|0,0.5|1,1|1,0|1,0.5|0,1|1,0.5|1
9bb5304afa621babb22330ff55dbdf5fa0651006,0|0,0.5|1,0.5|1,0|0,0|0,0|0,0|0,0|0,0|0,0|0,0|0,0|0,0|0,0|0,0|0,0|0,0|0,0|0,0|0,0|0,0|0,0|0,0|0,0|1,0.5|1,0.5|1,0.5|1,0|0,0.5|1,1|1,0|1,0.5|0,1|1,0.5|1
3a381379b7e544789a02032b380cb320de2bd259,0|0,0.5|1,0.5|1,0|0,0|0,0|0,0|0,0|0,0|0,0|0,0|0,0|0,0|0,0|0,0|0,0|0,0|0,0|0,0|0,0|0,0|0,0|0,0|0,0|1,0.5|1,0.5|1,0.5|1,0|0,0.5|1,1|1,0|1,0.5|0,1|1,0.5|1
c91fed3414a56185787340cb1908e048828ec4b8,0|0,0.5|1,0.5|1,0|0,0|0,0|0,0|0,0|0,0|0,0|0,0|0,0|0,0|0,0|0,0|0,0|0,0|0,0|0,0|0,0|0,0|0,0|0,0|0,0|1,0.5|1,0.5|1,0.5|1,0|0,0.5|1,1|1,0|1,0.5|0,1|1,0.5|1
aecf9f1a004f4dc96f9de882c6d0efcef6f86f05,0|0,0.5|1,0.5|1,0|0,0|0,0|0,0|0,0|0,0|0,0|0,0|0,0|0,0|0,0|0,0|0,0|0,0|0,0|0,0|0,0|0,0|0,0|0,0|0,0|1,0.5|1,0.5|1,0.5|1,0|0,0.5|1,1|1,0|1,0.5|0,1|1,0.5|1
8542e0d9c65eb5a0bda152359beff6c4ee2707f2,0|0,0.5|1,0.5|1,0|0,0|0,0|0,0|0,0|0,0|0,0|0,0|0,0|0,0|0,0|0,0|0,0|0,0|0,0|0,0|0,0|0,0|0,0|0,0|0,0|1,0.5|1,0.5|1,0.5|1,0|0,0.5|1,1|1,0|1,0.5|0,1|1,0.5|1
bdac37eda6509686ebdc999f448598db20f4b0f8,0|0,0.5|1,0.5|1,0|0,0|0,0|0,0|0,0|0,0|0,0|0,0|0,0|0,0|0,0|0,0|0,0|0,0|0,0|0,0|0,0|0,0|0,0|0,0|0,0|1,0.5|1,0.5|1,0.5|1,0|0,0.5|1,1|1,0|1,0.5|0,1|1,0.5|1
f5ab627d96e9f84530c437f2fc11b88931e72341,0|0,0.5|1,0.5|1,0|0,0|0,0|0,0|0,0|0,0|0,0|0,0|0,0|0,0|0,0|0,0|0,0|0,0|0,0|0,0|0,0|0,0|0,0|0,0|0,0|1,0.5|1,0.5|1,0.5|1,0|0,0.5|1,1|1,0|1,0.5|0,1|1,0.5|1
1483f37f81c2720b514a56621c91729859e340a2,0|0,0.5|1,0.5|1,0|0,0|0,0|0,0|0,0|0,0|0,0|0,0|0,0|0,0|0,0|0,0|0,0|0,0|0,0|0,0|0,0|0,0|0,0|0,0|0,0|1,0.5|1,0.5|1,0.5|1,0|0,0.5|1,1|1,0|1,0.5|0,1|1,0.5|1
cd9bffea430bd73ac1b049a930f4596c2e41c6bd,0|0,0.5|1,0.5|1,0|0,0|0,0|0,0|0,0|0,0|0,0|0,0|0,0|0,0|0,0|0,0|0,0|0,0|0,0|0,0|0,0|0,0|0,0|0,0|0,0|1,0.5|1,0.5|1,0.5|1,0|0,0.5|1,1|1,0|1,0.5|0,1|1,0.5|1
cd410859aeb4ea413a1362c3c9a9300706d07b25,0|0,0.5|1,0.5|1,0|0,0|0,0|0,0|0,0|0,0|0,0|0,0|0,0|0,0|0,0|0,0|0,0|0,0|0,0|0,0|0,0|0,0|0,0|0,0|0,0|1,0.5|1,0.5|1,0.5|1,0|0,0.5|1,1|1,0|1,0.5|0,1|1,0.5|1
5424164d90cf27a6b42c35a4dcff51753f151cdc,0|0,0.5|1,0.5|1,0|0,0|0,0|0,0|0,0|0,0|0,0|0,0|0,0|0,0|0,0|0,0|0,0|0,0|0,0|0,0|0,0|0,0|0,0|0,0|0,0|1,0.5|1,0.5|1,0.5|1,0|0,0.5|1,1|1,0|1,0.5|0,1|1,0.5|1
5c3be2e81b1a42a5dbf30bf290adaf6d49660213,0|0,0.5|1,0.5|1,0|0,0|0,0|0,0|0,0|0,0|0,0|0,0|0,0|0,0|0,0|0,0|0,0|0,0|0,0|0,0|0,0|0,0|0,0|0,0|0,0|1,0.5|1,0.5|1,0.5|1,0|0,0.5|1,1|1,0|1,0.5|0,1|1,0.5|1
80538039524a0b42385fccdbb8d7d8077dbdb825,0|0,0.5|1,0.5|1,0|0,0|0,0|0,0|0,0|0,0|0,0|0,0|0,0|0,0|0,0|0,0|0,0|0,0|0,0|0,0|0,0|0,0|0,0|0,0|0,0|1,0.5|1,0.5|1,0.5|1,0|0,0.5|1,1|1,0|1,0.5|0,1|1,0.5|1
f619870ed85c010d822c87dc63a4756b7c58b3b6,0|0,0.5|1,0.5|1,0|0,0|0,0|0,0|0,0|0,0|0,0|0,0|0,0|0,0|0,0|0,0|0,0|0,0|0,0|0,0|0,0|0,0|0,0|0,0|0,0|1,0.5|1,0.5|1,0.5|1,0|0,0.5|1,1|1,0|1,0.5|0,1|1,0.5|1
4c4a1795fe74394e6f6cddcb45e655640efdf5ac,0|0,0.5|1,0.5|1,0|0,0|0,0|0,0|0,0|0,0|0,0|0,0|0,0|0,0|0,0|0,0|0,0|0,0|0,0|0,0|0,0|0,0|0,0|0,0|0,0|1,0.5|1,0.5|1,0.5|1,0|0,0.5|1,1|1,0|1,0.5|0,1|1,0.5|1
b98e72b13aa374936ecc98d02a6c2ac15bae27fe,0|0,0.5|1,0.5|1,0|0,0|0,0|0,0|0,0|0,0|0,0|0,0|0,0|0,0|0,0|0,0|0,0|0,0|0,0|0,0|0,0|0,0|0,0|0,0|0,0|1,0.5|1,0.5|1,0.5|1,0|0,0.5|1,1|1,0|1,0.5|0,1|1,0.5|1
5e44e8107d42183d3c91f3e4d5a15c7155319faf,0|0,0.5|1,0.5|1,0|0,0|0,0|0,0|0,0|0,0|0,0|0,0|0,0|0,0|0,0|0,0|0,0|0,0|0,0|0,0|0,0|0,0|0,0|0,0|0,0|1,0.5|1,0.5|1,0.5|1,0|0,0.5|1,1|1,0|1,0.5|0,1|1,0.5|1
ac8ed9e6e0db67d91b9d843e0d2cc0282e971024,0|0,0.5|1,0.5|1,0|0,0|0,0|0,0|0,0|0,0|0,0|0,0|0,0|0,0|0,0|0,0|0,0|0,0|0,0|0,0|0,0|0,0|0,0|0,0|0,0|1,0.5|1,0.5|1,0.5|1,0|0,0.5|1,1|1,0|1,0.5|0,1|1,0.5|1
743d2fe12da6f7ddda40aa355d8f6f3506df7934,0|0,0.5|1,0.5|1,0|0,0|0,0|0,0|0,0|0,0|0,0|0,0|0,0|0,0|0,0|0,0|0,0|0,0|0,0|0,0|0,0|0,0|0,0|0,0|0,0|1,0.5|1,0.5|1,0.5|1,0|0,0.5|1,1|1,0|1,0.5|0,1|1,0.5|1
cda6e77de5776bb6c9cabc79d6f1f18d6e4dcad8,0|0,0.5|1,0.5|1,0|0,0|0,0|0,0|0,0|0,0|0,0|0,0|0,0|0,0|0,0|0,0|0,0|0,0|0,0|0,0|0,0|0,0|0,0|0,0|0,0|1,0.5|1,0.5|1,0.5|1,0|0,0.5|1,1|1,0|1,0.5|0,1|1,0.5|1
71285ad0ab016581d1eda1631626b07fff3f88e3,0|0,0.5|1,0.5|1,0|0,0|0,0|0,0|0,0|0,0|0,0|0,0|0,0|0,0|0,0|0,0|0,0|0,0|0,0|0,0|0,0|0,0|0,0|0,0|0,0|1,0.5|1,0.5|1,0.5|1,0|0,0.5|1,1|1,0|1,0.5|0,1|1,0.5|1
1404e92248face70c65f456319a56ae19b5c2b49,0|0,0.5|1,0.5|1,0|0,0|0,0|0,0|0,0|0,0|0,0|0,0|0,0|0,0|0,0|0,0|0,0|0,0|0,0|0,0|0,0|0,0|0,0|0,0|0,0|1,0.5|1,0.5|1,0.5|1,0|0,0.5|1,1|1,0|1,0.5|0,1|1,0.5|1
c750e01e48203ff59174bcb92ea6a9633652b8ea,0|0,0.5|1,0.5|1,0|0,0|0,0|0,0|0,0|0,0|0,0|0,0|0,0|0,0|0,0|0,0|0,0|0,0|0,0|0,0|0,0|0,0|0,0|0,0|0,0|1,0.5|1,0.5|1,0.5|1,0|0,0.5|1,1|1,0|1,0.5|0,1|1,0.5|1
2530013aca87f1d7af82068b988cb9a4678d0d66,0|0,0.5|1,0.5|1,0|0,0|0,0|0,0|0,0|0,0|0,0|0,0|0,0|0,0|0,0|0,0|0,0|0,0|0,0|0,0|0,0|0,0|0,0|0,0|0,0|1,0.5|1,0.5|1,0.5|1,0|0,0.5|1,1|1,0|1,0.5|0,1|1,0.5|1
816d82523e41779bb2545fbc8f1b1f21c794e001,0|0,0.5|1,0.5|1,0|0,0|0,0|0,0|0,0|0,0|0,0|0,0|0,0|0,0|0,0|0,0|0,0|0,0|0,0|0,0|0,0|0,0|0,0|0,0|0,0|1,0.5|1,0.5|1,0.5|1,0|0,0.5|1,1|1,0|1,0.5|0,1|1,0.5|1
478cdc343bfe86e85b635a22a91b21f02d827cde,0|0,0.5|1,0.5|1,0|0,0|0,0|0,0|0,0|0,0|0,0|0,0|0,0|0,0|0,0|0,0|0,0|0,0|0,0|0,0|0,0|0,0|0,0|0,0|0,0|1,0.5|1,0.5|1,0.5|1,0|0,0.5|1,1|1,0|1,0.5|0,1|1,0.5|1
a97196d438de542c9ebb7c4ffaadc4daab47e993,0|0,0.5|1,0.5|1,0|0,0|0,0|0,0|0,0|0,0|0,0|0,0|0,0|0,0|0,0|0,0|0,0|0,0|0,0|0,0|0,0|0,0|0,0|0,0|0,0|1,0.5|1,0.5|1,0.5|1,0|0,0.5|1,1|1,0|1,0.5|0,1|1,0.5|1
6b40381b5b09a9bda0ee0634b398fd2f46616744,0|0,0.5|1,0.5|1,0|0,0|0,0|0,0|0,0|0,0|0,0|0,0|0,0|0,0|0,0|0,0|0,0|0,0|0,0|0,0|0,0|0,0|0,0|0,0|0,0|1,0.5|1,0.5|1,0.5|1,0|0,0.5|1,1|1,0|1,0.5|0,1|1,0.5|1
01701bc8e2c3de49f10b5f459002fb6c3ef6e139,0|0,0.5|1,0.5|1,0|0,0|0,0|0,0|0,0|0,0|0,0|0,0|0,0|0,0|0,0|0,0|0,0|0,0|0,0|0,0|0,0|0,0|0,0|0,0|0,0|1,0.5|1,0.5|1,0.5|0,0|0,0.5|1,1|1,0|1,0.5|0,1|1,0.5|1
6931121d539b04db4ac4a04086d96651dcce0d04,0|0,0.5|1,0.5|1,0|0,0|0,0|0,0|0,0|0,0|0,0|0,0|0,0|0,0|0,0|0,0|0,0|0,0|0,0|0,0|0,0|0,0|0,0|0,0|0,0|1,0.5|1,0.5|1,0.5|0,0|0,0.5|1,1|1,0|1,0.5|0,1|1,0.5|1
039c4708779c720cb22b403f31b270665ced2b67,0|0,0.5|1,0.5|1,0|0,0|0,0|0,0|0,0|0,0|0,0|0,0|0,0|0,0|0,0|0,0|0,0|0,0|0,0|0,0|0,0|0,0|0,0|0,0|0,0|1,0.5|1,0.5|1,0.5|0,0|0,0.5|1,1|1,0|1,0.5|0,1|1,0.5|1
421bf7b8a15fffb9f01544c8efbecc3514b12365,0|0,0.5|1,0.5|1,0|0,0|0,0|0,0|0,0|0,0|0,0|0,0|0,0|0,0|0,0|0,0|0,0|0,0|0,0|0,0|0,0|0,0|0,0|0,0|0,0|1,0.5|1,0.5|1,0.5|0,0|0,0.5|1,1|1,0|1,0.5|0,1|1,0.5|1
1e045ca54030ad27cfe98a5315bdfdd5c7a6877d,0|0,0.5|1,0.5|1,0|0,0|0,0|0,0|0,0|0,0|0,0|0,0|0,0|0,0|0,0|0,0|0,0|0,0|0,0|0,0|0,0|0,0|0,0|0,0|0,0|1,0.5|1,0.5|1,0.5|0,0|0,0.5|1,1|1,0|1,0.5|0,1|1,0.5|1
6cba0c2fa3ca9214876479b235db6177caf88d23,0|0,0.5|1,0.5|1,0|0,0|0,0|0,0|0,0|0,0|0,0|0,0|0,0|0,0|0,0|0,0|0,0|0,0|0,0|0,0|0,0|0,0|0,0|0,0|0,0|1,0.5|1,0.5|1,0.5|0,0|0,0.5|1,1|1,0|1,0.5|0,1|1,0.5|1
aa26e44b3dda3a783649cf934e69f98b90469ae7,,,,,,,,,,,,,,,,,,,,,,,,,,,,,,,,,,
6a24cf5bfed4dd3afbdf360dfd5b003cb255b622,0|0,0.5|1,0.5|1,0|0,0|0,0|0,0|0,0|0,0|0,0|0,0|0,0|0,0|0,0|0,0|0,0|0,0|0,0|0,0|0,0|0,0|0,0|0,0|0,0|1,0.5|1,0.5|1,0.5|0,0|0,0.5|1,1|1,0|1,0.5|0,1|1,0.5|1
3eb647357b96db18d2619779aeb36cb82f32f3cd,0|0,0.5|1,0.5|1,0|0,0|0,0|0,0|0,0|0,0|0,0|0,0|0,0|0,0|0,0|0,0|0,0|0,0|0,0|0,0|0,0|0,0|0,0|0,0|0,0|1,0.5|1,0.5|1,0.5|0,0|0,0.5|1,1|1,0|1,0.5|0,1|1,0.5|1
cc52583a1fedc62f54e8fd290a8e19bb6babdab1,0|0,0.5|1,0.5|1,0|0,0|0,0|0,0|0,0|0,0|0,0|0,0|0,0|0,0|0,0|0,0|0,0|0,0|0,0|0,0|0,0|0,0|0,0|0,0|0,0|1,0.5|1,0.5|1,0.5|0,0|0,0.5|1,1|1,0|1,0.5|0,1|1,0.5|1
63624f453a6e0a2ac9322d43e635fe81d4b9d578,,,,,,,,,,,,,,,,,,,,,,,,,,,,,,,,,,
2476ec6edc831cd1a1987a224c897f32bf0bc555,0|0,0|1,0|1,0|0,0|0,0|0,0|0,0|0,0|0,0|0,0|0,0|0,0|0,0|0,0|0,0|0,0|0,0|0,0|0,0|0,0|0,0|0,0|0,0|1,0|1,0|1,0|0,0|0,0|1,0|1,0|1,0|0,,0|1
37a18909bfaf2e3d413a4fe05dff006ba4bac562,0|0,0|1,0|1,0|0,0|0,0|0,0|0,0|0,0|0,0|0,0|0,0|0,0|0,0|0,0|0,0|0,0|0,0|0,0|0,0|0,0|0,0|0,0|0,0|1,0|1,0|1,0|0,0|0,0|1,0|1,0|1,0|0,,0|1
8ae85dc2483fcfc238d28c927d6c4b77f42c9c38,0|0,0|1,0|1,0|0,0|0,0|0,0|0,0|0,0|0,0|0,0|0,0|0,0|0,0|0,0|0,0|0,0|0,0|0,0|0,0|0,0|0,0|0,0|0,0|1,0|1,0|1,0|0,0|0,0|1,0|1,0|1,0|0,,0|1
9b3c2f8475b878e01430ef82c9c648b317078f51,0|0,0|1,0|1,0|0,0|0,0|0,0|0,0|0,0|0,0|0,0|0,0|0,0|0,0|0,0|0,0|0,0|0,0|0,0|0,0|0,0|0,0|0,0|0,0|1,0|1,0|1,0|0,0|0,0|1,0|1,0|1,0|0,,0|1
a84d8e3a3dca8f4be5576247411600ca211c9c96,0|0,0|1,0|1,0|0,0|0,0|0,0|0,0|0,0|0,0|0,0|0,0|0,0|0,0|0,0|0,0|0,0|0,0|0,0|0,0|0,0|0,0|0,0|0,0|1,0|1,0|1,0|0,0|0,0|1,0|1,0|1,0|0,,0|1
40eb0470c08f73787d58382292fe1a2cb40901fa,,,,,,,,,,,,,,,,,,,,,,,,,,,,,,,,,,
68ce7059d9a2f7286650beb21ab7385b1b2f32a6,0|0,0.5|1,0.5|1,0|0,0|0,0|0,0|0,0|0,0|0,0|0,0|0,0|0,0|0,0|0,0|0,0|0,0|0,0|0,0|0,0|0,0|0,0|0,0|0,0|1,0.5|1,0.5|1,0.5|0,0|0,0.5|1,1|1,0|1,0.5|0,1|1,0.5|1
f52789c53ef9870894c5dde9e67dd8def8e5c6e3,0|0,0.5|1,0.5|1,0|0,0|0,0|0,0|0,0|0,0|0,0|0,0|0,0|0,0|0,0|0,0|0,0|0,0|0,0|0,0|0,0|0,0|0,0|0,0|0,0|1,0.5|1,0.5|1,0.5|0,0|0,0.5|1,1|1,0|1,0.5|0,1|1,0.5|1
7e2f622192b178ea92208ce4693251aea977c876,0|0,0|1,0|1,0|0,0|0,0|0,0|0,0|0,0|0,0|0,0|0,0|0,0|0,0|0,0|0,0|0,0|0,0|0,0|0,0|0,0|0,0|0,0|0,0|1,0|1,0|1,0|0,0|0,0|1,0|1,0|1,0|0,,0|1
32f82c4d48b7bd19575f249917b5ed64cd732645,0|0,0|1,0|1,0|0,0|0,0|0,0|0,0|0,0|0,0|0,0|0,0|0,0|0,0|0,0|0,0|0,0|0,0|0,0|0,0|0,0|0,0|0,0|0,0|1,0|1,0|1,0|0,0|0,0|1,0|1,0|1,0|0,,0|1
b58f20d91ba49b3c6f1436701b6a7865ada44cb1,0|0,0|1,0|1,0|0,0|0,0|0,0|0,0|0,0|0,0|0,0|0,0|0,0|0,0|0,0|0,0|0,0|0,0|0,0|0,0|0,0|0,0|0,0|0,0|1,0|1,0|1,0|0,0|0,0|1,0|1,0|1,0|0,,0|1
7bd58496993327491e6e8b3740517bcdfc157cb0,0|0,0|1,0|1,0|0,0|0,0|0,0|0,0|0,0|0,0|0,0|0,0|0,0|0,0|0,0|0,0|0,0|0,0|0,0|0,0|0,0|0,0|0,0|0,0|1,0|1,0|1,0|0,0|0,0|1,0|1,0|1,0|0,,0|1
0a36bbdb23fa3b77dee5cd4bf41ddc2092121495,0|0,0|1,0|1,0|0,0|0,0|0,0|0,0|0,0|0,0|0,0|0,0|0,0|0,0|0,0|0,0|0,0|0,0|0,0|0,0|0,0|0,0|0,0|0,0|1,0|1,0|1,0|0,0|0,0|1,0|1,0|1,0|0,,0|1
b73768a6db77671c4a23e9f0d9805446f41ddcc5,0|0,0|1,0|1,0|0,0|0,0|0,0|0,0|0,0|0,0|0,0|0,0|0,0|0,0|0,0|0,0|0,0|0,0|0,0|0,0|0,0|0,0|0,0|0,0|1,0|1,0|1,0|0,0|0,0|1,0|1,0|1,0|0,,0|1
9666104542d2caed795d00757530fb9acf3ccffa,0|0,0|1,0|1,0|0,0|0,0|0,0|0,0|0,0|0,0|0,0|0,0|0,0|0,0|0,0|0,0|0,0|0,0|0,0|0,0|0,0|0,0|0,0|0,0|1,0|1,0|1,0|0,0|0,0|1,0|1,0|1,0|0,,0|1
1c27e276610c5da08dd71fc9f7374203144644ee,0|0,0|1,0|1,0|0,0|0,0|0,0|0,0|0,0|0,0|0,0|0,0|0,0|0,0|0,0|0,0|0,0|0,0|0,0|0,0|0,0|0,0|0,0|0,0|1,0|1,0|1,0|0,0|0,0|1,0|1,0|1,0|0,,0|1
3d314ce49c7997aec4e95284d922df8b73cde0ac,0|0,0|1,0|1,0|0,0|0,0|0,0|0,0|0,0|0,0|0,0|0,0|0,0|0,0|0,0|0,0|0,0|0,0|0,0|0,0|0,0|0,0|0,0|0,0|1,0|1,0|1,0|0,0|0,0|1,0|1,0|1,0|0,,0|1
58adc57d4ac3aea15ae0f126323a2cde041027cf,0|0,0|1,0|1,0|0,0|0,0|0,0|0,0|0,0|0,0|0,0|0,0|0,0|0,0|0,0|0,0|0,0|0,0|0,0|0,0|0,0|0,0|0,0|0,0|1,0|1,0|1,0|0,0|0,0|1,0|1,0|1,0|0,,0|1
59fd3dde81f761308e65fc33fa3e4e22f3ee4d3e,0|0,0|1,0|1,0|0,0|0,0|0,0|0,0|0,0|0,0|0,0|0,0|0,0|0,0|0,0|0,0|0,0|0,0|0,0|0,0|0,0|0,0|0,0|0,0|1,0|1,0|1,0|0,0|0,0|1,0|1,0|1,0|0,,0|1
4cbc00a2f9b7165ca25886185156476325f74759,0|0,0|1,0|1,0|0,0|0,0|0,0|0,0|0,0|0,0|0,0|0,0|0,0|0,0|0,0|0,0|0,0|0,0|0,0|0,0|0,0|0,0|0,0|0,0|1,0|1,0|1,0|0,0|0,0|1,0|1,0|1,0|0,,0|1
381f5ed0c8f3d11a5cde897df4e2707d570933c7,0|0,0|1,0|1,0|0,0|0,0|0,0|0,0|0,0|0,0|0,0|0,0|0,0|0,0|0,0|0,0|0,0|0,0|0,0|0,0|0,0|0,0|0,0|0,0|1,0|1,0|1,0|0,0|0,0|1,0|1,0|1,0|0,,0|1
26a781320398f130308f01028fb5b4949f8047ff,0|0,0|1,0|1,0|0,0|0,0|0,0|0,0|0,0|0,0|0,0|0,0|0,0|0,0|0,0|0,0|0,0|0,0|0,0|0,0|0,0|0,0|0,0|0,0|1,0|1,0|1,0|0,0|0,0|1,0|1,0|1,0|0,,0|1
c9acdcbdcee29d198b7c562d771108e7148cdd7e,0|0,0|1,0|1,0|0,0|0,0|0,0|0,0|0,0|0,0|0,0|0,0|0,0|0,0|0,0|0,0|0,0|0,0|0,0|0,0|0,0|0,0|0,0|0,0|1,0|1,0|1,0|0,0|0,0|1,0|1,0|1,0|0,,0|1
77125c9bbf8ed146105a9d90c5bf8b235e7dff47,0|0,0|1,0|1,0|0,0|0,0|0,0|0,0|0,0|0,0|0,0|0,0|0,0|0,0|0,0|0,0|0,0|0,0|0,0|0,0|0,0|0,0|0,0|0,0|1,0|1,0|1,0|0,0|0,0|1,0|1,0|1,0|0,,0|1
5aa88f91dd38ba938f51265d1f517cc3a102ec37,0|0,0|1,0|1,0|0,0|0,0|0,0|0,0|0,0|0,0|0,0|0,0|0,0|0,0|0,0|0,0|0,0|0,0|0,0|0,0|0,0|0,0|0,0|0,0|1,0|1,0|1,0|0,0|0,0|1,0|1,0|1,0|0,,0|1
0929ec8189ce01242f81386a477e973152225e55,0|0,0|1,0|1,0|0,0|0,0|0,0|0,0|0,0|0,0|0,0|0,0|0,0|0,0|0,0|0,0|0,0|0,0|0,0|0,0|0,0|0,0|0,0|0,0|1,0|1,0|1,0|0,0|0,0|1,0|1,0|1,0|0,,0|1
ba90699260248470432dad1fe275f58d744b3222,0|0,0|1,0|1,0|0,0|0,0|0,0|0,0|0,0|0,0|0,0|0,0|0,0|0,0|0,0|0,0|0,0|0,0|0,0|0,0|0,0|0,0|0,0|0,0|1,0|1,0|1,0|0,0|0,0|1,0|1,0|1,0|0,,0|1
c92d6ea2c1b131d3833791a4d5b4e07f19cb8a26,0|0,0|1,0|1,0|0,0|0,0|0,0|0,0|0,0|0,0|0,0|0,0|0,0|0,0|0,0|0,0|0,0|0,0|0,0|0,0|0,0|0,0|0,0|0,0|1,0|1,0|1,0|0,0|0,0|1,0|1,0|1,0|0,,0|1
cf9067c9b582cf2bc50aa7c182f19620a4d14d01,0|0,0|1,0|1,0|0,0|0,0|0,0|0,0|0,0|0,0|0,0|0,0|0,0|0,0|0,0|0,0|0,0|0,0|0,0|0,0|0,0|0,0|0,0|0,0|1,0|1,0|1,0|0,0|0,0|1,0|1,0|1,0|0,,0|1
bc282a776b7bb097ee9f2e4e19823992616211ea,0|0,0|1,0|1,0|0,0|0,0|0,0|0,0|0,0|0,0|0,0|0,0|0,0|0,0|0,0|0,0|0,0|0,0|0,0|0,0|0,0|0,0|0,0|0,0|1,0|1,0|1,0|0,0|0,0|1,0|1,0|1,0|0,,0|1
187ba5046fc632f152f96c360d36ab88c4318709,0|0,0|1,0|1,0|0,0|0,0|0,0|0,0|0,0|0,0|0,0|0,0|0,0|0,0|0,0|0,0|0,0|0,0|0,0|0,0|0,0|0,0|0,0|0,0|1,0|1,0|1,0|0,0|0,0|1,0|1,0|1,0|0,,0|1
6f0fe2a60f41afcfb577fcb803887f0d3fef4eb9,0|0,0|1,0|1,0|0,0|0,0|0,0|0,0|0,0|0,0|0,0|0,0|0,0|0,0|0,0|0,0|0,0|0,0|0,0|0,0|0,0|0,0|0,0|0,0|1,0|1,0|1,0|0,0|0,0|1,0|1,0|1,0|0,,0|1
e98ffd635bce1b64e4188dae57713a7faa4c7080,0|0,0|1,0|1,0|0,0|0,0|0,0|0,0|0,0|0,0|0,0|0,0|0,0|0,0|0,0|0,0|0,0|0,0|0,0|0,0|0,0|0,0|0,0|0,0|1,0|1,0|1,0|0,0|0,0|1,0|1,0|1,0|0,,0|1
90a28a0d63d7868a09e1407b39f4ce56e6997cee,0|0,0|1,0|1,0|0,0|0,0|0,0|0,0|0,0|0,0|0,0|0,0|0,0|0,0|0,0|0,0|0,0|0,0|0,0|0,0|0,0|0,0|0,0|0,0|1,0|1,0|1,0|0,0|0,0|1,0|1,0|1,0|0,,0|1
c9380bd9a2336bf040f2e2d2cac0644891ec1472,0|0,0|1,0|1,0|0,0|0,0|0,0|0,0|0,0|0,0|0,0|0,0|0,0|0,0|0,0|0,0|0,0|0,0|0,0|0,0|0,0|0,0|0,0|0,0|1,0|1,0|1,0|0,0|0,0|1,0|1,0|1,0|0,,0|1
f250079fde6a3319c462abf7014ade42b4de8755,0|0,0|1,0|1,0|0,0|0,0|0,0|0,0|0,0|0,0|0,0|0,0|0,0|0,0|0,0|0,0|0,0|0,0|0,0|0,0|0,0|0,0|0,0|0,0|1,0|1,0|1,0|0,0|0,0|1,0|1,0|1,0|0,,0|1
bce968a495a6123af279b8922a4ca46db079f87a,0|0,0|1,0|1,0|0,0|0,0|0,0|0,0|0,0|0,0|0,0|0,0|0,0|0,0|0,0|0,0|0,0|0,0|0,0|0,0|0,0|0,0|0,0|0,0|1,0|1,0|1,0|0,0|0,0|1,0|1,0|1,0|0,,0|1
c7415b35712c1ea54ac8fb1e5f5b938faca89427,0|0,0|1,0|1,0|0,0|0,0|0,0|0,0|0,0|0,0|0,0|0,0|0,0|0,0|0,0|0,0|0,0|0,0|0,0|0,0|0,0|0,0|0,0|0,0|1,0|1,0|1,0|0,0|0,0|1,0|1,0|1,0|0,,0|1
73d6d16287496d6ee811bfda8420331765b13037,0|0,0|1,0|1,0|0,0|0,0|0,0|0,0|0,0|0,0|0,0|0,0|0,0|0,0|0,0|0,0|0,0|0,0|0,0|0,0|0,0|0,0|0,0|0,0|1,0|1,0|1,0|0,0|0,0|1,0|1,0|1,0|0,,0|1
0b77c0be176ae10f3e1935b3ede9ed7e28ff4436,0|0,0|1,0|1,0|0,0|0,0|0,0|0,0|0,0|0,0|0,0|0,0|0,0|0,0|0,0|0,0|0,0|0,0|0,0|0,0|0,0|0,0|0,0|0,0|1,0|1,0|1,0|0,0|0,0|1,0|1,0|1,0|0,,0|1
c751b31b075c702a077a4ae1ce3de1a8721def3d,0|0,0|1,0|1,0|0,0|0,0|0,0|0,0|0,0|0,0|0,0|0,0|0,0|0,0|0,0|0,0|0,0|0,0|0,0|0,0|0,0|0,0|0,0|0,0|1,0|1,0|1,0|0,0|0,0|1,0|1,0|1,0|0,,0|1
1c9795f2e3e04a79f13d9e7658e6d6e47dfe1cc4,0|0,0.5|1,0.5|1,0|0,0|0,0|0,0|0,0|0,0|0,0|0,0|0,0|0,0|0,0|0,0|0,0|0,0|0,0|0,0|0,0|0,0|0,0|0,0|0,0|1,0.5|1,0.5|1,0.5|1,0|0,0.5|1,1|1,0|1,0.5|0,1|1,0.5|1
5005516135da3b11762bd9b7dc8fea7b1bef631b,0|0,0.5|1,0.5|1,0|0,0|0,0|0,0|0,0|0,0|0,0|0,0|0,0|0,0|0,0|0,0|0,0|0,0|0,0|0,0|0,0|0,0|0,0|0,0|0,0|1,0.5|1,0.5|1,0.5|1,0|0,0.5|1,1|1,0|1,0.5|0,1|1,0.5|1
748af606d34d36ebafd7a6e437a66c8235ed4b8c,0|0,0.5|1,0.5|1,0|0,0|0,0|0,0|0,0|0,0|0,0|0,0|0,0|0,0|0,0|0,0|0,0|0,0|0,0|0,0|0,0|0,0|0,0|0,0|0,0|1,0.5|1,0.5|1,0.5|1,0|0,0.5|1,1|1,0|1,0.5|0,1|1,0.5|1
933f47d6e56c207a2574ce70df927c82dc999085,0|0,0.5|1,0.5|1,0|0,0|0,0|0,0|0,0|0,0|0,0|0,0|0,0|0,0|0,0|0,0|0,0|0,0|0,0|0,0|0,0|0,0|0,0|0,0|0,0|1,0.5|1,0.5|1,0.5|0,0|0,0.5|1,1|1,0|1,0.5|0,1|1,0.5|1
51f4d975f387ee90614298daeb9a1687b305ace8,0|0,0.5|1,0.5|1,0|0,0|0,0|0,0|0,0|0,0|0,0|0,0|0,0|0,0|0,0|0,0|0,0|0,0|0,0|0,0|0,0|0,0|0,0|0,0|0,0|1,0.5|1,0.5|1,0.5|0,0|0,0.5|1,1|1,0|1,0.5|0,1|1,0.5|1
ac7b9359e84d796bfb1ff1fd3f7c9eaf9a506799,0|0,0.5|1,0.5|1,0|0,0|0,0|0,0|0,0|0,0|0,0|0,0|0,0|0,0|0,0|0,0|0,0|0,0|0,0|0,0|0,0|0,0|0,0|0,0|0,0|1,0.5|1,0.5|1,0.5|0,0|0,0.5|1,1|1,0|1,0.5|0,1|1,0.5|1
948b214927346705f4ea21230af496f632d7a4bf,0|0,0.5|1,0.5|1,0|0,0|0,0|0,0|0,0|0,0|0,0|0,0|0,0|0,0|0,0|0,0|0,0|0,0|0,0|0,0|0,0|0,0|0,0|0,0|0,0|1,0.5|1,0.5|1,0.5|0,0|0,0.5|1,1|1,0|1,0.5|0,1|1,0.5|1
1377d748f39b9d59de1041399fd3454bdd0b738e,0|0,0.5|1,0.5|1,0|0,0|0,0|0,0|0,0|0,0|0,0|0,0|0,0|0,0|0,0|0,0|0,0|0,0|0,0|0,0|0,0|0,0|0,0|0,0|0,0|1,0.5|1,0.5|1,0.5|0,0|0,0.5|1,1|1,0|1,0.5|0,1|1,0.5|1
077b8574082fb5d13281e84f79106322ea12e308,0|0,0.5|1,0.5|1,0|0,0|0,0|0,0|0,0|0,0|0,0|0,0|0,0|0,0|0,0|0,0|0,0|0,0|0,0|0,0|0,0|0,0|0,0|0,0|0,0|1,0.5|1,0.5|1,0.5|0,0|0,0.5|1,1|1,0|1,0.5|0,1|1,0.5|1
84882b5c682102141fd42e85601ad689c989e799,0|0,0.5|1,0.5|1,0|0,0|0,0|0,0|0,0|0,0|0,0|0,0|0,0|0,0|0,0|0,0|0,0|0,0|0,0|0,0|0,0|0,0|0,0|0,0|0,0|1,0.5|1,0.5|1,0.5|0,0|0,0.5|1,1|1,0|1,0.5|0,1|1,0.5|1
37dff501f41cf4c7dd0065bfeeff5b26ce6bbb0f,0|0,0.5|1,0.5|1,0|0,0|0,0|0,0|0,0|0,0|0,0|0,0|0,0|0,0|0,0|0,0|0,0|0,0|0,0|0,0|0,0|0,0|0,0|0,0|0,0|1,0.5|1,0.5|1,0.5|0,0|0,0.5|1,1|1,0|1,0.5|0,1|1,0.5|1
a62a0d249b5d30d81a036c8e326de1563d367ea5,0|0,0.5|1,0.5|1,0|0,0|0,0|0,0|0,0|0,0|0,0|0,0|0,0|0,0|0,0|0,0|0,0|0,0|0,0|0,0|0,0|0,0|0,0|0,0|0,0|1,0.5|1,0.5|1,0.5|0,0|0,0.5|1,1|1,0|1,0.5|0,1|1,0.5|1
71ecbe3a8a5cbdcc2d5386eaf4a8579243c55905,0|0,0.5|1,0.5|1,0|0,0|0,0|0,0|0,0|0,0|0,0|0,0|0,0|0,0|0,0|0,0|0,0|0,0|0,0|0,0|0,0|0,0|0,0|0,0|0,0|1,0.5|1,0.5|1,0.5|0,0|0,0.5|1,1|1,0|1,0.5|0,1|1,0.5|1
d538d9f4beed9911c9760dacd3cd87864be632bd,0|0,0.5|1,0.5|1,0|0,0|0,0|0,0|0,0|0,0|0,0|0,0|0,0|0,0|0,0|0,0|0,0|0,0|0,0|0,0|0,0|0,0|0,0|0,0|0,0|1,0.5|1,0.5|1,0.5|0,0|0,0.5|1,1|1,0|1,0.5|0,1|1,0.5|1
5aac48f5b2afddb848788955c13d48a84cef3519,0|0,0.5|1,0.5|1,0|0,0|0,0|0,0|0,0|0,0|0,0|0,0|0,0|0,0|0,0|0,0|0,0|0,0|0,0|0,0|0,0|0,0|0,0|0,0|0,0|1,0.5|1,0.5|1,0.5|0,0|0,0.5|1,1|1,0|1,0.5|0,1|1,0.5|1
2ebf2986ea11f35d28c9b7b3927c22a0e76d4205,0|0,0.5|1,0.5|1,0|0,0|0,0|0,0|0,0|0,0|0,0|0,0|0,0|0,0|0,0|0,0|0,0|0,0|0,0|0,0|0,0|0,0|0,0|0,0|0,0|1,0.5|1,0.5|1,0.5|0,0|0,0.5|1,1|1,0|1,0.5|0,1|1,0.5|1
47620d9692e0bad825132a2c478e39723a513e43,0|0,0.5|1,0.5|1,0|0,0|0,0|0,0|0,0|0,0|0,0|0,0|0,0|0,0|0,0|0,0|0,0|0,0|0,0|0,0|0,0|0,0|0,0|0,0|0,0|1,0.5|1,0.5|1,0.5|0,0|0,0.5|1,1|1,0|1,0.5|0,1|1,0.5|1
dcbd29a1050eed64f74ebbe0dfba39bdf93c78eb,0|0,0.5|1,0.5|1,0|0,0|0,0|0,0|0,0|0,0|0,0|0,0|0,0|0,0|0,0|0,0|0,0|0,0|0,0|0,0|0,0|0,0|0,0|0,0|0,0|1,0.5|1,0.5|1,0.5|0,0|0,0.5|1,1|1,0|1,0.5|0,1|1,0.5|1
693606fe1130d1cce0177efdb68ced5c1be7cb41,0|0,0.5|1,0.5|1,0|0,0|0,0|0,0|0,0|0,0|0,0|0,0|0,0|0,0|0,0|0,0|0,0|0,0|0,0|0,0|0,0|0,0|0,0|0,0|0,0|1,0.5|1,0.5|1,0.5|0,0|0,0.5|1,1|1,0|1,0.5|0,1|1,0.5|1
e866daba321acabd6cbe03271cab444745d041cb,0|0,0.5|1,0.5|1,0|0,0|0,0|0,0|0,0|0,0|0,0|0,0|0,0|0,0|0,0|0,0|0,0|0,0|0,0|0,0|0,0|0,0|0,0|0,0|0,0|1,0.5|1,0.5|1,0.5|0,0|0,0.5|1,1|1,0|1,0.5|0,1|1,0.5|1
63a0dd7e474d60a17ae9b4396eb659afb81150a3,0|0,0.5|1,0.5|1,0|0,0|0,0|0,0|0,0|0,0|0,0|0,0|0,0|0,0|0,0|0,0|0,0|0,0|0,0|0,0|0,0|0,0|0,0|0,0|0,0|1,0.5|1,0.5|1,0.5|0,0|0,0.5|1,1|1,0|1,0.5|0,1|1,0.5|1
118d4d5a6b4f38fa97031f1be285020bdc508bf7,0|0,0.5|1,0.5|1,0|0,0|0,0|0,0|0,0|0,0|0,0|0,0|0,0|0,0|0,0|0,0|0,0|0,0|0,0|0,0|0,0|0,0|0,0|0,0|0,0|1,0.5|1,0.5|1,0.5|0,0|0,0.5|1,1|1,0|1,0.5|0,1|1,0.5|1
a74b5b20f593f1ca070504758e53bfefc90eb934,0|0,0.5|1,0.5|1,0|0,0|0,0|0,0|0,0|0,0|0,0|0,0|0,0|0,0|0,0|0,0|0,0|0,0|0,0|0,0|0,0|0,0|0,0|0,0|0,0|1,0.5|1,0.5|1,0.5|0,0|0,0.5|1,1|1,0|1,0.5|0,1|1,0.5|1
9e13643454693ddb64d52c3a8acd2e45e8ff4f5a,0|0,0.5|1,0.5|1,0|0,0|0,0|0,0|0,0|0,0|0,0|0,0|0,0|0,0|0,0|0,0|0,0|0,0|0,0|0,0|0,0|0,0|0,0|0,0|0,0|1,0.5|1,0.5|1,0.5|0,0|0,0.5|1,1|1,0|1,0.5|0,1|1,0.5|1
1e417dd0cafef9ecbd69ad85588e9080510cfd00,0|0,0.5|1,0.5|1,0|0,0|0,0|0,0|0,0|0,0|0,0|0,0|0,0|0,0|0,0|0,0|0,0|0,0|0,0|0,0|0,0|0,0|0,0|0,0|0,0|1,0.5|1,0.5|1,0.5|0,0|0,0.5|1,1|1,0|1,0.5|0,1|1,0.5|1
2feac3837faadff871ffdeea85205af1135aae9c,0|0,0.5|1,0.5|1,0|0,0|0,0|0,0|0,0|0,0|0,0|0,0|0,0|0,0|0,0|0,0|0,0|0,0|0,0|0,0|0,0|0,0|0,0|0,0|0,0|1,0.5|1,0.5|1,0.5|0,0|0,0.5|1,1|1,0|1,0.5|0,1|1,0.5|1
8b1133a32c703fe403caa5e5127752305d9beb78,0|0,0.5|1,0.5|1,0|0,0|0,0|0,0|0,0|0,0|0,0|0,0|0,0|0,0|0,0|0,0|0,0|0,0|0,0|0,0|0,0|0,0|0,0|0,0|0,0|1,0.5|1,0.5|1,0.5|0,0|0,0.5|1,1|1,0|1,0.5|0,1|1,0.5|1
4cef6f9dd508d7d3fc534c6b6c9fcb627d07ddfd,0|0,0.5|1,0.5|1,0|0,0|0,0|0,0|0,0|0,0|0,0|0,0|0,0|0,0|0,0|0,0|0,0|0,0|0,0|0,0|0,0|0,0|0,0|0,0|0,0|1,0.5|1,0.5|1,0.5|0,0|0,0.5|1,1|1,0|1,0.5|0,1|1,0.5|1
e3f28c149004d83521d149659b068a1bb4ac0dcb,0|0,0.5|1,0.5|1,0|0,0|0,0|0,0|0,0|0,0|0,0|0,0|0,0|0,0|0,0|0,0|0,0|0,0|0,0|0,0|0,0|0,0|0,0|0,0|0,0|1,0.5|1,0.5|1,0.5|0,0|0,0.5|1,1|1,0|1,0.5|0,1|1,0.5|1
c92012c9cd9a04d0c8c96aba46bb5859e29bd77d,0|0,0.5|1,0.5|1,0|0,0|0,0|0,0|0,0|0,0|0,0|0,0|0,0|0,0|0,0|0,0|0,0|0,0|0,0|0,0|0,0|0,0|0,0|0,0|0,0|1,0.5|1,0.5|1,0.5|0,0|0,0.5|1,1|1,0|1,0.5|0,1|1,0.5|1
45632c4b769e415bd23b5a34af917fb7e9ac4e0d,0|0,0.5|1,0.5|1,0|0,0|0,0|0,0|0,0|0,0|0,0|0,0|0,0|0,0|0,0|0,0|0,0|0,0|0,0|0,0|0,0|0,0|0,0|0,0|0,0|1,0.5|1,0.5|1,0.5|0,0|0,0.5|1,1|1,0|1,0.5|0,1|1,0.5|1
d4651a699229b3c15278916268bd8d9dcb10088c,0|0,0.5|1,0.5|1,0|0,0|0,0|0,0|0,0|0,0|0,0|0,0|0,0|0,0|0,0|0,0|0,0|0,0|0,0|0,0|0,0|0,0|0,0|0,0|0,0|1,0.5|1,0.5|1,0.5|0,0|0,0.5|1,1|1,0|1,0.5|0,1|1,0.5|1
e01df67d247afddab74ba6a812a9b2dab92fe4c1,0|0,0.5|1,0.5|1,0|0,0|0,0|0,0|0,0|0,0|0,0|0,0|0,0|0,0|0,0|0,0|0,0|0,0|0,0|0,0|0,0|0,0|0,0|0,0|0,0|1,0.5|1,0.5|1,0.5|0,0|0,0.5|1,1|1,0|1,0.5|0,1|1,0.5|1
8833b62e51b77ff6fd18b5f2663424f6c89ad20b,0|0,0.5|1,0.5|1,0|0,0|0,0|0,0|0,0|0,0|0,0|0,0|0,0|0,0|0,0|0,0|0,0|0,0|0,0|0,0|0,0|0,0|0,0|0,0|0,0|1,0.5|1,0.5|1,0.5|0,0|0,0.5|1,1|1,0|1,0.5|0,1|1,0.5|1
eb4ddf449fd05f3df51d0963a7b0b7fdaff9c237,0|0,0.5|1,0.5|1,0|0,0|0,0|0,0|0,0|0,0|0,0|0,0|0,0|0,0|0,0|0,0|0,0|0,0|0,0|0,0|0,0|0,0|0,0|0,0|0,0|1,0.5|1,0.5|1,0.5|0,0|0,0.5|1,1|1,0|1,0.5|0,1|1,0.5|1
fe135bab842f1f20504f552fccc6e54691dc6e63,0|0,0.5|1,0.5|1,0|0,0|0,0|0,0|0,0|0,0|0,0|0,0|0,0|0,0|0,0|0,0|0,0|0,0|0,0|0,0|0,0|0,0|0,0|0,0|0,0|1,0.5|1,0.5|1,0.5|0,0|0,0.5|1,1|1,0|1,0.5|0,1|1,0.5|1
3154300abf6fefa7ce2181352ea8aad50d484fc9,0|0,0.5|1,0.5|1,0|0,0|0,0|0,0|0,0|0,0|0,0|0,0|0,0|0,0|0,0|0,0|0,0|0,0|0,0|0,0|0,0|0,0|0,0|0,0|0,0|1,0.5|1,0.5|1,0.5|0,0|0,0.5|1,1|1,0|1,0.5|0,1|1,0.5|1
a723ef86984309b93a14dc1088fba0b2e61177b4,0|0,0.5|1,0.5|1,0|0,0|0,0|0,0|0,0|0,0|0,0|0,0|0,0|0,0|0,0|0,0|0,0|0,0|0,0|0,0|0,0|0,0|0,0|0,0|0,0|1,0.5|1,0.5|1,0.5|0,0|0,0.5|1,1|1,0|1,0.5|0,1|1,0.5|1
44594d22f2d9b5dfdd7296ba40ef8b9db8318678,0|0,0.5|1,0.5|1,0|0,0|0,0|0,0|0,0|0,0|0,0|0,0|0,0|0,0|0,0|0,0|0,0|0,0|0,0|0,0|0,0|0,0|0,0|0,0|0,0|1,0.5|1,0.5|1,0.5|0,0|0,0.5|1,1|1,0|1,0.5|0,1|1,0.5|1
f80bd304ae9f7ef2e64d4a9839ec755cca2c9428,0|0,0.5|1,0.5|1,0|0,0|0,0|0,0|0,0|0,0|0,0|0,0|0,0|0,0|0,0|0,0|0,0|0,0|0,0|0,0|0,0|0,0|0,0|0,0|0,0|1,0.5|1,0.5|1,0.5|0,0|0,0.5|1,1|1,0|1,0.5|0,1|1,0.5|1
cc0428d238797f077d6414034f3d9bd061c1692b,0|0,0.5|1,0.5|1,0|0,0|0,0|0,0|0,0|0,0|0,0|0,0|0,0|0,0|0,0|0,0|0,0|0,0|0,0|0,0|0,0|0,0|0,0|0,0|0,0|1,0.5|1,0.5|1,0.5|0,0|0,0.5|1,1|1,0|1,0.5|0,1|1,0.5|1
f06319ce93654e7cada64a75778fb50e8ddc6667,0|0,0.5|1,0.5|1,0|0,0|0,0|0,0|0,0|0,0|0,0|0,0|0,0|0,0|0,0|0,0|0,0|0,0|0,0|0,0|0,0|0,0|0,0|0,0|0,0|1,0.5|1,0.5|1,0.5|0,0|0,0.5|1,1|1,0|1,0.5|0,1|1,0.5|1
cffe03949ef83928e6c4773ce4b6d1c10c4381b3,0|0,0.5|1,0.5|1,0|0,0|0,0|0,0|0,0|0,0|0,0|0,0|0,0|0,0|0,0|0,0|0,0|0,0|0,0|0,0|0,0|0,0|0,0|0,0|0,0|1,0.5|1,0.5|1,0.5|0,0|0,0.5|1,1|1,0|1,0.5|0,1|1,0.5|1
8db12bfefbb793059a56d74f595459fdb6c75b55,0|0,0.5|1,0.5|1,0|0,0|0,0|0,0|0,0|0,0|0,0|0,0|0,0|0,0|0,0|0,0|0,0|0,0|0,0|0,0|0,0|0,0|0,0|0,0|0,0|1,0.5|1,0.5|1,0.5|0,0|0,0.5|1,1|1,0|1,0.5|0,1|1,0.5|1
dedd3c218620ee6894ae27a624b86f289be6fe3d,0|0,0.5|1,0.5|1,0|0,0|0,0|0,0|0,0|0,0|0,0|0,0|0,0|0,0|0,0|0,0|0,0|0,0|0,0|0,0|0,0|0,0|0,0|0,0|0,0|1,0.5|1,0.5|1,0.5|0,0|0,0.5|1,1|1,0|1,0.5|0,1|1,0.5|1
8221722e7d6ce50c13fe953243a10d0bbe69e77c,0|0,0.5|1,0.5|1,0|0,0|0,0|0,0|0,0|0,0|0,0|0,0|0,0|0,0|0,0|0,0|0,0|0,0|0,0|0,0|0,0|0,0|0,0|0,0|0,0|1,0.5|1,0.5|1,0.5|0,0|0,0.5|1,1|1,0|1,0.5|0,1|1,0.5|1
fac4a175b2419f9c177ca45daafd9892658aef95,0|0,0.5|1,0.5|1,0|0,0|0,0|0,0|0,0|0,0|0,0|0,0|0,0|0,0|0,0|0,0|0,0|0,0|0,0|0,0|0,0|0,0|0,0|0,0|0,0|1,0.5|1,0.5|1,0.5|0,0|0,0.5|1,1|1,0|1,0.5|0,1|1,0.5|1
f500946abb74e36fd5b8357e8a8e40b4d752844f,0|0,0.5|1,0.5|1,0|0,0|0,0|0,0|0,0|0,0|0,0|0,0|0,0|0,0|0,0|0,0|0,0|0,0|0,0|0,0|0,0|0,0|0,0|0,0|0,0|1,0.5|1,0.5|1,0.5|0,0|0,0.5|1,1|1,0|1,0.5|0,1|1,0.5|1
fbda60dd79da741c582fadc3827aea6c405142cf,0|0,0.5|1,0.5|1,0|0,0|0,0|0,0|0,0|0,0|0,0|0,0|0,0|0,0|0,0|0,0|0,0|0,0|0,0|0,0|0,0|0,0|0,0|0,0|0,0|1,0.5|1,0.5|1,0.5|0,0|0,0.5|1,1|1,0|1,0.5|0,1|1,0.5|1
5dcb18f17028ff4ee58e68c18fffbd347d3b7691,0|0,0.5|1,0.5|1,0|0,0|0,0|0,0|0,0|0,0|0,0|0,0|0,0|0,0|0,0|0,0|0,0|0,0|0,0|0,0|0,0|0,0|0,0|0,0|0,0|1,0.5|1,0.5|1,0.5|0,0|0,0.5|1,1|1,0|1,0.5|0,1|1,0.5|1
33f14935371824be0c00ea8a8c9cd07f83b47088,0|0,0.5|1,0.5|1,0|0,0|0,0|0,0|0,0|0,0|0,0|0,0|0,0|0,0|0,0|0,0|0,0|0,0|0,0|0,0|0,0|0,0|0,0|0,0|0,0|1,0.5|1,0.5|1,0.5|0,0|0,0.5|1,1|1,0|1,0.5|0,1|1,0.5|1
c7071132b69d976510c255b8c1a823a3516f0d54,0|0,0.5|1,0.5|1,0|0,0|0,0|0,0|0,0|0,0|0,0|0,0|0,0|0,0|0,0|0,0|0,0|0,0|0,0|0,0|0,0|0,0|0,0|0,0|0,0|1,0.5|1,0.5|1,0.5|0,0|0,0.5|1,1|1,0|1,0.5|0,1|1,0.5|1
e082d1064d984ee4639406017c617de9dec5f877,0|0,0.5|1,0.5|1,0|0,0|0,0|0,0|0,0|0,0|0,0|0,0|0,0|0,0|0,0|0,0|0,0|0,0|0,0|0,0|0,0|0,0|0,0|0,0|0,0|1,0.5|1,0.5|1,0.5|0,0|0,0.5|1,1|1,0|1,0.5|0,1|1,0.5|1
8c2b0f5f9078df0a0056b08fa6785044076db805,0|0,0.5|1,0.5|1,0|0,0|0,0|0,0|0,0|0,0|0,0|0,0|0,0|0,0|0,0|0,0|0,0|0,0|0,0|0,0|0,0|0,0|0,0|0,0|0,0|1,0.5|1,0.5|1,0.5|0,0|0,0.5|1,1|1,0|1,0.5|0,1|1,0.5|1
597db4c3e44ad06a2234c4925a21c83427d33b8c,0|0,0.5|1,0.5|1,0|0,0|0,0|0,0|0,0|0,0|0,0|0,0|0,0|0,0|0,0|0,0|0,0|0,0|0,0|0,0|0,0|0,0|0,0|0,0|0,0|1,0.5|1,0.5|1,0.5|0,0|0,0.5|1,1|1,0|1,0.5|0,1|1,0.5|1
99f12c01c790bb2d7ac367c85c9a9556660cb992,0|0,0.5|1,0.5|1,0|0,0|0,0|0,0|0,0|0,0|0,0|0,0|0,0|0,0|0,0|0,0|0,0|0,0|0,0|0,0|0,0|0,0|0,0|0,0|0,0|1,0.5|1,0.5|1,0.5|0,0|0,0.5|1,1|1,0|1,0.5|0,1|1,0.5|1
c0e340419d6d6e76838b8c7ba8fc4ec4631c6ab1,0|0,0.5|1,0.5|1,0|0,0|0,0|0,0|0,0|0,0|0,0|0,0|0,0|0,0|0,0|0,0|0,0|0,0|0,0|0,0|0,0|0,0|0,0|0,0|0,0|1,0.5|1,0.5|1,0.5|0,0|0,0.5|1,1|1,0|1,0.5|0,1|1,0.5|1
0389665542b0189a7c5f10df6ad522e65d99fe3c,0|0,0.5|1,0.5|1,0|0,0|0,0|0,0|0,0|0,0|0,0|0,0|0,0|0,0|0,0|0,0|0,0|0,0|0,0|0,0|0,0|0,0|0,0|0,0|0,0|1,0.5|1,0.5|1,0.5|0,0|0,0.5|1,1|1,0|1,0.5|0,1|1,0.5|1
8a058b7a6be4d7e47a9af5831c454fca8c725dd4,0|0,0.5|1,0.5|1,0|0,0|0,0|0,0|0,0|0,0|0,0|0,0|0,0|0,0|0,0|0,0|0,0|0,0|0,0|0,0|0,0|0,0|0,0|0,0|0,0|1,0.5|1,0.5|1,0.5|0,0|0,0.5|1,1|1,0|1,0.5|0,1|1,0.5|1
2dd953ed14796a840d7b75811efee95950016deb,0|0,0.5|1,0.5|1,0|0,0|0,0|0,0|0,0|0,0|0,0|0,0|0,0|0,0|0,0|0,0|0,0|0,0|0,0|0,0|0,0|0,0|0,0|0,0|0,0|1,0.5|1,0.5|1,0.5|0,0|0,0.5|1,1|1,0|1,0.5|0,1|1,0.5|1
4d2510757d797781aed92193012294e7732afe9a,0|0,0.5|1,0.5|1,0|0,0|0,0|0,0|0,0|0,0|0,0|0,0|0,0|0,0|0,0|0,0|0,0|0,0|0,0|0,0|0,0|0,0|0,0|0,0|0,0|1,0.5|1,0.5|1,0.5|0,0|0,0.5|1,1|1,0|1,0.5|0,1|1,0.5|1
f9d06de833fc875167ca4830d68934ba51d1b0fe,,,,,,,,,,,,,,,,,,,,,,,,,,,,,,,,,,
99adbcd6ae0ad1ea4f5cab6d9be32658a772dcf6,,,,,,,,,,,,,,,,,,,,,,,,,,,,,,,,,,
5c63963b7e6fdb02ddae414e4dc258bf595f7226,0|0,0.5|1,0.5|1,0|0,0|0,0|0,0|0,0|0,0|0,0|0,0|0,0|0,0|0,0|0,0|0,0|0,0|0,0|0,0|0,0|0,0|0,0|0,0|0,0|0,0.5|1,0.5|1,0.5|0,0|0,0.5|1,1|1,0|1,0.5|0,1|1,0.5|1
5b8fe5ab3de82d2572b8065f563e19639b02a5e1,0|0,0.5|1,0.5|1,0|0,0|0,0|0,0|0,0|0,0|0,0|0,0|0,0|0,0|0,0|0,0|0,0|0,0|0,0|0,0|0,0|0,0|0,0|0,0|0,0|0,0.5|1,0.5|1,0.5|0,0|0,0.5|1,1|1,0|1,0.5|0,1|1,0.5|1
69c50843319301065e76b0a44567226076d8e45f,0|0,0.5|1,0.5|1,0|0,0|0,0|0,0|0,0|0,0|0,0|0,0|0,0|0,0|0,0|0,0|0,0|0,0|0,0|0,0|0,0|0,0|0,0|0,0|0,0|0,0.5|1,0.5|1,0.5|0,0|0,0.5|1,1|1,0|1,0.5|0,1|1,0.5|1
92879ec4ef99b9dbd29e9be89668a20ad449e039,0|0,0.5|1,0.5|1,0|0,0|0,0|0,0|0,0|0,0|0,0|0,0|0,0|0,0|0,0|0,0|0,0|0,0|0,0|0,0|0,0|0,0|0,0|0,0|0,0|0,0.5|1,0.5|1,0.5|0,0|0,0.5|1,1|1,0|1,0.5|0,1|1,0.5|1
ff1d9c8449e282e3053f8c754c20469d3110d2c5,0|0,0.5|1,0.5|1,0|0,0|0,0|0,0|0,0|0,0|0,0|0,0|0,0|0,0|0,0|0,0|0,0|0,0|0,0|0,0|0,0|0,0|0,0|0,0|0,0|0,0.5|1,0.5|1,0.5|0,0|0,0.5|1,1|1,0|1,0.5|0,1|1,0.5|1
427c45a420463415da5bf55d273d348a825a0968,0|0,0.5|1,0.5|1,0|0,0|0,0|0,0|0,0|0,0|0,0|0,0|0,0|0,0|0,0|0,0|0,0|0,0|0,0|0,0|0,0|0,0|0,0|0,0|0,0|0,0.5|1,0.5|1,0.5|0,0|0,0.5|1,1|1,0|1,0.5|0,1|1,0.5|1
54bee124e182a7a6ac3c8c61c28e21eb3e46cd41,0|0,0.5|1,0.5|1,0|0,0|0,0|0,0|0,0|0,0|0,0|0,0|0,0|0,0|0,0|0,0|0,0|0,0|0,0|0,0|0,0|0,0|0,0|0,0|0,0|0,0.5|1,0.5|1,0.5|0,0|0,0.5|1,1|1,0|1,0.5|0,1|1,0.5|1
d6e3465d629c6bcfbf74fa7ee112d36ddb20ca6c,0|0,0.5|1,0.5|1,0|0,0|0,0|0,0|0,0|0,0|0,0|0,0|0,0|0,0|0,0|0,0|0,0|0,0|0,0|0,0|0,0|0,0|0,0|0,0|0,0|0,0.5|1,0.5|1,0.5|0,0|0,0.5|1,1|1,0|1,0.5|0,1|1,0.5|1
6921fb9680fbe9874817ca8c71efd0456f0a6507,0|0,0.5|1,0.5|1,0|0,0|0,0|0,0|0,0|0,0|0,0|0,0|0,0|0,0|0,0|0,0|0,0|0,0|0,0|0,0|0,0|0,0|0,0|0,0|0,0|0,0.5|1,0.5|1,0.5|0,0|0,0.5|1,1|1,0|1,0.5|0,1|1,0.5|1
ece21bbefecac83dd4bf60c66871e90b57431e01,0|0,0.5|1,0.5|1,0|0,0|0,0|0,0|0,0|0,0|0,0|0,0|0,0|0,0|0,0|0,0|0,0|0,0|0,0|0,0|0,0|0,0|0,0|0,0|0,0|0,0.5|1,0.5|1,0.5|0,0|0,0.5|1,1|1,0|1,0.5|0,1|1,0.5|1
02c78580a29a711c9789711c48441549ef76169c,0|0,0.5|1,0.5|1,0|0,0|0,0|0,0|0,0|0,0|0,0|0,0|0,0|0,0|0,0|0,0|0,0|0,0|0,0|0,0|0,0|0,0|0,0|0,0|0,0|0,0.5|1,0.5|1,0.5|0,0|0,0.5|1,1|1,0|1,0.5|0,1|1,0.5|1
5c2eaa880858c292ca1606475be59606aef03c64,0|0,0.5|1,0.5|1,0|0,0|0,0|0,0|0,0|0,0|0,0|0,0|0,0|0,0|0,0|0,0|0,0|0,0|0,0|0,0|0,0|0,0|0,0|0,0|0,0|0,0.5|1,0.5|1,0.5|0,0|0,0.5|1,1|1,0|1,0.5|0,1|1,0.5|1
d81baf919f0deef10d4e47b8db3b6a068a7c610d,0|0,0.5|1,0.5|1,0|0,0|0,0|0,0|0,0|0,0|0,0|0,0|0,0|0,0|0,0|0,0|0,0|0,0|0,0|0,0|0,0|0,0|0,0|0,0|0,0|0,0.5|1,0.5|1,0.5|0,0|0,0.5|1,1|1,0|1,0.5|0,1|1,0.5|1
81b0431915bd50bd703123e05f4d206cc8550e69,0|0,0.5|1,0.5|1,0|0,0|0,0|0,0|0,0|0,0|0,0|0,0|0,0|0,0|0,0|0,0|0,0|0,0|0,0|0,0|0,0|0,0|0,0|0,0|0,0|0,0.5|1,0.5|1,0.5|0,0|0,0.5|1,1|1,0|1,0.5|0,1|1,0.5|1
60d319113866487e0b40df7ea2ece0e6deb7b781,0|0,0.5|1,0.5|1,0|0,0|0,0|0,0|0,0|0,0|0,0|0,0|0,0|0,0|0,0|0,0|0,0|0,0|0,0|0,0|0,0|0,0|0,0|0,0|0,0|0,0.5|1,0.5|1,0.5|0,0|0,0.5|1,1|1,0|1,0.5|0,1|1,0.5|1
a353e310a2ac79ddb7e64019d585d92109e9b45a,0|0,0.5|1,0.5|1,0|0,0|0,0|0,0|0,0|0,0|0,0|0,0|0,0|0,0|0,0|0,0|0,0|0,0|0,0|0,0|0,0|0,0|0,0|0,0|0,0|0,0.5|1,0.5|1,0.5|0,0|0,0.5|1,1|1,0|1,0.5|0,1|1,0.5|1
74aab65c81e55d0461c0e0e735531b5c0e2937cf,0|0,0.5|1,0.5|1,0|0,0|0,0|0,0|0,0|0,0|0,0|0,0|0,0|0,0|0,0|0,0|0,0|0,0|0,0|0,0|0,0|0,0|0,0|0,0|0,0|0,0.5|1,0.5|1,0.5|0,0|0,0.5|1,1|1,0|1,0.5|0,1|1,0.5|1
7e446ea8e587aca1e655b33280c76eab03e29c72,0|0,0.5|1,0.5|1,0|0,0|0,0|0,0|0,0|0,0|0,0|0,0|0,0|0,0|0,0|0,0|0,0|0,0|0,0|0,0|0,0|0,0|0,0|0,0|0,0|0,0.5|1,0.5|1,0.5|0,0|0,0.5|1,1|1,0|1,0.5|0,1|1,0.5|1
48c6d5b227b49f4cb5c690d8e5a691983649280d,0|0,0.5|1,0.5|1,0|0,0|0,0|0,0|0,0|0,0|0,0|0,0|0,0|0,0|0,0|0,0|0,0|0,0|0,0|0,0|0,0|0,0|0,0|0,0|0,0|0,0.5|1,0.5|1,0.5|0,0|0,0.5|1,1|1,0|1,0.5|0,1|1,0.5|1
57e5a841baafa60e6be5fe6d0cd9daea4fc87361,0|0,0.5|1,0.5|1,0|0,0|0,0|0,0|0,0|0,0|0,0|0,0|0,0|0,0|0,0|0,0|0,0|0,0|0,0|0,0|0,0|0,0|0,0|0,0|0,0|0,0.5|1,0.5|1,0.5|0,0|0,0.5|1,1|1,0|1,0.5|0,1|1,0.5|1
494001be28b6e4efacfe8c228a512ef79c4b7275,0|0,0.5|1,0.5|1,0|0,0|0,0|0,0|0,0|0,0|0,0|0,0|0,0|0,0|0,0|0,0|0,0|0,0|0,0|0,0|0,0|0,0|0,0|0,0|0,0|0,0.5|1,0.5|1,0.5|0,0|0,0.5|1,1|1,0|1,0.5|0,1|1,0.5|1
13fbe91ec93839e2de76b3df9238d6aec70b9449,0.5|0,0.5|1,0.5|1,0.5|0,0.5|0,0.5|0,0|0,0|0,0|0,0.5|0,0|0,0|0,0.5|0,0.5|0,0.5|0,0.5|0,0.5|0,0.5|0,0.5|0,0.5|0,0.5|0,0.5|0,0.5|0,0.5|0,0.5|1,0.5|1,0.5|0,0.5|0,0.5|1,1|1,0.5|1,0.5|0,1|1,0.5|1
d26f43f7c2c64400649babfb4993b278291555db,0|0,0.5|1,0.5|1,0|0,0|0,0|0,0|0,0|0,0|0,0|0,0|0,0|0,0|0,0|0,0|0,0|0,0|0,0|0,0|0,0|0,0|0,0|0,0|0,0|0,0.5|1,0.5|1,0.5|0,0|0,0.5|1,1|1,0|1,0.5|0,1|1,0.5|1
f77a80c385cff76a187327c6ce1a9adb5c7cc00f,,,,,,,,,,,,,,,,,,,,,,,,,,,,,,,,,,
20e9bd8a1d57fbaeccc1b0204f95238b9f53fdd0,,,,,,,,,,,,,,,,,,,,,,,,,,,,,,,,,,
a450000c119d201acb747a14a95c517caaf9bbba,,,,,,,,,,,,,,,,,,,,,,,,,,,,,,,,,,
5bcf17810b199df61f49fe64241256f38afdfa02,0|0,0.5|1,0.5|1,0|0,0|0,0|0,0|0,0|0,0|0,0|0,0|0,0|0,0|0,0|0,0|0,0|0,0|0,0|0,0|0,0|0,0|0,0|0,0|0,0|0,0.5|1,0.5|1,0.5|0,0|0,0.5|1,1|1,0|1,0.5|0,1|1,0.5|1
8c26be72b4c50766eec238268ea8117b02ec49cf,0|0,0.5|1,0.5|1,0|0,0|0,0|0,0|0,0|0,0|0,0|0,0|0,0|0,0|0,0|0,0|0,0|0,0|0,0|0,0|0,0|0,0|0,0|0,0|0,0|0,0.5|1,0.5|1,0.5|0,0|0,0.5|1,1|1,0|1,0.5|0,1|1,0.5|1
160f1c8592ad9506c3174e4ddccc28ca1cd63714,0|0,0.5|1,0.5|1,0|0,0|0,0|0,0|0,0|0,0|0,0|0,0|0,0|0,0|0,0|0,0|0,0|0,0|0,0|0,0|0,0|0,0|0,0|0,0|0,0|0,0.5|1,0.5|1,0.5|0,0|0,0.5|1,1|1,0|1,0.5|0,1|1,0.5|1
955d6de825ad8f902aef4c06c4f060594ef45ce4,0|0,0.5|1,0.5|1,0|0,0|0,0|0,0|0,0|0,0|0,0|0,0|0,0|0,0|0,0|0,0|0,0|0,0|0,0|0,0|0,0|0,0|0,0|0,0|0,0|0,0.5|1,0.5|1,0.5|0,0|0,0.5|1,1|1,0|1,0.5|0,1|1,0.5|1
8a8a941d671e76e787ab00e34ebcb19e3a58b6f4,0|0,0.5|1,0.5|1,0|0,0|0,0|0,0|0,0|0,0|0,0|0,0|0,0|0,0|0,0|0,0|0,0|0,0|0,0|0,0|0,0|0,0|0,0|0,0|0,0|0,0.5|1,0.5|1,0.5|0,0|0,0.5|1,1|1,0|1,0.5|0,1|1,0.5|1
7fec681cb5612e29142cb3e9abeeecb2a67b6f89,,,,,,,,,,,,,,,,,,,,,,,,,,,,,,,,,,
edd8b09cabc7c0ab949d936e34bf0ee3715045c0,,,,,,,,,,,,,,,,,,,,,,,,,,,,,,,,,,
6516148ada85154fdc8d79bbbee1582d7ad471da,,,,,,,,,,,,,,,,,,,,,,,,,,,,,,,,,,
0f99784d89cd0494f292d1f92de792474b503009,0|0,0.5|1,0.5|1,0|0,0|0,0|0,0|0,0|0,0|0,0|0,0|0,0|0,0|0,0|0,0|0,0|0,0|0,0|0,0|0,0|0,0|0,0|0,0|0,0|0,0.5|1,0.5|1,0.5|0,0|0,0.5|1,1|1,0|1,0.5|0,1|1,0.5|1
da81d3e6741e9deeb8de62ebdcbbee71aafc8dcd,0|0,0.5|1,0.5|1,0|0,0|0,0|0,0|0,0|0,0|0,0|0,0|0,0|0,0|0,0|0,0|0,0|0,0|0,0|0,0|0,0|0,0|0,0|0,0|0,0|0,0.5|1,0.5|1,0.5|0,0|0,0.5|1,1|1,0|1,0.5|0,1|1,0.5|1
0aa4debbdbcbb4be240e1c09fd9e13f4d0bcb423,0|0,0.5|1,0.5|1,0|0,0|0,0|0,0|0,0|0,0|0,0|0,0|0,0|0,0|0,0|0,0|0,0|0,0|0,0|0,0|0,0|0,0|0,0|0,0|0,0|0,0.5|1,0.5|1,0.5|0,0|0,0.5|1,1|1,0|1,0.5|0,1|1,0.5|1
d1e5ef484d01ed7f9860884bc9f3ebc452f3642d,0|0,0.5|1,0.5|1,0|0,0|0,0|0,0|0,0|0,0|0,0|0,0|0,0|0,0|0,0|0,0|0,0|0,0|0,0|0,0|0,0|0,0|0,0|0,0|0,0|0,0.5|1,0.5|1,0.5|0,0|0,0.5|1,1|1,0|1,0.5|0,1|1,0.5|1
8a5d4227dc430cd614fff6e0366c076c05c1cc34,0|0,0.5|1,0.5|1,0|0,0|0,0|0,0|0,0|0,0|0,0|0,0|0,0|0,0|0,0|0,0|0,0|0,0|0,0|0,0|0,0|0,0|0,0|0,0|0,0|0,0.5|1,0.5|1,0.5|0,0|0,0.5|1,1|1,0|1,0.5|0,1|1,0.5|1
1a8e8544df708fc191816aadafce0f43d852ff88,0|0,0.5|1,0.5|1,0|0,0|0,0|0,0|0,0|0,0|0,0|0,0|0,0|0,0|0,0|0,0|0,0|0,0|0,0|0,0|0,0|0,0|0,0|0,0|0,0|0,0.5|1,0.5|1,0.5|0,0|0,0.5|1,1|1,0|1,0.5|0,1|1,0.5|1
9391f5dcc7816cf203d6e4a56e0dbf783c3f05fc,0|0,0.5|1,0.5|1,0|0,0|0,0|0,0|0,0|0,0|0,0|0,0|0,0|0,0|0,0|0,0|0,0|0,0|0,0|0,0|0,0|0,0|0,0|0,0|0,0|0,0.5|1,0.5|1,0.5|0,0|0,0.5|1,1|1,0|1,0.5|0,1|1,0.5|1
4180246f87b6058a14931c1d79ddd8b97c290bdc,0|0,0.5|1,0.5|1,0|0,0|0,0|0,0|0,0|0,0|0,0|0,0|0,0|0,0|0,0|0,0|0,0|0,0|0,0|0,0|0,0|0,0|0,0|0,0|0,0|0,0.5|1,0.5|1,0.5|0,0|0,0.5|1,1|1,0|1,0.5|0,1|1,0.5|1
6b2b1e604357ebf55a053f4d4742f82cbc329812,0|0,0.5|1,0.5|1,0|0,0|0,0|0,0|0,0|0,0|0,0|0,0|0,0|0,0|0,0|0,0|0,0|0,0|0,0|0,0|0,0|0,0|0,0|0,0|0,0|0,0.5|1,0.5|1,0.5|0,0|0,0.5|1,1|1,0|1,0.5|0,1|1,0.5|1
e44ac697fa67da83efa01f10e6d4f5b52363c6fe,,,,,,,,,,,,,,,,,,,,,,,,,,,,,,,,,,
db42ca62d10720d576f1821aad21fe5e6785c650,,,,,,,,,,,,,,,,,,,,,,,,,,,,,,,,,,
7669fcc280df7c7ad34d5ca28a2bcda52de31959,,,,,,,,,,,,,,,,,,,,,,,,,,,,,,,,,,
48a8d529e90f7a0104a754cd37930f8afa875353,,,,,,,,,,,,,,,,,,,,,,,,,,,,,,,,,,
c088af70e8a910bd46d7cf39410ad301e55b86a9,,,,,,,,,,,,,,,,,,,,,,,,,,,,,,,,,,
fa9081c19405de8a56e364b0d4975f29f87c7df9,,,,,,,,,,,,,,,,,,,,,,,,,,,,,,,,,,
8e5f3ca0316031c49671bd414ebac243c9b29635,,,,,,,,,,,,,,,,,,,,,,,,,,,,,,,,,,
cdbfb411fbca39717db3812607bb4e36a91bff8b,,,,,,,,,,,,,,,,,,,,,,,,,,,,,,,,,,
3bc8b20459ba53e4a835a600c0ddd89604eedb59,0|0,0.5|1,0.5|1,0|0,0|0,0|0,0|0,0|0,0|0,0|0,0|0,0|0,0|0,0|0,0|0,0|0,0|0,0|0,0|0,0|0,0|0,0|0,0|0,0|0,0.5|1,0.5|1,0.5|0,0|0,0.5|1,1|1,0|1,0.5|0,1|1,0.5|1
0796ac60bc44e6e3db60b20c4cf2ca40deca704b,0|0,0.5|1,0.5|1,0|0,0|0,0|0,0|0,0|0,0|0,0|0,0|0,0|0,0|0,0|0,0|0,0|0,0|0,0|0,0|0,0|0,0|0,0|0,0|0,0|0,0.5|1,0.5|1,0.5|0,0|0,0.5|1,1|1,0|1,0.5|0,1|1,0.5|1
3a6c21b7ff7609a541fe9c03cd80f5fbab47da04,0|0,0.5|1,0.5|1,0|0,0|0,0|0,0|0,0|0,0|0,0|0,0|0,0|0,0|0,0|0,0|0,0|0,0|0,0|0,0|0,0|0,0|0,0|0,0|0,0|0,0.5|1,0.5|1,0.5|0,0|0,0.5|1,1|1,0|1,0.5|0,1|1,0.5|1
ae79cce041abe556c339ca071af1fba082553c33,0|0,0.5|1,0.5|1,0|0,0|0,0|0,0|0,0|0,0|0,0|0,0|0,0|0,0|0,0|0,0|0,0|0,0|0,0|0,0|0,0|0,0|0,0|0,0|0,0|0,0.5|1,0.5|1,0.5|0,0|0,0.5|1,1|1,0|1,0.5|0,1|1,0.5|1
ea095a7a0748c9a736376d8114de44be2856f5d5,0|0,0.5|1,0.5|1,0|0,0|0,0|0,0|0,0|0,0|0,0|0,0|0,0|0,0|0,0|0,0|0,0|0,0|0,0|0,0|0,0|0,0|0,0|0,0|0,0|0,0.5|1,0.5|1,0.5|0,0|0,0.5|1,1|1,0|1,0.5|0,1|1,0.5|1
53a3b149095821b96554932f708b8ee66219c67f,0|0,0.5|1,0.5|1,0|0,0|0,0|0,0|0,0|0,0|0,0|0,0|0,0|0,0|0,0|0,0|0,0|0,0|0,0|0,0|0,0|0,0|0,0|0,0|0,0|0,0.5|1,0.5|1,0.5|0,0|0,0.5|1,1|1,0|1,0.5|0,1|1,0.5|1
c98f575791fb93c6a769260feebe7164e2743b48,0|0,0.5|1,0.5|1,0|0,0|0,0|0,0|0,0|0,0|0,0|0,0|0,0|0,0|0,0|0,0|0,0|0,0|0,0|0,0|0,0|0,0|0,0|0,0|0,0|0,0.5|1,0.5|1,0.5|0,0|0,0.5|1,1|1,0|1,0.5|0,1|1,0.5|1
b56f9765006f4f784cbd96655b5209f61e620947,0|0,0.5|1,0.5|1,0|0,0|0,0|0,0|0,0|0,0|0,0|0,0|0,0|0,0|0,0|0,0|0,0|0,0|0,0|0,0|0,0|0,0|0,0|0,0|0,0|0,0.5|1,0.5|1,0.5|0,0|0,0.5|1,1|1,0|1,0.5|0,1|1,0.5|1
f4118746887a125a86a0fe0a6df1aaba0e94a664,0|0,0.5|1,0.5|1,0|0,0|0,0|0,0|0,0|0,0|0,0|0,0|0,0|0,0|0,0|0,0|0,0|0,0|0,0|0,0|0,0|0,0|0,0|0,0|0,0|0,0.5|1,0.5|1,0.5|0,0|0,0.5|1,1|1,0|1,0.5|0,1|1,0.5|1
6be7b30e25dde5667938576553082da1ceace7e0,0|0,0.5|1,0.5|1,0|0,0|0,0|0,0|0,0|0,0|0,0|0,0|0,0|0,0|0,0|0,0|0,0|0,0|0,0|0,0|0,0|0,0|0,0|0,0|0,0|0,0.5|1,0.5|1,0.5|0,0|0,0.5|1,1|1,0|1,0.5|0,1|1,0.5|1
f6265e3b47089f17be37f767b3c422fa9155432f,0|0,0.5|1,0.5|1,0|0,0|0,0|0,0|0,0|0,0|0,0|0,0|0,0|0,0|0,0|0,0|0,0|0,0|0,0|0,0|0,0|0,0|0,0|0,0|0,0|0,0.5|1,0.5|1,0.5|0,0|0,0.5|1,1|1,0|1,0.5|0,1|1,0.5|1
9b0445cc62fd31aa367a8a1254cb8fa2733f83d7,0|0,0.5|1,0.5|1,0|0,0|0,0|0,0|0,0|0,0|0,0|0,0|0,0|0,0|0,0|0,0|0,0|0,0|0,0|0,0|0,0|0,0|0,0|0,0|0,0|0,0.5|1,0.5|1,0.5|0,0|0,0.5|1,1|1,0|1,0.5|0,1|1,0.5|1
c4c8c7cb7f22323cda796575f699ad4c953b6661,0|0,0.5|1,0.5|1,0|0,0|0,0|0,0|0,0|0,0|0,0|0,0|0,0|0,0|0,0|0,0|0,0|0,0|0,0|0,0|0,0|0,0|0,0|0,0|0,0|0,0.5|1,0.5|1,0.5|0,0|0,0.5|1,1|1,0|1,0.5|0,1|1,0.5|1
4a727370b1c2e9746434c00bf2236db86c31ea5c,0|0,0.5|1,0.5|1,0|0,0|0,0|0,0|0,0|0,0|0,0|0,0|0,0|0,0|0,0|0,0|0,0|0,0|0,0|0,0|0,0|0,0|0,0|0,0|0,0|0,0.5|1,0.5|1,0.5|0,0|0,0.5|1,1|1,0|1,0.5|0,1|1,0.5|1
16f6d4739b0e848f891deae81fe8cff387435458,0|0,0.5|1,0.5|1,0|0,0|0,0|0,0|0,0|0,0|0,0|0,0|0,0|0,0|0,0|0,0|0,0|0,0|0,0|0,0|0,0|0,0|0,0|0,0|0,0|0,0.5|1,0.5|1,0.5|0,0|0,0.5|1,1|1,0|1,0.5|0,1|1,0.5|1
23a9d1dafac3f97601482d828899bddb252112f4,0|0,0.5|1,0.5|1,0|0,0|0,0|0,0|0,0|0,0|0,0|0,0|0,0|0,0|0,0|0,0|0,0|0,0|0,0|0,0|0,0|0,0|0,0|0,0|0,0|0,0.5|1,0.5|1,0.5|0,0|0,0.5|1,1|1,0|1,0.5|0,1|1,0.5|1
f889a0716a353fcb5c3354e9efd6fb8d4c8f56d5,0|0,0.5|1,0.5|1,0|0,0|0,0|0,0|0,0|0,0|0,0|0,0|0,0|0,0|0,0|0,0|0,0|0,0|0,0|0,0|0,0|0,0|0,0|0,0|0,0|0,0.5|1,0.5|1,0.5|0,0|0,0.5|1,1|1,0|1,0.5|0,1|1,0.5|1
4c54d3d5f00e5cfa94962c69767a9da84f465c23,0|0,0|0,0.5|1,0|0,0|0,0|0,0|0,0|0,0|0,0|0,0|0,0|0,0|0,0|0,0|0,0|0,0|0,0|0,0|0,0|0,0|0,0|0,0.5|1,0|0,0.5|1,0.5|1,0.5|0,0|0,0|0,0|0,0|1,0.5|0,0|0,0.5|1
b229a93adfa070d98efed44b33d1a7e9994dbfca,0|0,0|0,0.5|1,0|0,0|0,0|0,0|0,0|0,0|0,0|0,0|0,0|0,0|0,0|0,0|0,0|0,0|0,0|0,0|0,0|0,0|0,0|0,0.5|1,0|0,0.5|1,0.5|1,0.5|0,0|0,0|0,0|0,0|1,0.5|0,0|0,0.5|1
dd5109ee9350c2416310c78551c8e89405258584,0|0,0|0,0.5|1,0|0,0|0,0|0,0|0,0|0,0|0,0|0,0|0,0|0,0|0,0|0,0|0,0|0,0|0,0|0,0|0,0|0,0|0,0|0,0.5|1,0|0,0.5|1,0.5|1,0.5|0,0|0,0|0,0|0,0|1,0.5|0,0|0,0.5|1
423315df00eacecd0882702fefc84966098e6db1,0|0,0|0,0.5|1,0|0,0|0,0|0,0|0,0|0,0|0,0|0,0|0,0|0,0|0,0|0,0|0,0|0,0|0,0|0,0|0,0|0,0|0,0|0,0.5|1,0|0,0.5|1,0.5|1,0.5|0,0|0,0|0,0|0,0|1,0.5|0,0|0,0.5|1
7bc12506995847f6e506584306aedd9aedf24f45,0|0,0|0,0.5|1,0|0,0|0,0|0,0|0,0|0,0|0,0|0,0|0,0|0,0|0,0|0,0|0,0|0,0|0,0|0,0|0,0|0,0|0,0|0,0.5|1,0|0,0.5|1,0.5|1,0.5|0,0|0,0|0,0|0,0|1,0.5|0,0|0,0.5|1
c46b0fa435d1cdd77d3777e0e05c30e95403fc79,0|0,0|0,0.5|1,0|0,0|0,0|0,0|0,0|0,0|0,0|0,0|0,0|0,0|0,0|0,0|0,0|0,0|0,0|0,0|0,0|0,0|0,0|0,0.5|1,0|0,0.5|1,0.5|1,0.5|0,0|0,0|0,0|0,0|1,0.5|0,0|0,0.5|1
56f9759e71996a4dcf062c9011676f38b6ecad86,0|0,0|0,0.5|1,0|0,0|0,0|0,0|0,0|0,0|0,0|0,0|0,0|0,0|0,0|0,0|0,0|0,0|0,0|0,0|0,0|0,0|0,0|0,0.5|1,0|0,0.5|1,0.5|1,0.5|0,0|0,0|0,0|0,0|1,0.5|0,0|0,0.5|1
6fbb6f62d3d542b00345b9053d1ddad7dbb6a0a7,0|0,0|0,0.5|1,0|0,0|0,0|0,0|0,0|0,0|0,0|0,0|0,0|0,0|0,0|0,0|0,0|0,0|0,0|0,0|0,0|0,0|0,0|0,0.5|1,0|0,0.5|1,0.5|1,0.5|0,0|0,0|0,0|0,0|1,0.5|0,0|0,0.5|1
e35366417d8ebebb37652d8d44e73b7222fa4baa,0|0,0|0,0.5|1,0|0,0|0,0|0,0|0,0|0,0|0,0|0,0|0,0|0,0|0,0|0,0|0,0|0,0|0,0|0,0|0,0|0,0|0,0|0,0.5|1,0|0,0.5|1,0.5|1,0.5|0,0|0,0|0,0|0,0|1,0.5|0,0|0,0.5|1
dc8ece9d405ce91e54185e48f168fded8403a6d1,0|0,0|0,0.5|1,0|0,0|0,0|0,0|0,0|0,0|0,0|0,0|0,0|0,0|0,0|0,0|0,0|0,0|0,0|0,0|0,0|0,0|0,0|0,0.5|1,0|0,0.5|1,0.5|1,0.5|0,0|0,0|0,0|0,0|1,0.5|0,0|0,0.5|1
a5da41cf1efd8dd86adc35ad6ef4f208d23e3903,0|0,0|0,0.5|1,0|0,0|0,0|0,0|0,0|0,0|0,0|0,0|0,0|0,0|0,0|0,0|0,0|0,0|0,0|0,0|0,0|0,0|0,0|0,0.5|1,0|0,0.5|1,0.5|1,0.5|0,0|0,0|0,0|0,0|1,0.5|0,0|0,0.5|1
4284d2a1dd46455bcd17d33055cd6431e462d532,0|0,0|0,0.5|1,0|0,0|0,0|0,0|0,0|0,0|0,0|0,0|0,0|0,0|0,0|0,0|0,0|0,0|0,0|0,0|0,0|0,0|0,0|0,0.5|1,0|0,0.5|1,0.5|1,0.5|0,0|0,0|0,0|0,0|1,0.5|0,0|0,0.5|1
77b7dfd41f4b8ae7cc12c8babd547829a84435da,0|0,0|0,0.5|1,0|0,0|0,0|0,0|0,0|0,0|0,0|0,0|0,0|0,0|0,0|0,0|0,0|0,0|0,0|0,0|0,0|0,0|0,0|0,0.5|1,0|0,0.5|1,0.5|1,0.5|0,0|0,0|0,0|0,0|1,0.5|0,0|0,0.5|1
5703e5dd79a490e16f00e8cbab3967eaff5184f5,0|0,0|0,0.5|1,0|0,0|0,0|0,0|0,0|0,0|0,0|0,0|0,0|0,0|0,0|0,0|0,0|0,0|0,0|0,0|0,0|0,0|0,0|0,0.5|1,0|0,0.5|1,0.5|1,0.5|0,0|0,0|0,0|0,0|1,0.5|0,0|0,0.5|1
bfd5c9e0b3ab3cd8c0778bf2e501b1c2b2ac9056,0|0,0|0,0.5|1,0|0,0|0,0|0,0|0,0|0,0|0,0|0,0|0,0|0,0|0,0|0,0|0,0|0,0|0,0|0,0|0,0|0,0|0,0|0,0.5|1,0|0,0.5|1,0.5|1,0.5|0,0|0,0|0,0|0,0|1,0.5|0,0|0,0.5|1
dcf22aaa6ea7148f95e4e333abed0cc1cc0f30df,0|0,0|0,0.5|1,0|0,0|0,0|0,0|0,0|0,0|0,0|0,0|0,0|0,0|0,0|0,0|0,0|0,0|0,0|0,0|0,0|0,0|0,0|0,0.5|1,0|0,0.5|1,0.5|1,0.5|0,0|0,0|0,0|0,0|1,0.5|0,0|0,0.5|1
7794dbef62c467902f84038191cabdcaa0c4862c,0|0,0|0,0.5|1,0|0,0|0,0|0,0|0,0|0,0|0,0|0,0|0,0|0,0|0,0|0,0|0,0|0,0|0,0|0,0|0,0|0,0|0,0|0,0.5|1,0|0,0.5|1,0.5|1,0.5|0,0|0,0|0,0|0,0|1,0.5|0,0|0,0.5|1
26b08e6387d4276dfdd4bd54f8ae3396312f91f0,0|0,0|0,0.5|1,0|0,0|0,0|0,0|0,0|0,0|0,0|0,0|0,0|0,0|0,0|0,0|0,0|0,0|0,0|0,0|0,0|0,0|0,0|0,0.5|1,0|0,0.5|1,0.5|1,0.5|0,0|0,0|0,0|0,0|1,0.5|0,0|0,0.5|1
d0b9b7cd0348cc34a68a1221b7c5d9dc912d7137,0|0,0|0,0.5|1,0|0,0|0,0|0,0|0,0|0,0|0,0|0,0|0,0|0,0|0,0|0,0|0,0|0,0|0,0|0,0|0,0|0,0|0,0|0,0.5|1,0|0,0.5|1,0.5|1,0.5|0,0|0,0|0,0|0,0|1,0.5|0,0|0,0.5|1
38b23d5ab3c67c5528faed5750611f34c3f18f3f,0|0,0|0,0.5|1,0|0,0|0,0|0,0|0,0|0,0|0,0|0,0|0,0|0,0|0,0|0,0|0,0|0,0|0,0|0,0|0,0|0,0|0,0|0,0.5|1,0|0,0.5|1,0.5|1,0.5|0,0|0,0|0,0|0,0|1,0.5|0,0|0,0.5|1
765c121fd11b8f721f570f7a868b21941caa79d4,0|0,0|0,0.5|1,0|0,0|0,0|0,0|0,0|0,0|0,0|0,0|0,0|0,0|0,0|0,0|0,0|0,0|0,0|0,0|0,0|0,0|1,0|0,0|0,0|0,0|0,0.5|1,0.5|0,0|0,0|0,0|0,0|1,0.5|0,0|0,0.5|1
0fb1d8637c1ef754a76bf705ea31311f746f69ce,0|0,0|0,0.5|1,0|0,0|0,0|0,0|0,0|0,0|0,0|0,0|0,0|0,0|0,0|0,0|0,0|0,0|0,0|0,0|0,0|0,0|1,0|0,0|0,0|0,0|0,0.5|1,0.5|0,0|0,0|0,0|0,0|1,0.5|0,0|0,0.5|1
d1ea514286c47433dabcf47b11cf81d2248ca5bf,0|0,0|0,0.5|1,0|0,0|0,0|0,0|0,0|0,0|0,0|0,0|0,0|0,0|0,0|0,0|0,0|0,0|0,0|0,0|0,0|0,0|1,0|0,0.5|1,0|0,0.5|1,0.5|1,0.5|0,0|0,0|0,0|0,0|1,0.5|0,0|0,0.5|1
f9f6797a9051aecf4e65fd3800e911c203060afb,0|0,0|0,0.5|1,0|0,0|0,0|0,0|0,0|0,0|0,0|0,0|0,0|0,0|0,0|0,0|0,0|0,0|0,0|0,0|0,0|0,0|1,0|0,0.5|1,0|0,0.5|1,0.5|1,0.5|0,0|0,0|0,0|0,0|1,0.5|0,0|0,0.5|1
f84af976e1d85953d2392dd6f27fa1886059955a,0|0,0|0,0.5|1,0|0,0|0,0|0,0|0,0|0,0|0,0|0,0|0,0|0,0|0,0|0,0|0,0|0,0|0,0|0,0|0,0|0,0|1,0|0,0.5|1,0|0,0.5|1,0.5|1,0.5|0,0|0,0|0,0|0,0|1,0.5|0,0|0,0.5|1
48123a7d2e7409ecd0e74f64a326fa7f2af0627d,0|0,0|0,0.5|1,0|0,0|0,0|0,0|0,0|0,0|0,0|0,0|0,0|0,0|0,0|0,0|0,0|0,0|0,0|0,0|0,0|0,0|0,0|0,0.5|1,0|0,0.5|1,0.5|1,0.5|0,0|0,0|0,0|0,0|1,0.5|0,0|0,0.5|1
9891844f91bf7dc3531f0a6e549e35dcd3306d71,0|0,0|0,0.5|1,0|0,0|0,0|0,0|0,0|0,0|0,0|0,0|0,0|0,0|0,0|0,0|0,0|0,0|0,0|0,0|0,0|0,0|0,0|0,0.5|1,0|0,0.5|1,0.5|1,0.5|0,0|0,0|0,0|0,0|1,0.5|0,0|0,0.5|1
0248b70723b30c8adbd70316e01574f80bde1975,0|0,0|0,0.5|1,0|0,0|0,0|0,0|0,0|0,0|0,0|0,0|0,0|0,0|0,0|0,0|0,0|0,0|0,0|0,0|0,0|0,0|0,0|0,0.5|1,0|0,0.5|1,0.5|1,0.5|0,0|0,0|0,0|0,0|1,0.5|0,0|0,0.5|1
3fa70225d9e016523de3b977fd8942cab58c92f3,0|0,0|0,0.5|1,0|0,0|0,0|0,0|0,0|0,0|0,0|0,0|0,0|0,0|0,0|0,0|0,0|0,0|0,0|0,0|0,0|0,0|0,0|0,0.5|1,0|0,0.5|1,0.5|1,0.5|0,0|0,0|0,0|0,0|1,0.5|0,0|0,0.5|1
ce9aa2247006ed182dabb922bd3536b13375c4cf,0|0,0|0,0.5|1,0|0,0|0,0|0,0|0,0|0,0|0,0|0,0|0,0|0,0|0,0|0,0|0,0|0,0|0,0|0,0|0,0|0,0|1,0|0,0|0,0|0,0|0,0.5|1,0.5|0,0|0,0|0,0|0,0|1,0.5|0,0|0,0.5|1
e670bb4036fd7c840b1c206b8739f292346b1aa9,0|0,0|0,0.5|1,0|0,0|0,0|0,0|0,0|0,0|0,0|0,0|0,0|0,0|0,0|0,0|0,0|0,0|0,0|0,0|0,0|0,0|1,0.5|1,0|0,0|0,0|0,0.5|1,0.5|0,0|0,0|0,0|0,0|0,0.5|0,0|0,0.5|1
2112e1398b74ea0c6759f82679247ad5f2ab790c,0|0,0|0,0.5|1,0|0,0|0,0|0,0|0,0|0,0|0,0|0,0|0,0|0,0|0,0|0,0|0,0|0,0|0,0|0,0|0,0|0,0|1,0.5|1,0|0,0|0,0|0,0.5|1,0.5|0,0|0,0|0,0|0,0|0,0.5|0,0|0,0.5|1
cf02dfc992ae5544c92f69befc7093aacf168e77,0|0,0|0,0|1,0|0,0|0,0|0,0|0,0|0,0|0,0|0,0|0,0|0,0|0,0|0,0|0,0|0,0|0,0|0,0|0,0|0,0|1,0.5|1,0|0,0|0,0.5|0,0|1,0|0,0|0,0|0,0|0,0|0,0|0,0|0,0|0
62800b0f6dcaf61641fda4daaa0851b5bfd8863b,0|0,0|0,0.5|1,0|0,0|0,0|0,0|0,0|0,0|0,0|0,0|0,0|0,0|0,0|0,0|0,0|0,0|0,0|0,0|0,0|0,0|1,0.5|1,0|0,0|0,0|0,0.5|1,0|0,0|0,0|0,0|0,0|0,0.5|0,0|0,0|0
fb61b638be99bf3f89a170fc632ca9478efbd3c8,0|0,0|0,0.5|1,0|0,0|0,0|0,0|0,0|0,0|0,0|0,0|0,0|0,0|0,0|0,0|0,0|0,0|0,0|0,0|0,0|0,0|1,0.5|1,0|0,0|0,0|0,0.5|1,0|0,0|0,0|0,0|0,0|0,0.5|0,0|0,0|0
6d755d32961aba5405e0f9d7ab7d57859f643532,0|0,0|0,0.5|1,0|0,0|0,0|0,0|0,0|0,0|0,0|0,0|0,0|0,0|0,0|0,0|0,0|0,0|0,0|0,0|0,0|0,0|1,0.5|1,0|0,0|0,0|0,0.5|1,0|0,0|0,0|0,0|0,0|0,0.5|0,0|0,0|0
36e9c586abab7aaf8a4f3f49f5ed6d0ccb54cada,0|0,0|0,0.5|1,0|0,0|0,0|0,0|0,0|0,0|0,0|0,0|0,0|0,0|0,0|0,0|0,0|0,0|0,0|0,0|0,0|0,0|1,0.5|1,0|0,0|0,0|0,0.5|1,0|0,0|0,0|0,0|0,0|0,0.5|0,0|0,0|0
40232224b5b3429f55634088c13b9fc6967888c5,0|0,0|0,0.5|1,0|0,0|0,0|0,0|0,0|0,0|0,0|0,0|0,0|0,0|0,0|0,0|0,0|0,0|0,0|0,0|0,0|0,0|1,0.5|1,0|0,0|0,0|0,0.5|1,0|0,0|0,0|0,0|0,0|0,0.5|0,0|0,0|0
abfebc4c4e0f747be1257a21332feac1477f2c2f,0|0,0|0,0.5|1,0|0,0|0,0|0,0|0,0|0,0|0,0|0,0|0,0|0,0|0,0|0,0|0,0|0,0|0,0|0,0|0,0|0,0|1,0.5|1,0|0,0|0,0|0,0.5|1,0.5|0,0|0,0|0,0|0,0|0,0.5|0,0|0,0.5|1
7af5d836c5ab8a91db89ebb915564fca5d79d6d4,0|0,0|0,0.5|1,0|0,0|0,0|0,0|0,0|0,0|0,0|0,0|0,0|0,0|0,0|0,0|0,0|0,0|0,0|0,0|0,0|0,0|1,0.5|1,0|0,0|0,0|0,0.5|1,0.5|0,0|0,0|0,0|0,0|0,0.5|0,0|0,0.5|1
f1f42afb9a7f6b554a71270e5060dc7d33b66145,0|0,0|0,0.5|1,0|0,0|0,0|0,0|0,0|0,0|0,0|0,0|0,0|0,0|0,0|0,0|0,0|0,0|0,0|0,0|0,0|0,0|1,0.5|1,0|0,0|0,0|0,0.5|1,0.5|0,0|0,0|0,0|0,0|0,0.5|0,0|0,0.5|1
f489cdbd0a2567e07365671618fd859a31eec4ae,0|0,0|0,0.5|1,0|0,0|0,0|0,0|0,0|0,0|0,0|0,0|0,0|0,0|0,0|0,0|0,0|0,0|0,0.5|1,0.5|1,0|0,0.5|1,0.5|1,0|0,0|0,0|0,0.5|1,0|0,0|0,0|0,0|0,0|0,0.5|0,0|0,0|0
9ed0d3cb37b16ac5e3c54cde6b43acfd53cccf78,0|0,0|0,0.5|1,0|0,0|0,0|0,0|0,0|0,0|0,0|0,0|0,0|0,0|0,0|0,0|0,0|0,0|0,0.5|1,0.5|1,0|0,0.5|1,0.5|1,0|0,0|0,0|0,0.5|1,0|0,0|0,0|0,0|0,0|0,0.5|0,0|0,0|0
c9084224f4eae8cb52dedd39db6790362ded1c7c,0|0,0|0,0.5|1,0|0,0|0,0|0,0|0,0|0,0|0,0|0,0|0,0|0,0|0,0|0,0|0,0|0,0|0,0.5|1,0.5|1,0|0,0.5|1,0.5|1,0|0,0|0,0|0,0.5|1,0|0,0|0,0|0,0|0,0|0,0.5|0,0|0,0|0
77872d9f9425c34837d21ee9aea70ab1efa19487,0|0,0|0,0.5|1,0|0,0|0,0|0,0|0,0|0,0|0,0|0,0|0,0|0,0|0,0|0,0|0,0|0,0|0,0.5|1,0.5|1,0|0,0.5|1,0.5|1,0|0,0|0,0|0,0.5|1,0|0,0|0,0|0,0|0,0|0,0.5|0,0|0,0|0
2b53dc708c254053de69990b1da869c99cfdf409,0|0,0|0,0.5|1,0|0,0|0,0|0,0|0,0|0,0|0,0|0,0|0,0|0,0|0,0|0,0|0,0|0,0|0,0.5|1,0.5|1,0|0,0.5|1,0.5|1,0|0,0|0,0|0,0.5|1,0|0,0|0,0|0,0|0,0|0,0.5|0,0|0,0|0
fff2146e7e30e7670b755e3f72dc2809bb61b848,0|0,0|0,0.5|1,0|0,0|0,0|0,0|0,0|0,0|0,0|0,0|0,0|0,0|0,0|0,0|0,0|0,0|0,0.5|1,0.5|1,0|0,0.5|1,0.5|1,0|0,0|0,0|0,0.5|1,0|0,0|0,0|0,0|0,0|0,0.5|0,0|0,0|0
31f8fa1d77a6ea1e7cf113a86b86e39f359bde2d,0|0,0|0,0.5|1,0|0,0|0,0|0,0|0,0|0,0|0,0|0,0|0,0|0,0|0,0|0,0|0,0|0,0|0,0.5|1,0.5|1,0|0,0.5|1,0.5|1,0|0,0|0,0|0,0.5|1,0|0,0|0,0|0,0|0,0|0,0.5|0,0|0,0|0
eeae3142781f74b69b526db31dfca6a61eee2f79,0|0,0|0,0.5|1,0|0,0|0,0|0,0|0,0|0,0|0,0|0,0|0,0|0,0|0,0|0,0|0,0|0,0|0,0.5|1,0.5|1,0|0,0.5|1,0.5|1,0|0,0|0,0|0,0.5|1,0|0,0|0,0|0,0|0,0|0,0.5|0,0|0,0|0
a3954c73081c1db2a7893950123a228fe6d01b3d,0|0,0|0,0.5|1,0|0,0|0,0|0,0|0,0|0,0|0,0|0,0|0,0|0,0|0,0|0,0|0,0|0,0|0,0.5|1,0.5|1,0|0,0.5|1,0.5|1,0|0,0|0,0|0,0.5|1,0|0,0|0,0|0,0|0,0|0,0.5|0,0|0,0|0
2a0dee4a959616e05e1eec40969068ad1a0e5868,0|0,0|0,0.5|1,0|0,0|0,0|0,0|0,0|0,0|0,0|0,0|0,0|0,0|0,0|0,0|0,0|0,0|0,0.5|1,0.5|1,0|0,0.5|1,0.5|1,0|0,0|0,0|0,0.5|1,0|0,0|0,0|0,0|0,0|0,0.5|0,0|0,0|0
f384c1a73447d65f50d91fdce0ac744972ecc733,0|0,0|0,0.5|1,0|0,0|0,0|0,0|0,0|0,0|0,0|0,0|0,0|0,0|0,0|0,0|0,0|0,0|0,0.5|1,0.5|1,0|0,0.5|1,0.5|1,0|0,0|0,0|0,0.5|1,0|0,0|0,0|0,0|0,0|0,0.5|0,0|0,0|0
dc2996296d02729c48007822fd23257a6a813d0b,0|0,0|0,0.5|1,0|0,0|0,0|0,0|0,0|0,0|0,0|0,0|0,0|0,0|0,0|0,0|0,0|0,0|0,0.5|1,0.5|1,0|0,0.5|1,0.5|1,0|0,0|0,0|0,0.5|1,0|0,0|0,0|0,0|0,0|0,0.5|0,0|0,0|0
979c7f8e26fce06eacb0be81e27981ce3d4f24ea,0|0,0|0,0.5|1,0|0,0|0,0|0,0|0,0|0,0|0,0|0,0|0,0|0,0|0,0|0,0|0,0|0,0|0,0.5|1,0.5|1,0|0,0.5|1,0.5|1,0|0,0|0,0|0,0.5|1,0|0,0|0,0|0,0|0,0|0,0.5|0,0|0,0|0
57f92638b907cbe0dc1645d26dc901d4fbeac477,0|0,0|0,0.5|1,0|0,0|0,0|0,0|0,0|0,0|0,0|0,0|0,0|0,0|0,0|0,0|0,0|0,0|0,0.5|1,0.5|1,0|0,0.5|1,0.5|1,0|0,0|0,0|0,0.5|1,0|0,0|0,0|0,0|0,0|0,0.5|0,0|0,0|0
e0459598fddd6e2b5119d29f2c621f14650fe5f1,0|0,0|0,0.5|1,0|0,0|0,0|0,0|0,0|0,0|0,0|0,0|0,0|0,0|0,0|0,0|0,0|0,0|0,0.5|1,0.5|1,0|0,0.5|1,0.5|1,0|0,0|0,0|0,0.5|1,0|0,0|0,0|0,0|0,0|0,0.5|0,0|0,0|0
2939f1f7fca26cd440cc4d93b8cc409e3e75e7ab,0|0,0|0,0.5|1,0|0,0|0,0|0,0|0,0|0,0|0,0|0,0|0,0|0,0|0,0|0,0|0,0|0,0|0,0.5|1,0.5|1,0|0,0.5|1,0.5|1,0|0,0|0,0|0,0.5|1,0|0,0|0,0|0,0|0,0|0,0.5|0,0|0,0|0
ba833721559dac0b2e543d1e32b21564b3dc81b3,0|0,0|0,0.5|1,0|0,0|0,0|0,0|0,0|0,0|0,0|0,0|0,0|0,0|0,0|0,0|0,0|0,0|0,0.5|1,0.5|1,0|0,0.5|1,0.5|1,0|0,0|0,0|0,0.5|1,0|0,0|0,0|0,0|0,0|0,0.5|0,0|0,0|0
f24c576f17faae36fdd1636e5db71aba912d4be7,0|0,0|0,0.5|1,0|0,0|0,0|0,0|0,0|0,0|0,0|0,0|0,0|0,0|0,0|0,0|0,0|0,0|0,0.5|1,0.5|1,0|0,0.5|1,0.5|1,0|0,0|0,0|0,0.5|1,0|0,0|0,0|0,0|0,0|0,0.5|0,0|0,0|0
c61ea39ca0d85ffeb1a0576142427d7493861112,0|0,0|0,0.5|1,0|0,0|0,0|0,0|0,0|0,0|0,0|0,0|0,0|0,0|0,0|0,0|0,0|0,0|0,0.5|1,0.5|1,0|0,0.5|1,0.5|1,0|0,0|0,0|0,0.5|1,0|0,0|0,0|0,0|0,0|0,0.5|0,0|0,0|0
ca87d15f6e22dfae13f8e867bd7795757c0a6bea,0|0,0|0,0.5|1,0|0,0|0,0|0,0|0,0|0,0|0,0|0,0|0,0|0,0|0,0|0,0|0,0|0,0|0,0.5|1,0.5|1,0|0,0.5|1,0.5|1,0|0,0|0,0|0,0.5|1,0|0,0|0,0|0,0|0,0|0,0.5|0,0|0,0|0
fca3a5108ba47480f283e80bbe2342137dd32353,0|0,0|0,0.5|1,0|0,0|0,0|0,0|0,0|0,0|0,0|0,0|0,0|0,0|0,0|0,0|0,0|0,0|0,0.5|1,0.5|1,0|0,0.5|1,0.5|1,0|0,0|0,0|0,0.5|1,0|0,0|0,0|0,0|0,0|0,0.5|0,0|0,0|0
20f215fc11cacdf3bb20391f658cd83ab1f5624b,0|0,0|0,0.5|1,0|0,0|0,0|0,0|0,0|0,0|0,0|0,0|0,0|0,0|0,0|0,0|0,0|0,0|0,0.5|1,0.5|1,0|0,0.5|1,0.5|1,0|0,0|0,0|0,0.5|1,0|0,0|0,0|0,0|0,0|0,0.5|0,0|0,0|0
20b1ded1c0546ec53c9ffeb73823c7bdcf144b70,0|0,0|0,0.5|1,0|0,0|0,0|0,0|0,0|0,0|0,0|0,0|0,0|0,0|0,0|0,0|0,0|0,0|0,0.5|1,0.5|1,0|0,0.5|1,0.5|1,0|0,0|0,0|0,0.5|1,0|0,0|0,0|0,0|0,0|0,0.5|0,0|0,0|0
1d7b97ce50b211fade6318bb59bf919c98316325,0|0,0|0,0.5|1,0|0,0|0,0|0,0|0,0|0,0|0,0|0,0|0,0|0,0|0,0|0,0|0,0|0,0|0,0.5|1,0.5|1,0|0,0.5|1,0.5|1,0|0,0|0,0|0,0.5|1,0|0,0|0,0|0,0|0,0|0,0.5|0,0|0,0|0
4eefbd18fcb96234aed9ae4ab956af8473041744,0|0,0|0,0.5|1,0|0,0|0,0|0,0|0,0|0,0|0,0|0,0|0,0|0,0|0,0|0,0|0,0|0,0|0,0.5|1,0.5|1,0|0,0.5|1,0.5|1,0|0,0|0,0|0,0.5|1,0|0,0|0,0|0,0|0,0|0,0.5|0,0|0,0|0
4580eea428c6ce2a0fd5cfdb8240196830615bb7,0|0,0|0,0.5|1,0|0,0|0,0|0,0|0,0|0,0|0,0|0,0|0,0|0,0|0,0|0,0|0,0|0,0|0,0.5|1,0.5|1,0|0,0.5|1,0.5|1,0|0,0|0,0|0,0.5|1,0|0,0|0,0|0,0|0,0|0,0.5|0,0|0,0|0
f895673e50c333744cb2f171c2c03faeb2006f84,0|0,0|0,0.5|1,0|0,0|0,0|0,0|0,0|0,0|0,0|0,0|0,0|0,0|0,0|0,0|0,0|0,0|0,0.5|1,0.5|1,0|0,0.5|1,0.5|1,0|0,0|0,0|0,0.5|1,0|0,0|0,0|0,0|0,0|0,0.5|0,0|0,0|0
eff7f315171e4adfda4b5aeaa25294b30e8193c2,0|0,0|0,0.5|1,0|0,0|0,0|0,0|0,0|0,0|0,0|0,0|0,0|0,0|0,0|0,0|0,0|0,0|0,0.5|1,0.5|1,0.5|0,0.5|1,0.5|1,0|0,0|0,0|0,0.5|1,0.5|0,0|0,0|0,0|0,0|0,0.5|0,0|0,0|0
cd8f7eac1dd81a30e11c7e08effa13812268e88c,0|0,0|0,0.5|1,0|0,0|0,0|0,0|0,0|0,0|0,0|0,0|0,0|0,0|0,0|0,0|0,0|0,0|0,0.5|1,0.5|1,0.5|0,0.5|1,0.5|1,0|0,0|0,0|0,0.5|1,0.5|0,0|0,0|0,0|0,0|0,0.5|0,0|0,0|0
3451c8c59fabf4d540fc83ddd5c31061aef74ace,0|0,0|0,0.5|1,0|0,0|0,0|0,0|0,0|0,0|0,0|0,0|0,0|0,0|0,0|0,0|0,0|0,0|0,0.5|1,0.5|1,0|0,0.5|1,0.5|1,0|0,0|0,0|0,0.5|1,0|0,0|0,0|0,0|0,0|0,0.5|0,0|0,0|0
91789b65699fed69b8e31b22b3c02d435b38a24b,0|0,0|0,0.5|1,0|0,0|0,0|0,0|0,0|0,0|0,0|0,0|0,0|0,0|0,0|0,0|0,0|0,0|0,0.5|1,0.5|1,0|0,0.5|1,0.5|1,0|0,0|0,0|0,0.5|1,0|0,0|0,0|0,0|0,0|0,0.5|0,0|0,0|0
4327a6a1bf568f5b1c59a32152ec5b64811fdba9,0|0,0|0,0.5|1,0|0,0|0,0|0,0|0,0|0,0|0,0|0,0|0,0|0,0|0,0|0,0|0,0|0,0|0,0.5|1,0.5|1,0|0,0.5|1,0.5|1,0|0,0|0,0|0,0.5|1,0|0,0|0,0|0,0|0,0|0,0.5|0,0|0,0|0
27b004bf27c9879226da557b6055e3f151af8a9a,0|0,0|0,0.5|1,0|0,0|0,0|0,0|0,0|0,0|0,0|0,0|0,0|0,0|0,0|0,0|0,0|0,0|0,0.5|1,0.5|1,0|0,0.5|1,0.5|1,0|0,0|0,0|0,0.5|1,0|0,0|0,0|0,0|0,0|0,0.5|0,0|0,0|0
1a79d783cc791faf12fa9f6f6f92c26fb8be4967,0|0,0|0,0.5|1,0|0,0|0,0|0,0|0,0|0,0|0,0|0,0|0,0|0,0|0,0|0,0|0,0|0,0|0,0.5|1,0.5|1,0|0,0.5|1,0.5|1,0|0,0|0,0|0,0.5|1,0|0,0|0,0|0,0|0,0|0,0.5|0,0|0,0|0
3fa472ca1347822791296b7aacec0c4dd6fa7cdb,0|0,0|0,0.5|1,0|0,0|0,0|0,0|0,0|0,0|0,0|0,0|0,0|0,0|0,0|0,0|0,0|0,0|0,0.5|1,0.5|1,0.5|0,0.5|1,0.5|1,0|0,0|0,0|0,0.5|1,0.5|0,0|0,0|0,0|0,0|0,0.5|0,0|0,0|0
776beaf88a7f32ca09ba1d5abc8c7ac4d9144d48,0|0,0|0,0.5|1,0|0,0|0,0|0,0|0,0|0,0|0,0|0,0|0,0|0,0|0,0|0,0|0,0|0,0|0,0.5|1,0.5|1,0.5|1,0.5|1,0.5|1,0|0,0|0,0|0,0.5|1,0.5|0,0|0,0|0,0|0,0|0,0.5|0,0|0,0|0
8fc28ab8cee01210ea7ff19326a5f17f79fe77ff,0|0,0|0,0.5|1,0|0,0|0,0|0,0|0,0|0,0|0,0|0,0|0,0|0,0|0,0|0,0|0,0|0,0|0,0.5|1,0.5|1,0.5|0,0.5|1,0.5|1,0|0,0|0,0|0,0.5|1,0.5|0,0|0,0|0,0|0,0|0,0.5|0,0|0,0|0
0e261baa4c0729b58023da7a8bb5de8d907081aa,,,,,,,,,,,,,,,,,,,,,,,,,,,,,,,,,,
0b63329c4763a6a00e813d52d71dd2ac77b651ab,,,,,,,,,,,,,,,,,,,,,,,,,,,,,,,,,,
6c7e68cbd611d9a19808c29417eb731e1b4eb829,0|0,0|0,0.5|1,0|0,0|0,0|0,0|0,0|0,0|0,0|0,0|0,0|0,0|0,0|0,0|0,0|0,0|0,0.5|1,0.5|1,0.5|1,0.5|1,0.5|1,0|0,0|0,0|0,0.5|1,0.5|0,0|0,0|0,0|0,0|0,0.5|0,0|0,0|0
2324c9516ee9ea321d312b28a644236aa9ee1d9d,0|0,0|0,0.5|1,0|0,0|0,0|0,0|0,0|0,0|0,0|0,0|0,0|0,0|0,0|0,0|0,0|0,0|0,0.5|1,0.5|1,0.5|1,0.5|1,0.5|1,0|0,0|0,0|0,0.5|1,0.5|0,0|0,0|0,0|0,0|0,0.5|0,0|0,0|0
0f3e6550f1a3140c58cd18115311379307035a05,0|0,0|0,0.5|1,0|0,0|0,0|0,0|0,0|0,0|0,0|0,0|0,0|0,0|0,0|0,0|0,0|0,0|0,0.5|1,0.5|1,0.5|1,0.5|1,0.5|1,0|0,0|0,0|0,0.5|1,0.5|0,0|0,0|0,0|0,0|0,0.5|0,0|0,0|0
d53cade744e02683294f65ef542d5897ba3eece2,0|0,0|0,0.5|1,0|0,0|0,0|0,0|0,0|0,0|0,0|0,0|0,0|0,0|0,0|0,0|0,0|0,0|0,0.5|1,0.5|1,0.5|1,0.5|1,0.5|1,0|0,0|0,0|0,0.5|1,0.5|0,0|0,0|0,0|0,0|0,0.5|0,0|0,0|0
3cd637f55e83da678b1018af8c1cb781f359c510,0|0,0|0,0.5|1,0|0,0|0,0|0,0|0,0|0,0|0,0|0,0|0,0|0,0|0,0|0,0|0,0|0,0|0,0.5|1,0.5|1,0.5|1,0.5|1,0.5|1,0|0,0|0,0|0,0.5|1,0.5|0,0|0,0|0,0|0,0|0,0.5|0,0|0,0|0
ff9dcbdf51807d89938a03d10ae18d9376e0eee0,0|0,0|0,0.5|1,0|0,0|0,0|0,0|0,0|0,0|0,0|0,0|0,0|0,0|0,0|0,0|0,0|0,0|0,0.5|1,0.5|1,0.5|1,0.5|1,0.5|1,0|0,0|0,0|0,0.5|1,0.5|0,0|0,0|0,0|0,0|0,0.5|0,0|0,0|0
4f6d42ab4b25e781dad94c5324dab8a4dbb702ad,0|0,0|0,0.5|1,0|0,0|0,0|0,0|0,0|0,0|0,0|0,0|0,0|0,0|0,0|0,0|0,0|0,0|0,0.5|1,0.5|1,0.5|1,0.5|1,0.5|1,0|0,0|0,0|0,0.5|1,0.5|0,0|0,0|0,0|0,0|0,0.5|0,0|0,0|0
3194dabbce407f18bb1b2c7c6a93a8fff444dce0,0|0,0|0,0.5|1,0|0,0|0,0|0,0|0,0|0,0|0,0|0,0|0,0|0,0|0,0|0,0.5|1,0.5|1,0.5|1,0.5|1,0.5|1,0|0,0.5|1,0.5|1,0|0,0|0,0|0,0.5|1,0.5|0,0|0,0|0,0|0,0|0,0.5|0,0|0,0|0
79e921d904d46fc9edc292e02a48f1aa54567a7d,0|0,0|0,0.5|1,0|0,0|0,0|0,0|0,0|0,0|0,0|0,0|0,0|0,0|0,0|0,0.5|1,0.5|1,0.5|1,0.5|1,0.5|1,0.5|1,0.5|1,0.5|1,0|0,0|0,0|0,0.5|1,0.5|0,0|0,0|0,0|0,0|0,0.5|0,0|0,0|0
54a7337f5e0524633a700b9e4cc4d4adf2c130e4,0|0,0|0,0.5|1,0|0,0|0,0|0,0|0,0|0,0|0,0|0,0|0,0|0,0|0,0|0,0.5|1,0.5|1,0.5|1,0.5|1,0.5|1,0.5|1,0.5|1,0.5|1,0|0,0|0,0|0,0.5|1,0.5|0,0|0,0|0,0|0,0|0,0.5|0,0|0,0|0
6fc47908dec91ed450f0a372a18a2ebc6188e815,0|0,0|0,0.5|1,0|0,0|0,0|0,0|0,0|0,0|0,0|0,0|0,0|0,0|0,0|0,0.5|1,0.5|1,0.5|1,0.5|1,0.5|1,0|0,0.5|1,0.5|1,0|0,0|0,0|0,0.5|1,0.5|0,0|0,0|0,0|0,0|0,0.5|0,0|0,0|0
6ab571f1ee7cdd4dcf94a8919e71c6685bbd34ba,0|0,0|0,0.5|1,0|0,0|0,0|0,0|0,0|0,0|0,0|0,0|0,0|0,0|0,0.5|1,0.5|0,0.5|1,0.5|1,0.5|1,0.5|1,0|0,0.5|1,0.5|1,0|0,0|0,0|0,0.5|1,0.5|0,0|0,0|0,0|0,0|0,0.5|0,0|0,0|0
5eff30b8b3bc8753baa98020300bddd4e158f6ad,0|0,0|0,0.5|1,0|0,0|0,0|0,0|0,0|0,0|0,0|0,0|0,0|0,0|0,0.5|1,0.5|0,0.5|1,0.5|1,0.5|1,0.5|1,0|0,0.5|1,0.5|1,0|0,0|0,0|0,0.5|1,0.5|0,0|0,0|0,0|0,0|0,0.5|0,0|0,0|0
cb44cf0fc82cf19efb002bba0eb5cc42e9527c3f,0|0,0|0,0.5|1,0|0,0|0,0|0,0|0,0|0,0|0,0|0,0|0,0|0,0|0,0|0,0.5|0,0.5|1,0.5|1,0.5|1,0.5|1,0|0,0.5|1,0.5|1,0|0,0|0,0|0,0.5|1,0.5|0,0|0,0|0,0|0,0|0,0.5|0,0|0,0|0
85d3e78e5fd4f23612c13fa71c9ee1ba5c4d5894,0|0,0|0,0.5|1,0|0,0|0,0|0,0|0,0|0,0|0,0|0,0|0,0|0,0|0,0|0,0.5|0,0.5|1,0.5|1,0.5|1,0.5|1,0|0,0.5|1,0.5|1,0|0,0|0,0|0,0.5|1,0.5|0,0|0,0|0,0|0,0|0,0.5|0,0|0,0|0
0dc0fa102b087f8b518605899475e7b219de0572,0|0,0|0,0.5|1,0|0,0|0,0|0,0|0,0|0,0|0,0|0,0|0,0|0,0|0,0|0,0.5|0,0.5|1,0.5|1,0.5|1,0.5|1,0|0,0.5|1,0.5|1,0|0,0|0,0|0,0.5|1,0.5|0,0|0,0|0,0|0,0|0,0.5|0,0|0,0|0
5d06b75a46ebc8ced68b2c5c11cd771aac0a4270,0|0,0|0,0.5|1,0|0,0|0,0|0,0|0,0|0,0|0,0|0,0|0,0|0,0|0,0|0,0.5|1,0.5|1,0.5|1,0.5|1,0.5|1,0|0,0.5|1,0.5|1,0|0,0|0,0|0,0.5|1,0.5|0,0|0,0|0,0|0,0|0,0.5|0,0|0,0|0
bbedf22c28c0e97ca5a927f5792cd750177b60e5,0|0,0|0,0.5|1,0|0,0|0,0|0,0|0,0|0,0|0,0|0,0|0,0|0,0|0,0.5|1,0.5|0,0.5|1,0.5|1,0.5|1,0.5|1,0|0,0.5|1,0.5|1,0|0,0|0,0|0,0.5|1,0.5|0,0|0,0|0,0|0,0|0,0.5|0,0|0,0|0
26b99597b39f896a1dfa7bf55f013b5997e16b88,0|0,0|0,0.5|1,0|0,0|0,0|0,0|0,0|0,0|0,0|0,0|0,0|0,0|0,0.5|1,0.5|0,0.5|1,0.5|1,0.5|1,0.5|1,0|0,0.5|1,0.5|1,0|0,0|0,0|0,0.5|1,0.5|0,0|0,0|0,0|0,0|0,0.5|0,0|0,0|0
3df440ad06b7e47ff2a66ffff474b791c8a32e8b,0|0,0|0,0.5|1,0|0,0|0,0|0,0|0,0|0,0|0,0|0,0|0,0|0,0|0,0.5|1,0.5|0,0.5|1,0.5|1,0.5|1,0.5|1,0|0,0.5|1,0.5|1,0|0,0|0,0|0,0.5|1,0.5|0,0|0,0|0,0|0,0|0,0.5|0,0|0,0|0
d9d43d1e8f0a0e52ded5c8d8edd48e0f506b4f26,0|0,0|0,0.5|1,0|0,0|0,0|0,0|0,0|0,0|0,0|0,0|0,0|0,0|0,0.5|1,0.5|0,0.5|1,0.5|1,0.5|1,0.5|1,0|0,0.5|1,0.5|1,0|0,0|0,0|0,0.5|1,0.5|0,0|0,0|0,0|0,0|0,0.5|0,0|0,0|0
8155f36b2d72b59332af86154ecde4e8dd0bd2a8,0|0,0|0,0.5|1,0|0,0|0,0|0,0|0,0|0,0|0,0|0,0|0,0|0,0|0,0.5|1,0.5|0,0.5|1,0.5|1,0.5|1,0.5|1,0|0,0.5|1,0.5|1,0|0,0|0,0|0,0.5|1,0.5|0,0|0,0|0,0|0,0|0,0.5|0,0|0,0|0
5147aa8cd2b0e10cc7e7e0acc4e8d212d1077fc2,0|0,0|0,0.5|1,0|0,0|0,0|0,0|0,0|0,0|0,0|0,0|0,0|0,0|0,0.5|1,0.5|0,0.5|1,0.5|1,0.5|1,0.5|1,0|0,0.5|1,0.5|1,0|0,0|0,0|0,0.5|1,0.5|0,0|0,0|0,0|0,0|0,0.5|0,0|0,0|0
81c2fcd59368a9c57da77416066e731a7183a57d,0|0,0|0,0.5|1,0|0,0|0,0|0,0|0,0|0,0|0,0|0,0|0,0|0,0|0,0.5|1,0.5|0,0.5|1,0.5|1,0.5|1,0.5|1,0|0,0.5|1,0.5|1,0|0,0|0,0|0,0.5|1,0.5|0,0|0,0|0,0|0,0|0,0.5|0,0|0,0|0
e50efb1a5ce01c43995c34231dc0395ba06b2c96,0|0,0|0,0.5|1,0|0,0|0,0|0,0|0,0|0,0|0,0|0,0|0,0|0,0|0,0.5|1,0.5|0,0.5|1,0.5|1,0.5|1,0.5|1,0|0,0.5|1,0.5|1,0|0,0|0,0|0,0.5|1,0.5|0,0|0,0|0,0|0,0|0,0.5|0,0|0,0|0
c58e2384e73c55d03a9eef9876a9985582552a0c,0|0,0|0,0.5|1,0|0,0|0,0|0,0|0,0|0,0|0,0|0,0|0,0|0,0|0,0.5|1,0.5|0,0.5|1,0.5|1,0.5|1,0.5|1,0|0,0.5|1,0.5|1,0|0,0|0,0|0,0.5|1,0.5|0,0|0,0|0,0|0,0|0,0.5|0,0|0,0|0
861ba79f31393dec0a0782ca11cf32cebb6f6610,0|0,0|0,0.5|1,0|0,0|0,0|0,0|0,0|0,0|0,0|0,0|0,0|0,0|0,0.5|1,0.5|0,0.5|1,0.5|1,0.5|1,0.5|1,0|0,0.5|1,0.5|1,0|0,0|0,0|0,0.5|1,0.5|0,0|0,0|0,0|0,0|0,0.5|0,0|0,0|0
969fb4cbb617801876fb5ddefc73778935ff1a56,0|0,0|0,0|0,0|0,0|0,0|0,0|0,0|0,0|0,0|0,0|0,0|0,0|0,0|0,0|0,0|0,0|0,0|0,0|0,0|0,0|0,0|0,0|0,0|0,0|0,0|0,0|0,0|0,0|0,0|0,0|0,0|0,0|0,0|0
49357bd0cf2f48aa45117a650cbde7240098b602,0|0,0|0,0|0,0|0,0|0,0|0,0|0,0|0,0|0,0|0,0|0,0|0,1|1,0|0,0|0,0|0,0|0,0|0,0|0,0|0,0|0,0|0,0|0,0|0,0|0,0|0,0|0,0|0,0|0,0|0,0|0,0|0,0|0,0|0
38c80155143d36704eaa2d804a38492b5ef36f98,0|0,0|0,0|0,0|0,0|0,0|0,0|0,0|0,0|0,0|0,0|0,0|0,1|1,0|0,0|0,0|0,0|0,0|0,0|0,0|0,0|0,0|0,0|0,0|0,0|0,0|0,0|0,0|0,0|0,0|0,0|0,0|0,0|0,0|0
7642ea461d0a1baff15231e9db1bc1f3d7181092,0|0,0|0,0|0,0|0,0|0,0|0,0|0,0|0,0|0,0|0,0|0,0|0,1|1,0|0,0|0,0|0,0|0,0|0,0|0,0|0,0|0,0|0,0|0,0|0,0|0,0|0,0|0,0|0,0|0,0|0,0|0,0|0,0|0,0|0
616f5b50edeca39626ba6289d83819a906c27cc6,0|0,0|0,0|0,0|0,0|0,0|0,0|0,0|0,0|0,0|0,0|0,0|0,1|1,0|0,0|0,0|0,0|0,0|0,0|0,0|0,0|0,0|0,0|0,0|0,0|0,0|0,0|0,0|0,0|0,0|0,0|0,0|0,0|0,0|0
b526417d4a0c37f616d2e29222f532d741c4af8c,0|0,0|0,0|0,0|0,0|0,0|0,0|0,0|0,0|0,0|0,0|0,0|0,1|1,0|0,0|0,0|0,0|0,0|0,0|0,0|0,0|0,0|0,0|0,0|0,0|0,0|0,0|0,0|0,0|0,0|0,0|0,0|0,0|0,0|0
3da4c4836e08ab9a4ae0f9b78a96244f593a5e6f,0|0,0|0,0|0,0|0,0|0,0|0,0|0,0|0,0|0,0|0,0|0,0|0,1|1,0|0,0|0,0|0,0|0,0|0,0|0,0|0,0|0,0|0,0|0,0|0,0|0,0|0,0|0,0|0,0|0,0|0,0|0,0|0,0|0,0|0
767a0d9302dce5d7467014cfd64f91a1b266e6d9,0|0,0|0,0|0,0|0,0|0,0|0,0|0,0|0,0|0,0|0,0|0,0|0,1|1,0|0,0|0,0|0,0|0,0|0,0|0,0|0,0|0,0|0,0|0,0|0,0|0,0|0,0|0,0|0,0|0,0|0,0|0,0|0,0|0,0|0
d5622cd1a6247a8740bef1511b8b2b5ed0cfbfcb,0|0,0|0,0|0,0|0,0|0,0|0,0|0,0|0,0|0,0|0,0|0,0|0,1|1,0|0,0|0,0|0,0|0,0|0,0|0,0|0,0|0,0|0,0|0,0|0,0|0,0|0,0|0,0|0,0|0,0|0,0|0,0|0,0|0,0|0
5a222cc79dc67ce01477da3a3ee10edf1076c655,0|0,0|0,0|0,0|0,0|0,0|0,0|0,0|0,0|0,0|0,0|0,0|0,1|1,0|0,0|0,0|0,0|0,0|0,0|0,0|0,0|0,0|0,0|0,0|0,0|0,0|0,0|0,0|0,0|0,0|0,0|0,0|0,0|0,0|0
184f3894acdf1ee82171cb9c2250a833aa0c28c3,0|0,0|0,0|0,0|0,0|0,0|0,0|0,0|0,0|0,0|0,0|0,0|0,1|1,0|0,0|0,0|0,0|0,0|0,0|0,0|0,0|0,0|0,0|0,0|0,0|0,0|0,0|0,0|0,0|0,0|0,0|0,0|0,0|0,0|0
c35972bd26b52dcc090208701cd6ee97d3795533,0|0,0|0,0|0,0|0,0|0,0|0,0|0,0|0,0|0,0|0,0|0,0|0,1|1,0|0,0|0,0|0,0|0,0|0,0|0,0|0,0|0,0|0,0|0,0|0,0|0,0|0,0|0,0|0,0|0,0|0,0|0,0|0,0|0,0|0
ea4bf5d8341c4a861cd92eea0fb8331819a48f65,0|0,0|0,0|0,0|0,0|0,0|0,0|0,0|0,0|0,0|0,0|0,0|0,1|1,0|0,0|0,0|0,0|0,0|0,0|0,0|0,0|0,0|0,0|0,0|0,0|0,0|0,0|0,0|0,0|0,0|0,0|0,0|0,0|0,0|0
8aa97af0cbf5ce37a17937f8001f270cf2f6d805,0|0,0|0,0|0,0|0,0|0,0|0,0|0,0|0,0|0,0|0,0|0,0|0,1|1,0|0,0|0,0|0,0|0,0|0,0|0,0|0,0|0,0|0,0|0,0|0,0|0,0|0,0|0,0|0,0|0,0|0,0|0,0|0,0|0,0|0
60b79c4c05aebb9a6d58e7681854945ebaaf54be,0|0,0|0,0|0,0|0,0|0,0|0,0|0,0|0,0|0,0|0,0|0,1|1,0|0,0|0,0|0,0|0,0|0,0|0,0|0,0|0,0|0,0|0,0|0,0|0,0|0,0|0,0|0,0|0,0|0,0|0,0|0,0|0,0|0,0|0
bcc837b27f4ffc10b36ed29ead0247753aca959a,0|0,0|0,0|0,0|0,0|0,0|0,0|0,0|0,0|0,0|0,0|0,1|1,0|0,0|0,0|0,0|0,0|0,0|0,0|0,0|0,0|0,0|0,0|0,0|0,0|0,0|0,0|0,0|0,0|0,0|0,0|0,0|0,0|0,0|0
1f79b650f75becece4a5346f49f29bea71daa72c,0|0,0|0,0|0,0|0,0|0,0|0,0|0,0|0,0|0,0|0,0|0,1|1,0|0,0|0,0|0,0|0,0|0,0|0,0|0,0|0,0|0,0|0,0|0,0|0,0|0,0|0,0|0,0|0,0|0,0|0,0|0,0|0,0|0,0|0
98f51f9f1446e2bb70cf098c860401feed6e3b14,0|0,0|0,0|0,0|0,0|0,0|0,0|0,0|0,0|0,0|0,0|0,1|1,0|0,0|0,0|0,0|0,0|0,0|0,0|0,0|0,0|0,0|0,0|0,0|0,0|0,0|0,0|0,0|0,0|0,0|0,0|0,0|0,0|0,0|0
cb41adefb275d7ab4c1e76f1f9e72f6e3e75cfdb,0|0,0|0,0|0,0|0,0|0,0|0,0|0,0|0,0|0,0|0,0|0,1|1,0|0,0|0,0|0,0|0,0|0,0|0,0|0,0|0,0|0,0|0,0|0,0|0,0|0,0|0,0|0,0|0,0|0,0|0,0|0,0|0,0|0,0|0
a16e47478a6a372c5b79d01feacb270d64e28375,0|0,0|0,0|0,0|0,0|0,0|0,0|0,0|0,0|0,0|0,0|0,1|1,0|0,0|0,0|0,0|0,0|0,0|0,0|0,0|0,0|0,0|0,0|0,0|0,0|0,0|0,0|0,0|0,0|0,0|0,0|0,0|0,0|0,0|0
c96fcd81cf2e244926680218c648d3f02201491f,0|0,0|0,0|0,0|0,0|0,0|0,0|0,0|0,0|0,0|0,0|0,1|1,0|0,0|0,0|0,0|0,0|0,0|0,0|0,0|0,0|0,0|0,0|0,0|0,0|0,0|0,0|0,0|0,0|0,0|0,0|0,0|0,0|0,0|0
2baf8e9ccc51360da30ccdbb43001ca289e65f9b,0|0,0|0,0|0,0|0,0|0,0|0,0|0,0|0,0|0,0|0,0|0,1|1,0|0,0|0,0|0,0|0,0|0,0|0,0|0,0|0,0|0,0|0,0|0,0|0,0|0,0|0,0|0,0|0,0|0,0|0,0|0,0|0,0|0,0|0
e256b05c7e9b0459c81046eef50945f817bba670,0|0,0|0,0|0,0|0,0|0,0|0,0|0,0|0,0|0,0|0,0.5|1,1|1,0|0,0|0,0|0,0|0,0|0,0|0,0|0,0|0,0|0,0|0,0|0,0|0,0|0,0|0,0|0,0|0,0|0,0|0,0|0,0|0,0|0,0|0
64d60e2d79ad7581a5d2327b9b2de411a996d79a,0|0,0|0,0|0,0|0,0|0,0|0,0|0,0|0,0|0,0|0,0.5|1,1|1,0|0,0|0,0|0,0|0,0|0,0|0,0|0,0|0,0|0,0|0,0|0,0|0,0|0,0|0,0|0,0|0,0|0,0|0,0|0,0|0,0|0,0|0
46043b137a985e1f5a93cfef3f1cbd2f76fe76da,0|0,0|0,0|0,0|0,0|0,0|0,0|0,0|0,0|0,0|0,0.5|1,1|1,0|0,0|0,0|0,0|0,0|0,0|0,0|0,0|0,0|0,0|0,0|0,0|0,0|0,0|0,0|0,0|0,0|0,0|0,0|0,0|0,0|0,0|0
9aa40feeed068fa7c60fbd2f6addd2b50a2d68fe,0|0,0|0,0|0,0|0,0|0,0|0,0|0,0|0,0|0,0|0,0.5|1,1|1,0|0,0|0,0|0,0|0,0|0,0|0,0|0,0|0,0|0,0|0,0|0,0|0,0|0,0|0,0|0,0|0,0|0,0|0,0|0,0|0,0|0,0|0
b2fb646634fa53bd862f02b2306f4c1437861995,0|0,0|0,0|0,0|0,0|0,0|0,0|0,0|0,0|0,0|0,0.5|1,1|1,0|0,0|0,0|0,0|0,0|0,0|0,0|0,0|0,0|0,0|0,0|0,0|0,0|0,0|0,0|0,0|0,0|0,0|0,0|0,0|0,0|0,0|0
69c542764613bd20c92e64d83de781189612bac7,0|0,0|0,0|0,0|0,0|0,0|0,0|0,0|0,0|0,0|0,0.5|1,1|1,0|0,0|0,0|0,0|0,0|0,0|0,0|0,0|0,0|0,0|0,0|0,0|0,0|0,0|0,0|0,0|0,0|0,0|0,0|0,0|0,0|0,0|0
93c0a0255a69faa0092f76831ed74cb4b51fb570,0|0,0|0,0|0,0|0,0|0,0|0,0|0,0|0,0|0,0|0,0.5|1,1|1,0|0,0|0,0|0,0|0,0|0,0|0,0|0,0|0,0|0,0|0,0|0,0|0,0|0,0|0,0|0,0|0,0|0,0|0,0|0,0|0,0|0,0|0
b78af0e86ecdc5fdfbb991c50b70dc54dfda744c,0|0,0|0,0|0,0|0,0|0,0|0,0|0,0|0,0|0,0|0,0.5|1,1|1,0|0,0|0,0|0,0|0,0|0,0|0,0|0,0|0,0|0,0|0,0|0,0|0,0|0,0|0,0|0,0|0,0|0,0|0,0|0,0|0,0|0,0|0
93d4a3006f0961c7f0848904bbc0c0c179abe23a,0|0,0|0,0|0,0|0,0|0,0|0,0|0,0|0,0|0,0|0,0.5|1,1|1,0|0,0|0,0|0,0|0,0|0,0|0,0|0,0|0,0|0,0|0,0|0,0|0,0|0,0|0,0|0,0|0,0|0,0|0,0|0,0|0,0|0,0|0
ffea1166bc6807102fff39bebdd51c3c88c5a39a,0|0,0|0,0|0,0|0,0|0,0|0,0|0,0|0,0|0,0|0,0.5|1,1|1,0|0,0|0,0|0,0|0,0|0,0|0,0|0,0|0,0|0,0|0,0|0,0|0,0|0,0|0,0|0,0|0,0|0,0|0,0|0,0|0,0|0,0|0
01f28ffda49d942b4cfa503c02f483727cd9e95b,0|0,0|0,0|0,0|0,0|0,0|0,0|0,0|0,0|0,0|0,0.5|1,1|1,0|0,0|0,0|0,0|0,0|0,0|0,0|0,0|0,0|0,0|0,0|0,0|0,0|0,0|0,0|0,0|0,0|0,0|0,0|0,0|0,0|0,0|0
7465805059890ee6e72e0ae9a1fa7981c8e1b3b9,0|0,0|0,0|0,0|0,0|0,0|0,0|0,0|0,0|0,0|0,0.5|1,1|1,0|0,0|0,0|0,0|0,0|0,0|0,0|0,0|0,0|0,0|0,0|0,0|0,0|0,0|0,0|0,0|0,0|0,0|0,0|0,0|0,0|0,0|0
4ec67935cd73136c6d64da4c77e5d2147ea7ff58,0|0,0|0,0|0,0|0,0|0,0|0,0|0,0|0,0|0,0|0,0.5|1,1|1,0|0,0|0,0|0,0|0,0|0,0|0,0|0,0|0,0|0,0|0,0|0,0|0,0|0,0|0,0|0,0|0,0|0,0|0,0|0,0|0,0|0,0|0
81d911092c36772c1e112d90b9d65bebbd6954f9,0|0,0|0,0|0,0|0,0|0,0|0,0|0,0|0,0|0,0|0,0.5|1,1|1,0|0,0|0,0|0,0|0,0|0,0|0,0|0,0|0,0|0,0|0,0|0,0|0,0|0,0|0,0|0,0|0,0|0,0|0,0|0,0|0,0|0,0|0
ca4d71cb2dbc0e1e97fab67c60bc91400a9032d9,0|0,0|0,0|0,0|0,0|0,0|0,0|0,0|0,0|0,0|0,0.5|1,1|1,0|0,0|0,0|0,0|0,0|0,0|0,0|0,0|0,0|0,0|0,0|0,0|0,0|0,0|0,0|0,0|0,0|0,0|0,0|0,0|0,0|0,0|0
2154d76d38bf9d33a6e1715e84257ab1fde459b1,0|0,0|0,0|0,0|0,0|0,0|0,0|0,0|0,0|0,0|0,0.5|1,1|1,0|0,0|0,0|0,0|0,0|0,0|0,0|0,0|0,0|0,0|0,0|0,0|0,0|0,0|0,0|0,0|0,0|0,0|0,0|0,0|0,0|0,0|0
d5f94964fec09577db31fa45fad1b52ddc2ab427,0|0,0|0,0|0,0|0,0|0,0|0,0|0,0|0,0|0,0|0,0.5|1,1|1,0|0,0|0,0|0,0|0,0|0,0|0,0|0,0|0,0|0,0|0,0|0,0|0,0|0,0|0,0|0,0|0,0|0,0|0,0|0,0|0,0|0,0|0
0378b8db8b6ca19ba85c9874c16742c1c5f96d55,0|0,0|0,0|0,0|0,0|0,0|0,0|0,0|0,0|0,0|0,0.5|1,1|1,0|0,0|0,0|0,0|0,0|0,0|0,0|0,0|0,0|0,0|0,0|0,0|0,0|0,0|0,0|0,0|0,0|0,0|0,0|0,0|0,0|0,0|0
384ec74a8d4df7ff5d57e4354168f1ebc4703c76,0|0,0|0,0|0,0|0,0|0,0|0,0|0,0|0,0|0,0|0,0.5|1,1|1,0|0,0|0,0|0,0|0,0|0,0|0,0|0,0|0,0|0,0|0,0|0,0|0,0|0,0|0,0|0,0|0,0|0,0|0,0|0,0|0,0|0,0|0
bcb01b056200998ecddc773a9e4c9a3262c55457,0|0,0|0,0|0,0|0,0|0,0|0,0|0,0|0,0|0,0|0,0.5|1,1|1,0|0,0|0,0|0,0|0,0|0,0|0,0|0,0|0,0|0,0|0,0|0,0|0,0|0,0|0,0|0,0|0,0|0,0|0,0|0,0|0,0|0,0|0
e362bb0bed6bbc50062c1a0df6d6f2be273962ba,0|0,0|0,0|0,0|0,0|0,0|0,0|0,0|0,0|0,0|0,0.5|1,1|1,0|0,0|0,0|0,0|0,0|0,0|0,0|0,0|0,0|0,0|0,0|0,0|0,0|0,0|0,0|0,0|0,0|0,0|0,0|0,0|0,0|0,0|0
dd0e099a4cf51ec01064065778b1d3bfb314f201,0|0,0|0,0|0,0|0,0|0,0|0,0|0,0|0,0|0,0|0,0|0,1|1,0|0,0|0,0|0,0|0,0|0,0|0,0|0,0|0,0|0,0|0,0|0,0|0,0|0,0|0,0|0,0|0,0|0,0|0,0|0,0|0,0|0,0|0
f4f6993853b2fd3b52ea7b2b2d54a3f7a4375a13,0|0,0|0,0|0,0|0,0|0,0|0,0|0,0|0,0|0,0|0,0.5|1,1|1,0|0,0|0,0|0,0|0,0|0,0|0,0|0,0|0,0|0,0|0,0|0,0|0,0|0,0|0,0|0,0|0,0|0,0|0,0|0,0|0,0|0,0|0
29a82bd590cb083b073dda892f60d854e100fef1,0|0,0|0,0|0,0|0,0|0,0|0,0|0,0|0,0|0,0|0,0.5|1,1|1,0|0,0|0,0|0,0|0,0|0,0|0,0|0,0|0,0|0,0|0,0|0,0|0,0|0,0|0,0|0,0|0,0|0,0|0,0|0,0|0,0|0,0|0
95963ab6467690d27e79ecb346a66c8220f36dfb,0|0,0|0,0|0,0|0,0|0,0|0,0|0,0|0,0|0,0|0,0.5|1,1|1,0|0,0|0,0|0,0|0,0|0,0|0,0|0,0|0,0|0,0|0,0|0,0|0,0|0,0|0,0|0,0|0,0|0,0|0,0|0,0|0,0|0,0|0
57fca38a4f51687d71e451ae29df6b353764fb72,0|0,0|0,0|0,0|0,0|0,0|0,0|0,0|0,0|0,0|0,0.5|1,1|1,0|0,0|0,0|0,0|0,0|0,0|0,0|0,0|0,0|0,0|0,0|0,0|0,0|0,0|0,0|0,0|0,0|0,0|0,0|0,0|0,0|0,0|0
acd71b1e12cbd24ca54502f4764cb9be20af6c6d,0|0,0|0,0|0,0|0,0|0,0|0,0|0,0|0,0|0,0|0,0.5|1,1|0,0|0,0|0,0|0,0|0,0|0,0|0,0|0,0|0,0|0,0|0,0|0,0|0,0|0,0|0,0|0,0|0,0|0,0|0,0|0,0|0,0|0,0|0
39a3a0f9ce8fc5a270dcd0ce503ac75a14554eec,0|0,0|0,0|0,0|0,0|0,0|0,0|0,0|0,0|0,0|0,0.5|1,1|0,0|0,0|0,0|0,0|0,0|0,0|0,0|0,0|0,0|0,0|0,0|0,0|0,0|0,0|0,0|0,0|0,0|0,0|0,0|0,0|0,0|0,0|0
c06d13418c884a37a85341c59bc9d8ed727d992d,0|0,0|0,0|0,0|0,0|0,0|0,0|0,0|0,0|0,0|0,0.5|1,1|0,0|0,0|0,0|0,0|0,0|0,0|0,0|0,0|0,0|0,0|0,0|0,0|0,0|0,0|0,0|0,0|0,0|0,0|0,0|0,0|0,0|0,0|0
6e4c16ebaffe562bd22a3fb99492de6ec52f8f55,0|0,0|0,0|0,0|0,0|0,0|0,0|0,0|0,0|0,0|0,0.5|1,1|0,0|0,0|0,0|0,0|0,0|0,0|0,0|0,0|0,0|0,0|0,0|0,0|0,0|0,0|0,0|0,0|0,0|0,0|0,0|0,0|0,0|0,0|0
751d56b8f51e3530a81cefc3978262c7d448353d,0|0,0|0,0|0,0|0,0|0,0|0,0|0,0|0,0|0,0|0,0.5|1,1|0,0|0,0|0,0|0,0|0,0|0,0|0,0|0,0|0,0|0,0|0,0|0,0|0,0|0,0|0,0|0,0|0,0|0,0|0,0|0,0|0,0|0,0|0
de41c07a9a2127a6ed725e716af90dfb81600e15,0|0,0|0,0|0,0|0,0|0,0|0,0|0,0|0,0|0,0|0,0.5|1,1|0,0|0,0|0,0|0,0|0,0|0,0|0,0|0,0|0,0|0,0|0,0|0,0|0,0|0,0|0,0|0,0|0,0|0,0|0,0|0,0|0,0|0,0|0
e7ea4d99fe3cc134c4901300ef020aa34c0632a1,0|0,0|0,0|0,0|0,0|0,0|0,0|0,0|0,0|0,0|0,0.5|1,1|0,0|0,0|0,0|0,0|0,0|0,0|0,0|0,0|0,0|0,0|0,0|0,0|0,0|0,0|0,0|0,0|0,0|0,0|0,0|0,0|0,0|0,0|0
b6e0a7dfcac37280f2f76c7d023edef0649da2b8,0|0,0|0,0|0,0|0,0|0,0|0,0|0,0|0,0|0,0|0,0.5|1,1|0,0|0,0|0,0|0,0|0,0|0,0|0,0|0,0|0,0|0,0|0,0|0,0|0,0|0,0|0,0|0,0|0,0|0,0|0,0|0,0|0,0|0,0|0
9d81c680a0a9e9a6ac081bb1061c00a1ab3feaac,0|0,0|0,0|0,0|0,0|0,0|0,0|0,0|0,0|0,0|0,0.5|1,1|0,0|0,0|0,0|0,0|0,0|0,0|0,0|0,0|0,0|0,0|0,0|0,0|0,0|0,0|0,0|0,0|0,0|0,0|0,0|0,0|0,0|0,0|0
f18a6d4644ef960d7ac1e75742bdacfd691d8bc5,0|0,0|0,0|0,0|0,0|0,0|0,0|0,0|0,0|0,0|0,0.5|1,1|0,0|0,0|0,0|0,0|0,0|0,0|0,0|0,0|0,0|0,0|0,0|0,0|0,0|0,0|0,0|0,0|0,0|0,0|0,0|0,0|0,0|0,0|0
039428371f4dd8467aa5487c368b7d3a980edb24,0|0,0|0,0|0,0|0,0|0,0|0,0|0,0|0,0|0,0|0,0.5|1,1|0,0|0,0|0,0|0,0|0,0|0,0|0,0|0,0|0,0|0,0|0,0|0,0|0,0|0,0|0,0|0,0|0,0|0,0|0,0|0,0|0,0|0,0|0
0411b418d8c28a0f91103a6e023ed0449c2cf07b,0|0,0|0,0|0,0|0,0|0,0|0,0|0,0|0,0|0,0|0,0.5|1,1|0,0|0,0|0,0|0,0|0,0|0,0|0,0|0,0|0,0|0,0|0,0|0,0|0,0|0,0|0,0|0,0|0,0|0,0|0,0|0,0|0,0|0,0|0
5058eb3e0abb73baf56616b1e91aecba6eef0dce,0|0,0|0,0|0,0|0,0|0,0|0,0|0,0|0,0|0,0|0,0.5|1,1|0,0|0,0|0,0|0,0|0,0|0,0|0,0|0,0|0,0|0,0|0,0|0,0|0,0|0,0|0,0|0,0|0,0|0,0|0,0|0,0|0,0|0,0|0
90391b2b306dc0cf6cd6cf6ba07089b717525266,0|0,0|0,0|0,0|0,0|0,0|0,0|0,0|0,0|0,0|0,0.5|1,1|0,0|0,0|0,0|0,0|0,0|0,0|0,0|0,0|0,0|0,0|0,0|0,0|0,0|0,0|0,0|0,0|0,0|0,0|0,0|0,0|0,0|0,0|0
3a30075e0ae80141b30129a6a0a8f47c83516422,0|0,0|0,0|0,0|0,0|0,0|0,0|0,0|0,0|0,0|0,0.5|1,1|0,0|0,0|0,0|0,0|0,0|0,0|0,0|0,0|0,0|0,0|0,0|0,0|0,0|0,0|0,0|0,0|0,0|0,0|0,0|0,0|0,0|0,0|0
7e436f2bd9f31a106d3c426ccb1fc1881cba254f,0|0,0|0,0|0,0|0,0|0,0|0,0|0,0|0,0|0,0|0,0.5|1,1|0,0|0,0|0,0|0,0|0,0|0,0|0,0|0,0|0,0|0,0|0,0|0,0|0,0|0,0|0,0|0,0|0,0|0,0|0,0|0,0|0,0|0,0|0
6c766d28f19653048c69c453497be675f6c11f6c,0|0,0|0,0|0,0|0,0|0,0|0,0|0,0|0,0|0,0|0,0.5|1,0.5|0,0|0,0|0,0|0,0|0,0|0,0|0,0|0,0|0,0|0,0|0,0|0,0|0,0|0,0|0,0|0,0|0,0|0,0|0,0|0,0|0,0|0,0|0
18bbd8e7cfcab1a98c0a2ef70dfa66b7e20f8a41,0|0,0|0,0|0,0|0,0|0,0|0,0|0,0.5|0,0.5|0,0|0,0.5|1,0|0,0|0,0|0,0|0,0|0,0|0,0|0,0|0,0|0,0|0,0|0,0|0,0|0,0|0,0|0,0|0,0|0,0|0,0|0,0|0,0|0,0|0,0|0
452c3a9d2ba548718a590245f88c217dc2a99b88,0|0,0|0,0|0,0|0,0|0,0|0,0|0,0|0,0|0,0|0,0.5|1,1|0,0|0,0|0,0|0,0|0,0|0,0|0,0|0,0|0,0|0,0|0,0|0,0|0,0|0,0|0,0|0,0|0,0|0,0|0,0|0,0|0,0|0,0|0
e075e1f6e50c747aa18b04d776d77a3d5a564e19,0|0,0|0,0|0,0|0,0|0,0|0,0|0,0|0,0|0,0|0,0.5|1,0.5|0,0|0,0|0,0|0,0|0,0|0,0|0,0|0,0|0,0|0,0|0,0|0,0|0,0|0,0|0,0|0,0|0,0|0,0|0,0|0,0|0,0|0,0|0
df2bff1dac30f19e4c4625af533fc46535d00e18,0|0,0|0,0|0,0|0,0|0,0|0,0|0,0|0,0|0,0|0,0.5|1,0.5|0,0|0,0|0,0|0,0|0,0|0,0|0,0|0,0|0,0|0,0|0,0|0,0|0,0|0,0|0,0|0,0|0,0|0,0|0,0|0,0|0,0|0,0|0
2091a3895620ea520ce1ac5ca70d58f7ee274d3a,0|0,0|0,0|0,0|0,0|0,0|0,0|0,0|0,0|0,0|0,0.5|1,0.5|0,0|0,0|0,0|0,0|0,0|0,0|0,0|0,0|0,0|0,0|0,0|0,0|0,0|0,0|0,0|0,0|0,0|0,0|0,0|0,0|0,0|0,0|0
3fad9ee6b69ed018762651314b17fa5567505ca1,0|0,0|0,0|0,0|0,0|0,0|0,0|0,0|0,0|0,0|0,0.5|1,1|0,0|0,0|0,0|0,0|0,0|0,0|0,0|0,0|0,0|0,0|0,0|0,0|0,0|0,0|0,0|0,0|0,0|0,0|0,0|0,0|0,0|0,0|0
16e1b81f8b6f18d75b072ece95ac9232180d8810,0|0,0|0,0|0,0|0,0|0,0|0,0|0,0|0,0|0,0|0,0.5|1,0.5|0,0|0,0|0,0|0,0|0,0|0,0|0,0|0,0|0,0|0,0|0,0|0,0|0,0|0,0|0,0|0,0|0,0|0,0|0,0|0,0|0,0|0,0|0
61aae4f319ac801ead90d789cbd7f7e3f2efd133,0|0,0|0,0|0,0|0,0|0,0|0,0|0,0|0,0|0,0|0,0.5|1,0.5|0,0|0,0|0,0|0,0|0,0|0,0|0,0|0,0|0,0|0,0|0,0|0,0|0,0|0,0|0,0|0,0|0,0|0,0|0,0|0,0|0,0|0,0|0
986aabad378ad0d819ddb0b6db7469e95ec21985,0|0,0|0,0|0,0|0,0|0,0|0,0|0,0|0,0|0,0|0,0.5|1,0.5|0,0|0,0|0,0|0,0|0,0|0,0|0,0|0,0|0,0|0,0|0,0|0,0|0,0|0,0|0,0|0,0|0,0|0,0|0,0|0,0|0,0|0,0|0
7f86c209450b39ab7fc898707984e746c7ef2ebb,0|0,0|0,0|0,0|0,0|0,0|0,0|0,0|0,0|0,0|0,0.5|1,0.5|0,0|0,0|0,0|0,0|0,0|0,0|0,0|0,0|0,0|0,0|0,0|0,0|0,0|0,0|0,0|0,0|0,0|0,0|0,0|0,0|0,0|0,0|0
1a42fcd4473577cb8558b5609672a02388dabd39,0|0,0|0,0|0,0|0,0|0,0|0,0|0,0|0,0.5|1,0|0,0.5|1,0|0,0|0,0|0,0|0,0|0,0|0,0|0,0|0,0|0,0|0,0|0,0|0,0|0,0|0,0|0,0|0,0|0,0|0,0|0,0|0,0|0,0|0,0|0
c91ed64cc5403478c2ebce420f84dd3a2a0540dd,0|0,0|0,0|0,0|0,0|0,0|0,0|0,0.5|1,0.5|1,0|0,0.5|1,0|0,0|0,0|0,0|0,0|0,0|0,0|0,0|0,0|0,0|0,0|0,0|0,0|0,0|0,0|0,0|0,0|0,0|0,0|0,0|0,0|0,0|0,0|0
85b09597ce9262cb32cadbb2acae31f37aa5fcf6,0|0,0|0,0|0,0|0,0|0,0|0,0|0,0.5|1,0.5|1,0|0,0.5|1,0|0,0|0,0|0,0|0,0|0,0|0,0|0,0|0,0|0,0|0,0|0,0|0,0|0,0|0,0|0,0|0,0|0,0|0,0|0,0|0,0|0,0|0,0|0
922b9eb9b405a143622eec3c2e2c977bd0cbd761,0|0,0|0,0|0,0|0,0|0,0|0,0|0,0.5|1,0.5|1,0|0,0.5|1,0|0,0|0,0|0,0|0,0|0,0|0,0|0,0|0,0|0,0|0,0|0,0|0,0|0,0|0,0|0,0|0,0|0,0|0,0|0,0|0,0|0,0|0,0|0
eeb9545db3e105bc24ad944e3cd22ae1ed0fe1bd,0|0,0|0,0|0,0|0,0|0,0|0,0|0,0.5|1,0.5|1,0|0,0.5|1,0|0,0|0,0|0,0|0,0|0,0|0,0|0,0|0,0|0,0|0,0|0,0|0,0|0,0|0,0|0,0|0,0|0,0|0,0|0,0|0,0|0,0|0,0|0
5a65e3d8322f16eb50fdf2ece0481bd9714313da,0|0,0|0,0|0,0|0,0|0,0|0,0|0,0.5|0,0|1,0|0,0.5|1,0.5|0,0|0,0|0,0|0,0|0,0|0,0|0,0|0,0|0,0|0,0|0,0|0,0|0,0|0,0|0,0|0,0|0,0|0,0|0,0|0,0|0,0|0,0|0
2985522fc87ec8efd924df9071685e3e5dbf44b8,0|0,0|0,0|0,0|0,0|0,0|0,0|0,0.5|1,0.5|1,0|0,0.5|1,0|0,0|0,0|0,0|0,0|0,0|0,0|0,0|0,0|0,0|0,0|0,0|0,0|0,0|0,0|0,0|0,0|0,0|0,0|0,0|0,0|0,0|0,0|0
2f2ffb585489118e7b9affa6991d8d421a976e40,0|0,0|0,0|0,0|0,0|0,0|0,0|0,0|1,0.5|1,0|0,0.5|1,0|0,0|0,0|0,0|0,0|0,0|0,0|0,0|0,0|0,0|0,0|0,0|0,0|0,0|0,0|0,0|0,0|0,0|0,0|0,0|0,0|0,0|0,0|0
c95ff8cc9bfbab6a19e2656eb2df5b439f6e07dd,0|0,0|0,0|0,0|0,0|0,0|0,0|0,0.5|1,0.5|1,0|0,0.5|1,0|0,0|0,0|0,0|0,0|0,0|0,0|0,0|0,0|0,0|0,0|0,0|0,0|0,0|0,0|0,0|0,0|0,0|0,0|0,0|0,0|0,0|0,0|0
9cc173c8d9bcc1dadd37d65904b37c3abae3180b,0|0,0|0,0|0,0|0,0|0,0|0,0|0,0.5|1,0.5|1,0|0,0.5|1,0|0,0|0,0|0,0|0,0|0,0|0,0|0,0|0,0|0,0|0,0|0,0|0,0|0,0|0,0|0,0|0,0|0,0|0,0|0,0|0,0|0,0|0,0|0
c06349ceaf8cbc32740ad9fe565ef2ba05d1076a,0|0,0|0,0|0,0|0,0|0,0|0,0|0,0.5|1,0.5|1,0|0,0.5|1,0|0,0|0,0|0,0|0,0|0,0|0,0|0,0|0,0|0,0|0,0|0,0|0,0|0,0|0,0|0,0|0,0|0,0|0,0|0,0|0,0|0,0|0,0|0
7e7c444a48c10fede8602eb15ca2afaf4cc1ed94,0|0,0|0,0|0,0|0,0|0,0|0,0|0,0.5|1,0.5|1,0|0,0.5|1,0|0,0|0,0|0,0|0,0|0,0|0,0|0,0|0,0|0,0|0,0|0,0|0,0|0,0|0,0|0,0|0,0|0,0|0,0|0,0|0,0|0,0|0,0|0
888435d0697ff7516ea5cb6f48c7648a1b3df848,0|0,0|0,0|0,0|0,0|0,0|0,0|0,0.5|1,0.5|1,0|0,0.5|1,0|0,0|0,0|0,0|0,0|0,0|0,0|0,0|0,0|0,0|0,0|0,0|0,0|0,0|0,0|0,0|0,0|0,0|0,0|0,0|0,0|0,0|0,0|0
b4bf11aee91bc2e7ec55482fb3899c79ca186f74,0|0,0|0,0|0,0|0,0|0,0|0,0|0,0.5|1,0.5|1,0|0,0.5|1,0|0,0|0,0|0,0|0,0|0,0|0,0|0,0|0,0|0,0|0,0|0,0|0,0|0,0|0,0|0,0|0,0|0,0|0,0|0,0|0,0|0,0|0,0|0
b41a6f504640cecd69c5e7db13a8225a36c4c64c,0|0,0|0,0|0,0|0,0|0,0|0,0|0,0.5|1,0.5|1,0|0,0.5|1,0|0,0|0,0|0,0|0,0|0,0|0,0|0,0|0,0|0,0|0,0|0,0|0,0|0,0|0,0|0,0|0,0|0,0|0,0|0,0|0,0|0,0|0,0|0
e9e716633b49aa757e7327c25c4a56e2886b4dc4,0|0,0|0,0|0,0|0,0|0,0|0,0|0,0.5|1,0.5|1,0|0,0.5|1,0|0,0|0,0|0,0|0,0|0,0|0,0|0,0|0,0|0,0|0,0|0,0|0,0|0,0|0,0|0,0|0,0|0,0|0,0|0,0|0,0|0,0|0,0|0
19a0934c55180d950d169cc9d56baa105e390d92,0|0,0|0,0|0,0|0,0|0,0|0,0|0,0.5|1,0.5|1,0|0,0.5|1,0|0,0|0,0|0,0|0,0|0,0|0,0|0,0|0,0|0,0|0,0|0,0|0,0|0,0|0,0|0,0|0,0|0,0|0,0|0,0|0,0|0,0|0,0|0
5c16b6131069a24372b030e1681d4b399964e905,0|0,0|0,0|0,0|0,0|0,0|0,0|0,0.5|1,0.5|1,0|0,0.5|1,1|0,0|0,0|0,0|0,0|0,0|0,0|0,0|0,0|0,0|0,0|0,0|0,0|0,0|0,0|0,0|0,0|0,0|0,0|0,0|0,0|0,0|0,0|0
8fa345af6febb286e75d899f705de0fcdf15742a,0|0,0|0,0|0,0|0,0|0,0|0,0|0,0.5|1,0.5|1,0|0,0.5|1,1|0,0|0,0|0,0|0,0|0,0|0,0|0,0|0,0|0,0|0,0|0,0|0,0|0,0|0,0|0,0|0,0|0,0|0,0|0,0|0,0|0,0|0,0|0
15d93ba1b355adf7d55edd59e3b7d05e0eb3f2d5,0|0,0|0,0|0,0|0,0|0,0|0,0|0,0.5|1,0.5|1,0|0,0.5|1,0|0,0|0,0|0,0|0,0|0,0|0,0|0,0|0,0|0,0|0,0|0,0|0,0|0,0|0,0|0,0|0,0|0,0|0,0|0,0|0,0|0,0|0,0|0
0c165a8be241e3b49f5ab23d401b6b4c30ba6288,0|0,0|0,0|0,0|0,0|0,0|0,0|0,0.5|1,0.5|1,0|0,0.5|1,1|0,0|0,0|0,0|0,0|0,0|0,0|0,0|0,0|0,0|0,0|0,0|0,0|0,0|0,0|0,0|0,0|0,0|0,0|0,0|0,0|0,0|0,0|0
f9d52888abd4d3612d7eb15f054efd1a5dcb82d3,0|0,0|0,0|0,0|0,0|0,0|0,0|0,0.5|1,0.5|1,0|0,0.5|1,1|0,0|0,0|0,0|0,0|0,0|0,0|0,0|0,0|0,0|0,0|0,0|0,0|0,0|0,0|0,0|0,0|0,0|0,0|0,0|0,0|0,0|0,0|0
5b2009c497d5e3f2e3265795fa1aab12bfd0adcc,0|0,0|0,0|0,0|0,0|0,0|0,0|0,0.5|1,0.5|1,0|0,0.5|1,1|0,0|0,0|0,0|0,0|0,0|0,0|0,0|0,0|0,0|0,0|0,0|0,0|0,0|0,0|0,0|0,0|0,0|0,0|0,0|0,0|0,0|0,0|0
d8e1c5150b308737a011b648bce3b3b4431a3caa,0|0,0|0,0|0,0|0,0|0,0|0,0.5|0,0.5|1,0.5|1,0|0,0.5|1,1|0,0|0,0|0,0|0,0|0,0|0,0|0,0|0,0|0,0|0,0|0,0|0,0|0,0|0,0|0,0|0,0|0,0|0,0|0,0|0,0|0,0|0,0|0
a21165e79e1d00ab78b86d0fafd1a7e9424ab484,0|0,0|0,0|0,0|0,0|0,0|0,0|0,0.5|1,0.5|1,0|0,0.5|1,1|0,0|0,0|0,0|0,0|0,0|0,0|0,0|0,0|0,0|0,0|0,0|0,0|0,0|0,0|0,0|0,0|0,0|0,0|0,0|0,0|0,0|0,0|0
e98f532203fc57ee69ed4cb7b5e1ad0734b80616,0|0,0|0,0|0,0|0,0|0,0|0,0|0,0.5|1,0.5|1,0|0,0.5|1,1|0,0|0,0|0,0|0,0|0,0|0,0|0,0|0,0|0,0|0,0|0,0|0,0|0,0|0,0|0,0|0,0|0,0|0,0|0,0|0,0|0,0|0,0|0
e72a363925be7688db77c91e1e4b20f52ccadf53,0|0,0|0,0|0,0|0,0|0,0|0,0|0,0.5|1,0.5|1,0|0,0.5|1,1|0,0|0,0|0,0|0,0|0,0|0,0|0,0|0,0|0,0|0,0|0,0|0,0|0,0|0,0|0,0|0,0|0,0|0,0|0,0|0,0|0,0|0,0|0
98bb9e682481b934f65db1bbd73bc2c3a41f2931,0|0,0|0,0|0,0|0,0|0,0|0,0|0,0.5|1,0.5|1,0|0,0.5|1,1|0,0|0,0|0,0|0,0|0,0|0,0|0,0|0,0|0,0|0,0|0,0|0,0|0,0|0,0|0,0|0,0|0,0|0,0|0,0|0,0|0,0|0,0|0
fdfeb753f3c14b20e33611da4a0a39d3b57a57ab,0|0,0|0,0|0,0|0,0|0,0|0,0.5|1,0.5|1,0.5|1,0|0,0.5|1,1|0,0|0,0|0,0|0,0|0,0|0,0|0,0|0,0|0,0|0,0|0,0|0,0|0,0|0,0|0,0|0,0|0,0|0,0|0,0|0,0|0,0|0,0|0
4f7cfdbde36917b3b6291492240fc9b128ace1d7,0|0,0|0,0|0,0|0,0|0,0|0,0.5|0,0.5|1,0.5|1,0|0,0.5|1,1|0,0|0,0|0,0|0,0|0,0|0,0|0,0|0,0|0,0|0,0|0,0|0,0|0,0|0,0|0,0|0,0|0,0|0,0|0,0|0,0|0,0|0,0|0
b4fd1963415522bdb94de45e9f326867fdfdbc76,0|0,0|0,0|0,0|0,0|0,0|0,0.5|0,0.5|1,0.5|1,0|0,0.5|1,1|0,0|0,0|0,0|0,0|0,0|0,0|0,0|0,0|0,0|0,0|0,0|0,0|0,0|0,0|0,0|0,0|0,0|0,0|0,0|0,0|0,0|0,0|0
bc4cc4dc0bcf6bef960908264e92c58f077f733f,0|0,0|0,0|0,0|0,0|0,0|0,0.5|0,0.5|1,0.5|1,0|0,0.5|1,1|0,0|0,0|0,0|0,0|0,0|0,0|0,0|0,0|0,0|0,0|0,0|0,0|0,0|0,0|0,0|0,0|0,0|0,0|0,0|0,0|0,0|0,0|0
f00f545b17cbb9958e9da054d137dbf0edd60331,0|0,0|0,0|0,0|0,0|0,0|0,0|1,0.5|1,0.5|1,0|0,0.5|1,1|0,0|0,0|0,0|0,0|0,0|0,0|0,0|0,0|0,0|0,0|0,0|0,0|0,0|0,0|0,0|0,0|0,0|0,0|0,0|0,0|0,0|0,0|0
aebf2b9858368681e497f136501ab33cc1014aed,0|0,0|0,0|0,0|0,0|0,0|0,0.5|1,0.5|1,0.5|1,0|0,0.5|1,1|0,0|0,0|0,0|0,0|0,0|0,0|0,0|0,0|0,0|0,0|0,0|0,0|0,0|0,0|0,0|0,0|0,0|0,0|0,0|0,0|0,0|0,0|0
c473b21cff5e1a459b4467f18bf7414114f848fd,0|0,0|0,0|0,0|0,0|0,0|0,0.5|1,0.5|1,0.5|1,0|0,0.5|1,1|0,0|0,0|0,0|0,0|0,0|0,0|0,0|0,0|0,0|0,0|0,0|0,0|0,0|0,0|0,0|0,0|0,0|0,0|0,0|0,0|0,0|0,0|0
0e8bdfce66ba4b2fef79a2525fd83ecfc22b0983,0|0,0|0,0|0,1|1,0.5|1,0.5|1,0|0,0|0,0|0,0.5|1,0|0,0|0,0.5|0,0|0,0|0,0|0,0|0,0|0,0|0,0|0,0|0,0|0,0|0,0|0,0|0,0|0,0|0,0|0,0|0,0|0,0|0,0|0,0|0,0|0
0dae3518e8b2a59fa5f1a0459cdae950f68ce025,0|0,0|0,0|0,1|1,0.5|1,0.5|1,0|0,0|0,0|0,0.5|1,0|0,0|0,0.5|0,0|0,0|0,0|0,0|0,0|0,0|0,0|0,0|0,0|0,0|0,0|0,0|0,0|0,0|0,0|0,0|0,0|0,0|0,0|0,0|0,0|0
0739de6c94ca57367192250cfad779cca1349088,0|0,0|0,0|0,1|1,0.5|1,0.5|1,0|0,0|0,0|0,0.5|1,0|0,0|0,0.5|0,0|0,0|0,0|0,0|0,0|0,0|0,0|0,0|0,0|0,0|0,0|0,0|0,0|0,0|0,0|0,0|0,0|0,0|0,0|0,0|0,0|0
958e3e19a0fb9f951f1222627ff5e7f94920fda1,0|0,0|0,0|0,1|1,0.5|1,0.5|1,0|0,0|0,0|0,0.5|1,0|0,0|0,0.5|0,0|0,0|0,0|0,0|0,0|0,0|0,0|0,0|0,0|0,0|0,0|0,0|0,0|0,0|0,0|0,0|0,0|0,0|0,0|0,0|0,0|0
a2ca0b4a8e94af0c655b514f927161d0ba121c55,0|0,0|0,0|0,1|1,0.5|1,0.5|1,0|0,0|0,0|0,0.5|1,0|0,0|0,0.5|0,0|0,0|0,0|0,0|0,0|0,0|0,0|0,0|0,0|0,0|0,0|0,0|0,0|0,0|0,0|0,0|0,0|0,0|0,0|0,0|0,0|0
f6540bdcbc86a5e3837e20bac086717bdc1fe9b7,0.5|0,0|0,0|0,1|1,0.5|1,0.5|1,0|0,0|0,0|0,0.5|1,0|0,0|0,0.5|0,0|0,0|0,0|0,0|0,0|0,0|0,0|0,0|0,0|0,0|0,0|0,0|0,0|0,0|0,0|0,0|0,0|0,0|0,0|0,0|0,0|0
11fd7a4edf2715116a047c26c5909bdf16e4dd2f,0.5|0,0|0,0|0,1|1,0.5|1,0.5|1,0|0,0|0,0|0,0.5|1,0|0,0|0,0.5|0,0|0,0|0,0|0,0|0,0|0,0|0,0|0,0|0,0|0,0|0,0|0,0|0,0|0,0|0,0|0,0|0,0|0,0|0,0|0,0|0,0|0
746b4b89430623021a9c8e0dc1e154640ee53a39,0.5|0,0|0,0|0,1|1,0.5|1,0.5|1,0|0,0|0,0|0,0.5|1,0|0,0|0,0.5|0,0|0,0|0,0|0,0|0,0|0,0|0,0|0,0|0,0|0,0|0,0|0,0|0,0|0,0|0,0|0,0|0,0|0,0|0,0|0,0|0,0|0
250ca709b73000fe9c96fcc26109f233103b1636,0.5|0,0|0,0|0,1|1,0.5|1,0.5|1,0|0,0|0,0|0,0.5|1,0|0,0|0,0.5|0,0|0,0|0,0|0,0|0,0|0,0|0,0|0,0|0,0|0,0|0,0|0,0|0,0|0,0|0,0|0,0|0,0|0,0|0,0|0,0|0,0|0
867158a309800402f3603baf5dea7e8de9267f6e,0|0,0|0,0|0,1|1,0|0,0.5|1,0|0,0|0,0|0,0.5|1,0|0,0|0,0.5|0,0|0,0|0,0|0,0|0,0|0,0|0,0|0,0|0,0|0,0|0,0|0,0|0,0|0,0|0,0|0,0|0,0|0,0|0,0|0,0|0,0|0
80a0aa30006f248b4265b6e6da3bfd74325981af,0|0,0|0,0|0,1|1,0|0,0.5|1,0|0,0|0,0|0,0.5|1,0|0,0|0,0.5|0,0|0,0|0,0|0,0|0,0|0,0|0,0|0,0|0,0|0,0|0,0|0,0|0,0|0,0|0,0|0,0|0,0|0,0|0,0|0,0|0,0|0
a755a88a6009ef29b888dbb25c2f141aad479b01,0|0,0|0,0|0,1|1,0|0,0.5|1,0|0,0|0,0|0,0.5|1,0|0,0|0,0.5|0,0|0,0|0,0|0,0|0,0|0,0|0,0|0,0|0,0|0,0|0,0|0,0|0,0|0,0|0,0|0,0|0,0|0,0|0,0|0,0|0,0|0
719f9df4bcd936aadbc493436cf6f8d0630d3059,0|0,0|0,0|0,1|1,0|0,0.5|1,0|0,0|0,0|0,0.5|1,0|0,0|0,0.5|0,0|0,0|0,0|0,0|0,0|0,0|0,0|0,0|0,0|0,0|0,0|0,0|0,0|0,0|0,0|0,0|0,0|0,0|0,0|0,0|0,0|0
88b8cf4d37ed0394f8864163bb2a18bb313ee78c,0|0,0|0,0|0,1|1,0|0,0.5|1,0|0,0|0,0|0,0.5|1,0|0,0|0,0.5|0,0|0,0|0,0|0,0|0,0|0,0|0,0|0,0|0,0|0,0|0,0|0,0|0,0|0,0|0,0|0,0|0,0|0,0|0,0|0,0|0,0|0
28c392c59448389adfb1f8fd223da0acacfca301,0|0,0|0,0|0,1|1,0|0,0.5|1,0|0,0|0,0|0,0.5|1,0|0,0|0,0.5|0,0|0,0|0,0|0,0|0,0|0,0|0,0|0,0|0,0|0,0|0,0|0,0|0,0|0,0|0,0|0,0|0,0|0,0|0,0|0,0|0,0|0
c0b5934577088df6eebd4ea9e7788dcfa025c7e8,0|0,0|0,0|0,1|1,0|0,0.5|1,0|0,0|0,0|0,0.5|1,0|0,0|0,0.5|0,0|0,0|0,0|0,0|0,0|0,0|0,0|0,0|0,0|0,0|0,0|0,0|0,0|0,0|0,0|0,0|0,0|0,0|0,0|0,0|0,0|0
f69534f6b18fa6e4452e0242b30b4bc44d03d381,0|0,0|0,0|0,1|1,0|0,0.5|1,0|0,0|0,0|0,0.5|1,0|0,0|0,0.5|0,0|0,0|0,0|0,0|0,0|0,0|0,0|0,0|0,0|0,0|0,0|0,0|0,0|0,0|0,0|0,0|0,0|0,0|0,0|0,0|0,0|0
eadf2ef8492a2d63a7001ff4dcf1970f0c2e47ec,0|0,0|0,0|0,1|1,0|0,0.5|1,0|0,0|0,0|0,0.5|1,0|0,0|0,0.5|0,0|0,0|0,0|0,0|0,0|0,0|0,0|0,0|0,0|0,0|0,0|0,0|0,0|0,0|0,0|0,0|0,0|0,0|0,0|0,0|0,0|0
aa27d71f2d58c690629b05a8f5f8d20ec54e3314,0|0,0|0,0|0,1|1,0|0,0.5|1,0|0,0|0,0|0,0.5|1,0|0,0|0,0.5|0,0|0,0|0,0|0,0|0,0|0,0|0,0|0,0|0,0|0,0|0,0|0,0|0,0|0,0|0,0|0,0|0,0|0,0|0,0|0,0|0,0|0
949065bcd3fb00a253d3185eee149903565c657e,,,,,,,,,,,,,,,,,,,,,,,,,,,,,,,,,,
68a7bc00b0c06a0b2314e4801499815d5b9d7b95,0|0,0|0,0|0,1|1,0|0,0.5|1,0|0,0|0,0|0,0.5|1,0|0,0|0,0.5|0,0|0,0|0,0|0,0|0,0|0,0|0,0|0,0|0,0|0,0|0,0|0,0|0,0|0,0|0,0|0,0|0,0|0,0|0,0|0,0|0,0|0
e2219f209f45192f1f36b0f5e42fdc45434cecbe,0|0,0|0,0|0,1|1,0|0,0.5|1,0|0,0|0,0|0,0.5|1,0|0,0|0,0.5|0,0|0,0|0,0|0,0|0,0|0,0|0,0|0,0|0,0|0,0|0,0|0,0|0,0|0,0|0,0|0,0|0,0|0,0|0,0|0,0|0,0|0
09175638785ddebf1d615428163fde1c789b9023,0|0,0|0,0|0,1|1,0|0,0.5|1,0|0,0|0,0|0,0.5|1,0|0,0|0,0.5|0,0|0,0|0,0|0,0|0,0|0,0|0,0|0,0|0,0|0,0|0,0|0,0|0,0|0,0|0,0|0,0|0,0|0,0|0,0|0,0|0,0|0
063e2e2a8a3b7279042eabafd0df9268312e44f0,0|0,0|0,0|0,1|1,0|0,0.5|1,0|0,0|0,0|0,0.5|1,0|0,0|0,0.5|0,0|0,0|0,0|0,0|0,0|0,0|0,0|0,0|0,0|0,0|0,0|0,0|0,0|0,0|0,0|0,0|0,0|0,0|0,0|0,0|0,0|0
eb8ab5323a65a13130897b989bc6f6f1380fd749,0|0,0|0,0|0,1|1,0|0,0.5|1,0|0,0|0,0|0,0.5|1,0|0,0|0,0.5|0,0|0,0|0,0|0,0|0,0|0,0|0,0|0,0|0,0|0,0|0,0|0,0|0,0|0,0|0,0|0,0|0,0|0,0|0,0|0,0|0,0|0
1d9901917dd6bb0ac1c0766a3da768a1a3dfa309,0|0,0|0,0|0,1|1,0|0,0.5|1,0|0,0|0,0|0,0.5|1,0|0,0|0,0.5|0,0|0,0|0,0|0,0|0,0|0,0|0,0|0,0|0,0|0,0|0,0|0,0|0,0|0,0|0,0|0,0|0,0|0,0|0,0|0,0|0,0|0
03d31531b457add1ebc180bd068dddd3ef97fabf,0|0,0|0,0|0,1|1,0|0,0.5|1,0|0,0|0,0|0,0.5|1,0|0,0|0,0.5|0,0|0,0|0,0|0,0|0,0|0,0|0,0|0,0|0,0|0,0|0,0|0,0|0,0|0,0|0,0|0,0|0,0|0,0|0,0|0,0|0,0|0
f4de928649eb5d5e93df5f5fc1ac0ce147f2b04f,0|0,0|0,0|0,1|1,0|0,0.5|1,0|0,0|0,0|0,0.5|1,0|0,0|0,0.5|0,0|0,0|0,0|0,0|0,0|0,0|0,0|0,0|0,0|0,0|0,0|0,0|0,0|0,0|0,0|0,0|0,0|0,0|0,0|0,0|0,0|0
db6ef77814a2ede50836258629b6a4739f1bffc4,0|0,0|0,0|0,1|1,0|0,0.5|1,0|0,0|0,0|0,0.5|1,0|0,0|0,0.5|0,0|0,0|0,0|0,0|0,0|0,0|0,0|0,0|0,0|0,0|0,0|0,0|0,0|0,0|0,0|0,0|0,0|0,0|0,0|0,0|0,0|0
ae7d4982d6b954d412f7b3a006ced5eec0f9b4ba,0|0,0|0,0|0,1|1,0|0,0.5|1,0|0,0|0,0|0,0.5|1,0|0,0|0,0.5|0,0|0,0|0,0|0,0|0,0|0,0|0,0|0,0|0,0|0,0|0,0|0,0|0,0|0,0|0,0|0,0|0,0|0,0|0,0|0,0|0,0|0
90b0210cbbdf899d6ff9c56a659a7095b74f59af,0|0,0|0,0|0,1|1,0|0,0.5|1,0|0,0|0,0|0,0.5|1,0|0,0|0,0.5|0,0|0,0|0,0|0,0|0,0|0,0|0,0|0,0|0,0|0,0|0,0|0,0|0,0|0,0|0,0|0,0|0,0|0,0|0,0|0,0|0,0|0
93e3304fe1ac7310cbf7dfc162e79f2ed82ae377,0|0,0|0,0|0,1|1,0|0,0.5|1,0|0,0|0,0|0,0.5|1,0|0,0|0,0.5|0,0|0,0|0,0|0,0|0,0|0,0|0,0|0,0|0,0|0,0|0,0|0,0|0,0|0,0|0,0|0,0|0,0|0,0|0,0|0,0|0,0|0
4a26ea035234e2a8b232ed342fded71f628a5932,0|0,0|0,0|0,1|1,0|0,0.5|1,0|0,0|0,0|0,0.5|1,0|0,0|0,0.5|0,0|0,0|0,0|0,0|0,0|0,0|0,0|0,0|0,0|0,0|0,0|0,0|0,0|0,0|0,0|0,0|0,0|0,0|0,0|0,0|0,0|0
e9860b7d863d2fb4edbf5512379e8dd28c2b06cd,0|0,0|0,0|0,1|1,0|0,0.5|1,0|0,0|0,0|0,0.5|1,0|0,0|0,0.5|0,0|0,0|0,0|0,0|0,0|0,0|0,0|0,0|0,0|0,0|0,0|0,0|0,0|0,0|0,0|0,0|0,0|0,0|0,0|0,0|0,0|0
da437aa64b33f06a6e519e6495635b1d501800d4,0|0,0|0,0|0,1|1,0|0,0.5|1,0|0,0|0,0|0,0.5|1,0|0,0|0,0.5|0,0|0,0|0,0|0,0|0,0|0,0|0,0|0,0|0,0|0,0|0,0|0,0|0,0|0,0|0,0|0,0|0,0|0,0|0,0|0,0|0,0|0
885f0d5a439d0628e2c74a6b72de86ce4da34cbe,0|0,0|0,0|0,1|1,0|0,0.5|1,0|0,0|0,0|0,0.5|1,0|0,0|0,0.5|0,0|0,0|0,0|0,0|0,0|0,0|0,0|0,0|0,0|0,0|0,0|0,0|0,0|0,0|0,0|0,0|0,0|0,0|0,0|0,0|0,0|0
137444515a9c9c0b0951b9ddedf81e60b767f7dd,,,,,,,,,,,,,,,,,,,,,,,,,,,,,,,,,,
8b70d34f7d65337e3c67f066698055a1bb2ba4ca,0|0,0|0,0|0,1|1,0|0,0.5|1,0|0,0|0,0|0,0.5|1,0|0,0|0,0.5|0,0|0,0|0,0|0,0|0,0|0,0|0,0|0,0|0,0|0,0|0,0|0,0|0,0|0,0|0,0|0,0|0,0|0,0|0,0|0,0|0,0|0
cb891d4255aeaa814337645ea284c3297b30839a,0|0,0|0,0|0,1|1,0|0,0.5|1,0|0,0|0,0|0,0.5|1,0|0,0|0,0.5|0,0|0,0|0,0|0,0|0,0|0,0|0,0|0,0|0,0|0,0|0,0|0,0|0,0|0,0|0,0|0,0|0,0|0,0|0,0|0,0|0,0|0
380be23cd3b095357fcf9acb48bfb56364c0c63c,0|0,0|0,0|0,1|1,0|0,0.5|1,0|0,0|0,0|0,0.5|1,0|0,0|0,0.5|0,0|0,0|0,0|0,0|0,0|0,0|0,0|0,0|0,0|0,0|0,0|0,0|0,0|0,0|0,0|0,0|0,0|0,0|0,0|0,0|0,0|0
48fc6a574873e8a479c47e89447953f3e9ba3643,,,,,,,,,,,,,,,,,,,,,,,,,,,,,,,,,,
ecab96a1886e80d8ca9f3e7409d542a2b601d9f7,0|0,0|0,0|0,1|1,0|0,0.5|1,0|0,0|0,0|0,0.5|1,0|0,0|0,0.5|0,0|0,0|0,0|0,0|0,0|0,0|0,0|0,0|0,0|0,0|0,0|0,0|0,0|0,0|0,0|0,0|0,0|0,0|0,0|0,0|0,0|0
2882a4589028d69e36e16045694e43c2a3dedfb8,0|0,0|0,0|0,1|1,0|0,0.5|1,0|0,0|0,0|0,0.5|1,0|0,0|0,0.5|0,0|0,0|0,0|0,0|0,0|0,0|0,0|0,0|0,0|0,0|0,0|0,0|0,0|0,0|0,0|0,0|0,0|0,0|0,0|0,0|0,0|0
c4fcf823fc753077bc3a587e2ad9d9e9a5d62393,0|0,0|0,0|0,1|1,0|0,0.5|1,0|0,0|0,0|0,0.5|1,0|0,0|0,0.5|0,0|0,0|0,0|0,0|0,0|0,0|0,0|0,0|0,0|0,0|0,0|0,0|0,0|0,0|0,0|0,0|0,0|0,0|0,0|0,0|0,0|0
6bef02fe59b0ad2616664701f8538568c3b8316d,0|0,0|0,0|0,1|1,0|0,0.5|1,0|0,0|0,0|0,0.5|1,0|0,0|0,0.5|0,0|0,0|0,0|0,0|0,0|0,0|0,0|0,0|0,0|0,0|0,0|0,0|0,0|0,0|0,0|0,0|0,0|0,0|0,0|0,0|0,0|0
ceb8351e66f631af1e59ce796981c85ba50699a5,0|0,0|0,0|0,1|1,0|0,0.5|1,0|0,0|0,0|0,0.5|1,0|0,0|0,0.5|0,0|0,0|0,0|0,0|0,0|0,0|0,0|0,0|0,0|0,0|0,0|0,0|0,0|0,0|0,0|0,0|0,0|0,0|0,0|0,0|0,0|0
787c8184416a388a26c1f3c82bf182dc06496d1c,0|0,0|0,0|0,1|1,0|0,0.5|1,0|0,0|0,0|0,0.5|1,0|0,0|0,0.5|0,0|0,0|0,0|0,0|0,0|0,0|0,0|0,0|0,0|0,0|0,0|0,0|0,0|0,0|0,0|0,0|0,0|0,0|0,0|0,0|0,0|0
15f9cd0a160847d01e1aa18f00533f25cbe94e39,0|0,0|0,0|0,1|1,0|0,0.5|1,0|0,0|0,0|0,0.5|1,0|0,0|0,0.5|0,0|0,0|0,0|0,0|0,0|0,0|0,0|0,0|0,0|0,0|0,0|0,0|0,0|0,0|0,0|0,0|0,0|0,0|0,0|0,0|0,0|0
9843e19b897bccaf7952b5bd7f988e89fadac8fb,0|0,0|0,0|0,1|1,0.5|0,0.5|1,0|0,0|0,0|0,0.5|1,0|0,0|0,0.5|0,0|0,0|0,0|0,0|0,0|0,0|0,0|0,0|0,0|0,0|0,0|0,0|0,0|0,0|0,0|0,0|0,0|0,0|0,0|0,0|0,0|0
5e0bd52e579459e8fda9f1c6406f1e376befcf17,0|0,0|0,0|0,1|1,0|0,0.5|1,0|0,0|0,0|0,0.5|1,0|0,0|0,0.5|0,0|0,0|0,0|0,0|0,0|0,0|0,0|0,0|0,0|0,0|0,0|0,0|0,0|0,0|0,0|0,0|0,0|0,0|0,0|0,0|0,0|0
aefd3829af33a7814f76137838d741fd7b1058d4,0|0,0|0,0|0,1|1,0|0,0.5|1,0|0,0|0,0|0,0.5|1,0|0,0|0,0.5|0,0|0,0|0,0|0,0|0,0|0,0|0,0|0,0|0,0|0,0|0,0|0,0|0,0|0,0|0,0|0,0|0,0|0,0|0,0|0,0|0,0|0
8cb8eb21459b5e7ccb20b1c9ca150867275b69e3,0|0,0|0,0|0,1|1,0.5|0,0.5|1,0|0,0|0,0|0,0.5|1,0|0,0|0,0.5|0,0|0,0|0,0|0,0|0,0|0,0|0,0|0,0|0,0|0,0|0,0|0,0|0,0|0,0|0,0|0,0|0,0|0,0|0,0|0,0|0,0|0
44a57aff24cb696321eb839d75b7ebbcbb49b535,0|0,0|0,0|0,1|1,0.5|0,0.5|1,0|0,0|0,0|0,0.5|1,0|0,0|0,0.5|0,0|0,0|0,0|0,0|0,0|0,0|0,0|0,0|0,0|0,0|0,0|0,0|0,0|0,0|0,0|0,0|0,0|0,0|0,0|0,0|0,0|0
0fea84f6790a52f7b1e6cb0d475d85130ca6f001,0|0,0|0,0|0,1|1,0.5|0,0.5|1,0|0,0|0,0|0,0.5|1,0|0,0|0,0.5|0,0|0,0|0,0|0,0|0,0|0,0|0,0|0,0|0,0|0,0|0,0|0,0|0,0|0,0|0,0|0,0|0,0|0,0|0,0|0,0|0,0|0
f9aa5cc327651d785fb4515fead0aace6a3b535b,0|0,0|0,0|0,1|1,0.5|0,0.5|1,0|0,0|0,0|0,0.5|1,0|0,0|0,0.5|0,0|0,0|0,0|0,0|0,0|0,0|0,0|0,0|0,0|0,0|0,0|0,0|0,0|0,0|0,0|0,0|0,0|0,0|0,0|0,0|0,0|0
5102a0a5bfd76259b6cadc9fddd395b175d269a3,0|0,0|0,0|0,1|1,0.5|0,0.5|1,0|0,0|0,0|0,0.5|1,0|0,0|0,0.5|0,0|0,0|0,0|0,0|0,0|0,0|0,0|0,0|0,0|0,0|0,0|0,0|0,0|0,0|0,0|0,0|0,0|0,0|0,0|0,0|0,0|0
23964e2800b340eb7185b446c3a154a3a1ff10fd,0|0,0|0,0|0,1|1,0.5|0,0.5|1,0|0,0|0,0|0,0.5|1,0|0,0|0,0.5|0,0|0,0|0,0|0,0|0,0|0,0|0,0|0,0|0,0|0,0|0,0|0,0|0,0|0,0|0,0|0,0|0,0|0,0|0,0|0,0|0,0|0
b31f30cae758f056233400ab2593a98bf83194f0,0|0,0|0,0|0,1|1,0.5|0,0.5|1,0|0,0|0,0|0,0.5|1,0|0,0|0,0.5|0,0|0,0|0,0|0,0|0,0|0,0|0,0|0,0|0,0|0,0|0,0|0,0|0,0|0,0|0,0|0,0|0,0|0,0|0,0|0,0|0,0|0
84a296a255ef636308c5b8bec06d3f2f4d64b8e0,0|0,0|0,0|0,1|1,0.5|0,0.5|1,0|0,0|0,0|0,0.5|1,0|0,0|0,0.5|0,0|0,0|0,0|0,0|0,0|0,0|0,0|0,0|0,0|0,0|0,0|0,0|0,0|0,0|0,0|0,0|0,0|0,0|0,0|0,0|0,0|0
5accac9d6c6c4fb8b0c568af5d7a3159dd597e44,0.5|0,0|0,0|0,1|1,0.5|0,0.5|1,0|0,0|0,0|0,0.5|1,0|0,0|0,0.5|0,0|0,0|0,0|0,0|0,0|0,0|0,0|0,0|0,0|0,0|0,0|0,0|0,0|0,0|0,0|0,0|0,0|0,0|0,0|0,0|0,0|0
4607ab374e512f47bc7a64117e9af8907c18fc81,0.5|0,0|0,0|0,1|1,0.5|0,0.5|1,0|0,0|0,0|0,0.5|1,0|0,0|0,0.5|0,0|0,0|0,0|0,0|0,0|0,0|0,0|0,0|0,0|0,0|0,0|0,0|0,0|0,0|0,0|0,0|0,0|0,0|0,0|0,0|0,0|0
d482b4279323f70cc645a7651ace41d19de6b327,0|0,0|0,0|0,1|1,0.5|0,0.5|1,0|0,0|0,0|0,0.5|1,0|0,0|0,0.5|0,0|0,0|0,0|0,0|0,0|0,0|0,0|0,0|0,0|0,0|0,0|0,0|0,0|0,0|0,0|0,0|0,0|0,0|0,0|0,0|0,0|0
9cba9d298624ebd2794e3a7d375c8e41912f8d29,0.5|0,0|0,0|0,1|1,0.5|0,0.5|1,0|0,0|0,0|0,0.5|1,0|0,0|0,0.5|0,0|0,0|0,0|0,0|0,0|0,0|0,0|0,0|0,0|0,0|0,0|0,0|0,0|0,0|0,0|0,0|0,0|0,0|0,0|0,0|0,0|0
5c322ce0b76a5132bbe5d8c155d3fe229fa4d158,0.5|0,0|0,0|0,1|1,0.5|0,0.5|1,0|0,0|0,0|0,0.5|1,0|0,0|0,0.5|0,0|0,0|0,0|0,0|0,0|0,0|0,0|0,0|0,0|0,0|0,0|0,0|0,0|0,0|0,0|0,0|0,0|0,0|0,0|0,0|0,0|0
877959117eef391293b5abff200a23bafe458754,0|0,0|0,0|0,1|1,0.5|0,0.5|1,0|0,0|0,0|0,0.5|1,0|0,0|0,0.5|0,0|0,0|0,0|0,0|0,0|0,0|0,0|0,0|0,0|0,0|0,0|0,0|0,0|0,0|0,0|0,0|0,0|0,0|0,0|0,0|0,0|0
300ce5981708858f0eb6c378c3f0243e146d6584,0.5|0,0|0,0|0,1|1,0.5|0,0.5|1,0|0,0|0,0|0,0.5|1,0|0,0|0,0.5|0,0|0,0|0,0|0,0|0,0|0,0|0,0|0,0|0,0|0,0|0,0|0,0|0,0|0,0|0,0|0,0|0,0|0,0|0,0|0,0|0,0|0
74e382a4c0133b9154972fcd7e60208996b39ba4,0.5|0,0|0,0|0,1|1,0.5|0,0.5|1,0|0,0|0,0|0,0.5|1,0|0,0|0,0.5|0,0|0,0|0,0|0,0|0,0|0,0|0,0|0,0|0,0|0,0|0,0|0,0|0,0|0,0|0,0|0,0|0,0|0,0|0,0|0,0|0,0|0
3055a05f0a229a11b5d8c65d42ab15ad17f3b714,0.5|1,0|0,0|0,1|1,0.5|0,0.5|1,0|0,0|0,0|0,0.5|1,0|0,0|0,0.5|0,0|0,0|0,0|0,0|0,0|0,0|0,0|0,0|0,0|0,0|0,0|0,0|0,0|0,0|0,0|0,0|0,0|0,0|0,0|0,0|0,0|0
3724317f7bd698abb3b3d39a6d785088b9f8db0a,0.5|1,0|0,0|0,1|1,0.5|0,0.5|1,0|0,0|0,0|0,0.5|1,0|0,0|0,0.5|0,0|0,0|0,0|0,0|0,0|0,0|0,0|0,0|0,0|0,0|0,0|0,0|0,0|0,0|0,0|0,0|0,0|0,0|0,0|0,0|0,0|0
af4860f071a10dc51b7fe640b03911ae237703de,0.5|1,0|0,0|0,1|1,0.5|0,0.5|1,0|0,0|0,0|0,0.5|1,0|0,0|0,0.5|0,0|0,0|0,0|0,0|0,0|0,0|0,0|0,0|0,0|0,0|0,0|0,0|0,0|0,0|0,0|0,0|0,0|0,0|0,0|0,0|0,0|0
6402671c2ec93bc43a69ee94adac0b882efaa76c,0.5|1,0|0,0|0,1|1,0.5|0,0.5|1,0|0,0|0,0|0,0.5|1,0|0,0|0,0.5|0,0|0,0|0,0|0,0|0,0|0,0|0,0|0,0|0,0|0,0|0,0|0,0|0,0|0,0|0,0|0,0|0,0|0,0|0,0|0,0|0,0|0
31ed8027904a95df8171d26e5a4d99c71c957a71,0.5|0,0|0,0|0,1|1,0.5|0,0.5|1,0|0,0|0,0|0,0.5|1,0|0,0|0,0.5|0,0|0,0|0,0|0,0|0,0|0,0|0,0|0,0|0,0|0,0|0,0|0,0|0,0|0,0|0,0|0,0|0,0|0,0|0,0|0,0|0,0|0
44c5cbc1178bb67ef2a6aad113cb76ca471bbfb4,0.5|0,0|0,0|0,1|1,0.5|0,0.5|1,0|0,0|0,0|0,0.5|1,0|0,0|0,0.5|0,0|0,0|0,0|0,0|0,0|0,0|0,0|0,0|0,0|0,0|0,0|0,0|0,0|0,0|0,0|0,0|0,0|0,0|0,0|0,0|0,0|0
c4b7df3509fc0c653e6cc7ee7825a9dd0d486716,0.5|0,0|0,0|0,1|1,0.5|0,0.5|1,0|0,0|0,0|0,0.5|1,0|0,0|0,0.5|0,0|0,0|0,0|0,0|0,0|0,0|0,0|0,0|0,0|0,0|0,0|0,0|0,0|0,0|0,0|0,0|0,0|0,0|0,0|0,0|0,0|0
3294fdf03973e5c7d968f4de49f2354d2cabd921,0.5|0,0|0,0|0,1|1,0.5|0,0.5|1,0|0,0|0,0|0,0.5|1,0|0,0|0,0.5|0,0|0,0|0,0|0,0|0,0|0,0|0,0|0,0|0,0|0,0|0,0|0,0|0,0|0,0|0,0|0,0|0,0|0,0|0,0|0,0|0,0|0
65ac2e1de2e40ca0c505aae555890185fa79f029,0.5|0,0|0,0|0,1|1,0.5|0,0.5|1,0|0,0|0,0|0,0.5|1,0|0,0|0,0.5|0,0|0,0|0,0|0,0|0,0|0,0|0,0|0,0|0,0|0,0|0,0|0,0|0,0|0,0|0,0|0,0|0,0|0,0|0,0|0,0|0,0|0
cb15f1b2904c0c4087bb5422cf18a7091fc5ac82,0.5|1,0|0,0|0,1|1,0.5|0,0.5|1,0|0,0|0,0|0,0.5|1,0|0,0|0,0.5|0,0|0,0|0,0|0,0|0,0|0,0|0,0|0,0|0,0|0,0|0,0|0,0|0,0|0,0|0,0|0,0|0,0|0,0|0,0|0,0|0,0|0
a551e9a6c2c8ad03d1ff75d5ad5cd08a8c14aba1,0.5|0,0|0,0|0,1|1,0.5|0,0.5|1,0|0,0|0,0|0,0.5|1,0|0,0|0,0.5|0,0|0,0|0,0|0,0|0,0|0,0|0,0|0,0|0,0|0,0|0,0|0,0|0,0|0,0|0,0|0,0|0,0|0,0|0,0|0,0|0,0|0
a79deb152383af0ca3f9b8a49ee29f6c2f87ce02,0.5|0,0|0,0|0,1|1,0.5|0,0.5|1,0|0,0|0,0|0,0.5|1,0|0,0|0,0.5|0,0|0,0|0,0|0,0|0,0|0,0|0,0|0,0|0,0|0,0|0,0|0,0|0,0|0,0|0,0|0,0|0,0|0,0|0,0|0,0|0,0|0
e9bcdd0a032abb6e7f877a0fb18985c139d8d088,0.5|0,0|0,0|0,1|1,0.5|0,0.5|1,0|0,0|0,0|0,0.5|1,0|0,0|0,0.5|0,0|0,0|0,0|0,0|0,0|0,0|0,0|0,0|0,0|0,0|0,0|0,0|0,0|0,0|0,0|0,0|0,0|0,0|0,0|0,0|0,0|0
0f1c3ef323263559b933e3895b7f198a74c539a5,0.5|0,0|0,0|0,1|1,0.5|0,0.5|1,0|0,0|0,0|0,0.5|1,0|0,0|0,0.5|0,0|0,0|0,0|0,0|0,0|0,0|0,0|0,0|0,0|0,0|0,0|0,0|0,0|0,0|0,0|0,0|0,0|0,0|0,0|0,0|0,0|0
dee60691c5842efd03dfc109e5685a965667445c,0.5|1,0|0,0|0,1|1,0.5|0,0.5|1,0|0,0|0,0|0,0.5|1,0|0,0|0,0.5|0,0|0,0|0,0|0,0|0,0|0,0|0,0|0,0|0,0|0,0|0,0|0,0|0,0|0,0|0,0|0,0|0,0|0,0|0,0|0,0|0,0|0
cd43c3906f3e31f23332499ae47965bdf00a0922,,,,,,,,,,,,,,,,,,,,,,,,,,,,,,,,,,
b739149ceff8efebb14bc012ef2872b8dbdf6ea9,0.5|0,0|0,0|0,1|1,0.5|0,0.5|1,0|0,0|0,0|0,0.5|1,0|0,0|0,0.5|0,0|0,0|0,0|0,0|0,0|0,0|0,0|0,0|0,0|0,0|0,0|0,0|0,0|0,0|0,0|0,0|0,0|0,0|0,0|0,0|0,0|0
00848a7fb579b704878548860196e1469bfa5a17,0.5|1,0|0,0|0,1|1,0.5|0,0.5|1,0|0,0|0,0|0,0.5|1,0|0,0|0,0.5|0,0|0,0|0,0|0,0|0,0|0,0|0,0|0,0|0,0|0,0|0,0|0,0|0,0|0,0|0,0|0,0|0,0|0,0|0,0|0,0|0,0|0
9ba29ef1584b7c29f5303dce51909a52da4837ee,0.5|1,0|0,0|0,1|1,0.5|0,0.5|1,0|0,0|0,0|0,0.5|1,0|0,0|0,0.5|0,0|0,0|0,0|0,0|0,0|0,0|0,0|0,0|0,0|0,0|0,0|0,0|0,0|0,0|0,0|0,0|0,0|0,0|0,0|0,0|0,0|0
299d1504e44e41869e45e38a3243d765ae287a2a,0.5|1,0|0,0|0,1|1,0.5|0,0.5|1,0|0,0|0,0|0,0.5|1,0|0,0|0,0.5|0,0|0,0|0,0|0,0|0,0|0,0|0,0|0,0|0,0|0,0|0,0|0,0|0,0|0,0|0,0|0,0|0,0|0,0|0,0|0,0|0,0|0
7e494d8d46511be4df78b7de32fd575501d1d7eb,0.5|0,0|0,0|0,1|1,0.5|0,0.5|1,0|0,0|0,0|0,0.5|1,0|0,0|0,0.5|0,0|0,0|0,0|0,0|0,0|0,0|0,0|0,0|0,0|0,0|0,0|0,0|0,0|0,0|0,0|0,0|0,0|0,0|0,0|0,0|0,0|0
71dd7e5136315ae2f760072a3d630862fb07d689,0.5|1,0|0,0|0,1|1,0.5|0,0.5|1,0|0,0|0,0|0,0.5|1,0|0,0|0,0.5|0,0|0,0|0,0|0,0|0,0|0,0|0,0|0,0|0,0|0,0|0,0|0,0|0,0|0,0|0,0|0,0|0,0|0,0|0,0|0,0|0,0|0
24a744d63a67a026594fc3409ac40176b988dee4,0.5|1,0|0,0|0,1|1,0.5|0,0.5|1,0|0,0|0,0|0,0.5|1,0|0,0|0,0.5|0,0|0,0|0,0|0,0|0,0|0,0|0,0|0,0|0,0|0,0|0,0|0,0|0,0|0,0|0,0|0,0|0,0|0,0|0,0|0,0|0,0|0
fd0c14c77b6aa639dc334923b77a420010ba50b9,0.5|1,0|0,0|0,1|1,0.5|0,0.5|1,0|0,0|0,0|0,0.5|1,0|0,0|0,0.5|0,0|0,0|0,0|0,0|0,0|0,0|0,0|0,0|0,0|0,0|0,0|0,0|0,0|0,0|0,0|0,0|0,0|0,0|0,0|0,0|0,0|0
bbd2441b22c689662897ce54f0e9ca7b774d582a,0.5|1,0|0,0|0,1|1,0.5|0,0.5|1,0|0,0|0,0|0,0.5|1,0|0,0|0,0.5|0,0|0,0|0,0|0,0|0,0|0,0|0,0|0,0|0,0|0,0|0,0|0,0|0,0|0,0|0,0|0,0|0,0|0,0|0,0|0,0|0,0|0
5bcd70d5d2a22b2d6eff0c391af2eef7c1f3dc6d,0.5|0,0|0,0|0,1|1,0.5|0,0.5|1,0|0,0|0,0|0,0.5|1,0|0,0|0,0.5|0,0|0,0|0,0|0,0|0,0|0,0|0,0|0,0|0,0|0,0|0,0|0,0|0,0|0,0|0,0|0,0|0,0|0,0|0,0|0,0|0,0|0
4185b8c67d9d64ec145544d269631125f40d1611,0.5|1,0|0,0|0,1|1,0.5|0,0.5|1,0|0,0|0,0|0,0.5|1,0|0,0|0,0.5|0,0|0,0|0,0|0,0|0,0|0,0|0,0|0,0|0,0|0,0|0,0|0,0|0,0|0,0|0,0|0,0|0,0|0,0|0,0|0,0|0,0|0
474ebf151be847186e6bc2c1381a8f7d4beff4dd,0.5|1,0|0,0|0,1|1,0.5|0,0.5|1,0|0,0|0,0|0,0.5|1,0|0,0|0,0.5|0,0|0,0|0,0|0,0|0,0|0,0|0,0|0,0|0,0|0,0|0,0|0,0|0,0|0,0|0,0|0,0|0,0|0,0|0,0|0,0|0,0|0
8215328a504a9ca01064e39a291fd244a152ce36,0.5|1,0|0,0|0,1|1,0.5|0,0.5|1,0|0,0|0,0|0,0.5|1,0|0,0|0,0.5|0,0|0,0|0,0|0,0|0,0|0,0|0,0|0,0|0,0|0,0|0,0|0,0|0,0|0,0|0,0|0,0|0,0|0,0|0,0|0,0|0,0|0
88e3dd61c67784bd5d4b66ae21972b5cab58dca6,0.5|1,0|0,0|0,1|1,0.5|0,0.5|1,0|0,0|0,0|0,0.5|1,0|0,0|0,0.5|0,0|0,0|0,0|0,0|0,0|0,0|0,0|0,0|0,0|0,0|0,0|0,0|0,0|0,0|0,0|0,0|0,0|0,0|0,0|0,0|0,0|0
7be72a8f72330c13eb51c0eb992bcb0f2a027038,0.5|1,0|0,0|0,1|1,0.5|0,0.5|1,0|0,0|0,0|0,0.5|1,0|0,0|0,0.5|0,0|0,0|0,0|0,0|0,0|0,0|0,0|0,0|0,0|0,0|0,0|0,0|0,0|0,0|0,0|0,0|0,0|0,0|0,0|0,0|0,0|0
ced8cd94978893cd6fa1dc80b68d9295f09711b1,0.5|1,0|0,0|0,1|0,0.5|0,0.5|1,0|0,0|0,0|0,0.5|1,0|0,0|0,0.5|0,0|0,0|0,0|0,0|0,0|0,0|0,0|0,0|0,0|0,0|0,0|0,0|0,0|0,0|0,0|0,0|0,0|0,0|0,0|0,0|0,0|0
e6f9e301306fff6ff85570ec8a16c0219eddaa5c,0.5|1,0|0,0|0,1|0,0.5|0,0.5|1,0|0,0|0,0|0,0.5|1,0|0,0|0,0.5|0,0|0,0|0,0|0,0|0,0|0,0|0,0|0,0|0,0|0,0|0,0|0,0|0,0|0,0|0,0|0,0|0,0|0,0|0,0|0,0|0,0|0
172db42cdfd13c5c2895339bd359c3f096fe7447,0.5|1,0|0,0|0,1|0,0.5|0,0.5|1,0|0,0|0,0|0,0.5|1,0|0,0|0,0.5|0,0|0,0|0,0|0,0|0,0|0,0|0,0|0,0|0,0|0,0|0,0|0,0|0,0|0,0|0,0|0,0|0,0|0,0|0,0|0,0|0,0|0
45f87fcac673e4d1eef91921e9b74a1887e938a1,0.5|1,0|0,0|0,1|0,0.5|0,0.5|1,0|0,0|0,0|0,0.5|1,0|0,0|0,0.5|0,0|0,0|0,0|0,0|0,0|0,0|0,0|0,0|0,0|0,0|0,0|0,0|0,0|0,0|0,0|0,0|0,0|0,0|0,0|0,0|0,0|0
b298e4fefa63e435e83495411192c12562a1d6ec,0.5|1,0|0,0|0,1|0,0.5|0,0.5|1,0|0,0|0,0|0,0.5|1,0|0,0|0,0.5|0,0|0,0|0,0|0,0|0,0|0,0|0,0|0,0|0,0|0,0|0,0|0,0|0,0|0,0|0,0|0,0|0,0|0,0|0,0|0,0|0,0|0
4d78953db484839708091c610951678ab4b2b555,0.5|1,0|0,0|0,1|0,0.5|0,0.5|1,0|0,0|0,0|0,0.5|1,0|0,0|0,0.5|0,0|0,0|0,0|0,0|0,0|0,0|0,0|0,0|0,0|0,0|0,0|0,0|0,0|0,0|0,0|0,0|0,0|0,0|0,0|0,0|0,0|0
9c5ed6ffe5b076156b5a0d2e6673f81df35423f4,0.5|0,0|0,0|0,1|0,0.5|0,0.5|0,0|0,0|0,0|0,0.5|1,0|0,0|0,0.5|0,0|0,0|0,0|0,0|0,0|0,0|0,0|0,0|0,0|0,0|0,0|0,0|0,0|0,0|0,0|0,0|0,0|0,0|0,0|0,0|0,0|0
933c0c455c91da06604163f533e9a2084cd2f6ca,0.5|0,0|0,0|0,1|0,0.5|0,0.5|0,0|0,0|0,0|0,0.5|1,0|0,0|0,0.5|0,0|0,0|0,0|0,0|0,0|0,0|0,0|0,0|0,0|0,0|0,0|0,0|0,0|0,0|0,0|0,0|0,0|0,0|0,0|0,0|0,0|0
d5fb64b8f246be04b31938ac12561fce41190b48,0.5|0,0|0,0|0,1|0,0|0,0.5|0,0|0,0|0,0|0,0.5|1,0|0,0|0,0.5|0,0|0,0|0,0|0,0|0,0|0,0|0,0|0,0|0,0|0,0|0,0|0,0|0,0|0,0|0,0|0,0|0,0|0,0|0,0|0,0|0,0|0
d40e9bf00b8214004e5179399410e6df6ec9ccba,0.5|0,0|0,0|0,1|0,0|0,0.5|0,0|0,0|0,0|0,0.5|1,0|0,0|0,0.5|0,0|0,0|0,0|0,0|0,0|0,0|0,0|0,0|0,0|0,0|0,0|0,0|0,0|0,0|0,0|0,0|0,0|0,0|0,0|0,0|0,0|0
d7a5d0cd37f82bd1ced86730db3b84fa01c32e88,0.5|0,0|0,0|0,1|0,0|0,0.5|0,0|0,0|0,0|0,0.5|1,0|0,0|0,0.5|0,0|0,0|0,0|0,0|0,0|0,0|0,0|0,0|0,0|0,0|0,0|0,0|0,0|0,0|0,0|0,0|0,0|0,0|0,0|0,0|0,0|0
52631bbc0ff8a3c4b396a9fc7e1d28372fbe4ece,0.5|0,0|0,0|0,1|0,0|0,0.5|0,0|0,0|0,0|0,0.5|1,0|0,0|0,0.5|0,0|0,0|0,0|0,0|0,0|0,0|0,0|0,0|0,0|0,0|0,0|0,0|0,0|0,0|0,0|0,0|0,0|0,0|0,0|0,0|0,0|0
67f327a7af1e182d3001ae78d8e39178eb80ea56,0.5|0,0|0,0|0,1|0,0.5|0,0.5|0,0.5|0,0.5|0,0.5|0,0.5|1,0.5|0,1|0,0.5|0,0|0,0|0,0|0,0|0,0|0,0|0,0|0,0|0,0|0,0|0,0|0,0|0,0|0,0|0,0|0,0|0,0|0,0|0,0|0,0|0,0|0
b6542504f37032fa596677e42d2a88ac6cae8735,0.5|0,0|0,0|0,1|0,0.5|0,0.5|0,0|0,0|0,0|0,0.5|1,0|0,0|0,0.5|0,0|0,0|0,0|0,0|0,0|0,0|0,0|0,0|0,0|0,0|0,0|0,0|0,0|0,0|0,0|0,0|0,0|0,0|0,0|0,0|0,0|0
02dc135e070eeb0dda9da596d82b1e4278daac25,0.5|0,0|0,0|0,1|0,0|0,0.5|0,0|0,0|0,0|0,0.5|1,0|0,0|0,0.5|0,0|0,0|0,0|0,0|0,0|0,0|0,0|0,0|0,0|0,0|0,0|0,0|0,0|0,0|0,0|0,0|0,0|0,0|0,0|0,0|0,0|0
5c82b018fccf9786c27d0a1e531c00f4b34db0ba,0.5|0,0|0,0|0,1|0,0|0,0.5|0,0|0,0|0,0|0,0.5|1,0|0,0|0,0.5|0,0|0,0|0,0|0,0|0,0|0,0|0,0|0,0|0,0|0,0|0,0|0,0|0,0|0,0|0,0|0,0|0,0|0,0|0,0|0,0|0,0|0
c7879f537104600d0e830b4328337035a6eba760,0.5|0,0|0,0|0,1|0,0|0,0.5|0,0|0,0|0,0|0,0.5|1,0|0,0|0,0.5|0,0|0,0|0,0|0,0|0,0|0,0|0,0|0,0|0,0|0,0|0,0|0,0|0,0|0,0|0,0|0,0|0,0|0,0|0,0|0,0|0,0|0
47574561c110f8065d64affc43df744ec236b04b,,,,,,,,,,,,,,,,,,,,,,,,,,,,,,,,,,
b7d25a742722e67fae7c0d8aa88e03c1c4a8c724,,,,,,,,,,,,,,,,,,,,,,,,,,,,,,,,,,
db309703091a85ad93e0658f24926bcb474309c0,,,,,,,,,,,,,,,,,,,,,,,,,,,,,,,,,,
af587e54bc8fd6019585d9a6d001b62a2fc240a1,,,,,,,,,,,,,,,,,,,,,,,,,,,,,,,,,,
dad0ffb89744ff6e90cb706d78dca9eaea3ff7d0,,,,,,,,,,,,,,,,,,,,,,,,,,,,,,,,,,
03cf7078b001a8b33e082f8c68158b11d438a8ec,,,,,,,,,,,,,,,,,,,,,,,,,,,,,,,,,,
61a9bfa195d353fa7ef5ac4ca5e79752c23e8c49,,,,,,,,,,,,,,,,,,,,,,,,,,,,,,,,,,
025bc2ebeac76e6b23f13dcd7ec264254876433c,,,,,,,,,,,,,,,,,,,,,,,,,,,,,,,,,,
c7bc0c0ba060c30bb73c30f6f2755a3bf78da593,,,,,,,,,,,,,,,,,,,,,,,,,,,,,,,,,,
bcd8276a9ff152aa0d326355098f5945fdbd90f0,,,,,,,,,,,,,,,,,,,,,,,,,,,,,,,,,,
6082d6c26c47b4e57aa9b9ff98b74f24494a55c8,,,,,,,,,,,,,,,,,,,,,,,,,,,,,,,,,,
ba8de3b805e25ad60519032850c31bf970e96b8a,,,,,,,,,,,,,,,,,,,,,,,,,,,,,,,,,,
1805bbd19e9cedf892c08b944fda766d63c39280,,,,,,,,,,,,,,,,,,,,,,,,,,,,,,,,,,
71dc76ebd828a01df4d672931f1df49bcc345423,,,,,,,,,,,,,,,,,,,,,,,,,,,,,,,,,,
b6df93d7890099749a4b2325a8b101b572a1ff87,,,,,,,,,,,,,,,,,,,,,,,,,,,,,,,,,,
c595af6fbc2a8f8ac2f34186f58bac1e7e8e063a,,,,,,,,,,,,,,,,,,,,,,,,,,,,,,,,,,
d9e16cbac03cb8ce85d3c1c21a45380e317d5206,,,,,,,,,,,,,,,,,,,,,,,,,,,,,,,,,,
ee713df5c86f7b25a0ec9fdb79447b262180c6f3,,,,,,,,,,,,,,,,,,,,,,,,,,,,,,,,,,
e8359dfbde3fb2ad1d79d40bc1dd959e44dcab6a,,,,,,,,,,,,,,,,,,,,,,,,,,,,,,,,,,
cb01c30bcf9c4eb7b018afb6a69469f2d1dd9f6f,,,,,,,,,,,,,,,,,,,,,,,,,,,,,,,,,,
34b27eec4bda0d0644cc29b9f0b49c4f6a665396,,,,,,,,,,,,,,,,,,,,,,,,,,,,,,,,,,
64fd6b78baf939ef32c3bfe118f718242d0e3f4c,,,,,,,,,,,,,,,,,,,,,,,,,,,,,,,,,,
a83f4780ccd23eee46541d5789b9be1c1f6f696c,,,,,,,,,,,,,,,,,,,,,,,,,,,,,,,,,,
9240ce54d78c888993c0ce5ff9d43c456ea24c1c,,,,,,,,,,,,,,,,,,,,,,,,,,,,,,,,,,
3594d03b332b2a24adbd465189c4e710ba8a1f79,,,,,,,,,,,,,,,,,,,,,,,,,,,,,,,,,,
2cf4384740a7bac44bb9fa2980db03b2123febdc,,,,,,,,,,,,,,,,,,,,,,,,,,,,,,,,,,
0a5dcf3c4a4fcdb35fe0b3deff42c2fec3ea3556,,,,,,,,,,,,,,,,,,,,,,,,,,,,,,,,,,
1aff524ed9ac8044116061fc8d0dc8703955bf5e,,,,,,,,,,,,,,,,,,,,,,,,,,,,,,,,,,
f3099e5d284ecba650feafef8339423520ddfb72,,,,,,,,,,,,,,,,,,,,,,,,,,,,,,,,,,
385f68f17cb62a8fced7c2dcf96389a34fefd9a4,,,,,,,,,,,,,,,,,,,,,,,,,,,,,,,,,,
2fe60549952b476d1229c7fe6d86e6c6e95de8d6,,,,,,,,,,,,,,,,,,,,,,,,,,,,,,,,,,
a1fb587f651137a4db7db24e97282fcb4c7f8bb0,,,,,,,,,,,,,,,,,,,,,,,,,,,,,,,,,,
f90e5aca7d8af91fcb7388fc405bdae909add8c9,,,,,,,,,,,,,,,,,,,,,,,,,,,,,,,,,,
d680fd2ceedc46e2e9e886162428326815e4ee76,,,,,,,,,,,,,,,,,,,,,,,,,,,,,,,,,,
d9a951facac6e95b1a99a7f8ae569c9cff2fd4d4,,,,,,,,,,,,,,,,,,,,,,,,,,,,,,,,,,
ff1fe3f4006a5142023a373a577fee014496cc25,,,,,,,,,,,,,,,,,,,,,,,,,,,,,,,,,,
e120ec32f26f1152fbeaf5765e586dbb2c0efe6c,,,,,,,,,,,,,,,,,,,,,,,,,,,,,,,,,,
1bf1c0abb671e92d7b1d0151040292340314e130,,,,,,,,,,,,,,,,,,,,,,,,,,,,,,,,,,
50a7357108e5efe1e1b9c3b407d6214f7e907e00,,,,,,,,,,,,,,,,,,,,,,,,,,,,,,,,,,
ccb29e32c1d1a5f4c6c884a6ce517722f2c0d5cc,,,,,,,,,,,,,,,,,,,,,,,,,,,,,,,,,,
2d328439f9ea58b7516bc2a8fa37892fd28fed14,,,,,,,,,,,,,,,,,,,,,,,,,,,,,,,,,,
7bfcc322c086f41df8188a493c989af21e3707d2,,,,,,,,,,,,,,,,,,,,,,,,,,,,,,,,,,
a7285fa867390042964bca4ef218329215051062,,,,,,,,,,,,,,,,,,,,,,,,,,,,,,,,,,
a79eb84ed847cc657b8f8c36fd152ad3edf02207,,,,,,,,,,,,,,,,,,,,,,,,,,,,,,,,,,
8de8821d78ac0f018e14804dece7dc00be70c05f,,,,,,,,,,,,,,,,,,,,,,,,,,,,,,,,,,
e7bc730328c10681bce4f8daf283de8e800fca1a,,,,,,,,,,,,,,,,,,,,,,,,,,,,,,,,,,
ff8fa1052cac4bea0a8a97d28856b422c5bfbe0b,,,,,,,,,,,,,,,,,,,,,,,,,,,,,,,,,,
329cdad3938ecd89257597e06e95c8e458dd6ca8,,,,,,,,,,,,,,,,,,,,,,,,,,,,,,,,,,
d97b4c70f50e54a9bfb2b97eb7e5b9616d38bfc1,,,,,,,,,,,,,,,,,,,,,,,,,,,,,,,,,,
73c1a4c6a052f467dc1ad877fbc5b4788495f730,,,,,,,,,,,,,,,,,,,,,,,,,,,,,,,,,,
a944823a381b0a3cab2cca3170d8ca8e7eae5aea,,,,,,,,,,,,,,,,,,,,,,,,,,,,,,,,,,
f90c05489f5c5d4335f2a5e3338f57c9e0c13e4a,,,,,,,,,,,,,,,,,,,,,,,,,,,,,,,,,,
b538dc05cc492c87b5c303ad96b0fd76c305f276,,,,,,,,,,,,,,,,,,,,,,,,,,,,,,,,,,
a739bf96fee8f8d88651e29d6f3ad4bf21006079,,,,,,,,,,,,,,,,,,,,,,,,,,,,,,,,,,
abe3c1adfbabf8751a0644aa6f97935700b356bf,,,,,,,,,,,,,,,,,,,,,,,,,,,,,,,,,,
62a12d5107e0481737f6c6d8fcd9138871ea73dd,,,,,,,,,,,,,,,,,,,,,,,,,,,,,,,,,,
c380273d2ea5a1fc5f532b25aa1c9eec36596ab7,,,,,,,,,,,,,,,,,,,,,,,,,,,,,,,,,,
fd18e1584c8a3452cf6ef841382ad2a644064987,,,,,,,,,,,,,,,,,,,,,,,,,,,,,,,,,,
4933924f9fe44d719ece218b0aca960b0a1ea5e4,,,,,,,,,,,,,,,,,,,,,,,,,,,,,,,,,,
ed6acfff013ef727226d56b262c67b925730669e,,,,,,,,,,,,,,,,,,,,,,,,,,,,,,,,,,
c203bdd674779c25ee0342721e41e5b722ff346c,,,,,,,,,,,,,,,,,,,,,,,,,,,,,,,,,,
d80b5acaf23ec4c2453a348b35096b99601fcde5,,,,,,,,,,,,,,,,,,,,,,,,,,,,,,,,,,
9de39a266ae28661397448764c63b41f05bdf2c0,,,,,,,,,,,,,,,,,,,,,,,,,,,,,,,,,,
73ca3178ac8816886d655ea0928a31eb1bbee5f0,,,,,,,,,,,,,,,,,,,,,,,,,,,,,,,,,,
f3f3b73cdd1f273d200e573cd0f7e5d5cfd7158f,,,,,,,,,,,,,,,,,,,,,,,,,,,,,,,,,,
065fc277d78f9f7d3035ff6e28881a4fc33fc0a9,,,,,,,,,,,,,,,,,,,,,,,,,,,,,,,,,,
f86c64eef565d5741be7f8ee940d6cfab0ef04af,,,,,,,,,,,,,,,,,,,,,,,,,,,,,,,,,,
229061eba7575433562d38902d220a3cea618f2f,,,,,,,,,,,,,,,,,,,,,,,,,,,,,,,,,,
0944d5ccfb76ad50540a42e83071812cb101104a,,,,,,,,,,,,,,,,,,,,,,,,,,,,,,,,,,
9e3c8bb9ed453a59e4027148b0de7601c3681d24,,,,,,,,,,,,,,,,,,,,,,,,,,,,,,,,,,
82ec2dbffc8ec6ba69c6464e8ba5623f5ae73d92,,,,,,,,,,,,,,,,,,,,,,,,,,,,,,,,,,
429915f9646dd0bb0ac293a38c8beade99d0a386,,,,,,,,,,,,,,,,,,,,,,,,,,,,,,,,,,
cd546a52429020d48fb711320cf016cae2ed948d,,,,,,,,,,,,,,,,,,,,,,,,,,,,,,,,,,
01614815694218c1b4a3fbfff2f3134716d8d81e,,,,,,,,,,,,,,,,,,,,,,,,,,,,,,,,,,
a7b7864a57712ad9f47e55777ad9f58d4f15d79d,,,,,,,,,,,,,,,,,,,,,,,,,,,,,,,,,,
6aa1ff65ea699430d5ab7d2641a38ac3cbab15f8,,,,,,,,,,,,,,,,,,,,,,,,,,,,,,,,,,
947c0ac7644b3539550577b81f8cce245681fa9a,,,,,,,,,,,,,,,,,,,,,,,,,,,,,,,,,,
de30b5bc722e51473721b934885297d8bfe9eae0,,,,,,,,,,,,,,,,,,,,,,,,,,,,,,,,,,
e192b62aa44e0f509435595246b0013487aadc92,,,,,,,,,,,,,,,,,,,,,,,,,,,,,,,,,,
2caa42458b9810fbb766f4fe36ae144ecf993853,,,,,,,,,,,,,,,,,,,,,,,,,,,,,,,,,,
f4a74cbff7c021342450f103623a6d9143230e85,,,,,,,,,,,,,,,,,,,,,,,,,,,,,,,,,,
d314d790853799ac4db940c852dd673dfde8d3cf,,,,,,,,,,,,,,,,,,,,,,,,,,,,,,,,,,
d0e530f3134ccd7e8d64d8bb1a76da700472eaa2,,,,,,,,,,,,,,,,,,,,,,,,,,,,,,,,,,
f82602a8557cc568b39b2e6472be4e5f9060483e,,,,,,,,,,,,,,,,,,,,,,,,,,,,,,,,,,
9f382674c3c80b0c53280540dd5f6670bc62fe41,,,,,,,,,,,,,,,,,,,,,,,,,,,,,,,,,,
3e7e36244b2cec00b9d4279d8f28fcf93666cf55,,,,,,,,,,,,,,,,,,,,,,,,,,,,,,,,,,
71e45846c8da8e9b753655bd2aebf6986fedab57,,,,,,,,,,,,,,,,,,,,,,,,,,,,,,,,,,
eeb7ccdffd55666ef8548f243b97b46ae5fc4cf9,,,,,,,,,,,,,,,,,,,,,,,,,,,,,,,,,,
8db4718130e5ea59e4f5f5ecd799886de14d09da,,,,,,,,,,,,,,,,,,,,,,,,,,,,,,,,,,
3466fae4d72c9bd2afb5d62d18cf29beb5c499f2,,,,,,,,,,,,,,,,,,,,,,,,,,,,,,,,,,
9de0ff1d34857441e9a650ac1a1a022a5648e1b2,,,,,,,,,,,,,,,,,,,,,,,,,,,,,,,,,,
bb42656cb982f60ce8f1b87f3185bdcd94eb9d0a,,,,,,,,,,,,,,,,,,,,,,,,,,,,,,,,,,
c4c6470e88210afc95262c8b9fcc27e30ca043ee,,,,,,,,,,,,,,,,,,,,,,,,,,,,,,,,,,
22b1198a0bac7fcd8db06b6619a7044b986f2408,,,,,,,,,,,,,,,,,,,,,,,,,,,,,,,,,,
a9f90ded533e4a1d574b220f4a238bc68ce841bb,,,,,,,,,,,,,,,,,,,,,,,,,,,,,,,,,,
ee8472d7bf0bf8c04297dd70c71ef8c5b89381a3,,,,,,,,,,,,,,,,,,,,,,,,,,,,,,,,,,
6af1ac3c61e75c7b08dbb048ce5df43350cf98ec,,,,,,,,,,,,,,,,,,,,,,,,,,,,,,,,,,
fcc2c3c72e19f089d75a561093d3206ec71c7091,,,,,,,,,,,,,,,,,,,,,,,,,,,,,,,,,,
9bf77eefb53acc7e044a8b95cb3bd030a4116702,,,,,,,,,,,,,,,,,,,,,,,,,,,,,,,,,,
9424e99e1101a158bc6b2b8cc4acfedb5302b043,,,,,,,,,,,,,,,,,,,,,,,,,,,,,,,,,,
01a791792acda47c71b00a1097c4649101d023d5,,,,,,,,,,,,,,,,,,,,,,,,,,,,,,,,,,
ef00fcd3d55429d8994939c65718301a8ae649ac,,,,,,,,,,,,,,,,,,,,,,,,,,,,,,,,,,
8f05300d1b2b3a2b49ece8dbb194544f32adeaf5,,,,,,,,,,,,,,,,,,,,,,,,,,,,,,,,,,
b6200740ef636f69c4738844faa532b46ef25365,,,,,,,,,,,,,,,,,,,,,,,,,,,,,,,,,,
40dbe17f830df61f82eec85ef937b71bb9042b43,,,,,,,,,,,,,,,,,,,,,,,,,,,,,,,,,,
6c2900162ce502a632002840a12dcf1e15bbf130,,,,,,,,,,,,,,,,,,,,,,,,,,,,,,,,,,
47d0175e53d954438f72134f6200812b84a5de5a,,,,,,,,,,,,,,,,,,,,,,,,,,,,,,,,,,
bcd1895a816d23b52d0479b110d50cd3e5e4fedf,,,,,,,,,,,,,,,,,,,,,,,,,,,,,,,,,,
a290838ab8616b7008883ee6ef3fa5d0a462afb2,,,,,,,,,,,,,,,,,,,,,,,,,,,,,,,,,,
bb84d2c70565acbb721a3cf0e6e95078c0dd1f90,,,,,,,,,,,,,,,,,,,,,,,,,,,,,,,,,,
441c6dcd46863c1eebc3b372562cf90189dd6905,,,,,,,,,,,,,,,,,,,,,,,,,,,,,,,,,,
1036fab9c04ee93e6c76e524d6dc6a79779dd063,,,,,,,,,,,,,,,,,,,,,,,,,,,,,,,,,,
f73b2e0ab9074fe09fe5a5978d48104c420c39b7,,,,,,,,,,,,,,,,,,,,,,,,,,,,,,,,,,
7f00262b5d1fd9777fa98c5d8f509c3355353fde,,,,,,,,,,,,,,,,,,,,,,,,,,,,,,,,,,
f801d9372438c8b01caa4bb1e23179614751af58,,,,,,,,,,,,,,,,,,,,,,,,,,,,,,,,,,
b485c078e96f246cbb30dd24b0d7ef44f263cf50,,,,,,,,,,,,,,,,,,,,,,,,,,,,,,,,,,
51f9edccdcc8959ad8f333f12bbd7036d1186003,,,,,,,,,,,,,,,,,,,,,,,,,,,,,,,,,,
c9f8fc3bb3ae167535932c59839caad7d96b5767,,,,,,,,,,,,,,,,,,,,,,,,,,,,,,,,,,
aec2d259ddf4d2a292b938e594282141dfa21e5a,,,,,,,,,,,,,,,,,,,,,,,,,,,,,,,,,,
26b12d1f9a9f114443d2de5047c18751c1285a0b,,,,,,,,,,,,,,,,,,,,,,,,,,,,,,,,,,
58949b97564153cb846014bddf5685a6ff221589,,,,,,,,,,,,,,,,,,,,,,,,,,,,,,,,,,
e3961433f4a525226b4dc465d513d404de95833a,,,,,,,,,,,,,,,,,,,,,,,,,,,,,,,,,,
f00715216733649e4ba1bcf29bc6f90f974558a2,,,,,,,,,,,,,,,,,,,,,,,,,,,,,,,,,,
ee7a63323920a15f953f5149a554b42933418838,,,,,,,,,,,,,,,,,,,,,,,,,,,,,,,,,,
b8840a89155847ec4fa766fcd9a47b1240ef9f89,,,,,,,,,,,,,,,,,,,,,,,,,,,,,,,,,,
7637a7e6f13a60a2782f20b27ca4afe8003e33a0,,,,,,,,,,,,,,,,,,,,,,,,,,,,,,,,,,
5cf6a89a1650c7960dc1af284b4efdab18a926bd,,,,,,,,,,,,,,,,,,,,,,,,,,,,,,,,,,
7edb8f8d6dd80bbe77199bad724cd39543445db0,,,,,,,,,,,,,,,,,,,,,,,,,,,,,,,,,,
fede3cae9edfa9638ec944b9d6ca80d31f67df6e,,,,,,,,,,,,,,,,,,,,,,,,,,,,,,,,,,
f7cacad007a89a1af5e5e575e7082fc3b9c8bd9d,,,,,,,,,,,,,,,,,,,,,,,,,,,,,,,,,,
2bebd7ae5ef645ea13023faacb2339663c1c2377,,,,,,,,,,,,,,,,,,,,,,,,,,,,,,,,,,
ef1d3f334a5795b5f6d71af593f31ff8205db368,,,,,,,,,,,,,,,,,,,,,,,,,,,,,,,,,,
b61f8a472b067fc7b08c1f1783591e9ed4ed2e9f,,,,,,,,,,,,,,,,,,,,,,,,,,,,,,,,,,
8b5ea6f92b9e42f681cba61756caea248045834d,,,,,,,,,,,,,,,,,,,,,,,,,,,,,,,,,,
dddff31f3c906b280f9986b1d9b03980596708a5,,,,,,,,,,,,,,,,,,,,,,,,,,,,,,,,,,
629e6f35e007b877f54bbc297ae30e1ed82cf87a,,,,,,,,,,,,,,,,,,,,,,,,,,,,,,,,,,
0e574532e1d6a99ba7bc0a4ce904475b496861ba,,,,,,,,,,,,,,,,,,,,,,,,,,,,,,,,,,
444107a776a71948cfde893a53ee72149dda5d4e,,,,,,,,,,,,,,,,,,,,,,,,,,,,,,,,,,
201e42c72426787f5aa1273056118f9615149ba9,,,,,,,,,,,,,,,,,,,,,,,,,,,,,,,,,,
890ddbeee036a831d3b3907df8cfffd05b3cb5b4,,,,,,,,,,,,,,,,,,,,,,,,,,,,,,,,,,
c84312a1112a664789a77c08b4798fa36ba37445,,,,,,,,,,,,,,,,,,,,,,,,,,,,,,,,,,
91966f92214fa6863939fa6bb02aab5a825139ea,,,,,,,,,,,,,,,,,,,,,,,,,,,,,,,,,,
b98845af7f2b7c6ebf96f436d9175ad28225c626,,,,,,,,,,,,,,,,,,,,,,,,,,,,,,,,,,
77181c0fe7959761af8db9fab53ac2ee23a22533,,,,,,,,,,,,,,,,,,,,,,,,,,,,,,,,,,
ff9520dfc88ae34eb4aaf604473c6a3e243fe700,,,,,,,,,,,,,,,,,,,,,,,,,,,,,,,,,,
36fb219981aac1a4777c1886507850d1d01d0562,,,,,,,,,,,,,,,,,,,,,,,,,,,,,,,,,,
603cd3d160c28b807c2ca50113fda00bafa51be7,1|0,1|0,1|0,0|0,0|0,0|0,,,,1|0,,,0|0,1|0,1|0,1|0,1|0,0|0,1|0,0|0,,1|0,1|0,,1|0,1|0,,,1|0,0|0,,,1|0,0|0
ddc28cb5d7bb77e4af93f21b4e8f35b1e0ba3932,0|0,0|0,0|0,1|0,0|0,1|0,,,,0|0,,,1|0,0|0,0|0,0|0,0|0,1|0,0|0,0|0,,0|0,0|0,,0|0,0|0,,,0|0,0|0,,,0|0,0|0
0f79bbf0051803086694f6e9c4b643e8dd345a75,,,,,,,,,,,,,,,,,,,,,,,,,,,,,,,,,,
39ad71fb67a0f6c693bbcf6fe9c60f2139d4b8b1,,,,,,,,,,,,,,,,,,,,,,,,,,,,,,,,,,
0f42a4e7a08380b8dead21853cbdfa93458c6b3d,,,,,,,,,,,,,,,,,,,,,,,,,,,,,,,,,,
16c387642a00d486e61e2377fae1fb57e88762d6,,,,,,,,,,,,,,,,,,,,,,,,,,,,,,,,,,
29ad12725f8db1845709cf6b92556c4f3c032a98,,,,,,,,,,,,,,,,,,,,,,,,,,,,,,,,,,
e05fd8b5f40d5d310b33785ec6720a7efb857f93,,,,,,,,,,,,,,,,,,,,,,,,,,,,,,,,,,
a42c5432d114aa2995424b2b7567a10d375eea9e,,,,,,,,,,,,,,,,,,,,,,,,,,,,,,,,,,
1c4016007ece538d83f32a2a90f42aacf3249026,,,,,,,,,,,,,,,,,,,,,,,,,,,,,,,,,,
536c7bf75cc9547ea00fa3bf8fda4919f199c3e6,,,,,,,,,,,,,,,,,,,,,,,,,,,,,,,,,,
652682d52bc33c4c3c5dacd3f319707662797d69,,,,,,,,,,,,,,,,,,,,,,,,,,,,,,,,,,
56278eca724aa11ce49c1a88f75abfd5514b27fa,,,,,,,,,,,,,,,,,,,,,,,,,,,,,,,,,,
6990df5ae8009611fa6a1782e33de0c6b732a71a,0|0,0|0,0|0,1|0,0|0,1|0,,,,1|0,,,0|0,0|0,0|0,0|0,0|0,0|0,0|0,0|0,,0|0,0|0,,0|0,0|0,,,0|0,0|0,,,0|0,0|0
629c01d1fe81281f3225aa3925c931e5666b630e,0|0,0|0,0|0,1|0,0|0,1|0,,,,1|0,,,0|0,0|0,0|0,0|0,0|0,0|0,0|0,0|0,,0|0,0|0,,0|0,0|0,,,0|0,0|0,,,0|0,0|0
7ae4343097f85f62f778f36938110f94f7671c02,0|0,0|0,0|0,1|0,0|0,1|0,,,,1|0,,,0|0,0|0,0|0,0|0,0|0,0|0,0|0,0|0,,0|0,0|0,,0|0,0|0,,,0|0,0|0,,,0|0,0|0
d628bf079a78d04b274434da6dacec460b50cc38,0|0,0|0,0|0,1|0,1|0,1|0,,,,1|0,,,0|0,0|0,0|0,0|0,0|0,0|0,0|0,0|0,,0|0,0|0,,0|0,0|0,,,0|0,0|0,,,0|0,0|0
e411d87705c65db2aafb0e774092fe57647fb31c,0|0,0|0,0|0,0|0,0|0,0|0,,,,0|0,,,0|0,0|0,0|0,0|0,0|0,0|0,0|0,0|0,,0|0,0|0,,0|0,0|0,,,0|0,0|0,,,0|0,0|0
