commit id,OSV-2020-10,OSV-2020-1075,OSV-2020-1082,OSV-2020-1314,OSV-2020-142,OSV-2020-1566,OSV-2020-177,OSV-2020-178,OSV-2020-18,OSV-2020-181,OSV-2020-185,OSV-2020-1884,OSV-2020-2126,OSV-2020-236,OSV-2020-242,OSV-2020-245,OSV-2020-39,OSV-2020-40,OSV-2020-60,OSV-2020-67,OSV-2020-70,OSV-2020-71,OSV-2020-747,OSV-2020-780,OSV-2020-806,OSV-2020-821,OSV-2020-829,OSV-2020-919,OSV-2020-92,OSV-2020-956,OSV-2021-1804,OSV-2022-1025,OSV-2022-191,OSV-2022-202,OSV-2022-325,OSV-2022-443,OSV-2022-447,OSV-2022-481,OSV-2022-695,OSV-2022-712,OSV-2023-1354,OSV-2023-19,OSV-2023-573,OSV-2024-1330,OSV-2024-552,OSV-2025-80,poc count
10738a0ca334104377e19a1e683bd13f2451a9e2,0.5|1,0|0,1|0,0|0,0.5|0,0.5|1,0.5|0,0.5|0,0.5|1,0.5|1,0.5|1,0|0,0.5|1,0.5|1,0.5|1,0.5|0,0.5|0,0.5|1,0.5|1,0.5|1,0|0,0|0,0.5|0,0.5|0,0|0,0.5|1,0.5|0,0|0,0|0,0.5|0,0|0,0|0,0|0,0.5|0,0.5|0,0|0,0|0,0|0,0|0,0|0,0|0,0|0,0|0,0|0,0|0,0|0,12
98d9f524f9ff7746d0345939fe543020f8057212,0.5|1,0|0,1|0,0|0,0.5|0,0.5|1,0.5|0,0.5|0,0.5|1,0.5|1,0.5|1,0|0,0.5|1,0.5|1,0.5|1,0.5|0,0.5|0,0.5|1,0.5|1,0.5|1,0|0,0|0,0.5|0,0.5|0,0|0,0.5|1,0.5|0,0|0,0|0,0.5|1,0|0,0|0,0|0,0.5|0,0.5|0,0|0,0|0,0|0,0|0,0|0,0|0,0|0,0|0,0|0,0|0,0|0,13
812505b56bb4508bc42e1615d6425ad26444d3f8,0.5|1,0|0,1|0,0|0,0|0,0.5|1,0.5|1,0.5|1,0.5|1,0.5|1,0.5|1,0|0,0.5|1,0|0,0|0,0|0,0|0,0.5|1,0.5|1,0.5|1,0|0,0|0,0.5|1,0|0,0|0,0.5|1,0.5|1,0|0,0|0,0.5|1,0|0,0|0,0|0,0|0,0.5|0,0|0,0|0,0|0,0|0,0|0,0|0,0|0,0|0,0|0,0|0,0|0,15
283588a37b313973d86fa04f821c0f071e26349b,0.5|1,0|0,1|0,0|0,0|0,0.5|1,0.5|1,0.5|1,0.5|1,0.5|1,0.5|1,0|0,0.5|1,0|0,0|0,0|0,0|0,0.5|1,0.5|1,0.5|1,0|0,0|0,0.5|1,0|0,0|0,0.5|1,0.5|1,0|0,0|0,0.5|1,0|0,0|0,0|0,0|0,0.5|0,0|0,0|0,0|0,0|0,0|0,0|0,0|0,0|0,0|0,0|0,0|0,15
931f51bd77b2b863cab010064d2a2d0b4f968f7e,0.5|1,0|0,1|0,0|0,0|0,0.5|1,0.5|1,0.5|1,0.5|1,0.5|1,0.5|1,0|0,0.5|1,0|0,0|0,0|0,0|0,0.5|1,0.5|1,0.5|1,0|0,0|0,0.5|1,0|0,0|0,0.5|1,0.5|1,0|0,0|0,0.5|1,0|0,0|0,0|0,0|0,0.5|0,0|0,0|0,0|0,0|0,0|0,0|0,0|0,0|0,0|0,0|0,0|0,15
5a40f9b7fd50a53a55e0d842672b68abb5543190,0.5|1,0|0,1|0,0|0,0|0,0.5|1,0.5|1,0.5|1,0.5|1,0.5|1,0.5|1,0|0,0.5|1,0|0,0|0,0|0,0|0,0.5|1,0.5|1,0.5|1,0|0,0|0,0.5|1,0|0,0|0,0.5|1,0.5|1,0|0,0|0,0.5|1,0|0,0|0,0|0,0|0,0.5|0,0|0,0|0,0|0,0|0,0|0,0|0,0|0,0|0,0|0,0|0,0|0,15
77db14fd7a8ef94e8a501944dab6c8aa919ed9ab,0.5|1,0|0,1|0,0|0,0|0,0.5|1,0.5|1,0.5|1,0.5|1,0.5|1,0.5|1,0|0,0.5|1,0|0,0|0,0|0,0|0,0.5|1,0.5|1,0.5|1,0|0,0|0,0.5|1,0|0,0|0,0.5|1,0.5|1,0|0,0|0,0.5|1,0|0,0|0,0|0,0|0,0.5|0,0|0,0|0,0|0,0|0,0|0,0|0,0|0,0|0,0|0,0|0,0|0,15
1d024ece7a7ce165e5fd8c7e048b9a4058a0b6d7,0.5|1,0|0,1|0,0|0,0|0,0.5|1,0.5|1,0.5|1,0.5|1,0.5|1,0.5|1,0|0,0.5|1,0|0,0|0,0|0,0|0,0.5|1,0.5|1,0.5|1,0|0,0|0,0.5|1,0|0,0|0,0.5|1,0.5|1,0|0,0|0,0.5|1,0|0,0|0,0|0,0|0,0.5|0,0|0,0|0,0|0,0|0,0|0,0|0,0|0,0|0,0|0,0|0,0|0,15
cbb755666eb719731d29fa6860948638c1e00478,0|1,0|0,1|0,0|0,0|0,0|1,0|1,0|1,0|1,0|1,0|1,0|0,0|1,0|0,0|0,0|0,0|0,0|1,0|1,0|1,0|0,0|0,0|1,0|0,0|0,0|1,0|1,0|0,0|0,0|1,0|0,0|0,0|0,0|0,0|0,0|0,0|0,0|0,0|0,0|0,0|0,0|0,0|0,0|0,0|0,0|0,15
5f6fd8d2a57d5f004e9661b7ce658aff7dc6ece0,0.5|1,0|0,1|0,0|0,0|0,0.5|1,0.5|1,0.5|1,0.5|1,0.5|1,0.5|1,0|0,0.5|1,0|0,0|0,0|0,0|0,0.5|1,0.5|1,0.5|1,0|0,0|0,0.5|1,0|0,0|0,0.5|1,0.5|1,0|0,0|0,0.5|1,0|0,0|0,0|0,0|0,0.5|0,0|0,0|0,0|0,0|0,0|0,0|0,0|0,0|0,0|0,0|0,0|0,15
cedbf3b636ebd318aa38aeb08a588fbf8a4eb096,0.5|1,0|0,1|0,0|0,0|0,0.5|1,0.5|1,0.5|1,0.5|1,0.5|1,0.5|1,0|0,0.5|1,0|0,0|0,0|0,0|0,0.5|1,0.5|1,0.5|1,0|0,0|0,0.5|1,0|0,0|0,0.5|1,0.5|1,0|0,0|0,0.5|1,0|0,0|0,0|0,0|0,0.5|0,0|0,0|0,0|0,0|0,0|0,0|0,0|0,0|0,0|0,0|0,0|0,15
e082134a0d369d32e08e1283941883e02c07e6d0,0.5|1,0|0,1|0,0|0,0|0,0.5|1,0.5|1,0.5|1,0.5|1,0.5|1,0.5|1,0|0,0.5|1,0|0,0|0,0|0,0|0,0.5|1,0.5|1,0.5|1,0|0,0|0,0.5|1,0|0,0|0,0.5|1,0.5|1,0|0,0|0,0.5|1,0|0,0|0,0|0,0|0,0.5|0,0|0,0|0,0|0,0|0,0|0,0|0,0|0,0|0,0|0,0|0,0|0,15
9fe8bf018ae28304b0ea2ccd3830f4f972876da0,0.5|1,0|0,1|0,0|0,0|0,0.5|1,0.5|1,0.5|1,0.5|1,0.5|1,0.5|1,0|0,0.5|1,0|0,0|0,0|0,0|0,0.5|1,0.5|1,0.5|1,0|0,0|0,0.5|1,0|0,0|0,0.5|1,0.5|1,0|0,0|0,0.5|1,0|0,0|0,0|0,0|0,0.5|0,0|0,0|0,0|0,0|0,0|0,0|0,0|0,0|0,0|0,0|0,0|0,15
6186e1ab01ffcebfe7311e7b57bfdde0d5c4669b,0.5|1,0|0,1|0,0|0,0|0,0.5|1,0.5|1,0.5|1,0.5|1,0.5|1,0.5|1,0|0,0.5|1,0|0,0|0,0|0,0|0,0.5|1,0.5|1,0.5|1,0|0,0|0,0.5|1,0|0,0|0,0.5|1,0.5|1,0|0,0|0,0.5|1,0|0,0|0,0|0,0|0,0.5|0,0|0,0|0,0|0,0|0,0|0,0|0,0|0,0|0,0|0,0|0,0|0,15
4f230943cf770069651d9f3a9f1cc486f42894c7,0.5|1,0|0,1|0,0|0,0|0,0.5|1,0.5|1,0.5|1,0.5|1,0.5|1,0.5|1,0|0,0.5|1,0|0,0|0,0|0,0|0,0.5|1,0.5|1,0.5|1,0|0,0|0,0.5|1,0|0,0|0,0.5|1,0.5|1,0|0,0|0,0.5|1,0|0,0|0,0|0,0|0,0.5|0,0|0,0|0,0|0,0|0,0|0,0|0,0|0,0|0,0|0,0|0,0|0,15
4749e61bdb96746a216abffaae069bd6ae0edf2f,0.5|1,0|0,1|0,0|0,0|0,0.5|1,0.5|1,0.5|1,0.5|1,0.5|1,0.5|1,0|0,0.5|1,0|0,0|0,0|0,0|0,0.5|1,0.5|1,0.5|1,0|0,0|0,0.5|1,0|0,0|0,0.5|1,0.5|1,0|0,0|0,0.5|1,0|0,0|0,0|0,0|0,0.5|0,0|0,0|0,0|0,0|0,0|0,0|0,0|0,0|0,0|0,0|0,0|0,15
5b888670842646b6faee744c5f245ab71238f148,0.5|1,0|0,1|0,0|0,0|0,0.5|1,0.5|1,0.5|1,0.5|1,0.5|1,0.5|1,0|0,0.5|1,0|0,0|0,0|0,0|0,0.5|1,0.5|1,0.5|1,0|0,0|0,0.5|1,0|0,0|0,0.5|1,0.5|1,0|0,0|0,0.5|1,0|0,0|0,0|0,0|0,0.5|0,0|0,0|0,0|0,0|0,0|0,0|0,0|0,0|0,0|0,0|0,0|0,15
902a1c7b4c1f95e442303b0935906a737dcdd446,0.5|1,0|0,1|0,0|0,0|0,0.5|1,0.5|1,0.5|1,0.5|1,0.5|1,0.5|1,0|0,0.5|1,0|0,0|0,0|0,0|0,0.5|1,0.5|1,0.5|1,0|0,0|0,0.5|1,0|0,0|0,0.5|1,0.5|1,0|0,0|0,0.5|1,0|0,0|0,0|0,0|0,0.5|0,0|0,0|0,0|0,0|0,0|0,0|0,0|0,0|0,0|0,0|0,0|0,15
79e1ec9f500fdcce09078e7d791c241c59930e76,0.5|1,0|0,1|0,0|0,0|0,0.5|1,0.5|1,0.5|1,0.5|1,0.5|1,0.5|1,0|0,0.5|1,0|0,0|0,0|0,0|0,0.5|1,0.5|1,0.5|1,0|0,0|0,0.5|1,0|0,0|0,0.5|1,0.5|1,0|0,0|0,0.5|1,0|0,0|0,0|0,0|0,0.5|0,0|0,0|0,0|0,0|0,0|0,0|0,0|0,0|0,0|0,0|0,0|0,15
dc5fecfc9246b304f7404d976986ea8fad7b778d,0.5|1,0|0,1|0,0|0,0|0,0.5|1,0.5|1,0.5|1,0.5|1,0.5|1,0.5|1,0|0,0.5|1,0|0,0|0,0|0,0|0,0.5|1,0.5|1,0.5|1,0|0,0|0,0.5|1,0|0,0|0,0.5|1,0.5|1,0|0,0|0,0.5|1,0|0,0|0,0|0,0|0,0.5|0,0|0,0|0,0|0,0|0,0|0,0|0,0|0,0|0,0|0,0|0,0|0,15
daa1171593300e4a74022f8f7a935658ec3de3ab,0.5|1,0|0,1|0,0|0,0|0,0.5|1,0.5|1,0.5|1,0.5|1,0.5|1,0.5|1,0|0,0.5|1,0|0,0|0,0|0,0|0,0.5|1,0.5|1,0.5|1,0|0,0|0,0.5|1,0|0,0|0,0.5|1,0.5|1,0|0,0|0,0.5|1,0|0,0|0,0|0,0|0,0.5|0,0|0,0|0,0|0,0|0,0|0,0|0,0|0,0|0,0|0,0|0,0|0,15
daf15e70bf7444649c302840e14142308c731e6c,0.5|1,0|0,1|0,0|0,0|0,0.5|1,0.5|1,0.5|1,0.5|1,0.5|1,0.5|1,0|0,0.5|1,0|0,0|0,0|0,0|0,0.5|1,0.5|1,0.5|1,0|0,0|0,0.5|1,0|0,0|0,0.5|1,0.5|1,0|0,0|0,0.5|1,0|0,0|0,0|0,0|0,0.5|0,0|0,0|0,0|0,0|0,0|0,0|0,0|0,0|0,0|0,0|0,0|0,15
e20c4acbde5f277bea70aba3e2be4f45ac382e38,0.5|1,0|0,1|0,0|0,0|0,0.5|1,0.5|1,0.5|1,0.5|1,0.5|1,0.5|1,0|0,0.5|1,0|0,0|0,0|0,0|0,0.5|1,0.5|1,0.5|1,0|0,0|0,0.5|1,0|0,0|0,0.5|1,0.5|1,0|0,0|0,0.5|1,0|0,0|0,0|0,0|0,0.5|0,0|0,0|0,0|0,0|0,0|0,0|0,0|0,0|0,0|0,0|0,0|0,15
a7a4bf32d3a78604a9e958eb9c37cd2bfa3d8563,0.5|1,0|0,1|0,0|0,0|0,0.5|1,0.5|1,0.5|1,0.5|1,0.5|1,0.5|1,0|0,0.5|1,0|0,0|0,0|0,0|0,0.5|1,0.5|1,0.5|1,0|0,0|0,0.5|1,0|0,0|0,0.5|1,0.5|1,0|0,0|0,0.5|1,0|0,0|0,0|0,0|0,0.5|0,0|0,0|0,0|0,0|0,0|0,0|0,0|0,0|0,0|0,0|0,0|0,15
87d228f78e6d6515fe080e818881f2bc5adf044c,0.5|1,0|0,1|0,0|0,0|0,0.5|1,0.5|1,0.5|1,0.5|1,0.5|1,0.5|1,0|0,0.5|1,0|0,0|0,0|0,0|0,0.5|1,0.5|1,0.5|1,0|0,0|0,0.5|1,0|0,0|0,0.5|1,0.5|1,0|0,0|0,0.5|1,0|0,0|0,0|0,0|0,0.5|0,0|0,0|0,0|0,0|0,0|0,0|0,0|0,0|0,0|0,0|0,0|0,15
d86d632fe63114792a1fa150f8290e12bfa8f71d,0.5|1,0|0,1|0,0|0,0|0,0.5|1,0.5|1,0.5|1,0.5|1,0.5|1,0.5|1,0|0,0.5|1,0|0,0|0,0|0,0|0,0.5|1,0.5|1,0.5|1,0|0,0|0,0.5|1,0|0,0|0,0.5|1,0.5|1,0|0,0|0,0.5|1,0|0,0|0,0|0,0|0,0.5|0,0|0,0|0,0|0,0|0,0|0,0|0,0|0,0|0,0|0,0|0,0|0,15
ab2a011cf9b4a6cf4ffb82726609154d6c09b753,0.5|1,0|0,1|0,0|0,0|0,0.5|1,0.5|1,0.5|1,0.5|1,0.5|1,0.5|1,0|0,0.5|1,0|0,0|0,0|0,0|0,0.5|1,0.5|1,0.5|1,0|0,0|0,0.5|1,0|0,0|0,0.5|1,0.5|1,0|0,0|0,0.5|1,0|0,0|0,0|0,0|0,0.5|0,0|0,0|0,0|0,0|0,0|0,0|0,0|0,0|0,0|0,0|0,0|0,15
c84ed5a71257d1db28036c37e90f828ed86623a0,0.5|1,0|0,1|0,0|0,0|0,0.5|1,0.5|1,0.5|1,0.5|1,0.5|1,0.5|1,0|0,0.5|1,0|0,0|0,0|0,0|0,0.5|1,0.5|1,0.5|1,0|0,0|0,0.5|1,0|0,0|0,0.5|1,0.5|1,0|0,0|0,0.5|1,0|0,0|0,0|0,0|0,0.5|0,0|0,0|0,0|0,0|0,0|0,0|0,0|0,0|0,0|0,0|0,0|0,15
ea957687e1f9444baa69d0b2b041c1b8cf70b2f6,0.5|1,0|0,1|0,0|0,0|0,0.5|1,0.5|1,0.5|1,0.5|1,0.5|1,0.5|1,0|0,0.5|1,0|0,0|0,0|0,0|0,0.5|1,0.5|1,0.5|1,0|0,0|0,0.5|1,0|0,0|0,0.5|1,0.5|1,0|0,0|0,0.5|1,0|0,0|0,0|0,0|0,0.5|0,0|0,0|0,0|0,0|0,0|0,0|0,0|0,0|0,0|0,0|0,0|0,15
5c8c2d843afc38f6246c678ea41e81b1a88bcf17,0.5|1,0|0,1|0,0|0,0|0,0.5|1,0.5|1,0.5|1,0.5|1,0.5|1,0.5|1,0|0,0.5|1,0|0,0|0,0|0,0|0,0.5|1,0.5|1,0.5|1,0|0,0|0,0.5|1,0|0,0|0,0.5|1,0.5|1,0|0,0|0,0.5|1,0|0,0|0,0|0,0|0,0.5|0,0|0,0|0,0|0,0|0,0|0,0|0,0|0,0|0,0|0,0|0,0|0,15
4e538b1e4d60de30b8643b8426d9c9e8ee9d49d7,0.5|1,0|0,1|0,0|0,0|0,0.5|1,0.5|1,0.5|1,0.5|1,0.5|1,0.5|1,0|0,0.5|1,0|0,0|0,0|0,0|0,0.5|1,0.5|1,0.5|1,0|0,0|0,0.5|1,0|0,0|0,0.5|1,0.5|1,0|0,0|0,0.5|1,0|0,0|0,0|0,0|0,0.5|0,0|0,0|0,0|0,0|0,0|0,0|0,0|0,0|0,0|0,0|0,0|0,15
c68ea3067b86b0d3bb3215d80d48d655a30459bd,0|1,0|0,0|0,0|0,0|0,0|1,0|1,0|1,0|1,0|1,0|1,0|0,0|1,0|0,0|0,0|0,0|0,0|1,0|1,0|1,0|0,0|0,0|1,0|0,0|0,0|1,0|1,0|0,0|0,0|1,0|0,0|0,0|0,0|0,0|0,0|0,0|0,0|0,0|0,0|0,0|0,0|0,0|0,0|0,0|0,0|0,15
39b1ad3087471cc6f9e11ea52b903060e0189e72,0.5|1,0|0,1|0,0|0,0|0,0.5|1,0.5|1,0.5|1,0.5|1,0.5|1,0.5|1,0|0,0.5|1,0|0,0|0,0|0,0|0,0.5|1,0.5|1,0.5|1,0|0,0|0,0.5|1,0|0,0|0,0.5|1,0.5|1,0|0,0|0,0.5|1,0|0,0|0,0|0,0|0,0.5|0,0|0,0|0,0|0,0|0,0|0,0|0,0|0,0|0,0|0,0|0,0|0,15
b5b2260f2e06d3c9a7d8d3202b2a71b0bbcacfb7,0.5|1,0|0,1|0,0|0,0|0,0.5|1,0.5|1,0.5|1,0.5|1,0.5|1,0.5|1,0|0,0.5|1,0|0,0|0,0|0,0|0,0.5|1,0.5|1,0.5|1,0|0,0|0,0.5|1,0|0,0|0,0.5|1,0.5|1,0|0,0|0,0.5|1,0|0,0|0,0|0,0|0,0.5|0,0|0,0|0,0|0,0|0,0|0,0|0,0|0,0|0,0|0,0|0,0|0,15
ff89a14b496f816b27d8a333bb022b3da34561d8,0.5|1,0|0,1|0,0|0,0|0,0.5|1,0.5|1,0.5|1,0.5|1,0.5|1,0.5|1,0|0,0.5|1,0|0,0|0,0|0,0|0,0.5|1,0.5|1,0.5|1,0|0,0|0,0.5|1,0|0,0|0,0.5|1,0.5|1,0|0,0|0,0.5|1,0|0,0|0,0|0,0|0,0.5|0,0|0,0|0,0|0,0|0,0|0,0|0,0|0,0|0,0|0,0|0,0|0,15
579dd7dff9bcb973ab83d7b222d5250de5028794,0.5|1,0|0,1|0,0|0,0|0,0.5|1,0.5|1,0.5|1,0.5|1,0.5|1,0.5|1,0|0,0.5|1,0|0,0|0,0|0,0|0,0.5|1,0.5|1,0.5|1,0|0,0|0,0.5|1,0|0,0|0,0.5|1,0.5|1,0|0,0|0,0.5|1,0|0,0|0,0|0,0|0,0.5|0,0|0,0|0,0|0,0|0,0|0,0|0,0|0,0|0,0|0,0|0,0|0,15
b97360d931d504a1c1fcfa7d2a8bb577e148be35,0.5|1,0|0,1|0,0|0,0|0,0.5|1,0.5|1,0.5|1,0.5|1,0.5|1,0.5|1,0|0,0.5|1,0|0,0|0,0|0,0|0,0.5|1,0.5|1,0.5|1,0|0,0|0,0.5|1,0|0,0|0,0.5|1,0.5|1,0|0,0|0,0.5|1,0|0,0|0,0|0,0|0,0.5|0,0|0,0|0,0|0,0|0,0|0,0|0,0|0,0|0,0|0,0|0,0|0,15
0bf2ca56a8f62059e8e3eebf931537ec75fefef3,0.5|1,0|0,1|0,0|0,0|0,0.5|1,0.5|1,0.5|1,0.5|1,0.5|1,0.5|1,0|0,0.5|1,0|0,0|0,0|0,0|0,0.5|1,0.5|1,0.5|1,0|0,0|0,0.5|1,0|0,0|0,0.5|1,0.5|1,0|0,0|0,0.5|1,0|0,0|0,0|0,0|0,0.5|0,0|0,0|0,0|0,0|0,0|0,0|0,0|0,0|0,0|0,0|0,0|0,15
b3138d5e3e44089bc22bdc58ea3c422ce67409f2,0.5|1,0|0,1|0,0|0,0|0,0.5|1,0.5|1,0.5|1,0.5|1,0.5|1,0.5|1,0|0,0.5|1,0|0,0|0,0|0,0|0,0.5|1,0.5|1,0.5|1,0|0,0|0,0.5|1,0|0,0|0,0.5|1,0.5|1,0|0,0|0,0.5|1,0|0,0|0,0|0,0|0,0.5|0,0|0,0|0,0|0,0|0,0|0,0|0,0|0,0|0,0|0,0|0,0|0,15
3422574c17a7f8d3a6c39a42ba224e3e5da354f3,0.5|1,0|0,1|0,0|0,0|0,0.5|1,0.5|1,0.5|1,0.5|1,0.5|1,0.5|1,0|0,0.5|1,0|0,0|0,0|0,0|0,0.5|1,0.5|1,0.5|1,0|0,0|0,0.5|1,0|0,0|0,0.5|1,0.5|1,0|0,0|0,0.5|1,0|0,0|0,0|0,0|0,0.5|0,0|0,0|0,0|0,0|0,0|0,0|0,0|0,0|0,0|0,0|0,0|0,15
ce4f4fbe2f6d3fe510690438db9a1b47e30c24ed,0.5|1,0|0,1|0,0|0,0|0,0.5|1,0.5|1,0.5|1,0.5|1,0.5|1,0.5|1,0|0,0.5|1,0|0,0|0,0|0,0|0,0.5|1,0.5|1,0.5|1,0|0,0|0,0.5|1,0|0,0|0,0.5|1,0.5|1,0|0,0|0,0.5|1,0|0,0|0,0|0,0|0,0.5|0,0|0,0|0,0|0,0|0,0|0,0|0,0|0,0|0,0|0,0|0,0|0,15
8486eb08ea80b779dfcba07cc3ece48bbe81bdad,0.5|1,0|0,1|0,0|0,0|0,0.5|1,0.5|1,0.5|1,0.5|1,0.5|1,0.5|1,0|0,0.5|1,0|0,0|0,0|0,0|0,0.5|1,0.5|1,0.5|1,0|0,0|0,0.5|1,0|0,0|0,0.5|1,0.5|1,0|0,0|0,0.5|1,0|0,0|0,0|0,0|0,0.5|0,0|0,0|0,0|0,0|0,0|0,0|0,0|0,0|0,0|0,0|0,0|0,15
5b11c2ffc59ecff878c8dc87ba3eb35adbb0b810,0.5|1,0|0,1|0,0|0,0|0,0.5|1,0.5|1,0.5|1,0.5|1,0.5|1,0.5|1,0|0,0.5|1,0|0,0|0,0|0,0|0,0.5|1,0.5|1,0.5|1,0|0,0|0,0.5|1,0|0,0|0,0.5|1,0.5|1,0|0,0|0,0.5|1,0|0,0|0,0|0,0|0,0.5|0,0|0,0|0,0|0,0|0,0|0,0|0,0|0,0|0,0|0,0|0,0|0,15
626fcf1418b9a0676395a7cb4485410b1147b3ef,0.5|1,0|0,1|0,0|0,0|0,0.5|1,0.5|1,0.5|1,0.5|1,0.5|1,0.5|1,0|0,0.5|1,0|0,0|0,0|0,0|0,0.5|1,0.5|1,0.5|1,0|0,0|0,0.5|1,0|0,0|0,0.5|1,0.5|1,0|0,0|0,0.5|1,0|0,0|0,0|0,0|0,0.5|0,0|0,0|0,0|0,0|0,0|0,0|0,0|0,0|0,0|0,0|0,0|0,15
9e876450222b52f24256e7dcbb1c6687325da359,0.5|1,0|0,1|0,0|0,0|0,0.5|1,0.5|1,0.5|1,0.5|1,0.5|1,0.5|1,0|0,0.5|1,0|0,0|0,0|0,0|0,0.5|1,0.5|1,0.5|1,0|0,0|0,0.5|1,0|0,0|0,0.5|1,0.5|1,0|0,0|0,0.5|1,0|0,0|0,0|0,0|0,0.5|0,0|0,0|0,0|0,0|0,0|0,0|0,0|0,0|0,0|0,0|0,0|0,15
2b6a6391920438e8c0535d45ea0007f486757530,0.5|1,0|0,1|0,0|0,0|0,0.5|1,0.5|1,0.5|1,0.5|1,0.5|1,0.5|1,0|0,0.5|1,0|0,0|0,0|0,0|0,0.5|1,0.5|1,0.5|1,0|0,0|0,0.5|1,0|0,0|0,0.5|1,0.5|1,0|0,0|0,0.5|1,0|0,0|0,0|0,0|0,0.5|0,0|0,0|0,0|0,0|0,0|0,0|0,0|0,0|0,0|0,0|0,0|0,15
6dbe81588f7cb1d40e8d33da17b790bcf3a22e94,0.5|1,0|0,1|0,0|0,0|0,0.5|1,0.5|1,0.5|1,0.5|1,0.5|1,0.5|1,0|0,0.5|1,0|0,0|0,0|0,0|0,0.5|1,0.5|1,0.5|1,0|0,0|0,0.5|1,0|0,0|0,0.5|1,0.5|1,0|0,0|0,0.5|1,0|0,0|0,0|0,0|0,0.5|0,0|0,0|0,0|0,0|0,0|0,0|0,0|0,0|0,0|0,0|0,0|0,15
3e99b736358ca11c3ba3723a1282ffd3bfc760bd,0.5|1,0|0,1|0,0|0,0|0,0.5|1,0.5|1,0.5|1,0.5|1,0.5|1,0.5|1,0|0,0.5|1,0|0,0|0,0|0,0|0,0.5|1,0.5|1,0.5|1,0|0,0|0,0.5|1,0|0,0|0,0.5|1,0.5|1,0|0,0|0,0.5|1,0|0,0|0,0|0,0|0,0.5|0,0|0,0|0,0|0,0|0,0|0,0|0,0|0,0|0,0|0,0|0,0|0,15
418ea234ae31ed9e9d9c60994d0c99022fc38a54,0|1,0|0,0|0,0|0,0|0,0|1,0|1,0|1,0|1,0|1,0|1,0|0,0|1,0|0,0|0,0|0,0|0,0|1,0|1,0|1,0|0,0|0,0|1,0|0,0|0,0|1,0|1,0|0,0|0,0|1,0|0,0|0,0|0,0|0,0|0,0|0,0|0,0|0,0|0,0|0,0|0,0|0,0|0,0|0,0|0,0|0,15
0703ab5ac558857319c2ed4a1673444006f915f8,0.5|1,0|0,1|0,0|0,0|0,0.5|1,0.5|1,0.5|1,0.5|1,0.5|1,0.5|1,0|0,0.5|1,0|0,0|0,0|0,0|0,0.5|1,0.5|1,0.5|1,0|0,0|0,0.5|1,0|0,0|0,0.5|1,0.5|1,0|0,0|0,0.5|1,0|0,0|0,0|0,0|0,0.5|0,0|0,0|0,0|0,0|0,0|0,0|0,0|0,0|0,0|0,0|0,0|0,15
88fc9232ff1a7652777e4a41d118326c27ee185a,0.5|1,0|0,1|0,0|0,0|0,0.5|1,0.5|1,0.5|1,0.5|1,0.5|1,0.5|1,0|0,0.5|1,0|0,0|0,0|0,0|0,0.5|1,0.5|1,0.5|1,0|0,0|0,0.5|1,0|0,0|0,0.5|1,0.5|1,0|0,0|0,0.5|1,0|0,0|0,0|0,0|0,0.5|0,0|0,0|0,0|0,0|0,0|0,0|0,0|0,0|0,0|0,0|0,0|0,15
2701cc94913c4bcabbed959dadf39735b7ea8a7a,0.5|1,0|0,1|0,0|0,0|0,0.5|1,0.5|1,0.5|1,0.5|1,0.5|1,0.5|1,0|0,0.5|1,0|0,0|0,0|0,0|0,0.5|1,0.5|1,0.5|1,0|0,0|0,0.5|1,0|0,0|0,0.5|1,0.5|1,0|0,0|0,0.5|1,0|0,0|0,0|0,0|0,0.5|0,0|0,0|0,0|0,0|0,0|0,0|0,0|0,0|0,0|0,0|0,0|0,15
0faba29351cb87c47b647a93270ed9243e6028eb,0.5|1,0|0,1|0,0|0,0|0,0.5|1,0.5|1,0.5|1,0.5|1,0.5|1,0.5|1,0|0,0.5|1,0|0,0|0,0|0,0|0,0.5|1,0.5|1,0.5|1,0|0,0|0,0.5|1,0|0,0|0,0.5|1,0.5|1,0|0,0|0,0.5|1,0|0,0|0,0|0,0|0,0.5|0,0|0,0|0,0|0,0|0,0|0,0|0,0|0,0|0,0|0,0|0,0|0,15
fa26c62b0c3bc3d8e95ca9d42832095eedb91bfa,0.5|1,0|0,1|0,0|0,0|0,0.5|1,0.5|1,0.5|1,0.5|1,0.5|1,0.5|1,0|0,0.5|1,0|0,0|0,0|0,0|0,0.5|1,0.5|1,0.5|1,0|0,0|0,0.5|1,0|0,0|0,0.5|1,0.5|1,0|0,0|0,0.5|1,0|0,0|0,0|0,0|0,0.5|0,0|0,0|0,0|0,0|0,0|0,0|0,0|0,0|0,0|0,0|0,0|0,15
f027ab1ae74c2d1cc79ad07b2604ffb657f3ea3d,0.5|1,0|0,1|0,0|0,0|0,0.5|1,0.5|1,0.5|1,0.5|1,0.5|1,0.5|1,0|0,0.5|1,0|0,0|0,0|0,0|0,0.5|1,0.5|1,0.5|1,0|0,0|0,0.5|1,0|0,0|0,0.5|1,0.5|1,0|0,0|0,0.5|1,0|0,0|0,0|0,0|0,0.5|0,0|0,0|0,0|0,0|0,0|0,0|0,0|0,0|0,0|0,0|0,0|0,15
2009361b89659d8075db512d9b70ff4a1ec34ae3,0.5|1,0|0,1|0,0|0,0|0,0.5|1,0.5|1,0.5|1,0.5|1,0.5|1,0.5|1,0|0,0.5|1,0|0,0|0,0|0,0|0,0.5|1,0.5|1,0.5|1,0|0,0|0,0.5|1,0|0,0|0,0.5|1,0.5|1,0|0,0|0,0.5|1,0|0,0|0,0|0,0|0,0.5|0,0|0,0|0,0|0,0|0,0|0,0|0,0|0,0|0,0|0,0|0,0|0,15
461351563575625434ab0d2a68860f46081edc69,0.5|1,0|0,1|0,0|0,0|0,0.5|1,0.5|1,0.5|1,0.5|1,0.5|1,0.5|1,0|0,0.5|1,0|0,0|0,0|0,0|0,0.5|1,0.5|1,0.5|1,0|0,0|0,0.5|1,0|0,0|0,0.5|1,0.5|1,0|0,0|0,0.5|1,0|0,0|0,0|0,0|0,0.5|0,0|0,0|0,0|0,0|0,0|0,0|0,0|0,0|0,0|0,0|0,0|0,15
af661bd6525347fbcc514ae02cdb95bb72721b2f,0.5|1,0|0,1|0,0|0,0|0,0.5|1,0.5|1,0.5|1,0.5|1,0.5|1,0.5|1,0|0,0.5|1,0|0,0|0,0|0,0|0,0.5|1,0.5|1,0.5|1,0|0,0|0,0.5|1,0|0,0|0,0.5|1,0.5|1,0|0,0|0,0.5|1,0|0,0|0,0|0,0|0,0.5|0,0|0,0|0,0|0,0|0,0|0,0|0,0|0,0|0,0|0,0|0,0|0,15
ec150892083fd858695107a4a571d3e08398b4e1,0.5|1,0|0,1|0,0|0,0|0,0.5|1,0.5|1,0.5|1,0.5|1,0.5|1,0.5|1,0|0,0.5|1,0|0,0|0,0|0,0|0,0.5|1,0.5|1,0.5|1,0|0,0|0,0.5|1,0|0,0|0,0.5|1,0.5|1,0|0,0|0,0.5|1,0|0,0|0,0|0,0|0,0.5|0,0|0,0|0,0|0,0|0,0|0,0|0,0|0,0|0,0|0,0|0,0|0,15
452ba1f339ae112492b75b0c53f5c2dd98ab92d2,0.5|0,0|0,1|0,0|0,0|0,0.5|1,0.5|1,0.5|1,0.5|1,0.5|1,0.5|1,0|0,0.5|1,0|0,0|0,0|0,0|0,0.5|1,0.5|1,0.5|1,0|0,0|0,0.5|1,0|0,0|0,0.5|1,0.5|1,0|0,0|0,0.5|1,0|0,0|0,0|0,0|0,0.5|0,0|0,0|0,0|0,0|0,0|0,0|0,0|0,0|0,0|0,0|0,0|0,14
3be263aafc7fab03728af402520063d1987a930c,0.5|1,1|0,1|0,0|0,0|0,0.5|1,0.5|1,0.5|1,0.5|1,0.5|1,0.5|1,0|0,0.5|1,0|0,0|0,0|0,0|0,0.5|1,0.5|1,0.5|1,0|0,0|0,0.5|1,0|0,0|0,0.5|1,0.5|1,0|0,0|0,0.5|1,0|0,0|0,0|0,0|0,0.5|0,0|0,0|0,0|0,0|0,0|0,0|0,0|0,0|0,0|0,0|0,0|0,15
5cad39f0e88c03b3cb4f78addf56e217b3d372f2,0.5|1,1|0,1|0,1|0,0|0,0.5|1,0.5|1,0.5|1,0.5|1,0.5|1,0.5|1,0|0,0.5|1,0|0,0|0,0|0,0|0,0.5|1,0.5|1,0.5|1,0|0,0|0,0.5|1,0|0,0|0,0.5|1,0.5|1,1|0,0|0,0.5|1,0|0,0|0,0|0,0|0,0.5|0,0|0,0|0,0|0,0|0,0|0,0|0,0|0,0|0,0|0,0|0,0|0,15
2bd89be3e2ce52afcf105cdde2b0624f758ad638,0.5|1,1|0,1|0,1|0,0|0,0.5|1,0.5|1,0.5|1,0.5|1,0.5|1,0.5|1,0|0,0.5|1,0|0,0|0,0|0,0|0,0.5|1,0.5|1,0.5|1,0|0,0|0,0.5|1,0|0,0|0,0.5|1,0.5|1,1|0,0|0,0.5|1,0|0,0|0,0|0,0|0,0.5|0,0|0,0|0,0|0,0|0,0|0,0|0,0|0,0|0,0|0,0|0,0|0,15
33d761a55a0b259ae604d9c8ee528bf51e22d143,0|1,0|0,0|0,0|0,0|0,0|1,0|1,0|1,0|1,0|1,0|1,0|0,0|1,0|0,0|0,0|0,0|0,0|1,0|1,0|1,0|0,0|0,0|1,0|0,0|0,0|1,0|1,0|0,0|0,0|1,0|0,0|0,0|0,0|0,0|0,0|0,0|0,0|0,0|0,0|0,0|0,0|0,0|0,0|0,0|0,0|0,15
ff4f32ff48eaa9b1580bce42ab7352bb156f6300,0|1,0|0,0|0,0|0,0|0,0|1,0|1,0|1,0|1,0|1,0|1,0|0,0|1,0|0,0|0,0|0,0|0,0|1,0|1,0|1,0|0,0|0,0|1,0|0,0|0,0|1,0|1,0|0,0|0,0|1,0|0,0|0,0|0,0|0,0|0,0|0,0|0,0|0,0|0,0|0,0|0,0|0,0|0,0|0,0|0,0|0,15
83bbb4cb694d1f305258d4c4a5dc4174ef6526d1,0|0,1|0,1|0,1|0,0|0,0.5|1,0.5|1,0.5|1,0.5|1,0.5|1,0.5|1,0|0,0.5|1,0|0,0|0,0|0,0|0,0.5|1,0.5|1,0.5|1,0|0,0|0,0.5|1,0|0,0|0,0.5|1,0.5|1,1|0,0|0,0.5|1,0|0,0|0,0|0,0|0,0.5|0,0|0,0|0,0|0,0|0,0|0,0|0,0|0,0|0,0|0,0|0,0|0,14
34984f1aec0eebdbee47408480c4f4cdb57cf0b3,0|0,1|0,1|0,1|0,0|0,0.5|1,0.5|1,0.5|1,0.5|1,0.5|1,0.5|1,0|0,0.5|1,0|0,0|0,0|0,0|0,0.5|1,0.5|1,0.5|1,0|0,0|0,0.5|1,0|0,0|0,0.5|1,0.5|1,1|0,0|0,0.5|1,0|0,0|0,0|0,0|0,0.5|0,0|0,0|0,0|0,0|0,0|0,0|0,0|0,0|0,0|0,0|0,0|0,14
af6c86de2838a556997451ffd8e5c761b8b634f2,0|0,1|0,1|0,1|0,0|0,0.5|1,0.5|1,0.5|1,0.5|1,0.5|1,0.5|1,0|0,0.5|1,0|0,0|0,0|0,0|0,0.5|1,0.5|1,0.5|1,0|0,0|0,0.5|1,0|0,0|0,0.5|1,0.5|1,1|0,0|0,0.5|1,0|0,0|0,0|0,0|0,0.5|0,0|0,0|0,0|0,0|0,0|0,0|0,0|0,0|0,0|0,0|0,0|0,14
a3da5604a38a1b2b240a9d692dade086148eb2e4,0|0,1|0,1|0,1|0,0|0,0.5|1,0.5|1,0.5|1,0.5|1,0.5|1,0.5|1,0|0,0.5|1,0|0,0|0,0|0,0|0,0.5|1,0.5|1,0.5|1,0|0,0|0,0.5|1,0|0,0|0,0.5|1,0.5|1,1|0,0|0,0.5|1,0|0,0|0,0|0,0|0,0.5|0,0|0,0|0,0|0,0|0,0|0,0|0,0|0,0|0,0|0,0|0,0|0,14
97fb50e837da46bac7bedeeb170cace6dd3a912c,0|0,1|0,1|0,1|0,0|0,0.5|1,0.5|1,0.5|1,0.5|1,0.5|1,0.5|1,0|0,0.5|1,0|0,0|0,0|0,0|0,0.5|1,0.5|1,0.5|1,0|0,0|0,0.5|1,0|0,0|0,0.5|1,0.5|1,1|0,0|0,0.5|1,0|0,0|0,0|0,0|0,0.5|0,0|0,0|0,0|0,0|0,0|0,0|0,0|0,0|0,0|0,0|0,0|0,14
582a01303f6a35652bfa4b627b2741c71aef56c0,0|0,1|0,1|0,1|0,0|0,0.5|1,0.5|1,0.5|1,0.5|1,0.5|1,0.5|1,0|0,0.5|1,0|0,0|0,0|0,0|0,0.5|1,0.5|1,0.5|1,0|0,0|0,0.5|1,0|0,0|0,0.5|1,0.5|1,1|0,0|0,0.5|1,0|0,0|0,0|0,0|0,0.5|0,0|0,0|0,0|0,0|0,0|0,0|0,0|0,0|0,0|0,0|0,0|0,14
3fa61a394b7314e67c97888dd686ac84609a8b02,0|0,1|0,1|0,1|0,0|0,0.5|1,0.5|1,0.5|1,0.5|1,0.5|1,0.5|1,0|0,0.5|1,0|0,0|0,0|0,0|0,0.5|1,0.5|1,0.5|1,0|0,0|0,0.5|1,0|0,0|0,0.5|1,0.5|1,1|0,0|0,0.5|1,0|0,0|0,0|0,0|0,0.5|0,0|0,0|0,0|0,0|0,0|0,0|0,0|0,0|0,0|0,0|0,0|0,14
2efc09a20e6503d99fe3d76fcc16b1892fb7c7ff,0|0,1|0,1|0,1|0,0|0,0.5|1,0.5|1,0.5|1,0.5|1,0.5|1,0.5|1,0|0,0.5|1,0|0,0|0,0|0,0|0,0.5|1,0.5|1,0.5|1,0|0,0|0,0.5|1,0|0,0|0,0.5|1,0.5|1,1|0,0|0,0.5|1,0|0,0|0,0|0,0|0,0.5|0,0|0,0|0,0|0,0|0,0|0,0|0,0|0,0|0,0|0,0|0,0|0,14
7234f369499e02f44efcbbf0efe43bae596ddc53,0|0,1|0,1|0,1|0,0|0,0.5|1,0.5|1,0.5|1,0.5|1,0.5|1,0.5|1,0|0,0.5|1,0|0,0|0,0|0,0|0,0.5|1,0.5|1,0.5|1,0|0,0|0,0.5|1,0|0,0|0,0.5|1,0.5|1,1|0,0|0,0.5|1,0|0,0|0,0|0,0|0,0.5|0,0|0,0|0,0|0,0|0,0|0,0|0,0|0,0|0,0|0,0|0,0|0,14
d4ae8a5f164167ef4fcf5b76b743e92b9e76d9dd,0|0,1|0,1|0,1|0,0|0,0.5|1,0.5|1,0.5|1,0.5|1,0.5|1,0.5|1,0|0,0.5|1,0|0,0|0,0|0,0|0,0.5|1,0.5|1,0.5|1,0|0,0|0,0.5|1,0|0,0|0,0.5|1,0.5|1,1|0,0|0,0.5|1,0|0,0|0,0|0,0|0,0.5|0,0|0,0|0,0|0,0|0,0|0,0|0,0|0,0|0,0|0,0|0,0|0,14
f89f25c1182a22fbe891fa0fc87ad7ed3e1440b5,0|0,1|0,1|0,1|0,0|0,0.5|1,0.5|1,0.5|1,0.5|1,0.5|1,0.5|1,0|0,0.5|1,0|0,0|0,0|0,0|0,0.5|1,0.5|1,0.5|1,0|0,0|0,0.5|1,0|0,0|0,0.5|1,0.5|1,1|0,0|0,0.5|1,0|0,0|0,0|0,0|0,0.5|0,0|0,0|0,0|0,0|0,0|0,0|0,0|0,0|0,0|0,0|0,0|0,14
5c52c00ea4ad8afaebd5259bc53215a1ab41569f,0|0,1|0,1|0,1|0,0|0,0.5|1,0.5|1,0.5|1,0.5|1,0.5|1,0.5|1,0|0,0.5|1,0|0,0|0,0|0,0|0,0.5|1,0.5|1,0.5|1,0|0,0|0,0.5|1,0|0,0|0,0.5|1,0.5|1,1|0,0|0,0.5|1,0|0,0|0,0|0,0|0,0.5|0,0|0,0|0,0|0,0|0,0|0,0|0,0|0,0|0,0|0,0|0,0|0,14
428661c00b061ad2b5d9cd5f0fb20a881ccec3f2,0|0,1|0,1|0,1|0,0|0,0.5|1,0.5|1,0.5|1,0.5|1,0.5|1,0.5|1,0|0,0.5|1,0|0,0|0,0|0,0|0,0.5|1,0.5|1,0.5|1,0|0,0|0,0.5|1,0|0,0|0,0.5|1,0.5|1,1|0,0|0,0.5|1,0|0,0|0,0|0,0|0,0.5|0,0|0,0|0,0|0,0|0,0|0,0|0,0|0,0|0,0|0,0|0,0|0,14
03cf975c077c0c709e48430f7f08425f4435d02e,0|0,1|0,1|0,1|0,0|0,0.5|1,0.5|1,0.5|1,0.5|1,0.5|1,0.5|1,0|0,0.5|1,0|0,0|0,0|0,0|0,0.5|1,0.5|1,0.5|1,0|0,0|0,0.5|1,0|0,0|0,0.5|1,0.5|1,1|0,0|0,0.5|1,0|0,0|0,0|0,0|0,0.5|0,0|0,0|0,0|0,0|0,0|0,0|0,0|0,0|0,0|0,0|0,0|0,14
fd9427050700aea7a7e37ad7909c09aff721a797,0|0,1|0,1|0,1|0,0|0,0.5|1,0.5|1,0.5|1,0.5|1,0.5|1,0.5|1,0|0,0.5|1,0|0,0|0,0|0,0|0,0.5|1,0.5|1,0.5|1,0|0,0|0,0.5|1,0|0,0|0,0.5|1,0.5|1,1|0,0|0,0.5|1,0|0,0|0,0|0,0|0,0.5|0,0|0,0|0,0|0,0|0,0|0,0|0,0|0,0|0,0|0,0|0,0|0,14
cb34c6b23366dcfae75a27987f4676a7de021ea3,0|0,1|0,1|0,1|0,0|0,0.5|1,0.5|1,0.5|1,0.5|1,0.5|1,0.5|1,0|0,0.5|1,0|0,0|0,0|0,0|0,0.5|1,0.5|1,0.5|1,0|0,0|0,0.5|1,0|0,0|0,0.5|1,0.5|1,1|0,0|0,0.5|1,0|0,0|0,0|0,0|0,0.5|0,0|0,0|0,0|0,0|0,0|0,0|0,0|0,0|0,0|0,0|0,0|0,14
b287dccecfecd32f114b043f395019eb3b000791,0|0,1|0,1|0,1|0,0|0,0.5|1,0.5|1,0.5|1,0.5|1,0|0,0.5|1,0|0,0.5|1,0|0,0|0,0|0,0|0,0.5|1,0|0,0.5|1,0|0,0|0,0.5|1,0|0,0|0,0.5|1,0.5|1,1|0,0|0,0.5|1,0|0,0|0,0|0,0|0,0.5|0,0|0,0|0,0|0,0|0,0|0,0|0,0|0,0|0,0|0,0|0,0|0,12
bf7dcd63c3a663cd0e1e8c567511ccfd8047d24a,0|0,1|0,1|0,1|0,0|0,0.5|1,0.5|1,0.5|1,0.5|1,0|0,0.5|1,0|0,0.5|1,0|0,0|0,0|0,0|0,0.5|1,0|0,0.5|1,0|0,0|0,0.5|1,0|0,0|0,0.5|1,0.5|1,1|0,0|0,0|0,0|0,0|0,0|0,0|0,0.5|0,0|0,0|0,0|0,0|0,0|0,0|0,0|0,0|0,0|0,0|0,0|0,11
80e9826040bf9fb411a73fa7397e1f1870a07cd7,0|0,1|0,1|0,1|0,0|0,0.5|1,0.5|1,0.5|1,0.5|1,0.5|0,0.5|1,0|0,0.5|1,0|0,0|0,0|0,0|0,0.5|1,0.5|0,0.5|1,0|0,0|0,0.5|1,0|0,0|0,0.5|1,0.5|1,1|0,0|0,0.5|0,0|0,0|0,0|0,0|0,0.5|0,0|0,0|0,0|0,0|0,0|0,0|0,0|0,0|0,0|0,0|0,0|0,11
e0a058af6726a87009cca29759ce02dfdf0d04c6,0|0,1|0,1|0,1|0,0|0,0.5|1,0.5|1,0.5|1,0.5|1,0|0,0.5|1,0|0,0.5|1,0|0,0|0,0|0,0|0,0.5|1,0|0,0.5|1,0|0,0|0,0.5|1,0|0,0|0,0.5|1,0.5|1,1|0,0|0,0|0,0|0,0|0,0|0,0|0,0.5|0,0|0,0|0,0|0,0|0,0|0,0|0,0|0,0|0,0|0,0|0,0|0,11
9796fdc0e9ab09ae954e75c28345dbc5da955659,0|0,1|0,1|0,1|0,0|0,0.5|1,0.5|1,0.5|1,0.5|1,0|0,0.5|1,0|0,0.5|1,0|0,0|0,0|0,0|0,0.5|1,0|0,0.5|1,0|0,0|0,0.5|1,0|0,0|0,0.5|1,0.5|1,1|0,0|0,0|0,0|0,0|0,0|0,0|0,0.5|0,0|0,0|0,0|0,0|0,0|0,0|0,0|0,0|0,0|0,0|0,0|0,11
bbaf9147b63df1857b006811b4190c6dd4834ee7,0|0,1|0,1|0,1|0,0|0,0.5|1,0.5|1,0.5|1,0.5|1,0|0,0.5|1,0|0,0.5|1,0|0,0|0,0|0,0|0,0.5|1,0|0,0.5|1,0|0,0|0,0.5|1,0|0,0|0,0.5|1,0.5|1,1|0,0|0,0|0,0|0,0|0,0|0,0|0,0.5|0,0|0,0|0,0|0,0|0,0|0,0|0,0|0,0|0,0|0,0|0,0|0,11
37121a9b587f179faa1c69f8b4014b2c9c9590f0,0|0,1|0,1|0,1|0,0|0,0.5|1,0.5|1,0.5|1,0.5|1,0|0,0.5|1,0|0,0.5|1,0|0,0|0,0|0,0|0,0.5|1,0|0,0.5|1,0|0,0|0,0.5|1,0|0,0|0,0.5|1,0.5|1,1|0,0|0,0|0,0|0,0|0,0|0,0|0,0.5|0,0|0,0|0,0|0,0|0,0|0,0|0,0|0,0|0,0|0,0|0,0|0,11
fdf8dd724fc86c4d38daa66b62021ae2d34f1432,0|0,1|0,1|0,1|0,0|0,0.5|1,0.5|1,0.5|1,0.5|1,0|0,0.5|1,0|0,0.5|1,0|0,0|0,0|0,0|0,0.5|1,0|0,0.5|1,0|0,0|0,0.5|1,0|0,0|0,0.5|1,0.5|1,1|0,0|0,0|0,0|0,0|0,0|0,0|0,0.5|0,0|0,0|0,0|0,0|0,0|0,0|0,0|0,0|0,0|0,0|0,0|0,11
3eb9907dd7bfd21be4980632761852eaee5aec81,0|0,1|0,1|0,1|0,0|0,0.5|1,0|1,0.5|1,0.5|1,0|0,0.5|1,0|0,0.5|1,0|0,0|0,0|0,0|0,0.5|1,0|0,0.5|1,0|0,0|0,0.5|1,0|0,0|0,0.5|1,0.5|1,1|0,0|0,0|0,0|0,0|0,0|0,0|0,0.5|0,0|0,0|0,0|0,0|0,0|0,0|0,0|0,0|0,0|0,0|0,0|0,11
ee979ac14ab8ff477ac9b331f60fd686d21bb548,0|0,1|0,1|0,1|0,0|0,0.5|1,0|1,0.5|1,0.5|1,0|0,0.5|1,0|0,0.5|1,0|0,0|0,0|0,0|0,0.5|1,0|0,0.5|1,0|0,0|0,0.5|1,0|0,0|0,0.5|1,0.5|1,1|0,0|0,0|0,0|0,0|0,0|0,0|0,0.5|0,0|0,0|0,0|0,0|0,0|0,0|0,0|0,0|0,0|0,0|0,0|0,11
c8ccf33f07e8161fa87f61c44134a9560caf37b8,0|0,1|0,1|0,1|0,0|0,0.5|1,0.5|1,0.5|1,0.5|1,0|0,0.5|1,0|0,0.5|1,0|0,0|0,0|0,0|0,0.5|1,0|0,0.5|1,0|0,0|0,0.5|1,0|0,0|0,0.5|1,0.5|1,1|0,0|0,0|0,0|0,0|0,0|0,0|0,0.5|0,0|0,0|0,0|0,0|0,0|0,0|0,0|0,0|0,0|0,0|0,0|0,11
edce5a8c1fbdf7fd7362e4ca3b44da52356487fc,0|0,1|0,1|0,1|0,0|0,0.5|1,0.5|1,0.5|1,0.5|1,0|0,0.5|1,0|0,0.5|1,0|0,0|0,0|0,0|0,0.5|1,0|0,0.5|1,0|0,0|0,0.5|1,0|0,0|0,0.5|1,0.5|1,1|0,0|0,0|0,0|0,0|0,0|0,0|0,0.5|0,0|0,0|0,0|0,0|0,0|0,0|0,0|0,0|0,0|0,0|0,0|0,11
080e23e30ebc1940be5f503b84cb397fea1323cb,0|0,1|0,1|0,1|0,0|0,0.5|1,0|1,0.5|1,0.5|1,0|0,0.5|1,0|0,0.5|1,0|0,0|0,0|0,0|0,0.5|1,0|0,0.5|1,0|0,0|0,0.5|1,0|0,0|0,0.5|1,0.5|1,1|0,0|0,0|0,0|0,0|0,0|0,0|0,0.5|0,0|0,0|0,0|0,0|0,0|0,0|0,0|0,0|0,0|0,0|0,0|0,11
90e08b3568d8963a459cf06c4e67ff6fc99298e3,0.5|0,1|0,1|0,1|0,0.5|0,0.5|1,0.5|0,0.5|1,0.5|1,0.5|0,0.5|1,0.5|0,0.5|1,0.5|0,0.5|0,0.5|0,0.5|0,0.5|1,0.5|0,0.5|1,0.5|0,0.5|0,0.5|1,0|0,0.5|0,0.5|1,0.5|1,1|0,0.5|0,0.5|0,0.5|0,0.5|0,0.5|0,0.5|0,0.5|0,0.5|0,0.5|0,0.5|0,0.5|0,0.5|0,0.5|0,0.5|0,0.5|0,0.5|0,0.5|0,0|0,10
1714d7aa52c98a4a44b4d65a0ac11541f92d0e67,0.5|0,1|0,1|0,1|0,0.5|0,0.5|1,0.5|0,0.5|1,0.5|1,0.5|0,0.5|1,0.5|0,0.5|1,0.5|0,0.5|0,0.5|0,0.5|0,0.5|1,0.5|0,0.5|1,0.5|0,0.5|0,0.5|1,0|0,0.5|0,0.5|1,0.5|1,1|0,0.5|0,0.5|0,0.5|0,0.5|0,0.5|0,0.5|0,0.5|0,0.5|0,0.5|0,0.5|0,0.5|0,0.5|0,0.5|0,0.5|0,0.5|0,0.5|0,0.5|0,0|0,10
dd80ec869ad8991b811e2e13e7cb595e2d56ea64,0.5|0,1|0,1|0,1|0,0.5|0,0.5|1,0.5|0,0.5|1,0.5|1,0.5|0,0.5|1,0.5|0,0.5|1,0.5|0,0.5|0,0.5|0,0.5|0,0.5|1,0.5|0,0.5|1,0.5|0,0.5|0,0.5|1,0|0,0.5|0,0.5|1,0.5|1,1|0,0.5|0,0.5|0,0.5|0,0.5|0,0.5|0,0.5|0,0.5|0,0.5|0,0.5|0,0.5|0,0.5|0,0.5|0,0.5|0,0.5|0,0.5|0,0.5|0,0.5|0,0|0,10
2972e29097fdcd8f445b89469d968c4f1f414891,0.5|0,1|0,1|0,1|0,0.5|0,0.5|1,0.5|0,0.5|1,0.5|1,0.5|0,0.5|1,0.5|0,0.5|1,0.5|0,0.5|0,0.5|0,0.5|0,0.5|1,0.5|0,0.5|1,0.5|0,0.5|0,0.5|1,0|0,0.5|0,0.5|1,0.5|1,1|0,0.5|0,0.5|0,0.5|0,0.5|0,0.5|0,0.5|0,0.5|0,0.5|0,0.5|0,0.5|0,0.5|0,0.5|0,0.5|0,0.5|0,0.5|0,0.5|0,0.5|0,0|0,10
5a0f60908671932b6a316f3894cbd6218e77e68c,0.5|0,1|0,1|0,1|0,0.5|0,0.5|1,0.5|0,0.5|1,0.5|1,0.5|0,0.5|1,0.5|0,0.5|1,0.5|0,0.5|0,0.5|0,0.5|0,0.5|1,0.5|0,0.5|1,0.5|0,0.5|0,0.5|1,0|0,0.5|0,0.5|1,0.5|1,1|0,0.5|0,0.5|0,0.5|0,0.5|0,0.5|0,0.5|0,0.5|0,0.5|0,0.5|0,0.5|0,0.5|0,0.5|0,0.5|0,0.5|0,0.5|0,0.5|0,0.5|0,0|0,10
40896d3d447a919cd2183a0ccd5751d1fc4ad4af,0.5|0,1|0,1|0,1|0,0.5|0,0.5|1,0.5|0,0.5|1,0.5|1,0.5|0,0.5|1,0.5|0,0.5|1,0.5|0,0.5|0,0.5|0,0.5|0,0.5|1,0.5|0,0.5|1,0.5|0,0.5|0,0.5|1,0|0,0.5|0,0.5|1,0.5|1,1|0,0.5|0,0.5|0,0.5|0,0.5|0,0.5|0,0.5|0,0.5|0,0.5|0,0.5|0,0.5|0,0.5|0,0.5|0,0.5|0,0.5|0,0.5|0,0.5|0,0.5|0,0|0,10
e67604a583d1b1b228dd174d3d3b44bf2f9edc5c,0.5|0,1|0,1|0,1|0,0.5|0,0.5|1,0.5|0,0.5|1,0.5|1,0.5|0,0.5|1,0.5|0,0.5|1,0.5|0,0.5|0,0.5|0,0.5|0,0.5|1,0.5|0,0.5|1,0.5|0,0.5|0,0.5|1,0|0,0.5|0,0.5|1,0.5|1,1|0,0.5|0,0.5|0,0.5|0,0.5|0,0.5|0,0.5|0,0.5|0,0.5|0,0.5|0,0.5|0,0.5|0,0.5|0,0.5|0,0.5|0,0.5|0,0.5|0,0.5|0,0|0,10
dcb6fde0c98ca0965b1362dcd94cc5c90b8e5c15,0.5|0,1|0,1|0,1|0,0.5|0,0.5|1,0.5|0,0.5|1,0.5|1,0.5|0,0.5|1,0.5|0,0.5|1,0.5|0,0.5|0,0.5|0,0.5|0,0.5|1,0.5|0,0.5|1,0.5|0,0.5|0,0.5|1,0|0,0.5|0,0.5|1,0.5|1,1|0,0.5|0,0.5|0,0.5|0,0.5|0,0.5|0,0.5|0,0.5|0,0.5|0,0.5|0,0.5|0,0.5|0,0.5|0,0.5|0,0.5|0,0.5|0,0.5|0,0.5|0,0|0,10
2ceff3e21471d8948aa2633313646682c21ac95d,0.5|0,1|0,1|0,1|0,0.5|0,0.5|1,0.5|0,0.5|1,0.5|1,0.5|0,0.5|1,0.5|0,0.5|1,0.5|0,0.5|0,0.5|0,0.5|0,0.5|1,0.5|0,0.5|1,0.5|0,0.5|0,0.5|1,0|0,0.5|0,0.5|1,0.5|1,1|0,0.5|0,0.5|0,0.5|0,0.5|0,0.5|0,0.5|0,0.5|0,0.5|0,0.5|0,0.5|0,0.5|0,0.5|0,0.5|0,0.5|0,0.5|0,0.5|0,0.5|0,0|0,10
f07a3294471de26c83ed9915ad71f8e57e19a854,0.5|0,1|0,1|0,1|0,0.5|0,0.5|1,0.5|0,0.5|1,0.5|1,0.5|0,0.5|1,0.5|0,0.5|1,0.5|0,0.5|0,0.5|0,0.5|0,0.5|1,0.5|0,0.5|1,0.5|0,0.5|0,0.5|1,0|0,0.5|0,0.5|1,0.5|1,1|0,0.5|0,0.5|0,0.5|0,0.5|0,0.5|0,0.5|0,0.5|0,0.5|0,0.5|0,0.5|0,0.5|0,0.5|0,0.5|0,0.5|0,0.5|0,0.5|0,0.5|0,0|0,10
e675be1a8318d9906a0e6d23baa06d7ff20a389e,0.5|0,1|0,1|0,1|0,0.5|0,0.5|1,0.5|0,0.5|1,0.5|1,0.5|0,0.5|1,0.5|0,0.5|1,0.5|0,0.5|0,0.5|0,0.5|0,0.5|1,0.5|0,0.5|1,0.5|0,0.5|0,0.5|1,0|0,0.5|0,0.5|1,0.5|1,1|0,0.5|0,0.5|0,0.5|0,0.5|0,0.5|0,0.5|0,0.5|0,0.5|0,0.5|0,0.5|0,0.5|0,0.5|0,0.5|0,0.5|0,0.5|0,0.5|0,0.5|0,0|0,10
a55c410202169d54857c9a736fe365e4ad5657a7,0.5|0,1|0,1|0,1|0,0.5|0,0.5|1,0.5|0,0.5|1,0.5|1,0.5|0,0.5|1,0.5|0,0.5|1,0.5|0,0.5|0,0.5|0,0.5|0,0.5|1,0.5|0,0.5|1,0.5|0,0.5|0,0.5|1,0|0,0.5|0,0.5|1,0.5|1,1|0,0.5|0,0.5|0,0.5|0,0.5|0,0.5|0,0.5|0,0.5|0,0.5|0,0.5|0,0.5|0,0.5|0,0.5|0,0.5|0,0.5|0,0.5|0,0.5|0,0.5|0,0|0,10
c0ec78885d39b6211b5a0a1858236e9c875e521d,0.5|0,1|0,1|0,1|0,0.5|0,0.5|1,0.5|0,0.5|1,0.5|1,0.5|0,0.5|1,0.5|0,0.5|1,0.5|0,0.5|0,0.5|0,0.5|0,0.5|1,0.5|0,0.5|1,0.5|0,0.5|0,0.5|1,0|0,0.5|0,0.5|1,0.5|1,1|0,0.5|0,0.5|0,0.5|0,0.5|0,0.5|0,0.5|0,0.5|0,0.5|0,0.5|0,0.5|0,0.5|0,0.5|0,0.5|0,0.5|0,0.5|0,0.5|0,0.5|0,0|0,10
d4c093e828ea0d361b185627101c6ab7d319485e,0.5|0,1|0,1|0,1|0,0.5|0,0.5|1,0.5|0,0.5|1,0.5|1,0.5|0,0.5|1,0.5|0,0.5|1,0.5|0,0.5|0,0.5|0,0.5|0,0.5|1,0.5|0,0.5|1,0.5|0,0.5|0,0.5|1,0|0,0.5|0,0.5|1,0.5|1,1|0,0.5|0,0.5|0,0.5|0,0.5|0,0.5|0,0.5|0,0.5|0,0.5|0,0.5|0,0.5|0,0.5|0,0.5|0,0.5|0,0.5|0,0.5|0,0.5|0,0.5|0,0|0,10
83fdfe24d09396f293f6e78ecd341526f339a995,0.5|0,1|0,1|0,1|0,0.5|0,0.5|1,0.5|0,0.5|1,0.5|1,0.5|0,0.5|1,0.5|0,0.5|1,0.5|0,0.5|0,0.5|0,0.5|0,0.5|1,0.5|0,0.5|1,0.5|0,0.5|0,0.5|1,0|0,0.5|0,0.5|1,0.5|1,1|0,0.5|0,0.5|0,0.5|0,0.5|0,0.5|0,0.5|0,0.5|0,0.5|0,0.5|0,0.5|0,0.5|0,0.5|0,0.5|0,0.5|0,0.5|0,0.5|0,0.5|0,0|0,10
933351840dbed3646aeb4f75a359649434b001eb,0.5|0,1|0,1|0,1|0,0.5|0,0.5|1,0.5|0,0.5|1,0.5|1,0.5|0,0.5|1,0.5|0,0.5|1,0.5|0,0.5|0,0.5|0,0.5|0,0.5|1,0.5|0,0.5|1,0.5|0,0.5|0,0.5|1,0|0,0.5|0,0.5|1,0.5|1,1|0,0.5|0,0.5|0,0.5|0,0.5|0,0.5|0,0.5|0,0.5|0,0.5|0,0.5|0,0.5|0,0.5|0,0.5|0,0.5|0,0.5|0,0.5|0,0.5|0,0.5|0,0|0,10
5fc9d41eb0b337958fb7c7446ca690f8ba361285,0.5|0,1|0,1|0,0|0,0.5|0,0.5|1,0.5|0,0.5|1,0.5|1,0.5|0,0.5|1,0.5|0,0.5|1,0.5|0,0.5|0,0.5|0,0.5|0,0.5|1,0.5|0,0.5|1,0.5|0,0.5|0,0.5|1,0|0,0.5|0,0.5|1,0.5|1,0|0,0.5|0,0.5|0,0.5|0,0.5|0,0.5|0,0.5|0,0.5|0,0.5|0,0.5|0,0.5|0,0.5|0,0.5|0,0.5|0,0.5|0,0.5|0,0.5|0,0.5|0,0|0,10
6fe95358812323fcf614fba8f8e5a43f43d164bb,0|0,0|0,0|0,0|0,0|0,0|1,0|0,0|1,0|1,0|0,0|1,0|0,0|1,0|0,0|0,0|0,0|0,0|1,0|0,0|1,0|0,0|0,0|1,0|0,0|0,0|1,0|1,0|0,0|0,0|0,0|0,0|0,0|0,0|0,0|0,0|0,0|0,0|0,0|0,0|0,0|0,0|0,0|0,0|0,0|0,0|0,10
9f72b15fffe21257910490ade8fb908659b01f54,0|0,0|0,0|0,0|0,0|0,0|1,0|0,0|1,0|1,0|0,0|1,0|0,0|1,0|0,0|0,0|0,0|0,0|1,0|0,0|1,0|0,0|0,0|1,0|0,0|0,0|1,0|1,0|0,0|0,0|0,0|0,0|0,0|0,0|0,0|0,0|0,0|0,0|0,0|0,0|0,0|0,0|0,0|0,0|0,0|0,0|0,10
8f45f51e6ccb8b3bf65edc2f1252da1a1dad24df,0.5|0,1|0,1|0,0|0,0.5|0,0.5|1,0.5|0,0.5|1,0.5|1,0.5|0,0.5|1,0.5|0,0.5|1,0.5|0,0.5|0,0.5|0,0.5|0,0.5|1,0.5|0,0.5|1,0.5|0,0.5|0,0.5|1,0|0,0.5|0,0.5|1,0.5|1,0|0,0.5|0,0.5|0,0.5|0,0.5|0,0.5|0,0.5|0,0.5|0,0.5|0,0.5|0,0.5|0,0.5|0,0.5|0,0.5|0,0.5|0,0.5|0,0.5|0,0.5|0,0|0,10
34ad06fef53626bc718b3e349a365f8fd0ef3646,0.5|0,1|0,1|0,1|0,0.5|0,0.5|1,0.5|0,0.5|1,0.5|1,0.5|0,0.5|1,0.5|0,0.5|1,0.5|0,0.5|0,0.5|0,0.5|0,0.5|1,0.5|0,0.5|1,0.5|0,0.5|0,0.5|1,0|0,0.5|0,0.5|1,0.5|1,1|0,0.5|0,0.5|0,0.5|0,0.5|0,0.5|0,0.5|0,0.5|0,0.5|0,0.5|0,0.5|0,0.5|0,0.5|0,0.5|0,0.5|0,0.5|0,0.5|0,0.5|0,0|0,10
7fd135a8c9ae2e6382876bbf8a771984db8c286e,0.5|0,1|0,1|0,1|0,0.5|0,0.5|1,0.5|0,0.5|1,0.5|1,0.5|0,0.5|1,0.5|0,0.5|1,0.5|0,0.5|0,0.5|0,0.5|0,0.5|1,0.5|0,0.5|1,0.5|0,0.5|0,0.5|1,0|0,0.5|0,0.5|1,0.5|1,1|0,0.5|0,0.5|0,0.5|0,0.5|0,0.5|0,0.5|0,0.5|0,0.5|0,0.5|0,0.5|0,0.5|0,0.5|0,0.5|0,0.5|0,0.5|0,0.5|0,0.5|0,0|0,10
942a71c7eb10656621a8b7ba44d2d28c69566e90,0.5|0,1|0,1|0,1|0,0.5|0,0.5|1,0.5|0,0.5|1,0.5|1,0.5|0,0.5|1,0.5|0,0.5|1,0.5|0,0.5|0,0.5|0,0.5|0,0.5|1,0.5|0,0.5|1,0.5|0,0.5|0,0.5|1,0|0,0.5|0,0.5|1,0.5|1,1|0,0.5|0,0.5|0,0.5|0,0.5|0,0.5|0,0.5|0,0.5|0,0.5|0,0.5|0,0.5|0,0.5|0,0.5|0,0.5|0,0.5|0,0.5|0,0.5|0,0.5|0,0|0,10
1e933e8b026f6f88f27d64ec2260013f38d268d0,0.5|0,1|0,1|0,1|0,0.5|0,0.5|1,0.5|0,0.5|1,0.5|1,0.5|0,0.5|1,0.5|0,0.5|1,0.5|0,0.5|0,0.5|0,0.5|0,0.5|1,0.5|0,0.5|1,0.5|0,0.5|0,0.5|1,0|0,0.5|0,0.5|1,0.5|1,1|0,0.5|0,0.5|0,0.5|0,0.5|0,0.5|0,0.5|0,0.5|0,0.5|0,0.5|0,0.5|0,0.5|0,0.5|0,0.5|0,0.5|0,0.5|0,0.5|0,0.5|0,0|0,10
4976d93d4e7ce5e63cb562fb7f0f916c3103e2de,0.5|0,1|0,1|0,1|0,0.5|0,0.5|1,0.5|0,0.5|1,0.5|1,0.5|0,0.5|1,0.5|0,0.5|1,0.5|0,0.5|0,0.5|0,0.5|0,0.5|1,0.5|0,0.5|1,0.5|0,0.5|0,0.5|1,0|0,0.5|0,0.5|1,0.5|1,1|0,0.5|0,0.5|0,0.5|0,0.5|0,0.5|0,0.5|0,0.5|0,0.5|0,0.5|0,0.5|0,0.5|0,0.5|0,0.5|0,0.5|0,0.5|0,0.5|0,0.5|0,0|0,10
3c05d4551dfb1181770416c4301a4f92415e41af,0.5|0,1|0,1|0,1|0,0.5|0,0.5|1,0.5|0,0.5|1,0.5|1,0.5|0,0.5|1,0.5|0,0.5|1,0.5|0,0.5|0,0.5|0,0.5|0,0.5|1,0.5|0,0.5|1,0.5|0,0.5|0,0.5|1,0|0,0.5|0,0.5|1,0.5|1,1|0,0.5|0,0.5|0,0.5|0,0.5|0,0.5|0,0.5|0,0.5|0,0.5|0,0.5|0,0.5|0,0.5|0,0.5|0,0.5|0,0.5|0,0.5|0,0.5|0,0.5|0,0|0,10
fe513014a8f5156b243ec2eb5e6862a0506c6632,0.5|0,1|0,1|0,1|0,0.5|0,0.5|1,0.5|0,0.5|1,0.5|1,0.5|0,0.5|1,0.5|0,0.5|1,0.5|0,0.5|0,0.5|0,0.5|0,0.5|1,0.5|0,0.5|1,0.5|0,0.5|0,0.5|1,0|0,0.5|0,0.5|1,0.5|1,1|0,0.5|0,0.5|0,0.5|0,0.5|0,0.5|0,0.5|0,0.5|0,0.5|0,0.5|0,0.5|0,0.5|0,0.5|0,0.5|0,0.5|0,0.5|0,0.5|0,0.5|0,0|0,10
7a2bcd9c395f9fe554109e04add33e9e65564d82,0.5|0,1|0,1|0,1|0,0.5|0,0.5|1,0.5|0,0.5|1,0.5|1,0.5|0,0.5|1,0.5|0,0.5|1,0.5|0,0.5|0,0.5|0,0.5|0,0.5|1,0.5|0,0.5|1,0.5|0,0.5|0,0.5|1,0|0,0.5|0,0.5|1,0.5|1,1|0,0.5|0,0.5|0,0.5|0,0.5|0,0.5|0,0.5|0,0.5|0,0.5|0,0.5|0,0.5|0,0.5|0,0.5|0,0.5|0,0.5|0,0.5|0,0.5|0,0.5|0,0|0,10
9d1340a8e7fc38aa39d0d81b4dfb596095804ae1,0.5|0,1|0,1|0,1|0,0.5|0,0.5|1,0.5|0,0.5|1,0.5|1,0.5|0,0.5|1,0.5|0,0.5|1,0.5|0,0.5|0,0.5|0,0.5|0,0.5|1,0.5|0,0.5|1,0.5|0,0.5|0,0.5|1,0|0,0.5|0,0.5|1,0.5|1,1|0,0.5|0,0.5|0,0.5|0,0.5|0,0.5|0,0.5|0,0.5|0,0.5|0,0.5|0,0.5|0,0.5|0,0.5|0,0.5|0,0.5|0,0.5|0,0.5|0,0.5|0,0|0,10
7806eb5f5b02fd78de1db20caeebc56088ebec3e,0.5|0,1|0,1|0,1|0,0.5|0,0.5|1,0.5|0,0.5|1,0.5|1,0.5|0,0.5|1,0.5|0,0.5|1,0.5|0,0.5|0,0.5|0,0.5|0,0.5|1,0.5|0,0.5|1,0.5|0,0.5|0,0.5|1,0|0,0.5|0,0.5|1,0.5|1,1|0,0.5|0,0.5|0,0.5|0,0.5|0,0.5|0,0.5|0,0.5|0,0.5|0,0.5|0,0.5|0,0.5|0,0.5|0,0.5|0,0.5|0,0.5|0,0.5|0,0.5|0,0|0,10
70ee793ff3dac24af0d0526cc40ff3639fa3feed,0.5|0,1|0,1|0,1|0,0.5|0,0.5|1,0.5|0,0.5|1,0.5|1,0.5|0,0.5|1,0.5|0,0.5|1,0.5|0,0.5|0,0.5|0,0.5|0,0.5|1,0.5|0,0.5|1,0.5|0,0.5|0,0.5|1,0|0,0.5|0,0.5|1,0.5|1,1|0,0.5|0,0.5|0,0.5|0,0.5|0,0.5|0,0.5|0,0.5|0,0.5|0,0.5|0,0.5|0,0.5|0,0.5|0,0.5|0,0.5|0,0.5|0,0.5|0,0.5|0,0|0,10
2f15ce706ffc8d0d68438b519546afc13ddd7fa5,0.5|0,1|0,1|0,1|0,0.5|0,0.5|1,0.5|0,0.5|1,0.5|1,0.5|0,0.5|1,0.5|0,0.5|1,0.5|0,0.5|0,0.5|0,0.5|0,0.5|1,0.5|0,0.5|1,0.5|0,0.5|0,0.5|1,0|0,0.5|0,0.5|1,0.5|1,1|0,0.5|0,0.5|0,0.5|0,0.5|0,0.5|0,0.5|0,0.5|0,0.5|0,0.5|0,0.5|0,0.5|0,0.5|0,0.5|0,0.5|0,0.5|0,0.5|0,0.5|0,0|0,10
e282e43279df4d1f562a7fc67994ab3ca0f66e73,0.5|0,1|0,1|0,1|0,0.5|0,0.5|1,0.5|0,0.5|1,0.5|1,0.5|0,0.5|1,0.5|0,0.5|1,0.5|0,0.5|0,0.5|0,0.5|0,0.5|1,0.5|0,0.5|1,0.5|0,0.5|0,0.5|1,0|0,0.5|0,0.5|1,0.5|1,1|0,0.5|0,0.5|0,0.5|0,0.5|0,0.5|0,0.5|0,0.5|0,0.5|0,0.5|0,0.5|0,0.5|0,0.5|0,0.5|0,0.5|0,0.5|0,0.5|0,0.5|0,0|0,10
4227be798920faf1a39565f2d6db480040060ad4,0.5|0,1|0,1|0,1|0,0.5|0,0.5|1,0.5|0,0.5|1,0.5|1,0.5|0,0.5|1,0.5|0,0.5|1,0.5|0,0.5|0,0.5|0,0.5|0,0.5|1,0.5|0,0.5|1,0.5|0,0.5|0,0.5|1,0|0,0.5|0,0.5|1,0.5|1,1|0,0.5|0,0.5|0,0.5|0,0.5|0,0.5|0,0.5|0,0.5|0,0.5|0,0.5|0,0.5|0,0.5|0,0.5|0,0.5|0,0.5|0,0.5|0,0.5|0,0.5|0,0|0,10
b2cbe76e716e628438a94d2e112acddb67ec89f2,0.5|0,1|1,1|1,1|1,0.5|0,0.5|1,0.5|0,0.5|1,0.5|1,0.5|0,0.5|1,0.5|0,0.5|1,0.5|0,0.5|0,0.5|0,0.5|0,0.5|1,0.5|0,0.5|1,0.5|0,0.5|0,0.5|1,0|0,0.5|0,0.5|1,0.5|1,1|1,0.5|0,0.5|0,0.5|0,0.5|0,0.5|0,0.5|0,0.5|0,0.5|0,0.5|0,0.5|0,0.5|0,0.5|0,0.5|0,0.5|0,0.5|0,0.5|0,0.5|0,0|0,14
e9195589d29d86da1849ad0d195900e6567354cf,0.5|0,1|1,1|1,1|1,0.5|0,0.5|1,0.5|0,0.5|1,0.5|1,0.5|0,0.5|1,0.5|0,0.5|1,0.5|0,0.5|0,0.5|0,0.5|0,0.5|0,0.5|0,0.5|1,0.5|0,0.5|0,0.5|1,0|0,0.5|0,0.5|1,0.5|1,1|1,0.5|0,0.5|0,0.5|0,0.5|0,0.5|0,0.5|0,0.5|0,0.5|0,0.5|0,0.5|0,0.5|0,0.5|0,0.5|0,0.5|0,0.5|0,0.5|0,0.5|0,0|0,13
c6acf97bfbe5ad26db3c2f5dd4d379ac674d6fb3,0.5|0,1|1,1|1,1|1,0.5|0,0.5|1,0.5|0,0.5|0,0.5|1,0.5|0,0.5|1,0.5|0,0.5|1,0.5|0,0.5|0,0.5|0,0.5|0,0.5|0,0.5|0,0.5|1,0.5|0,0.5|0,0.5|1,0|0,0.5|0,0.5|1,0.5|1,1|1,0.5|0,0.5|0,0.5|0,0.5|0,0.5|0,0.5|0,0.5|0,0.5|0,0.5|0,0.5|0,0.5|0,0.5|0,0.5|0,0.5|0,0.5|0,0.5|0,0.5|0,0|0,12
2aec630202bf976e8ee978922441a414d4176cb8,0.5|0,1|1,0|1,1|1,0.5|0,0.5|1,0.5|0,0.5|0,0.5|1,0.5|0,0.5|1,0.5|0,0.5|1,0.5|0,0.5|0,0.5|0,0.5|0,0.5|0,0.5|0,0.5|1,0.5|0,0.5|0,0.5|1,0|0,0.5|0,0.5|1,0.5|1,1|1,0.5|0,0.5|0,0.5|0,0.5|0,0.5|0,0.5|0,0.5|0,0.5|0,0.5|0,0.5|0,0.5|0,0.5|0,0.5|0,0.5|0,0.5|0,0.5|0,0.5|0,0|0,12
3e259aac986bc86aa89adc2994811bb6f26a0649,0.5|0,1|1,0|1,0|1,0.5|0,0.5|1,0.5|0,0.5|0,0.5|1,0.5|0,0.5|1,0.5|0,0.5|1,0.5|0,0.5|0,0.5|0,0.5|0,0.5|0,0.5|0,0.5|1,0.5|0,0.5|0,0.5|1,0|0,0.5|0,0.5|1,0.5|1,1|1,0.5|0,0.5|0,0.5|0,0.5|0,0.5|0,0.5|0,0.5|0,0.5|0,0.5|0,0.5|0,0.5|0,0.5|0,0.5|0,0.5|0,0.5|0,0.5|0,0.5|0,0|0,12
8cda02bb14bad44ae71317b322d895305245e713,0.5|0,1|1,1|1,1|1,0.5|0,0.5|1,0.5|0,0.5|0,0.5|1,0.5|0,0.5|1,0.5|0,0.5|1,0.5|0,0.5|0,0.5|0,0.5|0,0.5|0,0.5|0,0.5|1,0.5|0,0.5|0,0.5|1,0|0,0.5|0,0.5|1,0.5|1,1|1,0.5|0,0.5|0,0.5|0,0.5|0,0.5|0,0.5|0,0.5|0,0.5|0,0.5|0,0.5|0,0.5|0,0.5|0,0.5|0,0.5|0,0.5|0,0.5|0,0.5|0,0|0,12
a845e997209b987ef85a2562697d4d0522cb0c66,0.5|0,1|1,0|0,0|0,0.5|0,0.5|1,0.5|0,0.5|0,0.5|1,0.5|0,0.5|1,0.5|0,0.5|1,0.5|0,0.5|0,0.5|0,0.5|0,0.5|0,0.5|0,0.5|1,0.5|0,0.5|0,0.5|1,0|0,0.5|0,0.5|1,0.5|1,1|1,0.5|0,0.5|0,0.5|0,0.5|0,0.5|0,0.5|0,0.5|0,0.5|0,0.5|0,0.5|0,0.5|0,0.5|0,0.5|0,0.5|0,0.5|0,0.5|0,0.5|0,0|0,10
8c2ffc5b37bb8798f097b92864ac0464709432c3,0.5|0,1|1,0|0,0|0,0.5|0,0.5|1,0.5|0,0.5|0,0.5|1,0.5|0,0.5|1,0.5|0,0.5|1,0.5|0,0.5|0,0.5|0,0.5|0,0.5|0,0.5|0,0.5|1,0.5|0,0.5|0,0.5|1,0|0,0.5|0,0.5|1,0.5|1,1|1,0.5|0,0.5|0,0.5|0,0.5|0,0.5|0,0.5|0,0.5|0,0.5|0,0.5|0,0.5|0,0.5|0,0.5|0,0.5|0,0.5|0,0.5|0,0.5|0,0.5|0,0|0,10
00beac6b1af860eea401b477736cd7b382322f04,0.5|0,1|1,0|0,0|0,0.5|0,0.5|1,0.5|0,0.5|0,0.5|1,0.5|0,0.5|1,0.5|0,0.5|1,0.5|0,0.5|0,0.5|0,0.5|0,0.5|0,0.5|0,0.5|1,0.5|0,0.5|0,0.5|1,0|0,0.5|0,0.5|1,0.5|1,1|1,0.5|0,0.5|0,0.5|0,0.5|0,0.5|0,0.5|0,0.5|0,0.5|0,0.5|0,0.5|0,0.5|0,0.5|0,0.5|0,0.5|0,0.5|0,0.5|0,0.5|0,0|0,10
9aba94713c6334f454e051397cef7d03e1ce6cfa,0.5|0,1|1,0|0,0|0,0.5|0,0.5|1,0.5|0,0.5|0,0.5|1,0.5|0,0.5|1,0.5|0,0.5|1,0.5|0,0.5|0,0.5|0,0.5|0,0.5|0,0.5|0,0.5|1,0.5|0,0.5|0,0.5|1,0|0,0.5|0,0.5|1,0.5|1,1|1,0.5|0,0.5|0,0.5|0,0.5|0,0.5|0,0.5|0,0.5|0,0.5|0,0.5|0,0.5|0,0.5|0,0.5|0,0.5|0,0.5|0,0.5|0,0.5|0,0.5|0,0|0,10
924bc9698b6b38c49dfebee7ee2943fbf70f213e,0.5|0,1|1,0|0,0|0,0.5|0,0.5|1,0.5|0,0.5|0,0.5|1,0.5|0,0.5|1,0.5|0,0.5|1,0.5|0,0.5|0,0.5|0,0.5|0,0.5|0,0.5|0,0.5|1,0.5|0,0.5|0,0.5|1,0|0,0.5|0,0.5|1,0.5|1,1|1,0.5|0,0.5|0,0.5|0,0.5|0,0.5|0,0.5|0,0.5|0,0.5|0,0.5|0,0.5|0,0.5|0,0.5|0,0.5|0,0.5|0,0.5|0,0.5|0,0.5|0,0|0,10
1bb10863e4b25487a4951dc91d279beefdc1421c,0.5|0,1|1,0|0,0|0,0.5|0,0.5|1,0.5|0,0.5|0,0.5|1,0.5|0,0.5|1,0.5|0,0.5|1,0.5|0,0.5|0,0.5|0,0.5|0,0.5|0,0.5|0,0.5|1,0.5|0,0.5|0,0.5|1,0|0,0.5|0,0.5|1,0.5|1,1|1,0.5|0,0.5|0,0.5|0,0.5|0,0.5|0,0.5|0,0.5|0,0.5|0,0.5|0,0.5|0,0.5|0,0.5|0,0.5|0,0.5|0,0.5|0,0.5|0,0.5|0,0|0,10
7a939948027c1d3ff4e504835ac3e2b4d7658629,0.5|0,1|1,0|0,0|0,0.5|0,0.5|1,0.5|0,0.5|0,0.5|1,0.5|0,0.5|1,0.5|0,0.5|1,0.5|0,0.5|0,0.5|0,0.5|0,0.5|0,0.5|0,0.5|1,0.5|0,0.5|0,0.5|1,0|0,0.5|0,0.5|1,0.5|1,1|1,0.5|0,0.5|0,0.5|0,0.5|0,0.5|0,0.5|0,0.5|0,0.5|0,0.5|0,0.5|0,0.5|0,0.5|0,0.5|0,0.5|0,0.5|0,0.5|0,0.5|0,0|0,10
626ee52049450128764fff4fd9f27c74535b7a89,0.5|0,1|1,0|0,0|0,0.5|0,0.5|1,0.5|0,0.5|0,0.5|1,0.5|0,0.5|1,0.5|0,0.5|1,0.5|0,0.5|0,0.5|0,0.5|0,0.5|0,0.5|0,0.5|1,0.5|0,0.5|0,0.5|1,0|0,0.5|0,0.5|1,0.5|1,1|1,0.5|0,0.5|0,0.5|0,0.5|0,0.5|0,0.5|0,0.5|0,0.5|0,0.5|0,0.5|0,0.5|0,0.5|0,0.5|0,0.5|0,0.5|0,0.5|0,0.5|0,0|0,10
cd78740cafa2cfd9d65a1f2662d93611afd9fef3,0.5|0,1|1,0|0,0|0,0.5|0,0.5|1,0.5|0,0.5|0,0.5|1,0.5|0,0.5|1,0.5|0,0.5|1,0.5|0,0.5|0,0.5|0,0.5|0,0.5|0,0.5|0,0.5|1,0.5|0,0.5|0,0.5|1,0|0,0.5|0,0.5|1,0.5|1,1|1,0.5|0,0.5|0,0.5|0,0.5|0,0.5|0,0.5|0,0.5|0,0.5|0,0.5|0,0.5|0,0.5|0,0.5|0,0.5|0,0.5|0,0.5|0,0.5|0,0.5|0,0|0,10
906d7fe0c12de2b43053c623de2397086cd1b1b1,0.5|0,1|1,0|0,0|0,0.5|0,0.5|1,0.5|0,0.5|0,0.5|1,0.5|0,0.5|1,0.5|0,0.5|1,0.5|0,0.5|0,0.5|0,0.5|0,0.5|0,0.5|0,0.5|1,0.5|0,0.5|0,0.5|1,0|0,0.5|0,0.5|1,0.5|1,1|1,0.5|0,0.5|0,0.5|0,0.5|0,0.5|0,0.5|0,0.5|0,0.5|0,0.5|0,0.5|0,0.5|0,0.5|0,0.5|0,0.5|0,0.5|0,0.5|0,0.5|0,0|0,10
9d53c3c3b8a778d0e65e45df2da67e7eea444bd3,0.5|0,1|1,0|0,0|0,0.5|0,0.5|1,0.5|0,0.5|0,0.5|1,0.5|0,0.5|1,0.5|0,0.5|1,0.5|0,0.5|0,0.5|0,0.5|0,0.5|0,0.5|0,0.5|1,0.5|0,0.5|0,0.5|1,0|0,0.5|0,0.5|1,0.5|1,1|1,0.5|0,0.5|0,0.5|0,0.5|0,0.5|0,0.5|0,0.5|0,0.5|0,0.5|0,0.5|0,0.5|0,0.5|0,0.5|0,0.5|0,0.5|0,0.5|0,0.5|0,0|0,10
92bd223c34769838fe6e2c3d7e2c00cbfd1d049e,0.5|0,1|1,0|0,0|0,0.5|0,0.5|1,0.5|0,0.5|0,0.5|1,0.5|0,0.5|1,0.5|0,0.5|1,0.5|0,0.5|0,0.5|0,0.5|0,0.5|0,0.5|0,0.5|1,0.5|0,0.5|0,0.5|1,0|0,0.5|0,0.5|1,0.5|1,1|1,0.5|0,0.5|0,0.5|0,0.5|0,0.5|0,0.5|0,0.5|0,0.5|0,0.5|0,0.5|0,0.5|0,0.5|0,0.5|0,0.5|0,0.5|0,0.5|0,0.5|0,0|0,10
1c1a18d12fbeeb56f69e639ec925412ab01a140a,0.5|0,1|1,0|0,0|0,0.5|0,0.5|1,0.5|0,0.5|0,0.5|1,0.5|0,0.5|1,0.5|0,0.5|1,0.5|0,0.5|0,0.5|0,0.5|0,0.5|0,0.5|0,0.5|1,0.5|0,0.5|0,0.5|1,0|0,0.5|0,0.5|1,0.5|1,1|1,0.5|0,0.5|0,0.5|0,0.5|0,0.5|0,0.5|0,0.5|0,0.5|0,0.5|0,0.5|0,0.5|0,0.5|0,0.5|0,0.5|0,0.5|0,0.5|0,0.5|0,0|0,10
7add3acc53a8ebce27853a8aaa6a3ca3612c24e2,0.5|0,1|1,0|0,0|0,0.5|0,0.5|1,0.5|0,0.5|0,0.5|1,0.5|0,0.5|1,0.5|0,0.5|1,0.5|0,0.5|0,0.5|0,0.5|0,0.5|0,0.5|0,0.5|1,0.5|0,0.5|0,0.5|1,0|0,0.5|0,0.5|1,0.5|1,1|1,0.5|0,0.5|0,0.5|0,0.5|0,0.5|0,0.5|0,0.5|0,0.5|0,0.5|0,0.5|0,0.5|0,0.5|0,0.5|0,0.5|0,0.5|0,0.5|0,0.5|0,0|0,10
d26349e08204c79fd6dd163e669b16b46e41f1c4,0.5|0,1|1,0|0,0|0,0.5|0,0.5|1,0.5|0,0.5|0,0.5|1,0.5|0,0.5|1,0.5|0,0.5|1,0.5|0,0.5|0,0.5|0,0.5|0,0.5|0,0.5|0,0.5|1,0.5|0,0.5|0,0.5|1,0|0,0.5|0,0.5|1,0.5|1,1|1,0.5|0,0.5|0,0.5|0,0.5|0,0.5|0,0.5|0,0.5|0,0.5|0,0.5|0,0.5|0,0.5|0,0.5|0,0.5|0,0.5|0,0.5|0,0.5|0,0.5|0,0|0,10
df5cf597870f934828f53d36086782419f4e5d03,0.5|0,1|1,0|0,0|0,0.5|0,0.5|1,0.5|0,0.5|0,0.5|1,0.5|0,0.5|1,0.5|0,0.5|1,0.5|0,0.5|0,0.5|0,0.5|0,0.5|0,0.5|0,0.5|1,0.5|0,0.5|0,0.5|1,0|0,0.5|0,0.5|1,0.5|1,1|1,0.5|0,0.5|0,0.5|0,0.5|0,0.5|0,0.5|0,0.5|0,0.5|0,0.5|0,0.5|0,0.5|0,0.5|0,0.5|0,0.5|0,0.5|0,0.5|0,0.5|0,0|0,10
40be74c629acd8909f2794855554af422c615c0e,0.5|0,1|1,0|0,0|0,0.5|0,0.5|1,0.5|0,0.5|0,0.5|1,0.5|0,0.5|1,0.5|0,0.5|1,0.5|0,0.5|0,0.5|0,0.5|0,0.5|0,0.5|0,0.5|1,0.5|0,0.5|0,0.5|1,0|0,0.5|0,0.5|1,0.5|1,1|1,0.5|0,0.5|0,0.5|0,0.5|0,0.5|0,0.5|0,0.5|0,0.5|0,0.5|0,0.5|0,0.5|0,0.5|0,0.5|0,0.5|0,0.5|0,0.5|0,0.5|0,0|0,10
c8a176746568f145737935912421e03d342f925f,0.5|0,1|1,0|0,0|0,0.5|0,0.5|1,0.5|0,0.5|0,0.5|1,0.5|0,0.5|1,0.5|0,0.5|1,0.5|0,0.5|0,0.5|0,0.5|0,0.5|0,0.5|0,0.5|1,0.5|0,0.5|0,0.5|1,0|0,0.5|0,0.5|1,0.5|1,1|1,0.5|0,0.5|0,0.5|0,0.5|0,0.5|0,0.5|0,0.5|0,0.5|0,0.5|0,0.5|0,0.5|0,0.5|0,0.5|0,0.5|0,0.5|0,0.5|0,0.5|0,0|0,10
a2b163becad4e9ff68551d67df951af4007bdaca,0.5|0,1|1,0|0,0|0,0.5|0,0.5|1,0.5|0,0.5|0,0.5|1,0.5|0,0.5|1,0.5|0,0.5|1,0.5|0,0.5|0,0.5|0,0.5|0,0.5|0,0.5|0,0.5|1,0.5|0,0.5|0,0.5|1,0|0,0.5|0,0.5|1,0.5|1,1|1,0.5|0,0.5|0,0.5|0,0.5|0,0.5|0,0.5|0,0.5|0,0.5|0,0.5|0,0.5|0,0.5|0,0.5|0,0.5|0,0.5|0,0.5|0,0.5|0,0.5|0,0|0,10
6c3cbe50e24c1d6b278643fb825e76ec09b7bb88,0.5|0,1|1,0|0,0|0,0.5|0,0.5|1,0.5|0,0.5|0,0.5|1,0.5|0,0.5|1,0.5|0,0.5|1,0.5|0,0.5|0,0.5|0,0.5|0,0.5|0,0.5|0,0.5|1,0.5|0,0.5|0,0.5|1,0|0,0.5|0,0.5|1,0.5|1,1|1,0.5|0,0.5|0,0.5|0,0.5|0,0.5|0,0.5|0,0.5|0,0.5|0,0.5|0,0.5|0,0.5|0,0.5|0,0.5|0,0.5|0,0.5|0,0.5|0,0.5|0,0|0,10
4d95dae2ae2beabbd9c4ceb86444a9643781ab8f,0.5|0,1|1,0|0,0|0,0.5|0,0.5|1,0.5|0,0.5|0,0.5|1,0.5|0,0.5|1,0.5|0,0.5|1,0.5|0,0.5|0,0.5|0,0.5|0,0.5|0,0.5|0,0.5|1,0.5|0,0.5|0,0.5|1,0|0,0.5|0,0.5|1,0.5|1,1|1,0.5|0,0.5|0,0.5|0,0.5|0,0.5|0,0.5|0,0.5|0,0.5|0,0.5|0,0.5|0,0.5|0,0.5|0,0.5|0,0.5|0,0.5|0,0.5|0,0.5|0,0|0,10
ac17e0bea7a4629477ab32b6624daa9c6484b9b6,0|0,0|1,0|0,0|0,0|0,0|1,0|0,0|0,0|1,0|0,0|1,0|0,0|1,0|0,0|0,0|0,0|0,0|0,0|0,0|1,0|0,0|0,0|1,0|0,0|0,0|1,0|1,0|1,0|0,0|0,0|0,0|0,0|0,0|0,0|0,0|0,0|0,0|0,0|0,0|0,0|0,0|0,0|0,0|0,0|0,0|0,10
779d9a6e517e742002b1bb096bc4757e37169c4d,0.5|0,1|1,0|0,0|0,0.5|0,0.5|1,0.5|0,0.5|0,0.5|1,0.5|0,0.5|1,0.5|0,0.5|1,0.5|0,0.5|0,0.5|0,0.5|0,0.5|0,0.5|0,0.5|1,0.5|0,0.5|0,0.5|1,0|0,0.5|0,0.5|1,0.5|1,1|1,0.5|0,0.5|0,0.5|0,0.5|0,0.5|0,0.5|0,0.5|0,0.5|0,0.5|0,0.5|0,0.5|0,0.5|0,0.5|0,0.5|0,0.5|0,0.5|0,0.5|0,0|0,10
47a4507d9ee6bd224d3b76e22a0efdab0b949d9d,0.5|0,1|1,0|0,0|0,0.5|0,0.5|1,0.5|0,0.5|0,0.5|1,0.5|0,0.5|1,0.5|0,0.5|1,0.5|0,0.5|0,0.5|0,0.5|0,0.5|0,0.5|0,0.5|1,0.5|0,0.5|0,0.5|1,0|0,0.5|0,0.5|1,0.5|1,1|1,0.5|0,0.5|0,0.5|0,0.5|0,0.5|0,0.5|0,0.5|0,0.5|0,0.5|0,0.5|0,0.5|0,0.5|0,0.5|0,0.5|0,0.5|0,0.5|0,0.5|0,0|0,10
9cf016c5f1f6141c9ae798bba8d5ab2930e417b9,0.5|0,1|1,0|0,0|0,0.5|0,0.5|1,0.5|0,0.5|0,0.5|1,0.5|0,0.5|1,0.5|0,0.5|1,0.5|0,0.5|0,0.5|0,0.5|0,0.5|0,0.5|0,0.5|1,0.5|0,0.5|0,0.5|1,0|0,0.5|0,0.5|1,0.5|1,1|1,0.5|0,0.5|0,0.5|0,0.5|0,0.5|0,0.5|0,0.5|0,0.5|0,0.5|0,0.5|0,0.5|0,0.5|0,0.5|0,0.5|0,0.5|0,0.5|0,0.5|0,0|0,10
1b8f7ed101ae68573689cf816929185bd28594f5,0.5|0,1|1,0|0,0|0,0.5|0,0.5|1,0.5|0,0.5|0,0.5|1,0.5|0,0.5|1,0.5|0,0.5|1,0.5|0,0.5|0,0.5|0,0.5|0,0.5|0,0.5|0,0.5|1,0.5|0,0.5|0,0.5|1,0|0,0.5|0,0.5|1,0.5|1,1|1,0.5|0,0.5|0,0.5|0,0.5|0,0.5|0,0.5|0,0.5|0,0.5|0,0.5|0,0.5|0,0.5|0,0.5|0,0.5|0,0.5|0,0.5|0,0.5|0,0.5|0,0|0,10
74825ffc6efd4c8c73af39d6eadcaa15b8b7185c,0.5|0,1|1,0|0,0|0,0.5|0,0.5|1,0.5|0,0.5|0,0.5|1,0.5|0,0.5|1,0.5|0,0.5|1,0.5|0,0.5|0,0.5|0,0.5|0,0.5|0,0.5|0,0.5|1,0.5|0,0.5|0,0.5|1,0|0,0.5|0,0.5|1,0.5|1,1|1,0.5|0,0.5|0,0.5|0,0.5|0,0.5|0,0.5|0,0.5|0,0.5|0,0.5|0,0.5|0,0.5|0,0.5|0,0.5|0,0.5|0,0.5|0,0.5|0,0.5|0,0|0,10
efdac78ddc127fb081a2d31f9154e78f77eec2b1,0.5|0,1|1,0|0,0|0,0.5|0,0.5|1,0.5|0,0.5|0,0.5|1,0.5|0,0.5|1,0.5|0,0.5|1,0.5|0,0.5|0,0.5|0,0.5|0,0.5|0,0.5|0,0.5|1,0.5|0,0.5|0,0.5|1,0|0,0.5|0,0.5|1,0.5|1,1|1,0.5|0,0.5|0,0.5|0,0.5|0,0.5|0,0.5|0,0.5|0,0.5|0,0.5|0,0.5|0,0.5|0,0.5|0,0.5|0,0.5|0,0.5|0,0.5|0,0.5|0,0|0,10
7841145d9cf5abe9393028b923f7ee6793ebd3cd,0.5|0,1|1,0|0,0|0,0.5|0,0.5|1,0.5|0,0.5|0,0.5|1,0.5|0,0.5|1,0.5|0,0.5|1,0.5|0,0.5|0,0.5|0,0.5|0,0.5|0,0.5|0,0.5|1,0.5|0,0.5|0,0.5|1,0|0,0.5|0,0.5|1,0.5|1,1|1,0.5|0,0.5|0,0.5|0,0.5|0,0.5|0,0.5|0,0.5|0,0.5|0,0.5|0,0.5|0,0.5|0,0.5|0,0.5|0,0.5|0,0.5|0,0.5|0,0.5|0,0|0,10
803b13a7a8fa66f88f9f136ea8470c2b1372e19f,0.5|0,1|1,0|0,0|0,0.5|0,0.5|1,0.5|0,0.5|0,0.5|1,0.5|0,0.5|1,0.5|0,0.5|1,0.5|0,0.5|0,0.5|0,0.5|0,0.5|0,0.5|0,0.5|1,0.5|0,0.5|0,0.5|1,0|0,0.5|0,0.5|1,0.5|1,1|1,0.5|0,0.5|0,0.5|0,0.5|0,0.5|0,0.5|0,0.5|0,0.5|0,0.5|0,0.5|0,0.5|0,0.5|0,0.5|0,0.5|0,0.5|0,0.5|0,0.5|0,0|0,10
24bb0b7f53675acc88200c094dfb0ca2e23e4673,0.5|0,1|1,0|0,0|0,0.5|0,0.5|1,0.5|0,0.5|0,0.5|1,0.5|0,0.5|1,0.5|0,0.5|1,0.5|0,0.5|0,0.5|0,0.5|0,0.5|0,0.5|0,0.5|1,0.5|0,0.5|0,0.5|1,0|0,0.5|0,0.5|1,0.5|1,1|1,0.5|0,0.5|0,0.5|0,0.5|0,0.5|0,0.5|0,0.5|0,0.5|0,0.5|0,0.5|0,0.5|0,0.5|0,0.5|0,0.5|0,0.5|0,0.5|0,0.5|0,0|0,10
1bab8a1c2238860c655ebff2ace5cf79e7873e63,0.5|0,1|1,0|0,0|0,0.5|0,0.5|1,0.5|0,0.5|0,0.5|1,0.5|0,0.5|1,0.5|0,0.5|1,0.5|0,0.5|0,0.5|0,0.5|0,0.5|0,0.5|0,0.5|1,0.5|0,0.5|0,0.5|1,0|0,0.5|0,0.5|1,0.5|1,1|1,0.5|0,0.5|0,0.5|0,0.5|0,0.5|0,0.5|0,0.5|0,0.5|0,0.5|0,0.5|0,0.5|0,0.5|0,0.5|0,0.5|0,0.5|0,0.5|0,0.5|0,0|0,10
890e8644ac331215dc6541d1a4da97c0a74df2f6,0.5|0,1|1,0|0,0|0,0.5|0,0.5|1,0.5|0,0.5|0,0.5|1,0.5|0,0.5|1,0.5|0,0.5|1,0.5|0,0.5|0,0.5|0,0.5|0,0.5|0,0.5|0,0.5|1,0.5|0,0.5|0,0.5|1,0|0,0.5|0,0.5|1,0.5|1,1|1,0.5|0,0.5|0,0.5|0,0.5|0,0.5|0,0.5|0,0.5|0,0.5|0,0.5|0,0.5|0,0.5|0,0.5|0,0.5|0,0.5|0,0.5|0,0.5|0,0.5|0,0|0,10
0d223ada3f67fbf212880a707e9cb2614ea17779,0.5|0,1|1,0|0,0|0,0.5|0,0.5|1,0.5|0,0.5|0,0.5|1,0.5|0,0.5|1,0.5|0,0.5|1,0.5|0,0.5|0,0.5|0,0.5|0,0.5|0,0.5|0,0.5|1,0.5|0,0.5|0,0.5|1,0|0,0.5|0,0.5|1,0.5|1,1|1,0.5|0,0.5|0,0.5|0,0.5|0,0.5|0,0.5|0,0.5|0,0.5|0,0.5|0,0.5|0,0.5|0,0.5|0,0.5|0,0.5|0,0.5|0,0.5|0,0.5|0,0|0,10
17d531e3db61326f286c7d0d543f4ea5b00bc796,0.5|0,1|1,0|0,0|0,0.5|0,0.5|1,0.5|0,0.5|0,0.5|1,0.5|0,0.5|1,0.5|0,0.5|1,0.5|0,0.5|0,0.5|0,0.5|0,0.5|0,0.5|0,0.5|1,0.5|0,0.5|0,0.5|1,0|0,0.5|0,0.5|1,0.5|1,1|1,0.5|0,0.5|0,0.5|0,0.5|0,0.5|0,0.5|0,0.5|0,0.5|0,0.5|0,0.5|0,0.5|0,0.5|0,0.5|0,0.5|0,0.5|0,0.5|0,0.5|0,0|0,10
da5e5a3e2aa9c7008760f1b24a873d5bdec96432,0.5|0,1|1,0|0,0|0,0.5|0,0.5|1,0.5|0,0.5|0,0.5|1,0.5|0,0.5|1,0.5|0,0.5|1,0.5|0,0.5|0,0.5|0,0.5|0,0.5|0,0.5|0,0.5|1,0.5|0,0.5|0,0.5|1,0|0,0.5|0,0.5|1,0.5|1,1|1,0.5|0,0.5|0,0.5|0,0.5|0,0.5|0,0.5|0,0.5|0,0.5|0,0.5|0,0.5|0,0.5|0,0.5|0,0.5|0,0.5|0,0.5|0,0.5|0,0.5|0,0|0,10
58f0f2911372ccd316c51fb81429cfeaa3b4f470,0.5|0,1|1,0|0,0|0,0.5|0,0.5|1,0.5|0,0.5|0,0.5|1,0.5|0,0.5|1,0.5|0,0.5|1,0.5|0,0.5|0,0.5|0,0.5|0,0.5|0,0.5|0,0.5|1,0.5|0,0.5|0,0.5|1,0|0,0.5|0,0.5|1,0.5|1,1|1,0.5|0,0.5|0,0.5|0,0.5|0,0.5|0,0.5|0,0.5|0,0.5|0,0.5|0,0.5|0,0.5|0,0.5|0,0.5|0,0.5|0,0.5|0,0.5|0,0.5|0,0|0,10
45ff2a3f5a3d05b872594145fa6dac042bf12b8b,0.5|0,1|1,0|0,0|0,0.5|0,0.5|1,0.5|0,0.5|0,0.5|1,0.5|0,0.5|1,0.5|0,0.5|1,0.5|0,0.5|0,0.5|0,0.5|0,0.5|0,0.5|0,0.5|1,0.5|0,0.5|0,0.5|1,0|0,0.5|0,0.5|1,0.5|1,1|1,0.5|0,0.5|0,0.5|0,0.5|0,0.5|0,0.5|0,0.5|0,0.5|0,0.5|0,0.5|0,0.5|0,0.5|0,0.5|0,0.5|0,0.5|0,0.5|0,0.5|0,0|0,10
4f399356a67771086632bcdcef94b2db6a0ed9c8,0.5|0,1|1,0|0,0|0,0.5|0,0.5|1,0.5|0,0.5|0,0.5|1,0.5|0,0.5|1,0.5|0,0.5|1,0.5|0,0.5|0,0.5|0,0.5|0,0.5|0,0.5|0,0.5|1,0.5|0,0.5|0,0.5|1,0|0,0.5|0,0.5|1,0.5|1,1|1,0.5|0,0.5|0,0.5|0,0.5|0,0.5|0,0.5|0,0.5|0,0.5|0,0.5|0,0.5|0,0.5|0,0.5|0,0.5|0,0.5|0,0.5|0,0.5|0,0.5|0,0|0,10
9c2c04d8ce966833b83caff902fa2d88afbcdefc,0.5|0,1|1,0|0,0|0,0.5|0,0.5|1,0.5|0,0.5|0,0.5|1,0.5|0,0.5|1,0.5|0,0.5|1,0.5|0,0.5|0,0.5|0,0.5|0,0.5|0,0.5|0,0.5|1,0.5|0,0.5|0,0.5|1,0|0,0.5|0,0.5|1,0.5|1,1|1,0.5|0,0.5|0,0.5|0,0.5|0,0.5|0,0.5|0,0.5|0,0.5|0,0.5|0,0.5|0,0.5|0,0.5|0,0.5|0,0.5|0,0.5|0,0.5|0,0.5|0,0|0,10
9ec711aa90606f1893c2d58bf8dcb549dc224f95,0.5|0,1|1,0|0,0|0,0.5|0,0.5|1,0.5|0,0.5|0,0.5|1,0.5|0,0.5|1,0.5|0,0.5|1,0.5|0,0.5|0,0.5|0,0.5|0,0.5|0,0.5|0,0.5|1,0.5|0,0.5|0,0.5|1,0|0,0.5|0,0.5|1,0.5|1,1|1,0.5|0,0.5|0,0.5|0,0.5|0,0.5|0,0.5|0,0.5|0,0.5|0,0.5|0,0.5|0,0.5|0,0.5|0,0.5|0,0.5|0,0.5|0,0.5|0,0.5|0,0|0,10
97fc94c7e83dc2f40760b0b769cc347e8615c89a,0.5|0,1|1,0|0,0|0,0.5|0,0.5|1,0.5|0,0.5|0,0.5|1,0.5|0,0.5|1,0.5|0,0.5|1,0.5|0,0.5|0,0.5|0,0.5|0,0.5|0,0.5|0,0.5|1,0.5|0,0.5|0,0.5|1,0|0,0.5|0,0.5|1,0.5|1,1|1,0.5|0,0.5|0,0.5|0,0.5|0,0.5|0,0.5|0,0.5|0,0.5|0,0.5|0,0.5|0,0.5|0,0.5|0,0.5|0,0.5|0,0.5|0,0.5|0,0.5|0,0|0,10
817aa54214a2c2a48d08afc0d1b5476802b3326d,0.5|0,1|1,0|0,0|0,0.5|0,0.5|1,0.5|0,0.5|0,0.5|1,0.5|0,0.5|1,0.5|0,0.5|1,0.5|0,0.5|0,0.5|0,0.5|0,0.5|0,0.5|0,0.5|1,0.5|0,0.5|0,0.5|1,0|0,0.5|0,0.5|1,0.5|1,1|1,0.5|0,0.5|0,0.5|0,0.5|0,0.5|0,0.5|0,0.5|0,0.5|0,0.5|0,0.5|0,0.5|0,0.5|0,0.5|0,0.5|0,0.5|0,0.5|0,0.5|0,0|0,10
3924257f32354324b2dbc1758f0605f2bd66950a,0.5|0,1|1,0|0,0|0,0.5|0,0.5|1,0.5|0,0.5|0,0.5|1,0.5|0,0.5|1,0.5|0,0.5|1,0.5|0,0.5|0,0.5|0,0.5|0,0.5|0,0.5|0,0.5|1,0.5|0,0.5|0,0.5|1,0|0,0.5|0,0.5|1,0.5|1,1|1,0.5|0,0.5|0,0.5|0,0.5|0,0.5|0,0.5|0,0.5|0,0.5|0,0.5|0,0.5|0,0.5|0,0.5|0,0.5|0,0.5|0,0.5|0,0.5|0,0.5|0,0|0,10
498571354d2c22c192bb80bc79058b70d455b363,0.5|0,1|1,0|0,0|0,0.5|0,0.5|1,0.5|0,0.5|0,0.5|1,0.5|0,0.5|1,0.5|0,0.5|1,0.5|0,0.5|0,0.5|0,0.5|0,0.5|0,0.5|0,0.5|1,0.5|0,0.5|0,0.5|1,0|0,0.5|0,0.5|1,0.5|1,1|1,0.5|0,0.5|0,0.5|0,0.5|0,0.5|0,0.5|0,0.5|0,0.5|0,0.5|0,0.5|0,0.5|0,0.5|0,0.5|0,0.5|0,0.5|0,0.5|0,0.5|0,0|0,10
56ca71bda9870e78ba0ee70fe226c4a4fcc36a04,0.5|0,1|1,0|0,0|0,0.5|0,0.5|1,0.5|0,0.5|0,0.5|1,0.5|0,0.5|1,0.5|0,0.5|1,0.5|0,0.5|0,0.5|0,0.5|0,0.5|0,0.5|0,0.5|1,0.5|0,0.5|0,0.5|1,0|0,0.5|0,0.5|1,0.5|1,1|1,0.5|0,0.5|0,0.5|0,0.5|0,0.5|0,0.5|0,0.5|0,0.5|0,0.5|0,0.5|0,0.5|0,0.5|0,0.5|0,0.5|0,0.5|0,0.5|0,0.5|0,0|0,10
3bbb0cd3296023f6f922c71d21a1c374d2b0a435,0.5|0,1|1,0|0,0|0,0.5|0,0.5|1,0.5|0,0.5|0,0.5|1,0.5|0,0.5|1,0.5|0,0.5|1,0.5|0,0.5|0,0.5|0,0.5|0,0.5|0,0.5|0,0.5|1,0.5|0,0.5|0,0.5|1,0|0,0.5|0,0.5|1,0.5|1,1|1,0.5|0,0.5|0,0.5|0,0.5|0,0.5|0,0.5|0,0.5|0,0.5|0,0.5|0,0.5|0,0.5|0,0.5|0,0.5|0,0.5|0,0.5|0,0.5|0,0.5|0,0|0,10
7ce478a58b4dd29a8d1e6f4e9df2f778613d9202,0.5|0,1|1,0|0,0|0,0.5|0,0.5|1,0.5|0,0.5|0,0.5|1,0.5|0,0.5|1,0.5|0,0.5|1,0.5|0,0.5|0,0.5|0,0.5|0,0.5|0,0.5|0,0.5|1,0.5|0,0.5|0,0.5|1,0|0,0.5|0,0.5|1,0.5|1,1|1,0.5|0,0.5|0,0.5|0,0.5|0,0.5|0,0.5|0,0.5|0,0.5|0,0.5|0,0.5|0,0.5|0,0.5|0,0.5|0,0.5|0,0.5|0,0.5|0,0.5|0,0|0,10
fb863c6bfba2593c4bb64b94615ac2e15662aa18,0.5|0,1|1,0|0,0|0,0.5|0,0.5|1,0.5|0,0.5|0,0.5|1,0.5|0,0.5|1,0.5|0,0.5|1,0.5|0,0.5|0,0.5|0,0.5|0,0.5|0,0.5|0,0.5|1,0.5|0,0.5|0,0.5|1,0|0,0.5|0,0.5|1,0.5|1,1|1,0.5|0,0.5|0,0.5|0,0.5|0,0.5|0,0.5|0,0.5|0,0.5|0,0.5|0,0.5|0,0.5|0,0.5|0,0.5|0,0.5|0,0.5|0,0.5|0,0.5|0,0|0,10
c2c01b618bcbbc6c38837fb3e3142941c40a78f3,0.5|0,1|1,0|0,0|0,0.5|0,0.5|1,0.5|0,0.5|0,0.5|1,0.5|0,0.5|1,0.5|0,0.5|1,0.5|0,0.5|0,0.5|0,0.5|0,0.5|0,0.5|0,0.5|1,0.5|0,0.5|0,0.5|1,0|0,0.5|0,0.5|1,0.5|1,1|1,0.5|0,0.5|0,0.5|0,0.5|0,0.5|0,0.5|0,0.5|0,0.5|0,0.5|0,0.5|0,0.5|0,0.5|0,0.5|0,0.5|0,0.5|0,0.5|0,0.5|0,0|0,10
81a2f54dd754b3912c3483512a2913b6edab9133,0.5|0,1|1,0|0,0|0,0.5|0,0.5|1,0.5|0,0.5|0,0.5|1,0.5|0,0.5|1,0.5|0,0.5|1,0.5|0,0.5|0,0.5|0,0.5|0,0.5|0,0.5|0,0.5|1,0.5|0,0.5|0,0.5|1,0|0,0.5|0,0.5|1,0.5|1,1|1,0.5|0,0.5|0,0.5|0,0.5|0,0.5|0,0.5|0,0.5|0,0.5|0,0.5|0,0.5|0,0.5|0,0.5|0,0.5|0,0.5|0,0.5|0,0.5|0,0.5|0,0|0,10
dea883a25d97a9b5564cfb6b9d1b0d61a8a818f3,0.5|0,1|1,0|0,0|0,0.5|0,0.5|1,0.5|0,0.5|0,0.5|1,0.5|0,0.5|1,0.5|0,0.5|1,0.5|0,0.5|0,0.5|0,0.5|0,0.5|0,0.5|0,0.5|1,0.5|0,0.5|0,0.5|1,0|0,0.5|0,0.5|1,0.5|1,1|1,0.5|0,0.5|0,0.5|0,0.5|0,0.5|0,0.5|0,0.5|0,0.5|0,0.5|0,0.5|0,0.5|0,0.5|0,0.5|0,0.5|0,0.5|0,0.5|0,0.5|0,0|0,10
db8497778ddc578a58caf5447f0b5de3972f64c6,0|0,1|1,0|0,0|0,0|0,0.5|1,0|0,0|0,0.5|1,0|0,0.5|1,0|0,0.5|1,0|0,0|0,0|0,0|0,0|0,0|0,0.5|1,0|0,0|0,0.5|1,0|0,0|0,0.5|1,0.5|1,1|1,0|0,0|0,0|0,0|0,0|0,0|0,0.5|0,0|0,0|0,0|0,0|0,0|0,0|0,0|0,0|0,0|0,0|0,0|0,10
b40732d8a502c61898095bacea59d8aa6c00341c,0|0,1|1,0|0,0|0,0|0,0.5|1,0|0,0|0,0.5|1,0|0,0.5|1,0|0,0.5|1,0|0,0|0,0|0,0|0,0|0,0|0,0.5|1,0|0,0|0,0.5|1,0|0,0|0,0.5|1,0.5|1,1|1,0|0,0|0,0|0,0|0,0|0,0|0,0.5|0,0|0,0|0,0|0,0|0,0|0,0|0,0|0,0|0,0|0,0|0,0|0,10
0c1322a7185b71e5a52a659b147c96529ed328a7,0|0,1|1,0|0,0|0,0|0,0.5|1,0|0,0|0,0.5|1,0|0,0.5|1,0|0,0.5|1,0|0,0|0,0|0,0|0,0|0,0|0,0.5|1,0|0,0|0,0.5|1,0|0,0|0,0.5|1,0.5|1,1|1,0|0,0|0,0|0,0|0,0|0,0|0,0.5|0,0|0,0|0,0|0,0|0,0|0,0|0,0|0,0|0,0|0,0|0,0|0,10
7b690d8b2d67ae5096941abae536ecdf75bf4540,0|0,1|1,0|0,0|0,0|0,0.5|1,0|0,0|0,0.5|1,0|0,0.5|1,0|0,0.5|1,0|0,0|0,0|0,0|0,0|0,0|0,0.5|1,0|0,0|0,0.5|1,0|0,0|0,0.5|1,0.5|1,1|1,0|0,0|0,0|0,0|0,0|0,0|0,0.5|0,0|0,0|0,0|0,0|0,0|0,0|0,0|0,0|0,0|0,0|0,0|0,10
a60854bae683c3b16c023d03b02bdcd139ca0bfd,0|0,1|1,0|0,0|0,0|0,0.5|1,0|0,0|0,0.5|1,0|0,0.5|1,0|0,0.5|1,0|0,0|0,0|0,0|0,0|0,0|0,0.5|1,0|0,0|0,0.5|1,0|0,0|0,0.5|1,0.5|1,1|1,0|0,0|0,0|0,0|0,0|0,0|0,0.5|0,0|0,0|0,0|0,0|0,0|0,0|0,0|0,0|0,0|0,0|0,0|0,10
e84563f9710ca1996eb7428a22a058527e604431,0|0,1|1,0|0,0|0,0|0,0.5|1,0|0,0|0,0.5|1,0|0,0.5|1,0|0,0.5|1,0|0,0|0,0|0,0|0,0|0,0|0,0.5|1,0|0,0|0,0.5|1,0|0,0|0,0.5|1,0.5|1,1|1,0|0,0|0,0|0,0|0,0|0,0|0,0.5|0,0|0,0|0,0|0,0|0,0|0,0|0,0|0,0|0,0|0,0|0,0|0,10
d665df64e297051cd5b48605974846fa7076d883,0|0,1|1,0|0,0|0,0|0,0.5|1,0|0,0|0,0.5|1,0|0,0.5|1,0|0,0.5|1,0|0,0|0,0|0,0|0,0|0,0|0,0.5|1,0|0,0|0,0.5|1,0|0,0|0,0.5|1,0.5|1,1|1,0|0,0|0,0|0,0|0,0|0,0|0,0.5|0,0|0,0|0,0|0,0|0,0|0,0|0,0|0,0|0,0|0,0|0,0|0,10
b75838b771f89ede07067b4e51471c197a53dd16,0|0,1|1,0|0,0|0,0|0,0.5|1,0|0,0|0,0.5|1,0|0,0.5|1,0|0,0.5|1,0|0,0|0,0|0,0|0,0|0,0|0,0.5|1,0|0,0|0,0.5|1,0|0,0|0,0.5|1,0.5|1,1|1,0|0,0|0,0|0,0|0,0|0,0|0,0.5|0,0|0,0|0,0|0,0|0,0|0,0|0,0|0,0|0,0|0,0|0,0|0,10
fa15e170b41d9b1d301819eb46bc7f3fb32df297,0|0,1|1,0|0,0|0,0|0,0.5|1,0|0,0|0,0.5|1,0|0,0.5|1,0|0,0.5|1,0|0,0|0,0|0,0|0,0|0,0|0,0.5|1,0|0,0|0,0.5|1,0|0,0|0,0.5|1,0.5|1,1|1,0|0,0|0,0|0,0|0,0|0,0|0,0.5|0,0|0,0|0,0|0,0|0,0|0,0|0,0|0,0|0,0|0,0|0,0|0,10
63c4eaae9be51c02a7b8f98cf9a3a7411f96319b,0|0,0|1,0|0,0|0,0|0,0|1,0|0,0|0,0|1,0|0,0|1,0|0,0|1,0|0,0|0,0|0,0|0,0|0,0|0,0|1,0|0,0|0,0|1,0|0,0|0,0|1,0|1,0|1,0|0,0|0,0|0,0|0,0|0,0|0,0|0,0|0,0|0,0|0,0|0,0|0,0|0,0|0,0|0,0|0,0|0,0|0,10
1bee9d85a41054d0b4802067c8beed930569906f,0|0,1|1,0|0,0|0,0|0,0.5|1,0|0,0|0,0.5|1,0|0,0.5|1,0|0,0.5|1,0|0,0|0,0|0,0|0,0|0,0|0,0.5|1,0|0,0|0,0.5|1,0|0,0|0,0.5|1,0.5|1,1|1,0|0,0|0,0|0,0|0,0|0,0|0,0.5|0,0|0,0|0,0|0,0|0,0|0,0|0,0|0,0|0,0|0,0|0,0|0,10
d3b4b81d6fd9adc5bbe6c04e45d51989bacd4102,0|0,1|1,0|0,0|0,0|0,0.5|1,0|0,0|0,0.5|1,0|0,0.5|1,0|0,0.5|1,0|0,0|0,0|0,0|0,0|0,0|0,0.5|1,0|0,0|0,0.5|1,0|0,0|0,0.5|1,0.5|1,1|1,0|0,0|0,0|0,0|0,0|0,0|0,0.5|0,0|0,0|0,0|0,0|0,0|0,0|0,0|0,0|0,0|0,0|0,0|0,10
794f7fa124f1e6bb3c0927b0dd1cc80c1cdbaecb,0|0,1|1,0|0,0|0,0|0,0.5|1,0|0,0|0,0.5|1,0|0,0.5|1,0|0,0.5|1,0|0,0|0,0|0,0|0,0|0,0|0,0.5|1,0|0,0|0,0.5|1,0|0,0|0,0.5|1,0.5|1,1|1,0|0,0|0,0|0,0|0,0|0,0|0,0.5|0,0|0,0|0,0|0,0|0,0|0,0|0,0|0,0|0,0|0,0|0,0|0,10
9cba06a080532797d6b14a0ef72fb543d60cdff0,0|0,1|1,0|0,0|0,0|0,0.5|1,0|0,0|0,0.5|1,0|0,0.5|1,0|0,0.5|1,0|0,0|0,0|0,0|0,0|0,0|0,0.5|1,0|0,0|0,0.5|1,0|0,0|0,0.5|1,0.5|1,1|1,0|0,0|0,0|0,0|0,0|0,0|0,0.5|0,0|0,0|0,0|0,0|0,0|0,0|0,0|0,0|0,0|0,0|0,0|0,10
7b54d028a34be65f786344ff66893fb137abc39b,0|0,1|1,0|0,0|0,0|0,0.5|1,0|0,0|0,0.5|1,0|0,0.5|1,0|0,0.5|1,0|0,0|0,0|0,0|0,0|0,0|0,0.5|1,0|0,0|0,0.5|1,0|0,0|0,0.5|1,0.5|1,1|1,0|0,0|0,0|0,0|0,0|0,0|0,0.5|0,0|0,0|0,0|0,0|0,0|0,0|0,0|0,0|0,0|0,0|0,0|0,10
4e876a454384ecdfd60073ff22ee9b8787b6187e,0|0,1|1,0|0,0|0,0|0,0.5|1,0|0,0|0,0.5|1,0|0,0.5|1,0|0,0.5|1,0|0,0|0,0|0,0|0,0|0,0|0,0.5|1,0|0,0|0,0.5|1,0|0,0|0,0.5|1,0.5|1,1|1,0|0,0|0,0|0,0|0,0|0,0|0,0.5|0,0|0,0|0,0|0,0|0,0|0,0|0,0|0,0|0,0|0,0|0,0|0,10
afdae85b30add25b93df65f1cade1d6c15f855f8,0|0,1|1,0|0,0|0,0|0,0.5|1,0|0,0|0,0.5|1,0|0,0.5|1,0|0,0.5|1,0|0,0|0,0|0,0|0,0|0,0|0,0.5|1,0|0,0|0,0.5|1,0|0,0|0,0.5|1,0.5|1,1|1,0|0,0|0,0|0,0|0,0|0,0|0,0.5|0,0|0,0|0,0|0,0|0,0|0,0|0,0|0,0|0,0|0,0|0,0|0,10
32ab88a26e53e96131d5351736adbdb3a7bf1c40,0|0,1|1,0|0,0|0,0|0,0.5|1,0|0,0|0,0.5|1,0|0,0.5|1,0|0,0.5|1,0|0,0|0,0|0,0|0,0|0,0|0,0.5|0,0|0,0|0,0.5|1,0|0,0|0,0.5|1,0.5|1,1|1,0|0,0|0,0|0,0|0,0|0,0|0,0.5|0,0|0,0|0,0|0,0|0,0|0,0|0,0|0,0|0,0|0,0|0,0|0,9
81e97d75153e38ce024a308b75d64edeb4b5e9bb,0|0,1|1,0|0,0|0,0|0,0.5|1,0|0,0|0,0.5|1,0|0,0.5|1,0|0,0.5|1,0|0,0|0,0|0,0|0,0|0,0|0,0.5|1,0|0,0|0,0.5|1,0|0,0|0,0.5|1,0.5|1,1|1,0|0,0|0,0|0,0|0,0|0,0|0,0.5|0,0|0,0|0,0|0,0|0,0|0,0|0,0|0,0|0,0|0,0|0,0|0,10
4ec3e6c064b56f1434bd4c887bd96d0916d07f2e,0|0,0|1,0|0,0|0,0|0,0.5|1,0|0,0|0,0.5|1,0|0,0.5|1,0|0,0.5|1,0|0,0|0,0|0,0|0,0|0,0|0,0.5|1,0|0,0|0,0.5|1,0|0,0|0,0.5|1,0.5|1,1|1,0|0,0|0,0|0,0|0,0|0,0|0,0.5|0,0|0,0|0,0|0,0|0,0|0,0|0,0|0,0|0,0|0,0|0,0|0,10
369dc65c1a4af1176a5012ebb414d97e84b9f81d,0|0,0|1,0|0,0|0,0|0,0.5|1,0|0,0|0,0.5|1,0|0,0.5|1,0|0,0.5|1,0|0,0|0,0|0,0|0,0|0,0|0,0.5|1,0|0,0|0,0.5|1,0|0,0|0,0.5|1,0.5|1,1|1,0|0,0|0,0|0,0|0,0|0,0|0,0.5|0,0|0,0|0,0|0,0|0,0|0,0|0,0|0,0|0,0|0,0|0,0|0,10
c1baf1516de5fc0cd122e4693f4774b0fd4b627b,0|0,0|1,0|0,0|0,0|0,0.5|1,0|0,0|0,0.5|1,0|0,0.5|1,0|0,0.5|1,0|0,0|0,0|0,0|0,0|0,0|0,0|0,0|0,0|0,0.5|1,0|0,0|0,0.5|1,0.5|1,1|1,0|0,0|0,0|0,0|0,0|0,0|0,0.5|0,0|0,0|0,0|0,0|0,0|0,0|0,0|0,0|0,0|0,0|0,0|0,9
98f2d3a73c0d4b09b1204e4cfc868ec258a3e478,0|0,0|1,0|0,0|0,0|0,0.5|1,0|0,0|0,0.5|1,0|0,0.5|1,0|0,0.5|1,0|0,0|0,0|0,0|0,0|0,0|0,0|0,0|0,0|0,0.5|1,0|0,0|0,0.5|1,0.5|1,1|1,0|0,0|0,0|0,0|0,0|0,0|0,0.5|0,0|0,0|0,0|0,0|0,0|0,0|0,0|0,0|0,0|0,0|0,0|0,9
cf47ba234a59db325a382db4bbdf10187f93eb9a,0|0,0|1,0|0,0|0,0|0,0.5|1,0.5|0,0|0,0.5|1,0|0,0.5|1,0|0,0.5|1,0|0,0|0,0|0,0|0,0|0,0|0,0|0,0.5|1,0|0,0.5|1,0|0,0|0,0.5|1,0.5|1,1|1,0|0,0|0,0|0,0|0,0|0,0|0,0.5|0,0|0,0|0,0|0,0|0,0|0,0|0,0|0,0|0,0|0,0|0,0|0,10
c1f9f05d338bd8236930df60e08b7cf635790ebf,0|0,0|1,0|0,0|0,0|0,0.5|1,0.5|0,0|0,0.5|1,0|0,0.5|1,0|0,0.5|1,0|0,0|0,0|0,0|0,0|0,0|0,0|0,0.5|1,0|0,0.5|1,0|0,0|0,0.5|1,0.5|1,1|1,0|0,0|0,0|0,0|0,0|0,0|0,0.5|0,0|0,0|0,0|0,0|0,0|0,0|0,0|0,0|0,0|0,0|0,0|0,10
9483c842b572a887c59d715d21b4737475ffd092,0|0,0|1,0|0,0|0,0|0,0.5|1,0.5|0,0|0,0.5|1,0|0,0.5|1,0|0,0.5|1,0|0,0|0,0|0,0|0,0|0,0|0,0|0,0.5|1,0|0,0.5|1,0|0,0|0,0.5|1,0.5|1,0|1,0|0,0|0,0|0,0|0,0|0,0|0,0.5|0,0|0,0|0,0|0,0|0,0|0,0|0,0|0,0|0,0|0,0|0,0|0,10
4f370fe7c49cb38125cff2a1411261011e433c94,0|0,0|1,0|0,0|0,0|0,0.5|1,0.5|0,0|0,0.5|1,0|0,0.5|1,0|0,0.5|1,0|0,0|0,0|0,0|0,0|0,0|0,0|0,0.5|1,0|0,0.5|1,0|0,0|0,0.5|1,0.5|1,0|1,0|0,0|0,0|0,0|0,0|0,0|0,0.5|0,0|0,0|0,0|0,0|0,0|0,0|0,0|0,0|0,0|0,0|0,0|0,10
9f2dabbda469ca3853f3bb7191e74b3f4d47b48c,0|0,1|1,0|0,0|0,0|0,0.5|1,0|0,0|0,0.5|1,0|0,0.5|1,0|0,0.5|1,0|0,0|0,0|0,0|0,0|0,0|0,0.5|0,0|0,0|0,0.5|1,0|0,0|0,0.5|1,0.5|1,1|1,0|0,0|0,0|0,0|0,0|0,0|0,0.5|0,0|0,0|0,0|0,0|0,0|0,0|0,0|0,0|0,0|0,0|0,0|0,9
f4c24663fc651904e325aa944bf5a30def726c6a,0|0,0|1,0|0,0|0,0|0,0.5|1,0.5|0,0|0,0.5|1,0|0,0.5|1,0|0,0.5|1,0|0,0|0,0|0,0|0,0|0,0|0,0|0,0.5|1,0|0,0.5|1,0|0,0|0,0.5|1,0.5|1,0|1,0|0,0|0,0|0,0|0,0|0,0|0,0.5|0,0|0,0|0,0|0,0|0,0|0,0|0,0|0,0|0,0|0,0|0,0|0,10
287015ffdc33ff2c212563ffb866b38dee64e12b,0|0,0|0,0|0,0|0,0|0,0.5|1,0.5|0,0|0,0.5|1,0|0,0.5|1,0|0,0.5|1,0|0,0|0,0|0,0|0,0|0,0|0,0|0,0.5|1,0|0,0.5|1,0|0,0|0,0.5|1,0.5|1,0|0,0|0,0|0,0|0,0|0,0|0,0|0,0.5|0,0|0,0|0,0|0,0|0,0|0,0|0,0|0,0|0,0|0,0|0,0|0,8
32d25bfdaf700ddb22085f662854cc62b2f2e8ec,0|0,0|0,0|0,0|0,0|0,0.5|1,0.5|0,0|0,0.5|1,0|0,0.5|1,0|0,0.5|1,0|0,0|0,0|0,0|0,0|0,0|0,0|0,0.5|1,0|0,0.5|1,0|0,0|0,0.5|1,0.5|1,0|0,0|0,0|0,0|0,0|0,0|0,0|0,0.5|0,0|0,0|0,0|0,0|0,0|0,0|0,0|0,0|0,0|0,0|0,0|0,8
711ba99eaa0cdc125975f4443239b0d66c46113d,0|0,0|0,0|0,0|0,0|0,0.5|1,0.5|0,0|0,0.5|1,0|0,0.5|1,0|0,0.5|1,0|0,0|0,0|0,0|0,0|0,0|0,0|0,0.5|1,0|0,0.5|1,0|0,0|0,0.5|1,0.5|1,0|0,0|0,0|0,0|0,0|0,0|0,0|0,0.5|0,0|0,0|0,0|0,0|0,0|0,0|0,0|0,0|0,0|0,0|0,0|0,8
a766de7b94b685fec6999223c75562c0fc994837,0|0,0|0,0|0,0|0,0|0,0.5|1,0.5|0,0|0,0.5|1,0|0,0.5|1,0|0,0.5|1,0|0,0|0,0|0,0|0,0|0,0|0,0|0,0.5|1,0|0,0.5|1,0|0,0|0,0.5|1,0.5|1,0|0,0|0,0|0,0|0,0|0,0|0,0|0,0.5|0,0|0,0|0,0|0,0|0,0|0,0|0,0|0,0|0,0|0,0|0,0|0,8
748df7972a6bc18b5b6c8ab602c33de3f927cb74,0|0,0|0,0|0,0|0,0|0,0.5|1,0.5|0,0|0,0.5|1,0|0,0.5|1,0|0,0.5|1,0|0,0|0,0|0,0|0,0|0,0|0,0|0,0.5|1,0|0,0.5|1,0|0,0|0,0.5|1,0.5|1,0|0,0|0,0|0,0|0,0|0,0|0,0|0,0.5|0,0|0,0|0,0|0,0|0,0|0,0|0,0|0,0|0,0|0,0|0,0|0,8
94eee66a7b49a32ff482ecee77fa7bb8534c5772,0|0,0|0,0|0,0|0,0|0,0.5|1,0.5|0,0|0,0.5|1,0|0,0.5|1,0|0,0.5|1,0|0,0|0,0|0,0|0,0|0,0|0,0|0,0.5|1,0|0,0.5|1,0|0,0|0,0.5|1,0.5|1,0|0,0|0,0|0,0|0,0|0,0|0,0|0,0.5|0,0|0,0|0,0|0,0|0,0|0,0|0,0|0,0|0,0|0,0|0,0|0,8
da0889d3ba9c83bf65c8a5656c31ab54f6252329,0|0,0|0,0|0,0|0,0|0,0|1,0|0,0|0,0|1,0|0,0|1,0|0,0|1,0|0,0|0,0|0,0|0,0|0,0|0,0|0,0|1,0|0,0|1,0|0,0|0,0|1,0|1,0|0,0|0,0|0,0|0,0|0,0|0,0|0,0|0,0|0,0|0,0|0,0|0,0|0,0|0,0|0,0|0,0|0,0|0,0|0,8
db5f3b38b7d5145e45ec4d32cd933eb02e8a4f47,0|0,0|0,0|0,0|0,0|0,0|1,0|0,0|0,0|1,0|0,0|1,0|0,0|1,0|0,0|0,0|0,0|0,0|0,0|0,0|0,0|1,0|0,0|1,0|0,0|0,0|1,0|1,0|0,0|0,0|0,0|0,0|0,0|0,0|0,0|0,0|0,0|0,0|0,0|0,0|0,0|0,0|0,0|0,0|0,0|0,0|0,8
c2b2692e65fbb43e6847ab641f4d676493be76ac,0|0,0|0,0|0,0|0,0|0,0|1,0|0,0|0,0|1,0|0,0|1,0|0,0|1,0|0,0|0,0|0,0|0,0|0,0|0,0|0,0|1,0|0,0|1,0|0,0|0,0|1,0|1,0|0,0|0,0|0,0|0,0|0,0|0,0|0,0|0,0|0,0|0,0|0,0|0,0|0,0|0,0|0,0|0,0|0,0|0,0|0,8
493bffb3e0bd616c2a333d563bc1dd4addec5359,0|0,0|0,0|0,0|0,0|0,0.5|1,0.5|0,0|0,0.5|1,0|0,0.5|1,0|0,0.5|1,0|0,0|0,0|0,0|0,0|0,0|0,0|0,0.5|1,0|0,0.5|1,0|0,0|0,0.5|1,0.5|1,0|0,0|0,0|0,0|0,0|0,0|0,0|0,0.5|0,0|0,0|0,0|0,0|0,0|0,0|0,0|0,0|0,0|0,0|0,0|0,8
97badc574b041f889ab981236cebce4c41ac4b76,0|0,0|0,0|0,0|0,0|0,0|1,0|0,0|0,0|1,0|0,0|1,0|0,0|1,0|0,0|0,0|0,0|0,0|0,0|0,0|0,0|1,0|0,0|1,0|0,0|0,0|1,0|1,0|0,0|0,0|0,0|0,0|0,0|0,0|0,0|0,0|0,0|0,0|0,0|0,0|0,0|0,0|0,0|0,0|0,0|0,0|0,8
25cd2a23a6b7057af0e898c613e5f4acf168a11c,0|0,0|0,0|0,0|0,0|0,0.5|1,0|0,0|0,0.5|1,0|0,0.5|1,0|0,0.5|1,0|0,0|0,0|0,0|0,0|0,0|0,0|0,0|0,0|0,0.5|1,0|0,0|0,0.5|1,0.5|1,0|0,0|0,0|0,0|0,0|0,0|0,0|0,0.5|0,0|0,0|0,0|0,0|0,0|0,0|0,0|0,0|0,0|0,0|0,0|0,7
3bdec5ae5f4ed39110911970689ae695bbb67f3c,0|0,0|0,0|0,0|0,0|0,0.5|1,0|0,0|0,0.5|1,0|0,0.5|1,0|0,0.5|1,0|0,0|0,0|0,0|0,0|0,0|0,0|0,0|0,0|0,0.5|1,0|0,0|0,0.5|1,0.5|1,0|0,0|0,0|0,0|0,0|0,0|0,0|0,0.5|0,0|0,0|0,0|0,0|0,0|0,0|0,0|0,0|0,0|0,0|0,0|0,7
e60354996737df132ef4a2a681839e1bf403c296,0|0,0|0,0|0,0|0,0|0,0.5|1,0|0,0|0,0.5|1,0|0,0.5|1,0|0,0.5|1,0|0,0|0,0|0,0|0,0|0,0|0,0|0,0|0,0|0,0.5|1,0|0,0|0,0.5|1,0.5|1,0|0,0|0,0|0,0|0,0|0,0|0,0|0,0.5|0,0|0,0|0,0|0,0|0,0|0,0|0,0|0,0|0,0|0,0|0,0|0,7
b1a6c6b8957b62ec8ada423abfdcfa5471c00147,0|0,0|0,0|0,0|0,0|0,0.5|1,0|0,0|0,0.5|1,0|0,0.5|1,0|0,0.5|1,0|0,0|0,0|0,0|0,0|0,0|0,0|0,0|0,0|0,0.5|1,0|0,0|0,0.5|1,0.5|1,0|0,0|0,0|0,0|0,0|0,0|0,0|0,0.5|0,0|0,0|0,0|0,0|0,0|0,0|0,0|0,0|0,0|0,0|0,0|0,7
1b73f7372e0ddbdef9549c92cd56ba59746bd14d,0|0,0|0,0|0,0|0,0|0,0.5|1,0|0,0|0,0.5|1,0|0,0.5|1,0|0,0.5|1,0|0,0|0,0|0,0|0,0|0,0|0,0|0,0|0,0|0,0.5|1,0|0,0|0,0.5|1,0.5|1,0|0,0|0,0|0,0|0,0|0,0|0,0|0,0.5|0,0|0,0|0,0|0,0|0,0|0,0|0,0|0,0|0,0|0,0|0,0|0,7
e2be7daed6b298e214df91f54061cdac91cd8781,0|0,0|0,0|0,0|0,0|0,0.5|1,0|0,0|0,0.5|1,0|0,0.5|1,0|0,0.5|1,0|0,0|0,0|0,0|0,0|0,0|0,0|0,0|0,0|0,0.5|1,0|0,0|0,0.5|1,0.5|1,0|0,0|0,0|0,0|0,0|0,0|0,0|0,0.5|0,0|0,0|0,0|0,0|0,0|0,0|0,0|0,0|0,0|0,0|0,0|0,7
019b51bb178d83405d5c01ce604f240c0914f9df,0|0,0|0,0|0,0|0,0|0,0.5|1,0|0,0|0,0.5|1,0|0,0.5|1,0|0,0.5|1,0|0,0|0,0|0,0|0,0|0,0|0,0|0,0|0,0|0,0.5|1,0|0,0|0,0.5|1,0.5|1,0|0,0|0,0|0,0|0,0|0,0|0,0|0,0.5|0,0|0,0|0,0|0,0|0,0|0,0|0,0|0,0|0,0|0,0|0,0|0,7
e8cae3cff98ccd653fae1880a05453e5c5e7a399,0|0,0|0,0|0,0|0,0|0,0.5|1,0|0,0|0,0.5|1,0|0,0.5|1,0|0,0.5|1,0|0,0|0,0|0,0|0,0|0,0|0,0|0,0|0,0|0,0.5|1,0|0,0|0,0.5|1,0.5|1,0|0,0|0,0|0,0|0,0|0,0|0,0|0,0.5|0,0|0,0|0,0|0,0|0,0|0,0|0,0|0,0|0,0|0,0|0,0|0,7
4d5ca2c473242c65a2bf87a1f0350ccb54fe231b,0|0,0|0,0|0,0|0,0|0,0.5|1,0.5|0,0|0,0.5|1,0|0,0.5|1,0|0,0.5|1,0|0,0|0,0|0,0|0,0|0,0|0,0|0,0.5|0,0|0,0.5|1,0|0,0|0,0.5|1,0.5|1,0|0,0|0,0|0,0|0,0|0,0|0,0|0,0.5|0,0|0,0|0,0|0,0|0,0|0,0|0,0|0,0|0,0|0,0|0,0|0,7
6769168d8912d80c1343945232bffb8adc8f74b2,0|0,0|0,0|0,0|0,0|0,0.5|1,0.5|0,0|0,0.5|1,0|0,0.5|1,0|0,0.5|1,0|0,0|0,0|0,0|0,0|0,0|0,0|0,0.5|0,0|0,0.5|1,0|0,0|0,0.5|1,0.5|1,0|0,0|0,0|0,0|0,0|0,0|0,0|0,0.5|0,0|0,0|0,0|0,0|0,0|0,0|0,0|0,0|0,0|0,0|0,0|0,7
65b428899d3a3b22833cfc7b5e55b47b8d4834c4,0|0,0|0,0|0,0|0,0|0,0.5|1,0|0,0|0,0.5|1,0|0,0.5|1,0|0,0.5|1,0|0,0|0,0|0,0|0,0|0,0|0,0|0,0|0,0|0,0.5|1,0|0,0|0,0.5|1,0.5|1,0|0,0|0,0|0,0|0,0|0,0|0,0|0,0.5|0,0|0,0|0,0|0,0|0,0|0,0|0,0|0,0|0,0|0,0|0,0|0,7
473a5d1d0b7a7d5cb18b1ce60c31176e23cee9ad,0|0,0|0,0|0,0|0,0|0,0.5|1,0|0,0|0,0.5|1,0|0,0.5|1,0|0,0.5|1,0|0,0|0,0|0,0|0,0|0,0|0,0|0,0|0,0|0,0.5|1,0|0,0|0,0.5|1,0.5|1,0|0,0|0,0|0,0|0,0|0,0|0,0|0,0.5|0,0|0,0|0,0|0,0|0,0|0,0|0,0|0,0|0,0|0,0|0,0|0,7
0b702c20d32c4fab113f5c3da7e503f7fd1a9ec5,0|0,0|0,0|0,0|0,0|0,0.5|1,0|0,0|0,0.5|1,0|0,0.5|1,0|0,0.5|1,0|0,0|0,0|0,0|0,0|0,0|0,0|0,0|0,0|0,0.5|1,0|0,0|0,0.5|1,0.5|1,0|0,0|0,0|0,0|0,0|0,0|0,0|0,0.5|0,0|0,0|0,0|0,0|0,0|0,0|0,0|0,0|0,0|0,0|0,0|0,7
8d8e61b256b6235a2fa48e9414e459739335fe12,0|0,0|0,0|0,0|0,0|0,0.5|1,0|0,0|0,0.5|1,0|0,0.5|1,0|0,0.5|1,0|0,0|0,0|0,0|0,0|0,0|0,0|0,0|0,0|0,0.5|1,0|0,0|0,0.5|1,0.5|1,0|0,0|0,0|0,0|0,0|0,0|0,0|0,0.5|0,0|0,0|0,0|0,0|0,0|0,0|0,0|0,0|0,0|0,0|0,0|0,7
f965983c23e1c9fc4dbbd294bc39217660f7169b,0|0,0|0,0|0,0|0,0|0,0.5|1,0|0,0|0,0.5|1,0|0,0.5|1,0|0,0.5|1,0|0,0|0,0|0,0|0,0|0,0|0,0|0,0|0,0|0,0.5|1,0|0,0|0,0.5|1,0.5|1,0|0,0|0,0|0,0|0,0|0,0|0,0|0,0.5|0,0|0,0|0,0|0,0|0,0|0,0|0,0|0,0|0,0|0,0|0,0|0,7
c2ebbb15add2a307458f32a47ea690150927e500,0|0,0|0,0|0,0|0,0|0,0.5|1,0|0,0|0,0.5|1,0|0,0.5|1,0|0,0.5|1,0|0,0|0,0|0,0|0,0|0,0|0,0|0,0|0,0|0,0.5|1,0|0,0|0,0.5|1,0.5|1,0|0,0|0,0|0,0|0,0|0,0|0,0|0,0.5|0,0|0,0|0,0|0,0|0,0|0,0|0,0|0,0|0,0|0,0|0,0|0,7
097127c31d028bb8abae8d3aa8edcc367f17bfba,0|0,0|0,0|0,0|0,0|0,0.5|1,0|0,0|0,0.5|1,0|0,0.5|1,0|0,0.5|1,0|0,0|0,0|0,0|0,0|0,0|0,0|0,0|0,0|0,0.5|1,0|0,0|0,0.5|1,0.5|1,0|0,0|0,0|0,0|0,0|0,0|0,0|0,0.5|0,0|0,0|0,0|0,0|0,0|0,0|0,0|0,0|0,0|0,0|0,0|0,7
4d746dabe99da7b193b1f1f74e15d480b83ff8fe,0|0,0|0,0|0,0|0,0|0,0.5|1,0|0,0|0,0.5|1,0|0,0.5|1,0|0,0.5|1,0|0,0|0,0|0,0|0,0|0,0|0,0|0,0|0,0|0,0.5|1,0|0,0|0,0.5|1,0.5|1,0|0,0|0,0|0,0|0,0|0,0|0,0|0,0.5|0,0|0,0|0,0|0,0|0,0|0,0|0,0|0,0|0,0|0,0|0,0|0,7
780dc8d1e7c57dbb9de474b636d5ad7fb20a111d,0|0,0|0,0|0,0|0,0|0,0.5|1,0|0,0|0,0.5|1,0|0,0.5|1,0|0,0.5|1,0|0,0|0,0|0,0|0,0|0,0|0,0|0,0|0,0|0,0.5|1,0|0,0|0,0.5|1,0.5|1,0|0,0|0,0|0,0|0,0|0,0|0,0|0,0.5|0,0|0,0|0,0|0,0|0,0|0,0|0,0|0,0|0,0|0,0|0,0|0,7
328016895f4da6c817495d98cdc09980040dd06b,0|0,0|0,0|0,0|0,0|0,0.5|1,0|0,0|0,0.5|1,0|0,0.5|1,0|0,0.5|1,0|0,0|0,0|0,0|0,0|0,0|0,0|0,0|0,0|0,0.5|1,0|0,0|0,0.5|1,0.5|1,0|0,0|0,0|0,0|0,0|0,0|0,0|0,0.5|0,0|0,0|0,0|0,0|0,0|0,0|0,0|0,0|0,0|0,0|0,0|0,7
44259ab2b97e89e800d4406f5c8c3dd4869e374d,0|0,0|0,0|0,0|0,0|0,0.5|1,0|0,0|0,0.5|1,0|0,0.5|1,0|0,0.5|1,0|0,0|0,0|0,0|0,0|0,0|0,0|0,0|0,0|0,0.5|1,0|0,0|0,0.5|1,0.5|1,0|0,0|0,0|0,0|0,0|0,0|0,0|0,0.5|0,0|0,0|0,0|0,0|0,0|0,0|0,0|0,0|0,0|0,0|0,0|0,7
0bf809f8e5f4c4a65c7628fdf1a1cea280af6ab8,0|0,0|0,0|0,0|0,0|0,0.5|1,0|0,0|0,0.5|1,0|0,0.5|1,0|0,0.5|1,0|0,0|0,0|0,0|0,0|0,0|0,0|0,0|0,0|0,0.5|1,0|0,0|0,0.5|1,0.5|1,0|0,0|0,0|0,0|0,0|0,0|0,0|0,0.5|0,0|0,0|0,0|0,0|0,0|0,0|0,0|0,0|0,0|0,0|0,0|0,7
bd0fd6cf8d8b39bed1f0fa049905d7f6e43af5f0,0|0,0|0,0|0,0|0,0|0,0.5|1,0|0,0|0,0.5|1,0|0,0.5|1,0|0,0.5|1,0|0,0|0,0|0,0|0,0|0,0|0,0|0,0|0,0|0,0.5|1,0|0,0|0,0.5|1,0.5|1,0|0,0|0,0|0,0|0,0|0,0|0,0|0,0.5|0,0|0,0|0,0|0,0|0,0|0,0|0,0|0,0|0,0|0,0|0,0|0,7
a70fd6ed3b33d9e2c89fe35c96102c156d39f1f9,0|0,0|0,0|0,0|0,0|0,0.5|1,0|0,0|0,0.5|1,0|0,0.5|1,0|0,0.5|1,0|0,0|0,0|0,0|0,0|0,0|0,0|0,0|0,0|0,0.5|1,0|0,0|0,0.5|1,0.5|1,0|0,0|0,0|0,0|0,0|0,0|0,0|0,0.5|0,0|0,0|0,0|0,0|0,0|0,0|0,0|0,0|0,0|0,0|0,0|0,7
6f79b78f7122f904d17709a800b59d60551c1bde,0|0,0|0,0|0,0|0,0|0,0.5|1,0|0,0|0,0.5|1,0|0,0.5|1,0|0,0.5|1,0|0,0|0,0|0,0|0,0|0,0|0,0|0,0|0,0|0,0.5|1,0|0,0|0,0.5|1,0.5|1,0|0,0|0,0|0,0|0,0|0,0|0,0|0,0.5|0,0|0,0|0,0|0,0|0,0|0,0|0,0|0,0|0,0|0,0|0,0|0,7
7344bf65bcd249d17415bdc9f084d4880570b23c,0|0,0|0,0|0,0|0,0|0,0.5|1,0|0,0|0,0.5|1,0|0,0.5|1,0|0,0.5|1,0|0,0|0,0|0,0|0,0|0,0|0,0|0,0|0,0|0,0.5|1,0|0,0|0,0.5|1,0.5|1,0|0,0|0,0|0,0|0,0|0,0|0,0|0,0.5|0,0|0,0|0,0|0,0|0,0|0,0|0,0|0,0|0,0|0,0|0,0|0,7
c120cca66272646c4277d71fa769d020b1026b28,0|0,0|0,0|0,0|0,0|0,0.5|1,0|0,0|0,0.5|1,0|0,0.5|1,0|0,0.5|1,0|0,0|0,0|0,0|0,0|0,0|0,0|0,0|0,0|0,0.5|1,0|0,0|0,0.5|1,0.5|1,0|0,0|0,0|0,0|0,0|0,0|0,0|0,0.5|0,0|0,0|0,0|0,0|0,0|0,0|0,0|0,0|0,0|0,0|0,0|0,7
4148c5e065d32128eea17c0e228e372ad72eef82,0|0,0|0,0|0,0|0,0|0,0.5|1,0|0,0|0,0.5|1,0|0,0.5|1,0|0,0.5|1,0|0,0|0,0|0,0|0,0|0,0|0,0|0,0|0,0|0,0.5|1,0|0,0|0,0.5|1,0.5|1,0|0,0|0,0|0,0|0,0|0,0|0,0|0,0.5|0,0|0,0|0,0|0,0|0,0|0,0|0,0|0,0|0,0|0,0|0,0|0,7
427002d14fbb4d42c30d38b5812e40142c96ff98,0|0,0|0,0|0,0|0,0|0,0|1,0|0,0|0,0|1,0|0,0|1,0|0,0|1,0|0,0|0,0|0,0|0,0|0,0|0,0|0,0|0,0|0,0|1,0|0,0|0,0|1,0|1,0|0,0|0,0|0,0|0,0|0,0|0,0|0,0|0,0|0,0|0,0|0,0|0,0|0,0|0,0|0,0|0,0|0,0|0,0|0,7
7d63149ced191d1d646404a844c5ffd2d55dea14,0|0,0|0,0|0,0|0,0|0,0.5|1,0|0,0|0,0.5|1,0|0,0.5|1,0|0,0.5|1,0|0,0|0,0|0,0|0,0|0,0|0,0|0,0|0,0|0,0.5|1,0|0,0|0,0.5|1,0.5|1,0|0,0|0,0|0,0|0,0|0,0|0,0|0,0.5|0,0|0,0|0,0|0,0|0,0|0,0|0,0|0,0|0,0|0,0|0,0|0,7
48282369e244afb91f4d322b3a9091ffec52af81,0|0,0|0,0|0,0|0,0|0,0.5|1,0|0,0|0,0.5|1,0|0,0.5|1,0|0,0.5|1,0|0,0|0,0|0,0|0,0|0,0|0,0|0,0|0,0|0,0.5|1,0|0,0|0,0.5|1,0.5|1,0|0,0|0,0|0,0|0,0|0,0|0,0|0,0.5|0,0|0,0|0,0|0,0|0,0|0,0|0,0|0,0|0,0|0,0|0,0|0,7
7855e0318d41d567bc9dc6acb5c1bdc814728bc2,0|0,0|0,0|0,0|0,0|0,0.5|1,0|0,0|0,0.5|1,0|0,0.5|1,0|0,0.5|1,0|0,0|0,0|0,0|0,0|0,0|0,0|0,0|0,0|0,0.5|1,0|0,0|0,0.5|1,0.5|1,0|0,0|0,0|0,0|0,0|0,0|0,0|0,0.5|0,0|0,0|0,0|0,0|0,0|0,0|0,0|0,0|0,0|0,0|0,0|0,7
84f66b4d6b69d2e5a98d446d70e028d6fa560413,0|0,0|0,0|0,0|0,0|0,0.5|1,0|0,0|0,0.5|1,0|0,0.5|1,0|0,0.5|1,0|0,0|0,0|0,0|0,0|0,0|0,0|0,0|0,0|0,0.5|1,0|0,0|0,0.5|1,0.5|1,0|0,0|0,0|0,0|0,0|0,0|0,0|0,0.5|0,0|0,0|0,0|0,0|0,0|0,0|0,0|0,0|0,0|0,0|0,0|0,7
86e34fbf6ded9329f1174cc1b7da4bb016613497,0|0,0|0,0|0,0|0,0|0,0.5|1,0|0,0|0,0.5|1,0|0,0.5|1,0|0,0.5|1,0|0,0|0,0|0,0|0,0|0,0|0,0|0,0|0,0|0,0.5|1,0|0,0|0,0.5|1,0.5|1,0|0,0|0,0|0,0|0,0|0,0|0,0|0,0.5|0,0|0,0|0,0|0,0|0,0|0,0|0,0|0,0|0,0|0,0|0,0|0,7
263547e77d87cbf5b8cc2af293b7fad8216c8c35,0|0,0|0,0|0,0|0,0|0,0.5|1,0|0,0|0,0.5|1,0|0,0.5|1,0|0,0.5|1,0|0,0|0,0|0,0|0,0|0,0|0,0|0,0|0,0|0,0.5|1,0|0,0|0,0.5|1,0.5|1,0|0,0|0,0|0,0|0,0|0,0|0,0|0,0.5|0,0|0,0|0,0|0,0|0,0|0,0|0,0|0,0|0,0|0,0|0,0|0,7
2ccd2c204bcc3f272cf19e03978a0c2c998386af,0|0,0|0,0|0,0|0,0|0,0.5|1,0|0,0|0,0.5|1,0|0,0.5|1,0|0,0.5|1,0|0,0|0,0|0,0|0,0|0,0|0,0|0,0|0,0|0,0.5|1,0|0,0|0,0.5|1,0.5|1,0|0,0|0,0|0,0|0,0|0,0|0,0|0,0.5|0,0|0,0|0,0|0,0|0,0|0,0|0,0|0,0|0,0|0,0|0,0|0,7
6a1b8baa00d4f0f9c52bce0e7d7618438de7f199,0|0,0|0,0|0,0|0,0|0,0.5|1,0|0,0|0,0.5|1,0|0,0.5|1,0|0,0.5|1,0|0,0|0,0|0,0|0,0|0,0|0,0|0,0|0,0|0,0.5|1,0|0,0|0,0.5|1,0.5|1,0|0,0|0,0|0,0|0,0|0,0|0,0|0,0.5|0,0|0,0|0,0|0,0|0,0|0,0|0,0|0,0|0,0|0,0|0,0|0,7
fd646bd05ffee4f0da9eaf55ad9e581770ecb099,0|0,0|0,0|0,0|0,0|0,0.5|1,0|0,0|0,0.5|1,0|0,0.5|1,0|0,0.5|1,0|0,0|0,0|0,0|0,0|0,0|0,0|0,0|0,0|0,0.5|1,0|0,0|0,0.5|1,0.5|1,0|0,0|0,0|0,0|0,0|0,0|0,0|0,0.5|0,0|0,0|0,0|0,0|0,0|0,0|0,0|0,0|0,0|0,0|0,0|0,7
4a09b4efa053a26e187119a540da4b41dd8a24d8,0|0,0|0,0|0,0|0,0|0,0.5|1,0|0,0|0,0.5|1,0|0,0.5|1,1|1,0.5|1,0|0,0|0,0|0,0|0,0|0,0|0,0|0,0|0,0|0,0.5|1,1|1,1|1,0.5|1,0.5|1,0|0,0|0,0|0,0|0,0|0,0|0,0|0,0.5|0,0|0,0|0,0|0,0|0,0|0,0|0,0|0,0|0,0|0,0|0,0|0,10
c9b37b92f5efcfc35cf82346b0b79faed631579b,0|0,0|0,0|0,0|0,0|0,0.5|1,0|0,0|0,0.5|1,0|0,0.5|1,1|1,0.5|1,0|0,0|0,0|0,0|0,0|0,0|0,0|0,0|0,0|0,0.5|1,1|1,1|1,0.5|1,0.5|1,0|0,0|0,0|0,0|0,0|0,0|0,0|0,0.5|0,0|0,0|0,0|0,0|0,0|0,0|0,0|0,0|0,0|0,0|0,0|0,10
39ae57e6a3d93cb91def5d76fc54e89075f01867,0|0,0|0,0|0,0|0,0|0,0.5|1,0|0,0|0,0.5|1,0|0,0.5|1,1|1,0.5|1,0|0,0|0,0|0,0|0,0|0,0|0,0|0,0|0,0|0,0.5|1,1|1,1|1,0.5|1,0.5|1,0|0,0|0,0|0,0|0,0|0,0|0,0|0,0.5|0,0|0,0|0,0|0,0|0,0|0,0|0,0|0,0|0,0|0,0|0,0|0,10
f8503da9e92e483c1d9839f5578646285b0dce6e,0|0,0|0,0|0,0|0,0|0,0.5|1,0|0,0|0,0.5|1,0|0,0.5|1,1|1,0.5|1,0|0,0|0,0|0,0|0,0|0,0|0,0|0,0|0,0|0,0.5|1,1|1,1|1,0.5|1,0.5|1,0|0,0|0,0|0,0|0,0|0,0|0,0|0,0.5|0,0|0,0|0,0|0,0|0,0|0,0|0,0|0,0|0,0|0,0|0,0|0,10
b69177be2fbe01c2442239a61832c44e40136c05,0|0,0|0,0|0,0|0,0|0,0.5|1,0|0,0|0,0.5|1,0|0,0.5|1,1|1,0.5|1,0|0,0|0,0|0,0|0,0|0,0|0,0|0,0|0,0|0,0.5|1,1|1,1|1,0.5|1,0.5|1,0|0,0|0,0|0,0|0,0|0,0|0,0|0,0.5|0,0|0,0|0,0|0,0|0,0|0,0|0,0|0,0|0,0|0,0|0,0|0,10
e5e69d0f7ab382e3507660fe752027c09e32310e,0|0,0|0,0|0,0|0,0|0,0|1,0|0,0|0,0|1,0|0,0|1,0|1,0|1,0|0,0|0,0|0,0|0,0|0,0|0,0|0,0|0,0|0,0|1,0|1,0|1,0|1,0|1,0|0,0|0,0|0,0|0,0|0,0|0,0|0,0|0,0|0,0|0,0|0,0|0,0|0,0|0,0|0,0|0,0|0,0|0,0|0,10
ae803c8b51dec9e31e99cb37cd64bd968b314669,0|0,0|0,0|0,0|0,0|0,0|1,0|0,0|0,0|1,0|0,0|1,0|1,0|1,0|0,0|0,0|0,0|0,0|0,0|0,0|0,0|0,0|0,0|1,0|1,0|1,0|1,0|1,0|0,0|0,0|0,0|0,0|0,0|0,0|0,0|0,0|0,0|0,0|0,0|0,0|0,0|0,0|0,0|0,0|0,0|0,0|0,10
ee15c6149db30b64c63a9009a3c4ef24280495a6,0|0,0|0,0|0,0|0,0|0,0|1,0|0,0|0,0|1,0|0,0|1,0|1,0|1,0|0,0|0,0|0,0|0,0|0,0|0,0|0,0|0,0|0,0|1,0|1,0|1,0|1,0|1,0|0,0|0,0|0,0|0,0|0,0|0,0|0,0|0,0|0,0|0,0|0,0|0,0|0,0|0,0|0,0|0,0|0,0|0,0|0,10
cd765c08d6f1038ea5efd7a7cc556ca89bdec9e4,0|0,0|0,0|0,0|0,0|0,0.5|1,0|0,0|0,0.5|1,0|0,0.5|1,1|1,0.5|1,0|0,0|0,0|0,0|0,0|0,0|0,0|0,0|0,0.5|1,0.5|1,1|1,1|1,0.5|1,0.5|1,0|0,0.5|1,0|0,0|0,0|0,0|0,0|0,0.5|0,0|0,0|0,0|0,0|0,0|0,0|0,0|0,0|0,0|0,0|0,0|0,12
f7f705406f103a46672f73e9ffb189286ce6bacf,0|0,0|0,0|0,0|0,0|0,0.5|1,0|0,0|0,0.5|1,0|0,0.5|1,1|1,0.5|1,0|0,0|0,0|0,0|0,0|0,0|0,0|0,0|0,0.5|1,0.5|1,1|1,1|1,0.5|1,0.5|1,0|0,0.5|1,0|0,0|0,0|0,0|0,0|0,0.5|0,0|0,0|0,0|0,0|0,0|0,0|0,0|0,0|0,0|0,0|0,0|0,12
db16a987c57c2fa097b5efabb66cef16caeddb03,0|0,0|0,0|0,0|0,0|0,0.5|1,0|0,0|0,0.5|1,0|0,0.5|1,1|1,0.5|1,0|0,0|0,0|0,0|0,0|0,0|0,0|0,0|0,0.5|1,0.5|1,1|1,1|1,0.5|1,0.5|1,0|0,0.5|1,0|0,0|0,0|0,0|0,0|0,0.5|0,0|0,0|0,0|0,0|0,0|0,0|0,0|0,0|0,0|0,0|0,0|0,12
17235d234eb6a55fd0753ab4f3b6fc8f66eb7659,0|0,0|0,0|0,0|0,0|0,0.5|1,0|0,0|0,0.5|1,0|0,0.5|1,1|1,0.5|1,0|0,0|0,0|0,0|0,0|0,0|0,0|0,0|0,0.5|1,0.5|1,1|1,1|1,0.5|1,0.5|1,0|0,0.5|1,0|0,0|0,0|0,0|0,0|0,0.5|0,0|0,0|0,0|0,0|0,0|0,0|0,0|0,0|0,0|0,0|0,0|0,12
9dfd0d0071845779487b4e2e14c3599e18a74a8c,0|0,0|0,0|0,0|0,0|0,0.5|1,0|0,0|0,0.5|1,0|0,0.5|1,1|1,0.5|1,0|0,0|0,0|0,0|0,0|0,0|0,0|0,0|0,0.5|1,0.5|1,1|1,1|1,0.5|1,0.5|1,0|0,0.5|1,0|0,0|0,0|0,0|0,0|0,0.5|0,0|0,0|0,0|0,0|0,0|0,0|0,0|0,0|0,0|0,0|0,0|0,12
0a4fbb8cfb7602c9c0b90e8329b56577dea207fd,0|0,0|0,0|0,0|0,0|0,0.5|1,0|0,0|0,0.5|1,0|0,0.5|1,1|1,0.5|1,0|0,0|0,0|0,0|0,0|0,0|0,0|0,0|0,0.5|1,0.5|1,1|1,1|1,0.5|1,0.5|1,0|0,0.5|1,0|0,0|0,0|0,0|0,0|0,0.5|0,0|0,0|0,0|0,0|0,0|0,0|0,0|0,0|0,0|0,0|0,0|0,12
08f32f2e0ec5e05029c6849abec430caa570b7ea,0|0,0|0,0|0,0|0,0|0,0.5|1,0|0,0|0,0.5|1,0|0,0.5|1,1|1,0.5|1,0|0,0|0,0|0,0|0,0|0,0|0,0|0,0|0,0.5|1,0.5|1,1|1,1|1,0.5|1,0.5|1,0|0,0.5|1,0|0,0|0,0|0,0|0,0|0,0.5|0,0|0,0|0,0|0,0|0,0|0,0|0,0|0,0|0,0|0,0|0,0|0,12
50be0b004956046ca3077a1e454df7cd7a4b462d,0|0,0|0,0|0,0|0,0|0,0.5|1,0|0,0|0,0.5|1,0|0,0.5|1,1|1,0.5|1,0|0,0|0,0|0,0|0,0|0,0|0,0|0,0|0,0.5|1,0.5|1,1|1,1|1,0.5|1,0.5|1,0|0,0.5|1,0|0,0|0,0|0,0|0,0|0,0.5|0,0|0,0|0,0|0,0|0,0|0,0|0,0|0,0|0,0|0,0|0,0|0,12
fb64346e28633055dac543bc0ef6f3c406d5bbd5,0|0,0|0,0|0,0|0,0|0,0.5|1,0|0,0|0,0.5|1,0|0,0.5|1,1|1,0.5|1,0|0,0|0,0|0,0|0,0|0,0|0,0|0,0|0,0.5|1,0.5|1,1|1,1|1,0.5|1,0.5|1,0|0,0.5|1,0|0,0|0,0|0,0|0,0|0,0.5|0,0|0,0|0,0|0,0|0,0|0,0|0,0|0,0|0,0|0,0|0,0|0,12
baddfbb6c3d09398b207248c64dc8fe6d5568ee6,0|0,0|0,0|0,0|0,0.5|0,0.5|1,0|0,0|0,0.5|1,0|0,0.5|1,1|1,0.5|1,0|0,0|0,0.5|0,0.5|0,0|0,0|0,0|0,0|0,0.5|1,0.5|1,1|1,1|1,0.5|1,0.5|1,0|0,0.5|1,0|0,0|0,0|0,0|0,0|0,0.5|0,0|0,0|0,0|0,0|0,0|0,0|0,0|0,0|0,0|0,0|0,0|0,12
1edf5c49d662f7944ee976a63d54980a270a2419,0|0,0|0,0|0,0|0,0.5|1,0.5|1,0|0,0|0,0.5|1,0|0,0.5|1,1|1,0.5|1,0|0,0|0,0.5|0,0.5|0,0|0,0|0,0|0,0|0,0.5|1,0.5|1,1|1,1|1,0.5|1,0.5|1,0|0,0.5|1,0|0,0|0,0|0,0|0,0|0,0.5|0,0|0,0|0,0|0,0|0,0|0,0|0,0|0,0|0,0|0,0|0,0|0,13
7037e796048d84be01d8cf96891a977b898e6c19,0|0,0|0,0|0,0|0,0.5|1,0.5|1,0|0,0|0,0.5|1,0|0,0.5|1,1|1,0.5|1,0|0,0|0,0.5|0,0.5|0,0|0,0|0,0|0,0|0,0.5|1,0.5|1,1|1,1|1,0.5|1,0.5|1,0|0,0.5|1,0|0,0|0,0|0,0|0,0|0,0.5|0,0|0,0|0,0|0,0|0,0|0,0|0,0|0,0|0,0|0,0|0,0|0,13
9ed94a722c597c4fbac5ccfb912fad43175c929e,0|0,0|0,0|0,0|0,0.5|1,0.5|1,0|0,0|0,0.5|1,0|0,0.5|1,1|1,0.5|1,0|0,0|0,0.5|0,0.5|0,0|0,0|0,0|0,0|0,0.5|1,0.5|1,1|1,1|1,0.5|1,0.5|1,0|0,0.5|1,0|0,0|0,0|0,0|0,0|0,0.5|0,0|0,0|0,0|0,0|0,0|0,0|0,0|0,0|0,0|0,0|0,0|0,13
adfe6b763c2b8063cc64df91d4bede08cfbb3984,0|0,0|0,0|0,0|0,0.5|1,0.5|1,0|0,0|0,0.5|1,0|0,0.5|1,1|1,0.5|1,0|0,0|0,0.5|0,0.5|0,0|0,0|0,0|0,0|0,0.5|1,0.5|1,1|1,1|1,0.5|1,0.5|1,0|0,0.5|1,0|0,0|0,0|0,0|0,0|0,0.5|0,0|0,0|0,0|0,0|0,0|0,0|0,0|0,0|0,0|0,0|0,0|0,13
a183b2ab9ba93bca25b5c2e7d57aeeeb678614c2,0|0,0|0,0|0,0|0,0.5|1,0.5|1,0|0,0|0,0.5|1,0|0,0.5|1,1|1,0.5|1,0|0,0|0,0.5|0,0.5|0,0|0,0|0,0|0,0|0,0.5|1,0.5|1,1|1,1|1,0.5|1,0.5|1,0|0,0.5|1,0|0,0|0,0|0,0|0,0|0,0.5|0,0|0,0|0,0|0,0|0,0|0,0|0,0|0,0|0,0|0,0|0,0|0,13
da22aa5fc71eb7cd18d0b3269ff9bc0fb784a782,0|0,0|0,0|0,0|0,0.5|1,0.5|1,0|0,0|0,0.5|1,0|0,0.5|1,1|1,0.5|1,0|0,0|0,0.5|0,0.5|0,0|0,0|0,0|0,0|0,0.5|1,0.5|1,1|1,1|1,0.5|1,0.5|1,0|0,0.5|1,0|0,0|0,0|0,0|0,0|0,0.5|0,0|0,0|0,0|0,0|0,0|0,0|0,0|0,0|0,0|0,0|0,0|0,13
7dfbfff743aaae57691ade003066aeca632e5d49,0|0,0|0,0|0,0|0,0.5|1,0.5|1,0|0,0|0,0.5|1,0|0,0.5|1,1|1,0.5|1,0|0,0|0,0.5|0,0.5|0,0|0,0|0,0|0,0|0,0.5|1,0.5|1,1|1,1|1,0.5|1,0.5|1,0|0,0.5|1,0|0,0|0,0|0,0|0,0|0,0.5|0,0|0,0|0,0|0,0|0,0|0,0|0,0|0,0|0,0|0,0|0,0|0,13
e90c5c7c3223d033467aa359d8b1e264f961fde1,0|0,0|0,0|0,0|0,0.5|1,0.5|1,0|0,0|0,0.5|1,0|0,0.5|1,1|1,0.5|1,0|0,0|0,0.5|0,0.5|0,0|0,0|0,0|0,0|0,0.5|1,0.5|1,1|1,1|1,0.5|1,0.5|1,0|0,0.5|1,0|0,0|0,0|0,0|0,0|0,0.5|0,0|0,0|0,0|0,0|0,0|0,0|0,0|0,0|0,0|0,0|0,0|0,13
8e7b1ea7a136cc4e4aa9880072ec2d69900a825e,0|0,0|0,0|0,0|0,0.5|1,0.5|1,0|0,0|0,0|0,0|0,0.5|1,1|1,0.5|1,0|0,0|0,0.5|0,0.5|0,0|0,0|0,0|0,0|0,0.5|1,0.5|1,1|1,1|1,0.5|1,0.5|1,0|0,0.5|1,0|0,0|0,0|0,0|0,0|0,0.5|0,0|0,0|0,0|0,0|0,0|0,0|0,0|0,0|0,0|0,0|0,0|0,12
c375782b96faf30558b3f91a7fe05eae62fc79c2,0|0,0|0,0|0,0|0,0.5|1,0.5|1,0|0,0|0,0|0,0|0,0.5|1,1|1,0.5|1,0|0,0|0,0.5|0,0.5|0,0|0,0|0,0|0,0|0,0.5|1,0.5|1,1|1,1|1,0.5|1,0.5|1,0|0,0.5|1,0|0,0|0,0|0,0|0,0|0,0.5|0,0|0,0|0,0|0,0|0,0|0,0|0,0|0,0|0,0|0,0|0,0|0,12
3d9285f1be84db7ecec821b75f67964dc4773a65,0|0,0|0,0|0,0|0,0.5|1,0.5|1,0|0,0|0,0|0,0|0,0.5|1,1|1,0.5|1,0|0,0|0,0.5|0,0.5|0,0|0,0|0,0|0,0|0,0.5|1,0.5|1,1|1,1|1,0.5|1,0.5|1,0|0,0.5|1,0|0,0|0,0|0,0|0,0|0,0.5|0,0|0,0|0,0|0,0|0,0|0,0|0,0|0,0|0,0|0,0|0,0|0,12
c5e16b4ff7517fd336f1e80db5a9a920a31ae6b2,0|0,0|0,0|0,0|0,0.5|1,0.5|1,0|0,0|0,0|0,0|0,0.5|1,1|1,0.5|1,0|0,0|0,0.5|0,0.5|0,0|0,0|0,0|0,0|0,0.5|1,0.5|1,1|1,1|1,0.5|1,0.5|1,0|0,0.5|1,0|0,0|0,0|0,0|0,0|0,0.5|0,0|0,0|0,0|0,0|0,0|0,0|0,0|0,0|0,0|0,0|0,0|0,12
b7e666e465f138ae48ab81976726e67deed12701,0|0,0|0,0|0,0|0,0.5|1,0.5|1,0|0,0|0,0|0,0|0,0.5|1,1|1,0.5|1,0|0,0|0,0.5|0,0.5|0,0|0,0|0,0|0,0|0,0.5|1,0.5|1,1|1,1|1,0.5|1,0.5|1,0|0,0.5|1,0|0,0|0,0|0,0|0,0|0,0.5|0,0|0,0|0,0|0,0|0,0|0,0|0,0|0,0|0,0|0,0|0,0|0,12
068c1b1f22b65ec200a2f577ff93f8dbeecb7321,0|0,0|0,0|0,0|0,0|0,0|1,0|0,0|0,0|0,0|0,0|0,0|1,0|1,0|0,0|0,0|0,0|0,0|0,0|0,0|0,0|0,0|0,0|1,0|1,0|1,0|1,0|1,0|0,0|0,0|0,0|0,0|0,0|0,0|0,0|0,0|0,0|0,0|0,0|0,0|0,0|0,0|0,0|0,0|0,0|0,0|0,8
cd65da69d349c119e48e2e0c899a1439743a1300,0|0,0|0,0|0,0|0,0|0,0|1,0|0,0|0,0|0,0|0,0|0,0|1,0|1,0|0,0|0,0|0,0|0,0|0,0|0,0|0,0|0,0|0,0|1,0|1,0|1,0|1,0|1,0|0,0|0,0|0,0|0,0|0,0|0,0|0,0|0,0|0,0|0,0|0,0|0,0|0,0|0,0|0,0|0,0|0,0|0,0|0,8
246ec53bcf1f4c7692fb4dff9f0c6040547fc7e3,0|0,0|0,0|0,0|0,0.5|1,0.5|1,0|0,0|0,0|0,0|0,0.5|1,1|1,0.5|1,0|0,0|0,0.5|0,0.5|0,0|0,0|0,0|0,0|0,0.5|1,0.5|1,1|1,1|1,0.5|1,0.5|1,0|0,0.5|1,0|0,0|0,0|0,0|0,0|0,0.5|0,0|0,0|0,0|0,0|0,0|0,0|0,0|0,0|0,0|0,0|0,0|0,12
329eff069ee93ea6b2f032899dae0b33f551f3ae,0|0,0|0,0|0,0|0,0.5|1,0.5|1,0|0,0|0,0|0,0|0,0.5|1,1|1,0.5|1,0|0,0|0,0.5|0,0.5|0,0|0,0|0,0|0,0|0,0.5|1,0.5|1,1|1,1|1,0.5|1,0.5|1,0|0,0.5|1,0|0,0|0,0|0,0|0,0|0,0.5|0,0|0,0|0,0|0,0|0,0|0,0|0,0|0,0|0,0|0,0|0,0|0,12
e9519c9aca58a4636ae2a9fc904e2aa54a906d9b,0|0,0|0,0|0,0|0,0.5|1,0.5|1,0|0,0|0,0|0,0|0,0.5|1,1|1,0.5|1,0|0,0|0,0.5|0,0.5|0,0|0,0|0,0|0,0|0,0.5|1,0.5|1,1|1,1|1,0.5|1,0.5|1,0|0,0.5|1,0|0,0|0,0|0,0|0,0|0,0.5|0,0|0,0|0,0|0,0|0,0|0,0|0,0|0,0|0,0|0,0|0,0|0,12
07d9e4f9ba0c2006f3eed48def37a4dfac9a937f,0|0,0|0,0|0,0|0,0.5|1,0.5|1,0|0,0|0,0|0,0|0,0.5|1,1|1,0.5|1,0|0,0|0,0.5|0,0.5|0,0|0,0|0,0|0,0|0,0.5|1,0.5|1,1|1,1|1,0.5|1,0.5|1,0|0,0.5|1,0|0,0|0,0|0,0|0,0|0,0.5|0,0|0,0|0,0|0,0|0,0|0,0|0,0|0,0|0,0|0,0|0,0|0,12
c02b00e0cede9692a915b3f2ce1aa6f0a3582124,0|0,0|0,0|0,0|0,0.5|1,0.5|1,0|0,0|0,0|0,0|0,0.5|1,1|1,0.5|1,0|0,0|0,0.5|0,0.5|0,0|0,0|0,0|0,0|0,0.5|1,0.5|1,1|1,1|1,0.5|1,0.5|1,0|0,0.5|1,0|0,0|0,0|0,0|0,0|0,0.5|0,0|0,0|0,0|0,0|0,0|0,0|0,0|0,0|0,0|0,0|0,0|0,12
83ae5b72567d7aba51c5b702b5e1bf879c472f5c,0|0,0|0,0|0,0|0,0|0,0|1,0|0,0|0,0|0,0|0,0|0,0|1,0|1,0|0,0|0,0|0,0|0,0|0,0|0,0|0,0|0,0|0,0|1,0|1,0|1,0|1,0|1,0|0,0|0,0|0,0|0,0|0,0|0,0|0,0|0,0|0,0|0,0|0,0|0,0|0,0|0,0|0,0|0,0|0,0|0,0|0,8
3874f0e0e0293dd977fda31d3f50c69ebcad4463,0|0,0|0,0|0,0|0,0.5|1,0.5|1,0|0,0|0,0|0,0|0,0.5|1,1|1,0.5|1,0|0,0|0,0.5|0,0.5|0,0|0,0|0,0|0,0|0,0.5|1,0.5|1,1|1,1|1,0.5|1,0.5|1,0|0,0.5|1,0|0,0|0,0|0,0|0,0|0,0.5|0,0|0,0|0,0|0,0|0,0|0,0|0,0|0,0|0,0|0,0|0,0|0,12
bbbc5fdbae79c72dbe157e02dfee4ef9f18014b5,0|0,0|0,0|0,0|0,0.5|1,0.5|1,0|0,0|0,0|0,0|0,0.5|1,1|1,0.5|1,0|0,0|0,0.5|0,0.5|0,0|0,0|0,0|0,0|0,0.5|1,0.5|1,1|1,1|1,0.5|1,0.5|1,0|0,0|0,0|0,0|0,0|0,0|0,0|0,0.5|0,0|0,0|0,0|0,0|0,0|0,0|0,0|0,0|0,0|0,0|0,0|0,11
e5c2c400efa7a9b239be36ca95dd296a779ae363,0|0,0|0,0|0,0|0,0.5|1,0.5|1,0|0,0|0,0|0,0|0,0.5|1,1|1,0.5|1,0|0,0|0,0.5|0,0.5|0,0|0,0|0,0|0,0|0,0.5|1,0.5|1,1|1,1|1,0.5|1,0.5|1,0|0,0|0,0|0,0|0,0|0,0|0,0|0,0.5|0,0|0,0|0,0|0,0|0,0|0,0|0,0|0,0|0,0|0,0|0,0|0,11
ee35834be6e40ac9de03b3685052ed701847ca53,0|0,0|0,0|0,0|0,0.5|1,0.5|1,0|0,0|0,0|0,0|0,0.5|1,1|1,0.5|1,0|0,0|0,0.5|0,0.5|0,0|0,0|0,0|0,0|0,0.5|1,0.5|1,1|1,1|1,0.5|1,0.5|1,0|0,0|0,0|0,0|0,0|0,0|0,0|0,0.5|0,0|0,0|0,0|0,0|0,0|0,0|0,0|0,0|0,0|0,0|0,0|0,11
8fa5c31996bc2f7dc5d11164bb28b47238004b30,0|0,0|0,0|0,0|0,0.5|1,0.5|1,0|0,0|0,0|0,0|0,0.5|1,1|1,0.5|1,0|0,0|0,0.5|0,0.5|0,0|0,0|0,0|0,0|0,0.5|1,0.5|1,1|1,1|1,0.5|1,0.5|1,0|0,0|0,0|0,0|0,0|0,0|0,0|0,0.5|0,0|0,0|0,0|0,0|0,0|0,0|0,0|0,0|0,0|0,0|0,0|0,11
2dce6cd525f707c61cc16cd25c563023b99f6073,0|0,0|0,0|0,0|0,0.5|1,0.5|1,0|0,0|0,0|0,0|0,0.5|1,1|1,0.5|1,0|0,0|0,0.5|0,0.5|0,0|0,0|0,0|0,0|0,0.5|1,0.5|1,1|1,1|1,0.5|1,0.5|1,0|0,0|0,0|0,0|0,0|0,0|0,0|0,0.5|0,0|0,0|0,0|0,0|0,0|0,0|0,0|0,0|0,0|0,0|0,0|0,11
030e9dddb78060f13ba08e08c9097296fa286107,0|0,0|0,0|0,0|0,0.5|1,0.5|1,0|0,0|0,0|0,0|0,0.5|1,1|1,0.5|1,0|0,0|0,0.5|0,0.5|0,0|0,0|0,0|0,0|0,0.5|1,0.5|1,1|1,1|1,0.5|1,0.5|1,0|0,0|0,0|0,0|0,0|0,0|0,0|0,0.5|0,0|0,0|0,0|0,0|0,0|0,0|0,0|0,0|0,0|0,0|0,0|0,11
811d7a39b53155555fc0edc1d0491586f6d7b715,0|0,0|0,0|0,0|0,0.5|1,0.5|1,0|0,0|0,0|0,0|0,0.5|1,1|1,0.5|1,0|0,0|0,0.5|0,0.5|0,0|0,0|0,0|0,0|0,0.5|1,0.5|1,1|1,1|1,0.5|1,0.5|1,0|0,0|0,0|0,0|0,0|0,0|0,0|0,0.5|0,0|0,0|0,0|0,0|0,0|0,0|0,0|0,0|0,0|0,0|0,0|0,11
3108c750590f807a5b4cc77ee25e2c290114a8ea,0|0,0|0,0|0,0|0,0.5|1,0.5|1,0|0,0|0,0|0,0|0,0.5|1,1|1,0.5|1,0|0,0|0,0.5|0,0.5|0,0|0,0|0,0|0,0|0,0.5|1,0.5|1,1|1,1|1,0.5|1,0.5|1,0|0,0|0,0|0,0|0,0|0,0|0,0|0,0.5|0,0|0,0|0,0|0,0|0,0|0,0|0,0|0,0|0,0|0,0|0,0|0,11
f6038c358a71ab43bd1e1b53103659f62ea5adce,0|0,0|0,0|0,0|0,0.5|1,0.5|1,0|0,0|0,0|0,0|0,0.5|1,1|1,0.5|1,0|0,0|0,0.5|0,0.5|0,0|0,0|0,0|0,0|0,0.5|1,0.5|1,1|1,1|1,0.5|1,0.5|1,0|0,0|0,0|0,0|0,0|0,0|0,0|0,0.5|0,0|0,0|0,0|0,0|0,0|0,0|0,0|0,0|0,0|0,0|0,0|0,11
9c3bfeca80a5064ce5ac689002a9f518d0cb3347,0|0,0|0,0|0,0|0,0|1,0|1,0|0,0|0,0|0,0|0,0|1,0|1,0|1,0|0,0|0,0|0,0|0,0|0,0|0,0|0,0|0,0|1,0|1,0|1,0|1,0|1,0|1,0|0,0|0,0|0,0|0,0|0,0|0,0|0,0|0,0|0,0|0,0|0,0|0,0|0,0|0,0|0,0|0,0|0,0|0,0|0,11
3085d8e4ff0cb12a6d38c3ebbe75b890777cdaa5,0|0,0|0,0|0,0|0,0|1,0|1,0|0,0|0,0|0,0|0,0|1,0|1,0|1,0|0,0|0,0|0,0|0,0|0,0|0,0|0,0|0,0|1,0|1,0|1,0|1,0|1,0|1,0|0,0|0,0|0,0|0,0|0,0|0,0|0,0|0,0|0,0|0,0|0,0|0,0|0,0|0,0|0,0|0,0|0,0|0,0|0,11
db5cd92fe11d132a679c1970fb4f2d9a71a95390,0|0,0|0,0|0,0|0,0|1,0|1,0|0,0|0,0|0,0|0,0|1,0|1,0|1,0|0,0|0,0|0,0|0,0|0,0|0,0|0,0|0,0|1,0|1,0|1,0|1,0|1,0|1,0|0,0|0,0|0,0|0,0|0,0|0,0|0,0|0,0|0,0|0,0|0,0|0,0|0,0|0,0|0,0|0,0|0,0|0,0|0,11
fcb50dec7098a600c6704f573aa38f83d3ec2315,0|0,0|0,0|0,0|0,0|1,0|1,0|0,0|0,0|0,0|0,0|1,0|1,0|1,0|0,0|0,0|0,0|0,0|0,0|0,0|0,0|0,0|1,0|1,0|1,0|1,0|1,0|1,0|0,0|0,0|0,0|0,0|0,0|0,0|0,0|0,0|0,0|0,0|0,0|0,0|0,0|0,0|0,0|0,0|0,0|0,0|0,11
0271e29097bc765b6f83881c7dcc669008971978,0|0,0|0,0|0,0|0,0|1,0|1,0|0,0|0,0|0,0|0,0|1,0|1,0|1,0|0,0|0,0|0,0|0,0|0,0|0,0|0,0|0,0|1,0|1,0|1,0|1,0|1,0|1,0|0,0|0,0|0,0|0,0|0,0|0,0|0,0|0,0|0,0|0,0|0,0|0,0|0,0|0,0|0,0|0,0|0,0|0,0|0,11
4ceff1dc77bb75919f9394983529d89c604a700f,0|0,0|0,0|0,0|0,0|1,0|1,0|0,0|0,0|0,0|0,0|1,0|1,0|1,0|0,0|0,0|0,0|0,0|0,0|0,0|0,0|0,0|1,0|1,0|1,0|1,0|1,0|1,0|0,0|0,0|0,0|0,0|0,0|0,0|0,0|0,0|0,0|0,0|0,0|0,0|0,0|0,0|0,0|0,0|0,0|0,0|0,11
61066fb106efa6d3d95b67e47b662de208b2b622,0|0,0|0,0|0,0|0,0|1,0|1,0|0,0|0,0|0,0|0,0|1,0|1,0|1,0|0,0|0,0|0,0|0,0|0,0|0,0|0,0|0,0|0,0|1,0|1,0|1,0|1,0|1,0|0,0|0,0|0,0|0,0|0,0|0,0|0,0|0,0|0,0|0,0|0,0|0,0|0,0|0,0|0,0|0,0|0,0|0,0|0,10
cbb0b864a2146a32d81a02597b13240667a31a90,0|0,0|0,0|0,0|0,0|1,0|1,0|0,0|0,0|0,0|0,0|1,0|1,0|1,0|0,0|0,0|0,0|0,0|0,0|0,0|0,0|0,0|0,0|1,0|1,0|1,0|1,0|1,0|0,0|0,0|0,0|0,0|0,0|0,0|0,0|0,0|0,0|0,0|0,0|0,0|0,0|0,0|0,0|0,0|0,0|0,0|0,10
374a24a1fb373617be23d7cbb397b47d23a5ffda,0|0,0|0,0|0,0|0,0|0,0|1,0|0,0|0,0|0,0|0,0|1,0|1,0|1,0|0,0|0,0|1,0|1,0|0,0|0,0|0,0|0,0|0,0|1,0|1,0|1,0|1,0|1,0|0,0|0,0|0,0|0,0|0,0|0,0|0,0|0,0|0,0|0,0|0,0|0,0|0,0|0,0|0,0|0,0|0,0|0,0|0,11
b6eef17e54999586b6aef8f545c87de4d3ec0ab3,0|0,0|0,0|0,0|0,0|0,0|1,0|0,0|0,0|0,0|0,0|1,0|1,0|1,0|0,0|0,0|1,0|1,0|0,0|0,0|0,0|0,0|0,0|1,0|1,0|1,0|1,0|1,0|0,0|0,0|0,0|0,0|0,0|0,0|0,0|0,0|0,0|0,0|0,0|0,0|0,0|0,0|0,0|0,0|0,0|0,0|0,11
c793e16050df1de377e400eec6e2b34ccff6ca85,0|0,0|0,0|0,0|0,0|0,0|1,0|0,0|0,0|0,0|0,0|1,0|1,0|1,0|0,0|0,0|1,0|1,0|0,0|0,0|0,0|0,0|0,0|1,0|1,0|1,0|1,0|1,0|0,0|0,0|0,0|0,0|0,0|0,0|0,0|0,0|0,0|0,0|0,0|0,0|0,0|0,0|0,0|0,0|0,0|0,0|0,11
b0bf66c436b829155662c27f59ab09dc6e9e7f3d,0|0,0|0,0|0,0|0,0|0,0|1,0|0,0|0,0|0,0|0,0|0,0|1,0|1,0|0,0|0,0|1,0|1,0|0,0|0,0|0,0|0,0|0,0|1,0|1,0|1,0|1,0|1,0|0,0|0,0|0,0|0,0|0,0|0,0|0,0|0,0|0,0|0,0|0,0|0,0|0,0|0,0|0,0|0,0|0,0|0,0|0,10
dc5b4cbde0b7988ae562cbe2c36f5286554b3a61,0|0,0|0,0|0,0|0,0|0,0|1,0|0,0|0,0|0,0|0,0|0,0|1,0|1,0|0,0|0,0|1,0|1,0|0,0|0,0|0,0|0,0|0,0|1,0|1,0|1,0|1,0|1,0|0,0|0,0|0,0|0,0|0,0|0,0|0,0|0,0|0,0|0,0|0,0|0,0|0,0|0,0|0,0|0,0|0,0|0,0|0,10
a4f8d913eae021079b46949a9e444105167afe4f,0|0,0|0,0|0,0|0,0|0,0|1,0|0,0|0,0|0,0|0,0|0,0|1,0|1,0|0,0|0,0|1,0|1,0|0,0|0,0|0,0|0,0|0,0|1,0|1,0|1,0|1,0|1,0|0,0|0,0|0,0|0,0|0,0|0,0|0,0|0,0|0,0|0,0|0,0|0,0|0,0|0,0|0,0|0,0|0,0|0,0|0,10
669b7579ff93eb22ccf9324fd19444754b5612b8,0|0,0|0,0|0,0|0,0|0,0|1,0|0,0|0,0|0,0|0,0|0,0|1,0|1,0|0,0|0,0|1,0|1,0|0,0|0,0|0,0|0,0|0,0|1,0|1,0|1,0|1,0|1,0|0,0|0,0|0,0|0,0|0,0|0,0|0,0|0,0|0,0|0,0|0,0|0,0|0,0|0,0|0,0|0,0|0,0|0,0|0,10
29d9c2d2c80289f31278f8717959a5718a2e6ce1,0|0,0|0,0|0,0|0,0|0,0|1,0|0,0|0,0|0,0|0,0|0,0|1,0|1,0|0,0|0,0|1,0|0,0|0,0|0,0|0,0|0,0|0,0|1,0|1,0|1,0|1,0|1,0|0,0|0,0|0,0|0,0|0,0|0,0|0,0|0,0|0,0|0,0|0,0|0,0|0,0|0,0|0,0|0,0|0,0|0,0|0,9
16dc0ec29e0a6b0e12bcebdc2f5619d5d88da697,0|0,0|0,0|0,0|0,0|0,0|1,0|0,0|0,0|0,0|0,0|0,0|1,0|1,0|0,0|0,0|1,0|0,0|0,0|0,0|0,0|0,0|0,0|1,0|1,0|1,0|1,0|1,0|0,0|0,0|0,0|0,0|0,0|0,0|0,0|0,0|0,0|0,0|0,0|0,0|0,0|0,0|0,0|0,0|0,0|0,0|0,9
241af016e9e2a43d24cbdc2378d813ba523f5126,0|0,0|0,0|0,0|0,0|0,0|1,0|0,0|0,0|0,0|0,0|0,0|1,0|1,0|0,0|0,0|1,0|0,0|0,0|0,0|0,0|0,0|0,0|1,0|1,0|1,0|1,0|1,0|0,0|0,0|0,0|0,0|0,0|0,0|0,0|0,0|0,0|0,0|0,0|0,0|0,0|0,0|0,0|0,0|0,0|0,0|0,9
af2a44ae5fd530218746d3272510fb6409b4366c,0|0,0|0,0|0,0|0,0|0,0|1,0|0,0|0,0|0,0|0,0|0,0|1,0|1,0|0,0|0,0|1,0|0,0|0,0|0,0|0,0|0,0|0,0|1,0|1,0|1,0|1,0|1,0|0,0|0,0|0,0|0,0|0,0|0,0|0,0|0,0|0,0|0,0|0,0|0,0|0,0|0,0|0,0|0,0|0,0|0,0|0,9
5afa3ad818a9bbfd83526f03507e60575c6c83bc,0|0,0|0,0|0,0|0,0|0,0|1,0|0,0|0,0|0,0|0,0|0,0|1,0|1,0|0,0|0,0|1,0|0,0|0,0|0,0|0,0|0,0|0,0|1,0|1,0|1,0|1,0|1,0|0,0|0,0|0,0|0,0|0,0|0,0|0,0|0,0|0,0|0,0|0,0|0,0|0,0|0,0|0,0|0,0|0,0|0,0|0,9
86a3dc5bea2dc5ccb6a25a1208278ea454b6503f,0|0,0|0,0|0,0|0,0|0,0|1,0|0,0|0,0|0,0|0,0|0,0|1,0|1,0|0,0|0,0|0,0|0,0|0,0|0,0|0,0|0,0|0,0|1,0|1,0|1,0|1,0|1,0|0,0|0,0|0,0|0,0|0,0|0,0|0,0|0,0|0,0|0,0|0,0|0,0|0,0|0,0|0,0|0,0|0,0|0,0|0,8
52893d99f667d16ace6eef03fa7c4344a87ff6e9,0|0,0|0,0|0,0|0,0|0,0|1,0|0,0|0,0|0,0|0,0|0,0|1,0|1,0|0,0|0,0|0,0|0,0|0,0|0,0|0,0|0,0|0,0|1,0|1,0|1,0|1,0|1,0|0,0|0,0|0,0|0,0|0,0|0,0|0,0|0,0|0,0|0,0|0,0|0,0|0,0|0,0|0,0|0,0|0,0|0,0|0,8
40550073ef0ed6261cd7f95ffb07312f32e562c1,0|0,0|0,0|0,0|0,0|0,0|1,0|0,0|0,0|0,0|0,0|0,0|1,0|1,0|0,0|0,0|0,0|0,0|0,0|0,0|0,0|0,0|0,0|1,0|1,0|1,0|1,0|1,0|0,0|0,0|0,0|0,0|0,0|0,0|0,0|0,0|0,0|0,0|0,0|0,0|0,0|0,0|0,0|0,0|0,0|0,0|0,8
16ca69733a26cd047a61d9355cba8b39ebaceb28,0|0,0|0,0|0,0|0,0|0,0|1,0|0,0|0,0|0,0|0,0|0,0|1,0|1,0|0,0|0,0|1,0|0,0|0,0|0,0|0,0|0,0|0,0|1,0|1,0|1,0|1,0|1,0|0,0|0,0|0,0|0,0|0,0|0,0|0,0|0,0|0,0|0,0|0,0|0,0|0,0|0,0|0,0|0,0|0,0|0,0|0,9
07c54f99927bac25bb5c430cd7b944b47a76dd79,0|0,0|0,0|0,0|0,0|0,0|1,0|0,0|0,0|0,0|0,0|0,0|1,0|1,0|0,0|0,0|1,0|0,0|0,0|0,0|0,0|0,0|0,0|1,0|1,0|1,0|1,0|1,0|0,0|0,0|0,0|0,0|0,0|0,0|0,0|0,0|0,0|0,0|0,0|0,0|0,0|0,0|0,0|0,0|0,0|0,0|0,9
67c72a8cb59f09c5740d8c16f6db7bdddb2dece0,0|0,0|0,0|0,0|0,0|0,0|1,0|0,0|0,0|0,0|0,0|0,0|1,0|1,0|0,0|0,0|1,0|0,0|0,0|0,0|0,0|0,0|0,0|1,0|1,0|1,0|1,0|1,0|0,0|0,0|0,0|0,0|0,0|0,0|0,0|0,0|0,0|0,0|0,0|0,0|0,0|0,0|0,0|0,0|0,0|0,0|0,9
597d6e5d60f9d51c45338d60d232599a3c00d390,0|0,0|0,0|0,0|0,0|0,0|1,0|0,0|0,0|0,0|0,0|0,0|1,0|1,0|0,0|0,0|1,0|0,0|0,0|0,0|0,0|0,0|0,0|1,0|1,0|1,0|1,0|1,0|0,0|0,0|0,0|0,0|0,0|0,0|0,0|0,0|0,0|0,0|0,0|0,0|0,0|0,0|0,0|0,0|0,0|0,0|0,9
0da76fdac6b8c0d90614a6db46a613a3f9f10dfc,0|0,0|0,0|0,0|0,0|0,0|1,0|0,0|0,0|0,0|0,0|0,0|1,0|1,0|0,0|0,0|1,0|0,0|0,0|0,0|0,0|0,0|0,0|1,0|1,0|1,0|1,0|1,0|0,0|0,0|0,0|0,0|0,0|0,0|0,0|0,0|0,0|0,0|0,0|0,0|0,0|0,0|0,0|0,0|0,0|0,0|0,9
605d548d4a5f2c298a6f98e5135d4ac63886d89a,0|0,0|0,0|0,0|0,0|0,0|1,0|0,0|0,0|0,0|0,0|0,0|1,0|1,0|0,0|0,0|1,0|0,0|0,0|0,0|0,0|0,0|0,0|1,0|1,0|1,0|1,0|1,0|0,0|0,0|0,0|0,0|0,0|0,0|0,0|0,0|0,0|0,0|0,0|0,0|0,0|0,0|0,0|0,0|0,0|0,0|0,9
2beecdc8aff30457281e32871c50bfffddc2370b,0|0,0|0,0|0,0|0,0|0,0|1,0|0,0|0,0|0,0|0,0|0,0|1,0|1,0|0,0|0,0|1,0|0,0|0,0|0,0|0,0|0,0|0,0|1,0|1,0|1,0|1,0|1,0|0,0|0,0|0,0|0,0|0,0|0,0|0,0|0,0|0,0|0,0|0,0|0,0|0,0|0,0|0,0|0,0|0,0|0,0|0,9
801c9481cb9c1b55382dc6e14dd0f9f573d3fea7,0|0,0|0,0|0,0|0,0|0,0|1,0|0,0|0,0|0,0|0,0|0,0|1,0|1,0|0,0|0,0|1,0|0,0|0,0|0,0|0,0|0,0|0,0|1,0|1,0|1,0|1,0|1,0|0,0|0,0|0,0|0,0|0,0|0,0|0,0|0,0|0,0|0,0|0,0|0,0|0,0|0,0|0,0|0,0|0,0|0,0|0,9
43ddbfdfba9ea16502dd7401aef3a55f36ccb0d5,0|0,0|0,0|0,0|0,0|0,0|1,0|0,0|0,0|0,0|0,0|0,0|1,0|1,0|0,0|0,0|1,0|0,0|0,0|0,0|0,0|0,0|0,0|1,0|1,0|1,0|1,0|1,0|0,0|0,0|0,0|0,0|0,0|0,0|0,0|0,0|0,0|0,0|0,0|0,0|0,0|0,0|0,0|0,0|0,0|0,0|0,9
1479c0a2789f94e5adcebfd8cea99a8a1461f820,0|0,0|0,0|0,0|0,0|0,0|1,0|0,0|0,0|0,0|0,0|0,0|1,0|1,0|0,0|0,0|1,0|0,0|0,0|0,0|0,0|0,0|0,0|1,0|1,0|1,0|1,0|1,0|0,0|0,0|0,0|0,0|0,0|0,0|0,0|0,0|0,0|0,0|0,0|0,0|0,0|0,0|0,0|0,0|0,0|0,0|0,9
d318285caec168b2b8a813845ae7b93b7e078aa3,0|0,0|0,0|0,0|0,0|0,0|1,0|0,0|0,0|0,0|0,0|0,0|1,0|1,0|0,0|0,0|1,0|0,0|0,0|0,0|0,0|0,0|0,0|1,0|1,0|1,0|1,0|1,0|0,0|0,0|0,0|0,0|0,0|0,0|0,0|0,0|0,0|0,0|0,0|0,0|0,0|0,0|0,0|0,0|0,0|0,0|0,9
3506a0786482a47281444b66a7089f64ea2b439d,0|0,0|0,0|0,0|0,0|0,0|1,0|0,0|0,0|0,0|0,0|0,0|1,0|1,0|0,0|0,0|1,0|0,0|0,0|0,0|0,0|0,0|0,0|1,0|1,0|1,0|1,0|1,0|0,0|0,0|0,0|0,0|0,0|0,0|0,0|0,0|0,0|0,0|0,0|0,0|0,0|0,0|0,0|0,0|0,0|0,0|0,9
64fab4a478a9f9f7907e1ad10042ee5fb74d3850,0|0,0|0,0|0,0|0,0|0,0|1,0|0,0|0,0|0,0|0,0|0,0|1,0|1,0|0,0|0,0|1,0|0,0|0,0|0,0|0,0|0,0|0,0|1,0|1,0|1,0|1,0|1,0|0,0|0,0|0,0|0,0|0,0|0,0|0,0|0,0|0,0|0,0|0,0|0,0|0,0|0,0|0,0|0,0|0,0|0,0|0,9
0b9e46e65a8be9b30de96ec2e9f6061e2b4034b8,0|0,0|0,0|0,0|0,0|0,0|1,0|0,0|0,0|0,0|0,0|0,0|1,0|1,0|0,0|0,0|1,0|0,0|0,0|0,0|0,0|0,0|0,0|1,0|1,0|1,0|1,0|1,0|0,0|0,0|0,0|0,0|0,0|0,0|0,0|0,0|0,0|0,0|0,0|0,0|0,0|0,0|0,0|0,0|0,0|0,0|0,9
60aaa80570b48b15c14c2a5133d9b73f7578b21a,0|0,0|0,0|0,0|0,0|0,0|1,0|0,0|0,0|0,0|0,0|0,0|1,0|1,0|0,0|0,0|1,0|0,0|0,0|0,0|0,0|0,0|0,0|1,0|1,0|1,0|1,0|1,0|0,0|0,0|0,0|0,0|0,0|0,0|0,0|0,0|0,0|0,0|0,0|0,0|0,0|0,0|0,0|0,0|0,0|0,0|0,9
55364ef0b4ef629630a663dc7b05d83c1b662067,0|0,0|0,0|0,0|0,0|0,0|1,0|0,0|0,0|0,0|0,0|0,0|1,0|1,0|0,0|0,0|1,0|0,0|0,0|0,0|0,0|0,0|0,0|1,0|1,0|1,0|1,0|1,0|0,0|0,0|0,0|0,0|0,0|0,0|0,0|0,0|0,0|0,0|0,0|0,0|0,0|0,0|0,0|0,0|0,0|0,0|0,9
4247dd8322c3eab5e879db75e9fc5df0189aa7c1,0|0,0|0,0|0,0|0,0|0,0|1,0|0,0|0,0|0,0|0,0|0,0|1,0|1,0|0,0|0,0|1,0|0,0|0,0|0,0|0,0|0,0|0,0|1,0|1,0|1,0|1,0|1,0|0,0|0,0|0,0|0,0|0,0|0,0|0,0|0,0|0,0|0,0|0,0|0,0|0,0|0,0|0,0|0,0|0,0|0,0|0,9
38e4910636bd6273b62e0b195c9d45483c39cc1a,0|0,0|0,0|0,0|0,0|0,0|1,0|0,0|0,0|0,0|0,0|0,0|1,0|1,0|0,0|0,0|1,0|0,0|0,0|0,0|0,0|0,0|0,0|1,0|1,0|1,0|1,0|1,0|0,0|0,0|0,0|0,0|0,0|0,0|0,0|0,0|0,0|0,0|0,0|0,0|0,0|0,0|0,0|0,0|0,0|0,0|0,9
0ddc3a0052cfd3ad539ae0540aa4879bcae80ee5,0|0,0|0,0|0,0|0,0|0,0|1,0|0,0|0,0|0,0|0,0|0,0|1,0|1,0|0,0|0,0|1,0|0,0|0,0|0,0|0,0|0,0|0,0|1,0|1,0|1,0|1,0|1,0|0,0|0,0|0,0|0,0|0,0|0,0|0,0|0,0|0,0|0,0|0,0|0,0|0,0|0,0|0,0|0,0|0,0|0,0|0,9
073e3a027b2d13c73bb6ef2c512bf1a597b77b1a,0|0,0|0,0|0,0|0,0|0,0|1,0|0,0|0,0|0,0|0,0|0,0|1,0|1,0|0,0|0,0|1,0|0,0|0,0|0,0|0,0|0,0|0,0|1,0|1,0|1,0|1,0|1,0|0,0|0,0|0,0|0,0|0,0|0,0|0,0|0,0|0,0|0,0|0,0|0,0|0,0|0,0|0,0|0,0|0,0|0,0|0,9
da37f2444f5b5ab2e583d3686e5124e8e1738b7a,0|0,0|0,0|0,0|0,0|0,0|1,0|0,0|0,0|0,0|0,0|0,0|1,0|1,0|0,0|0,0|1,0|0,0|0,0|0,0|0,0|0,0|0,0|1,0|1,0|1,0|1,0|1,0|0,0|0,0|0,0|0,0|0,0|0,0|0,0|0,0|0,0|0,0|0,0|0,0|0,0|0,0|0,0|0,0|0,0|0,0|0,9
ffd20ebdf94beffc1cb8ec56896a86e28907702c,0|0,0|0,0|0,0|0,0|0,0|1,0|0,0|0,0|0,0|0,0|0,0|1,0|1,0|0,0|0,0|1,0|0,0|0,0|0,0|0,0|0,0|0,0|1,0|1,0|1,0|1,0|1,0|0,0|0,0|0,0|0,0|0,0|0,0|0,0|0,0|0,0|0,0|0,0|0,0|0,0|0,0|0,0|0,0|0,0|0,0|0,9
46d96e7f32a799ae57400d82e4c485e4ef9771ab,0|0,0|0,0|0,0|0,0|0,0|1,0|0,0|0,0|0,0|0,0|0,0|1,0|1,0|0,0|0,0|1,0|0,0|0,0|0,0|0,0|0,0|0,0|1,0|1,0|1,0|1,0|1,0|0,0|0,0|0,0|0,0|0,0|0,0|0,0|0,0|0,0|0,0|0,0|0,0|0,0|0,0|0,0|0,0|0,0|0,0|0,9
b2c24558c53a282e138e0b86ab684cdcde1f358f,0|0,0|0,0|0,0|0,0|0,0|1,0|0,0|0,0|0,0|0,0|0,0|1,0|1,0|0,0|0,0|1,0|0,0|0,0|0,0|0,0|0,0|0,0|1,0|1,0|1,0|1,0|1,0|0,0|0,0|0,0|0,0|0,0|0,0|0,0|0,0|0,0|0,0|0,0|0,0|0,0|0,0|0,0|0,0|0,0|0,0|0,9
23594f036536468072198a57c59b6e9d63caf6ce,0|0,0|0,0|0,0|0,0|0,0|1,0|0,0|0,0|0,0|0,0|0,0|1,0|1,0|0,0|0,0|1,0|0,0|0,0|0,0|0,0|0,0|0,0|1,0|1,0|1,0|1,0|1,0|0,0|0,0|0,0|0,0|0,0|0,0|0,0|0,0|0,0|0,0|0,0|0,0|0,0|0,0|0,0|0,0|0,0|0,0|0,9
63670927e7316646878189ed5602292a70595097,0|0,0|0,0|0,0|0,0|0,0|1,0|0,0|0,0|0,0|0,0|0,0|1,0|1,0|0,0|0,0|1,0|0,0|0,0|0,0|0,0|0,0|0,0|1,0|1,0|1,0|1,0|1,0|0,0|0,0|0,0|0,0|0,0|0,0|0,0|0,0|0,0|0,0|0,0|0,0|0,0|0,0|0,0|0,0|0,0|0,0|0,9
14f514134d9bd84e8ac4b8bda82f2429bc5d7dc4,0|0,0|0,0|0,0|0,0|0,0|1,0|0,0|0,0|0,0|0,0|0,0|1,0|1,0|0,0|0,0|0,0|0,0|0,0|0,0|0,0|0,0|0,0|1,0|1,0|1,0|1,0|1,0|0,0|0,0|0,0|0,0|0,0|0,0|0,0|0,0|0,0|0,0|0,0|0,0|0,0|0,0|0,0|0,0|0,0|0,0|0,8
48758d28ea11a681bade2c6805f92851c07e8db7,0|0,0|0,0|0,0|0,0|0,0|1,0|0,0|0,0|0,0|0,0|0,0|1,0|1,0|0,0|0,0|1,0|0,0|0,0|0,0|0,0|0,0|0,0|1,0|1,0|1,0|1,0|1,0|0,0|0,0|0,0|0,0|0,0|0,0|0,0|0,0|0,0|0,0|0,0|0,0|0,0|0,0|0,0|0,0|0,0|0,0|0,9
fd0591b4fcebba93a949bcdf2ad12e9f790e68a0,0|0,0|0,0|0,0|0,0|0,0|1,0|0,0|0,0|0,0|0,0|0,0|1,0|1,0|0,0|0,0|1,0|0,0|0,0|0,0|0,0|0,0|0,0|1,0|1,0|1,0|1,0|1,0|0,0|0,0|0,0|0,0|0,0|0,0|0,0|0,0|0,0|0,0|0,0|0,0|0,0|0,0|0,0|0,0|0,0|0,0|0,9
6a9f5e4f7c3fd5ddab3e6727b071904d76773952,0|0,0|0,0|0,0|0,0|0,0|1,0|0,0|0,0|0,0|0,0|0,0|1,0|1,0|0,0|0,0|0,0|0,0|0,0|0,0|0,0|0,0|0,0|1,0|1,0|1,0|1,0|1,0|0,0|0,0|0,0|0,0|0,0|0,0|0,0|0,0|0,0|0,0|0,0|0,0|0,0|0,0|0,0|0,0|0,0|0,0|0,8
2a137100da766636cc8e83a55962c47c4285e58a,0|0,0|0,0|0,0|0,0|0,0|1,0|0,0|0,0|0,0|0,0|0,0|1,0|1,0|0,0|0,0|0,0|0,0|0,0|0,0|0,0|0,0|0,0|1,0|1,0|1,0|1,0|1,0|0,0|0,0|0,0|0,0|0,0|0,0|0,0|0,0|0,0|0,0|0,0|0,0|0,0|0,0|0,0|0,0|0,0|0,0|0,8
1a62f4c799186244da0a2923d1db79f8e4e3c10b,0|0,0|0,0|0,0|0,0|0,0|1,0|0,0|0,0|0,0|0,0|0,0|1,0|1,0|0,0|0,0|0,0|0,0|0,0|0,0|0,0|0,0|0,0|1,0|1,0|1,0|1,0|1,0|0,0|0,0|0,0|0,0|0,0|0,0|0,0|0,0|0,0|0,0|0,0|0,0|0,0|0,0|0,0|0,0|0,0|0,0|0,8
c9d8efc2a41a695da3c7ce7d4661f4ed494ccc65,0|0,0|0,0|0,0|0,0|0,0|1,0|0,0|0,0|0,0|0,0|0,0|1,0|1,0|0,0|0,0|0,0|0,0|0,0|0,0|0,0|0,0|0,0|1,0|1,0|1,0|1,0|1,0|0,0|0,0|0,0|0,0|0,0|0,0|0,0|0,0|0,0|0,0|0,0|0,0|0,0|0,0|0,0|0,0|0,0|0,0|0,8
e29e14b7aa305b038be4c07b61bbc28dfff92cb0,0|0,0|0,0|0,0|0,0|0,0|1,0|0,0|0,0|0,0|0,0|0,0|1,0|1,0|0,0|0,0|0,0|0,0|0,0|0,0|0,0|0,0|0,0|1,0|1,0|1,0|1,0|1,0|0,0|0,0|0,0|0,0|0,0|0,0|0,0|0,0|0,0|0,0|0,0|0,0|0,0|0,0|0,0|0,0|0,0|0,0|0,8
d9af1562f00d2b9ac9fe5f4e745a84164656fea1,0|0,0|0,0|0,0|0,0|0,0|1,0|0,0|0,0|0,0|0,0|0,0|1,0|1,0|0,0|0,0|0,0|0,0|0,0|0,0|0,0|0,0|0,0|1,0|1,0|1,0|1,0|1,0|0,0|0,0|0,0|0,0|0,0|0,0|0,0|0,0|0,0|0,0|0,0|0,0|0,0|0,0|0,0|0,0|0,0|0,0|0,8
678fbcdfd6e7b87c24e83af0764afa867e0b1832,0|0,0|0,0|0,0|0,0|0,0|1,0|0,0|0,0|0,0|0,0|0,0|1,0|1,0|0,0|0,0|0,0|0,0|0,0|0,0|0,0|0,0|0,0|1,0|1,0|1,0|1,0|1,0|0,0|0,0|0,0|0,0|0,0|0,0|0,0|0,0|0,0|0,0|0,0|0,0|0,0|0,0|0,0|0,0|0,0|0,0|0,8
39800c88fa9d72716ebb3fdb892c92cbac602a7e,0|0,0|0,0|0,0|0,0|0,0|1,0|0,0|0,0|0,0|0,0|0,0|1,0|1,0|0,0|0,0|0,0|0,0|0,0|0,0|0,0|0,0|0,0|1,0|1,0|1,0|1,0|1,0|0,0|0,0|0,0|0,0|0,0|0,0|0,0|0,0|0,0|0,0|0,0|0,0|0,0|0,0|0,0|0,0|0,0|0,0|0,8
2f5766d2f5a1061accc2edf80f92916a7b7861e2,0|0,0|0,0|0,0|0,0|0,0|1,0|0,0|0,0|0,0|0,0|0,0|1,0|1,0|0,0|0,0|0,0|0,0|0,0|0,0|0,0|0,0|0,0|1,0|1,0|1,0|1,0|1,0|0,0|0,0|0,0|0,0|0,0|0,0|0,0|0,0|0,0|0,0|0,0|0,0|0,0|0,0|0,0|0,0|0,0|0,0|0,8
ca68beda85b6b2fb8f96d9465997c0a371e3d152,0|0,0|0,0|0,0|0,0|0,0|1,0|0,0|0,0|0,0|0,0|0,0|1,0|1,0|0,0|0,0|0,0|0,0|0,0|0,0|0,0|0,0|0,0|1,0|1,0|1,0|1,0|1,0|0,0|0,0|0,0|0,0|0,0|0,0|0,0|0,0|0,0|0,0|0,0|0,0|0,0|0,0|0,0|0,0|0,0|0,0|0,8
17c26911fbba3a79a410c4386c6e5954dd56740e,0|0,0|0,0|0,0|0,0|0,0|1,0|0,0|0,0|0,0|0,0|0,0|1,0|1,0|0,0|0,0|0,0|0,0|0,0|0,0|0,0|0,0|0,0|1,0|1,0|1,0|1,0|1,0|0,0|0,0|0,0|0,0|0,0|0,0|0,0|0,0|0,0|0,0|0,0|0,0|0,0|0,0|0,0|0,0|0,0|0,0|0,8
94a68451df9ce6b0beb7c1d9c8c82ecd7b5fd4d7,0|0,0|0,0|0,0|0,0|0,0|1,0|0,0|0,0|0,0|0,0|0,0|1,0|1,0|0,0|0,0|0,0|0,0|0,0|0,0|0,0|0,0|0,0|1,0|1,0|1,0|1,0|1,0|0,0|0,0|0,0|0,0|0,0|0,0|0,0|0,0|0,0|0,0|0,0|0,0|0,0|0,0|0,0|0,0|0,0|0,0|0,8
38c0d927a9a493b600872835ebcfa985410c0f7f,0|0,0|0,0|0,0|0,0|0,0|1,0|0,0|0,0|0,0|0,0|0,0|1,0|1,0|0,0|0,0|0,0|0,0|0,0|0,0|0,0|0,0|0,0|1,0|1,0|1,0|1,0|1,0|0,0|0,0|0,0|0,0|0,0|0,0|0,0|0,0|0,0|0,0|0,0|0,0|0,0|0,0|0,0|0,0|0,0|0,0|0,8
485e56d855be106d0037c6d70348ab7d0d58c9ce,0|0,0|0,0|0,0|0,0|0,0|1,0|0,0|0,0|0,0|0,0|0,0|1,0|1,0|0,0|0,0|0,0|0,0|0,0|0,0|0,0|0,0|0,0|1,0|1,0|1,0|1,0|1,0|0,0|0,0|0,0|0,0|0,0|0,0|0,0|0,0|0,0|0,0|0,0|0,0|0,0|0,0|0,0|0,0|0,0|0,0|0,8
d710b8291d924c7140870288745bdd6a05553c19,0|0,0|0,0|0,0|0,0|0,0|1,0|0,0|0,0|0,0|0,0|0,0|1,0|1,0|0,0|0,0|0,0|0,0|0,0|0,0|0,0|0,0|0,0|1,0|1,0|1,0|1,0|1,0|0,0|0,0|0,0|0,0|0,0|0,0|0,0|0,0|0,0|0,0|0,0|0,0|0,0|0,0|0,0|0,0|0,0|0,0|0,8
2350daa2dcc73c41e1566bdce71aa0d33167ef44,0|0,0|0,0|0,0|0,0|0,0|1,0|0,0|0,0|0,0|0,0|0,0|1,0|1,0|0,0|0,0|0,0|0,0|0,0|0,0|0,0|0,0|0,0|1,0|1,0|1,0|1,0|1,0|0,0|0,0|0,0|0,0|0,0|0,0|0,0|0,0|0,0|0,0|0,0|0,0|0,0|0,0|0,0|0,0|0,0|0,0|0,8
3034e53d0061e1fa64f8081c4ca9ca26f2d34478,0|0,0|0,0|0,0|0,0|0,0|1,0|0,0|0,0|0,0|0,0|0,0|1,0|1,0|0,0|0,0|0,0|0,0|0,0|0,0|0,0|0,0|0,0|1,0|1,0|1,0|1,0|1,0|0,0|0,0|0,0|0,0|0,0|0,0|0,0|0,0|0,0|0,0|0,0|0,0|0,0|0,0|0,0|0,0|0,0|0,0|0,8
ecdf7df4542dcd7991d2473344313216ff264020,0|0,0|0,0|0,0|0,0|0,0|1,0|0,0|0,0|0,0|0,0|0,0|1,0|1,0|0,0|0,0|0,0|0,0|0,0|0,0|0,0|0,0|0,0|1,0|1,0|1,0|1,0|1,0|0,0|0,0|0,0|0,0|0,0|0,0|0,0|0,0|0,0|0,0|0,0|0,0|0,0|0,0|0,0|0,0|0,0|0,0|0,8
0b53bc2aab97aefbcfd1f7c6f3c1cf96d8ab823f,0|0,0|0,0|0,0|0,0|0,0|1,0|0,0|0,0|0,0|0,0|0,0|1,0|1,0|0,0|0,0|0,0|0,0|0,0|0,0|0,0|0,0|0,0|1,0|1,0|1,0|1,0|1,0|0,0|0,0|0,0|0,0|0,0|0,0|0,0|0,0|0,0|0,0|0,0|0,0|0,0|0,0|0,0|0,0|0,0|0,0|0,8
6b69e7ebbc55538b75daf925177c8cbe59a4e7b8,0|0,0|0,0|0,0|0,0|0,0|1,0|0,0|0,0|0,0|0,0|0,0|1,0|1,0|0,0|0,0|0,0|0,0|0,0|0,0|0,0|0,0|0,0|1,0|1,0|1,0|1,0|1,0|0,0|0,0|0,0|0,0|0,0|0,0|0,0|0,0|0,0|0,0|0,0|0,0|0,0|0,0|0,0|0,0|0,0|0,0|0,8
70a926088f64f3a12c4bd3373001281de6ab991f,0|0,0|0,0|0,0|0,0|0,0|1,0|0,0|0,0|0,0|0,0|0,0|1,0|1,0|0,0|0,0|0,0|0,0|0,0|0,0|0,0|0,0|0,0|1,0|1,0|1,0|1,0|1,0|0,0|0,0|0,0|0,0|0,0|0,0|0,0|0,0|0,0|0,0|0,0|0,0|0,0|0,0|0,0|0,0|0,0|0,0|0,8
3c66ca236b0a1a4f62049af186247d4083ba99b7,0|0,0|0,0|0,0|0,0|0,0|1,0|0,0|0,0|0,0|0,0|0,0|1,0|1,0|0,0|0,0|0,0|0,0|0,0|0,0|0,0|0,0|0,0|1,0|1,0|1,0|1,0|1,0|0,0|0,0|0,0|0,0|0,0|0,0|0,0|0,0|0,0|0,0|0,0|0,0|0,0|0,0|0,0|0,0|0,0|0,0|0,8
f38a8bd7a59ca56950b42e364b652a8ad7681fa9,0|0,0|0,0|0,0|0,0|0,0|1,0|0,0|0,0|0,0|0,0|0,0|1,0|1,0|0,0|0,0|0,0|0,0|0,0|0,0|0,0|0,0|0,0|1,0|1,0|1,0|1,0|1,0|0,0|0,0|0,0|0,0|0,0|0,0|0,0|0,0|0,0|0,0|0,0|0,0|0,0|0,0|0,0|0,0|0,0|0,0|0,8
9742dcc45c241f1091683a52dfa407579fd50304,0|0,0|0,0|0,0|0,0|0,0|1,0|0,0|0,0|0,0|0,0|0,0|1,0|1,0|0,0|0,0|0,0|0,0|0,0|0,0|0,0|0,0|0,0|1,0|1,0|1,0|1,0|1,0|0,0|0,0|0,0|0,0|0,0|0,0|0,0|0,0|0,0|0,0|0,0|0,0|0,0|0,0|0,0|0,0|0,0|0,0|0,8
d805611fcb2842826b04a4bb457ba1f2635cc558,0|0,0|0,0|0,0|0,0|0,0|1,0|0,0|0,0|0,0|0,0|0,0|1,0|1,0|0,0|0,0|0,0|0,0|0,0|0,0|0,0|0,0|0,0|1,0|1,0|1,0|1,0|1,0|0,0|0,0|0,0|0,0|0,0|0,0|0,0|0,0|0,0|0,0|0,0|0,0|0,0|0,0|0,0|0,0|0,0|0,0|0,8
ebfb5e7f01e4c0ab6bd8eb411165cb002443b891,0|0,0|0,0|0,0|0,0|0,0|1,0|0,0|0,0|0,0|0,0|0,0|1,0|1,0|0,0|0,0|0,0|0,0|0,0|0,0|0,0|0,0|0,0|1,0|1,0|1,0|1,0|1,0|0,0|0,0|0,0|0,0|0,0|0,0|0,0|0,0|0,0|0,0|0,0|0,0|0,0|0,0|0,0|0,0|0,0|0,0|0,8
56d87186f7e6d7dba042961be86d1b4b5ae9f2e3,0|0,0|0,0|0,0|0,0|0,0|1,0|0,0|0,0|0,0|0,0|0,0|1,0|1,0|0,0|0,0|0,0|0,0|0,0|0,0|0,0|0,0|0,0|0,0|1,0|1,0|1,0|0,0|0,0|0,0|0,0|0,0|0,0|0,0|0,0|0,0|0,0|0,0|0,0|0,0|0,0|0,0|0,0|0,0|0,0|0,0|0,6
0cd090540020f58d6386a4745500157574788ebe,0|0,0|0,0|0,0|0,0|0,0|1,0|0,0|0,0|0,0|0,0|0,0|1,0|1,0|0,0|0,0|0,0|0,0|0,0|0,0|0,0|0,0|0,0|0,0|1,0|1,0|1,0|0,0|0,0|0,0|0,0|0,0|0,0|0,0|0,0|0,0|0,0|0,0|0,0|0,0|0,0|0,0|0,0|0,0|0,0|0,0|0,6
8de62c6d34cbcd9419f82143aab39aeda0400dde,0|0,0|0,0|0,0|0,0|0,0|1,0|0,0|0,0|0,0|0,0|0,0|1,0|1,0|0,0|0,0|0,0|0,0|0,0|0,0|0,0|0,0|0,0|1,0|1,0|1,0|1,0|1,0|0,0|0,0|0,0|0,0|0,0|0,0|0,0|0,0|0,0|0,0|0,0|0,0|0,0|0,0|0,0|0,0|0,0|0,0|0,8
8566288e43d0097f7739f1a9fc3eaa0631853ae6,0|0,0|0,0|0,0|0,0|0,0|1,0|0,0|0,0|0,0|0,0|0,0|1,0|1,0|0,0|0,0|0,0|0,0|0,0|0,0|0,0|0,0|0,0|1,0|1,0|1,0|1,0|1,0|0,0|0,0|0,0|0,0|0,0|0,0|0,0|0,0|0,0|0,0|0,0|0,0|0,0|0,0|0,0|0,0|0,0|0,0|0,8
b5f3facf7cab475ba805d0170760db52e025e13b,0|0,0|0,0|0,0|0,0|0,0|1,0|0,0|0,0|0,0|0,0|0,0|1,0|1,0|0,0|0,0|0,0|0,0|0,0|0,0|0,0|0,0|0,0|1,0|1,0|1,0|1,0|1,0|0,0|0,0|0,0|0,0|0,0|0,0|0,0|0,0|0,0|0,0|0,0|0,0|0,0|0,0|0,0|0,0|0,0|0,0|0,8
1f4523e3312001534ec5ced697eb840d00f1e06e,0|0,0|0,0|0,0|0,0|0,0|1,0|0,0|0,0|0,0|0,0|0,0|1,0|1,0|0,0|0,0|0,0|0,0|0,0|0,0|0,0|0,0|0,0|1,0|1,0|1,0|1,0|1,0|0,0|0,0|0,0|0,0|0,0|0,0|0,0|0,0|0,0|0,0|0,0|0,0|0,0|0,0|0,0|0,0|0,0|0,0|0,8
243104a8c254cd79e84bfb6829a840af9cded54d,0|0,0|0,0|0,0|0,0|0,0|1,0|0,0|0,0|0,0|0,0|0,0|1,0|1,0|0,0|0,0|0,0|0,0|0,0|0,0|0,0|0,0|0,0|1,0|1,0|1,0|1,0|1,0|0,0|0,0|0,0|0,0|0,0|0,0|0,0|0,0|0,0|0,0|0,0|0,0|0,0|0,0|0,0|0,0|0,0|0,0|0,8
76e6c38459c838d5f40902f892ed6e59356b832b,0|0,0|0,0|0,0|0,0|0,0|1,0|0,0|0,0|0,0|0,0|0,0|1,0|1,0|0,0|0,0|0,0|0,0|0,0|0,0|0,0|0,0|0,0|1,0|1,0|1,0|1,0|1,0|0,0|0,0|0,0|0,0|0,0|0,0|0,0|0,0|0,0|0,0|0,0|0,0|0,0|0,0|0,0|0,0|0,0|0,0|0,8
ff67e091010443bcdff65cc73b45bf5e579c8dbb,0|0,0|0,0|0,0|0,0|0,0|1,0|0,0|0,0|0,0|0,0|0,0|1,0|1,0|0,0|0,0|0,0|0,0|0,0|0,0|0,0|0,0|0,0|1,0|1,0|1,0|1,0|1,0|0,0|0,0|0,0|0,0|0,0|0,0|0,0|0,0|0,0|0,0|0,0|0,0|0,0|0,0|0,0|0,0|0,0|0,0|0,8
fbfa54eee65b453ec33876354b9e6279120af900,0|0,0|0,0|0,0|0,0|0,0|1,0|0,0|0,0|0,0|0,0|0,0|1,0|1,0|0,0|0,0|0,0|0,0|0,0|0,0|0,0|0,0|0,0|1,0|1,0|1,0|1,0|1,0|0,0|0,0|0,0|0,0|0,0|0,0|0,0|0,0|0,0|0,0|0,0|0,0|0,0|0,0|0,0|0,0|0,0|0,0|0,8
f028cce2095cb3b6bc68d41bc838db7f62977972,0|0,0|0,0|0,0|0,0|0,0|1,0|0,0|0,0|0,0|0,0|0,0|1,0|1,0|0,0|0,0|0,0|0,0|0,0|0,0|0,0|0,0|0,0|1,0|1,0|1,0|1,0|1,0|0,0|0,0|0,0|0,0|0,0|0,0|0,0|0,0|0,0|0,0|0,0|0,0|0,0|0,0|0,0|0,0|0,0|0,0|0,8
1010520cc46dc18972c8cb79a679d8edddda47e2,0|0,0|0,0|0,0|0,0|0,0|1,0|0,0|0,0|0,0|0,0|0,0|1,0|1,0|0,0|0,0|0,0|0,0|0,0|0,0|0,0|0,0|0,0|1,0|1,0|1,0|1,0|1,0|0,0|0,0|0,0|0,0|0,0|0,0|0,0|0,0|0,0|0,0|0,0|0,0|0,0|0,0|0,0|0,0|0,0|0,0|0,8
b2e89e67361a931672281f680faede0551542eea,0|0,0|0,0|0,0|0,0|0,0|1,0|0,0|0,0|0,0|0,0|0,0|1,0|1,0|0,0|0,0|0,0|0,0|0,0|0,0|0,0|0,0|0,0|1,0|1,0|1,0|1,0|1,0|0,0|0,0|0,0|0,0|0,0|0,0|0,0|0,0|0,0|0,0|0,0|0,0|0,0|0,0|0,0|0,0|0,0|0,0|0,8
b68b45f3bbc0754427f04e393c66a9f3e69188ff,0|0,0|0,0|0,0|0,0|0,0|1,0|0,0|0,0|0,0|0,0|0,0|1,0|1,0|0,0|0,0|0,0|0,0|0,0|0,0|0,0|0,0|0,0|1,0|1,0|1,0|1,0|1,0|0,0|0,0|0,0|0,0|0,0|0,0|0,0|0,0|0,0|0,0|0,0|0,0|0,0|0,0|0,0|0,0|0,0|0,0|0,8
2effa57d8af2c2a459bcc6cb9f077aa247ea4f20,0|0,0|0,0|0,0|0,0|0,0|1,0|0,0|0,0|0,0|0,0|0,0|1,0|1,0|0,0|0,0|0,0|0,0|0,0|0,0|0,0|0,0|0,0|1,0|1,0|1,0|1,0|1,0|0,0|0,0|0,0|0,0|0,0|0,0|0,0|0,0|0,0|0,0|0,0|0,0|0,0|0,0|0,0|0,0|0,0|0,0|0,8
2cdf7ce80635071dddc45ac2851ae353ae462ba7,0|0,0|0,0|0,0|0,0|0,0|1,0|0,0|0,0|0,0|0,0|0,0|1,0|1,0|0,0|0,0|0,0|0,0|0,0|0,0|0,0|0,0|0,0|1,0|1,0|1,0|1,0|1,0|0,0|0,0|0,0|0,0|0,0|0,0|0,0|0,0|0,0|0,0|0,0|0,0|0,0|0,0|0,0|0,0|0,0|0,0|0,8
ece5d3e1991f92081ce9cc5db43ce202fc29638e,0|0,0|0,0|0,0|0,0|0,0|1,0|0,0|0,0|0,0|0,0|0,0|1,0|1,0|0,0|0,0|0,0|0,0|0,0|0,0|0,0|0,0|0,0|1,0|1,0|1,0|1,0|1,0|0,0|0,0|0,0|0,0|0,0|0,0|0,0|0,0|0,0|0,0|0,0|0,0|0,0|0,0|0,0|0,0|0,0|0,0|0,8
3669c14afddc30649866a88e7a5f147bdabe6495,0|0,0|0,0|0,0|0,0|0,0|1,0|0,0|0,0|0,0|0,0|0,0|1,0|1,0|0,0|0,0|0,0|0,0|0,0|0,0|0,0|0,0|0,0|1,0|1,0|1,0|1,0|1,0|0,0|0,0|0,0|0,0|0,0|0,0|0,0|0,0|0,0|0,0|0,0|0,0|0,0|0,0|0,0|0,0|0,0|0,0|0,8
d6a97219ea14f0eb4d7d0831d4aefc971878caae,0|0,0|0,0|0,0|0,0|0,0|1,0|0,0|0,0|0,0|0,0|0,0|1,0|1,0|0,0|0,0|0,0|0,0|0,0|0,0|0,0|0,0|0,0|0,0|1,0|1,0|1,0|0,0|0,0|0,0|0,0|0,0|0,0|0,0|0,0|0,0|0,0|0,0|0,0|0,0|0,0|0,0|0,0|0,0|0,0|0,0|0,6
b24f5c4c0af2df8fd519e79cbcdf699a3b7c38bd,0|0,0|0,0|0,0|0,0|0,0|1,0|0,0|0,0|0,0|0,0|0,0|1,0|1,0|0,0|0,0|0,0|0,0|0,0|0,0|0,0|0,0|0,0|0,0|1,0|1,0|1,0|0,0|0,0|0,0|0,0|0,0|0,0|0,0|0,0|0,0|0,0|0,0|0,0|0,0|0,0|0,0|0,0|0,0|0,0|0,0|0,6
317d3ffd3ee6a417a804d79248eb98e0eea5a9de,0|0,0|0,0|0,0|0,0|0,0|1,0|0,0|0,0|0,0|0,0|0,0|1,0|1,0|0,0|0,0|0,0|0,0|0,0|0,0|0,0|0,0|0,0|0,0|1,0|1,0|1,0|0,0|0,0|0,0|0,0|0,0|0,0|0,0|0,0|0,0|0,0|0,0|0,0|0,0|0,0|0,0|0,0|0,0|0,0|0,0|0,6
f39e3c98f05e84f263af7d74bcedb1051efa7169,0|0,0|0,0|0,0|0,0|0,0|1,0|0,0|0,0|0,0|0,0|0,0|1,0|1,0|0,0|0,0|0,0|0,0|0,0|0,0|0,0|0,0|0,0|0,0|1,0|1,0|1,0|0,0|0,0|0,0|0,0|0,0|0,0|0,0|0,0|0,0|0,0|0,0|0,0|0,0|0,0|0,0|0,0|0,0|0,0|0,0|0,6
93a4a4387af951a4680061bf4e1effa87fa65406,0|0,0|0,0|0,0|0,0|0,0|1,0|0,0|0,0|0,0|0,0|0,0|1,0|1,0|0,0|0,0|0,0|0,0|0,0|0,0|0,0|0,0|0,0|0,0|1,0|1,0|1,0|0,0|0,0|0,0|0,0|0,0|0,0|0,0|0,0|0,0|0,0|0,0|0,0|0,0|0,0|0,0|0,0|0,0|0,0|0,0|0,6
4a6c525db845fc8f6564ce18963b91d153a5a354,0|0,0|0,0|0,0|0,0|0,0|1,0|0,0|0,0|0,0|0,0|0,0|1,0|1,0|0,0|0,0|0,0|0,0|0,0|0,0|0,0|0,0|0,0|0,0|1,0|1,0|1,0|0,0|0,0|0,0|0,0|0,0|0,0|0,0|0,0|0,0|0,0|0,0|0,0|0,0|0,0|0,0|0,0|0,0|0,0|0,0|0,6
2c263bc726c0a13302134b2b40e3677c9667e3f2,0|0,0|0,0|0,0|0,0|0,0|1,0|0,0|0,0|0,0|0,0|0,0|1,0|1,0|0,0|0,0|0,0|0,0|0,0|0,0|0,0|0,0|0,0|0,0|1,0|1,0|1,0|0,0|0,0|0,0|0,0|0,0|0,0|0,0|0,0|0,0|0,0|0,0|0,0|0,0|0,0|0,0|0,0|0,0|0,0|0,0|0,6
07615903e20cffc59e674ebae235b78886c9efbb,0|0,0|0,0|0,0|0,0|0,0|1,0|0,0|0,0|0,0|0,0|0,0|1,0|1,0|0,0|0,0|0,0|0,0|0,0|0,0|0,0|0,0|0,0|0,0|1,0|1,0|1,0|0,0|0,0|0,0|0,0|0,0|0,0|0,0|0,0|0,0|0,0|0,0|0,0|0,0|0,0|0,0|0,0|0,0|0,0|0,0|0,6
0d2d44f1b6c89a851a6a9634d66cb42cc81b3244,0|0,0|0,0|0,0|0,0|0,0|1,0|0,0|0,0|0,0|0,0|0,0|1,0|1,0|0,0|0,0|0,0|0,0|0,0|0,0|0,0|0,0|0,0|0,0|1,0|1,0|1,0|0,0|0,0|0,0|0,0|0,0|0,0|0,0|0,0|0,0|0,0|0,0|0,0|0,0|0,0|0,0|0,0|0,0|0,0|0,0|0,6
3068306b60cafd1eb9f2421f2b9954138a32e402,0|0,0|0,0|0,0|0,0|0,0.5|1,0|0,0|0,0|0,0|0,0|0,1|1,0.5|1,0|0,0|0,0|0,0|0,0|0,0|0,0|0,0|0,0|0,0|0,1|1,1|1,0.5|1,0|0,0|0,0|0,0|0,0|0,0|0,0|0,0|0,0.5|0,0|0,0|0,0|0,0|0,0|0,0|0,0|0,0|0,0|0,0|0,0|0,6
ea30fcb5defcd3d0ccb6426d3df990544d97439a,0|0,0|0,0|0,0|0,0|0,0|1,0|0,0|0,0|0,0|0,0|0,0|1,0|1,0|0,0|0,0|0,0|0,0|0,0|0,0|0,0|0,0|0,0|0,0|1,0|1,0|1,0|0,0|0,0|0,0|0,0|0,0|0,0|0,0|0,0|0,0|0,0|0,0|0,0|0,0|0,0|0,0|0,0|0,0|0,0|0,0|0,6
05d7400563e23bffd4b1226ffe9d93eb8fa7d601,0|0,0|0,0|0,0|0,0|0,0|1,0|0,0|0,0|0,0|0,0|0,0|1,0|1,0|0,0|0,0|0,0|0,0|0,0|0,0|0,0|0,0|0,0|0,0|1,0|1,0|1,0|0,0|0,0|0,0|0,0|0,0|0,0|0,0|0,0|0,0|0,0|0,0|0,0|0,0|0,0|0,0|0,0|0,0|0,0|0,0|0,6
392ce445737b0cb7469775458596b52a52198b7e,0|0,0|0,0|0,0|0,0|0,0|1,0|0,0|0,0|0,0|0,0|0,0|1,0|1,0|0,0|0,0|0,0|0,0|0,0|0,0|0,0|0,0|0,0|0,0|1,0|1,0|1,0|0,0|0,0|0,0|0,0|0,0|0,0|0,0|0,0|0,0|0,0|0,0|0,0|0,0|0,0|0,0|0,0|0,0|0,0|0,0|0,6
ea6332e004d6ef0394becda214784c6f06bc95f6,0|0,0|0,0|0,0|0,0|0,0|1,0|0,0|0,0|0,0|0,0|0,0|1,0|1,0|0,0|0,0|0,0|0,0|0,0|0,0|0,0|0,0|0,0|0,0|1,0|1,0|1,0|0,0|0,0|0,0|0,0|0,0|0,0|0,0|0,0|0,0|0,0|0,0|0,0|0,0|0,0|0,0|0,0|0,0|0,0|0,0|0,6
cf9c0b96b8c5b87f891f0634b2fcd4f9038d6aec,0|0,0|0,0|0,0|0,0|0,0|1,0|0,0|0,0|0,0|0,0|0,0|1,0|1,0|0,0|0,0|0,0|0,0|0,0|0,0|0,0|0,0|0,0|0,0|1,0|1,0|1,0|0,0|0,0|0,0|0,0|0,0|0,0|0,0|0,0|0,0|0,0|0,0|0,0|0,0|0,0|0,0|0,0|0,0|0,0|0,0|0,6
be35d423b428953a2c8bb3aa647c4bd3dd008a4b,0|0,0|0,0|0,0|0,0|0,0|1,0|0,0|0,0|0,0|0,0|0,0|1,0|1,0|0,0|0,0|0,0|0,0|0,0|0,0|0,0|0,0|0,0|0,0|1,0|1,0|1,0|0,0|0,0|0,0|0,0|0,0|0,0|0,0|0,0|0,0|0,0|0,0|0,0|0,0|0,0|0,0|0,0|0,0|0,0|0,0|0,6
2860e3af15d6618e80bef004905bdef1ace2045e,0|0,0|0,0|0,0|0,0|0,0.5|1,0|0,0|0,0|0,0|0,0|0,1|1,0.5|1,0|0,0|0,0|0,0|0,0|0,0|0,0|0,0|0,0|0,0|0,1|1,1|1,0.5|1,0|0,0|0,0|0,0|0,0|0,0|0,0|0,0|0,0.5|0,0|0,0|0,0|0,0|0,0|0,0|0,0|0,0|0,0|0,0|0,0|0,6
2d68f8f63599f781acb50d7e16552b460286cd8d,0|0,0|0,0|0,0|0,0|0,0.5|1,0|0,0|0,0|0,0|0,0|0,1|1,0.5|1,0|0,0|0,0|0,0|0,0|0,0|0,0|0,0|0,0|0,0|0,1|1,1|1,0.5|1,0|0,0|0,0|0,0|0,0|0,0|0,0|0,0|0,0.5|0,0|0,0|0,0|0,0|0,0|0,0|0,0|0,0|0,0|0,0|0,0|0,6
08698c65e5922774ad3e2b8fd18848c755145942,0|0,0|0,0|0,0|0,0|0,0.5|1,0|0,0|0,0|0,0|0,0|0,1|1,0.5|1,0|0,0|0,0|0,0|0,0|0,0|0,0|0,0|0,0|0,0|0,1|1,1|1,0.5|1,0|0,0|0,0|0,0|0,0|0,0|0,0|0,0|0,0.5|0,0|0,0|0,0|0,0|0,0|0,0|0,0|0,0|0,0|0,0|0,0|0,6
c08693fda59d9d3d6e9e55afeaf3cf739fe192a5,0|0,0|0,0|0,0|0,0|0,0|1,0|0,0|0,0|0,0|0,0|0,0|1,0|1,0|0,0|0,0|0,0|0,0|0,0|0,0|0,0|0,0|0,0|0,0|1,0|1,0|1,0|0,0|0,0|0,0|0,0|0,0|0,0|0,0|0,0|0,0|0,0|0,0|0,0|0,0|0,0|0,0|0,0|0,0|0,0|0,0|0,6
974c1cc681af5a8faa6e7186a947a76a045b266f,0|0,0|0,0|0,0|0,0|0,0|1,0|0,0|0,0|0,0|0,0|0,0|1,0|1,0|0,0|0,0|0,0|0,0|0,0|0,0|0,0|0,0|0,0|0,0|1,0|1,0|1,0|0,0|0,0|0,0|0,0|0,0|0,0|0,0|0,0|0,0|0,0|0,0|0,0|0,0|0,0|0,0|0,0|0,0|0,0|0,0|0,6
8f53c231dfb5f36c6289a9e85156487c813e3553,0|0,0|0,0|0,0|0,0|0,0.5|1,0|0,0|0,0|0,0|0,0|0,1|1,0.5|1,0|0,0|0,0|0,0|0,0|0,0|0,0|0,0|0,0|0,0|0,1|1,1|1,0.5|1,0|0,0|0,0|0,0|0,0|0,0|0,0|0,0|0,0.5|0,0|0,0|0,0|0,0|0,0|0,0|0,0|0,0|0,0|0,0|0,0|0,6
ae89831055afd447217eab9d61e5246ed08144f4,0|0,0|0,0|0,0|0,0|0,0.5|1,0|0,0|0,0|0,0|0,0|0,1|1,0.5|1,0|0,0|0,0|0,0|0,0|0,0|0,0|0,0|0,0|0,0|0,1|1,1|1,0.5|1,0|0,0|0,0|0,0|0,0|0,0|0,0|0,0|0,0.5|0,0|0,0|0,0|0,0|0,0|0,0|0,0|0,0|0,0|0,0|0,0|0,6
143fcf0b0ef8a9e3b05b0849e3123a51805808ea,0|0,0|0,0|0,0|0,0|0,0.5|1,0|0,0|0,0|0,0|0,0|0,1|1,0.5|1,0|0,0|0,0|0,0|0,0|0,0|0,0|0,0|0,0|0,0|0,1|1,1|1,0.5|1,0|0,0|0,0|0,0|0,0|0,0|0,0|0,0|0,0.5|0,0|0,0|0,0|0,0|0,0|0,0|0,0|0,0|0,0|0,0|0,0|0,6
f7b91b46fa621529d82158fda0f4343a776b7b86,0|0,0|0,0|0,0|0,0|0,0.5|1,0|0,0|0,0|0,0|0,0|0,1|1,0.5|1,0|0,0|0,0|0,0|0,0|0,0|0,0|0,0|0,0|0,0|0,1|1,1|1,0.5|1,0|0,0|0,0|0,0|0,0|0,0|0,0|0,0|0,0.5|0,0|0,0|0,0|0,0|0,0|0,0|0,0|0,0|0,0|0,0|0,0|0,6
513c857631defa7c9b9c3416ce7f97eb2bfd061c,0|0,0|0,0|0,0|0,0|0,0.5|1,0|0,0|0,0|0,0|0,0|0,1|1,0.5|1,0|0,0|0,0|0,0|0,0|0,0|0,0|0,0|0,0|0,0|0,1|1,1|1,0.5|1,0|0,0|0,0|0,0|0,0|0,0|0,0|0,0|0,0.5|0,0|0,0|0,0|0,0|0,0|0,0|0,0|0,0|0,0|0,0|0,0|0,6
503e3bb4953b4c9de818d997593bfe4f090013bf,0|0,0|0,0|0,0|0,0|0,0.5|1,0|0,0|0,0|0,0|0,0|0,1|1,0.5|1,0|0,0|0,0|0,0|0,0|0,0|0,0|0,0|0,0|0,0|0,1|1,1|1,0.5|1,0|0,0|0,0|0,0|0,0|0,0|0,0|0,0|0,0.5|0,0|0,0|0,0|0,0|0,0|0,0|0,0|0,0|0,0|0,0|0,0|0,6
4b8c8608d146c5407c6180a5698057c146e0d60b,0|0,0|0,0|0,0|0,0|0,0.5|1,0|0,0|0,0|0,0|0,0|0,1|1,0.5|1,0|0,0|0,0|0,0|0,0|0,0|0,0|0,0|0,0|0,0|0,1|1,1|1,0.5|1,0|0,0|0,0|0,0|0,0|0,0|0,0|0,0|0,0.5|0,0|0,0|0,0|0,0|0,0|0,0|0,0|0,0|0,0|0,0|0,0|0,6
6e8f268873447af940706cca09a46921a2e9a3ce,0|0,0|0,0|0,0|0,0|0,0.5|1,0|0,0|0,0|0,0|0,0|0,1|1,0.5|1,0|0,0|0,0|0,0|0,0|0,0|0,0|0,0|0,0|0,0|0,1|1,1|1,0.5|1,0|0,0|0,0|0,0|0,0|0,0|0,0|0,0|0,0.5|0,0|0,0|0,0|0,0|0,0|0,0|0,0|0,0|0,0|0,0|0,0|0,6
c17a21359bd1f6431de827ca15fc84ada983a235,0|0,0|0,0|0,0|0,0|0,0|1,0|0,0|0,0|0,0|0,0|0,0|1,0|1,0|0,0|0,0|0,0|0,0|0,0|0,0|0,0|0,0|0,0|0,0|1,0|1,0|1,0|0,0|0,0|0,0|0,0|0,0|0,0|0,0|0,0|0,0|0,0|0,0|0,0|0,0|0,0|0,0|0,0|0,0|0,0|0,0|0,6
dfb9e8ec1fd11d9dc5fbcd1906d8345724331b0e,0|0,0|0,0|0,0|0,0|0,0.5|1,0|0,0|0,0|0,0|0,0|0,1|1,0.5|1,0|0,0|0,0|0,0|0,0|0,0|0,0|0,0|0,0|0,0|0,1|1,1|1,0.5|1,0|0,0|0,0|0,0|0,0|0,0|0,0|0,0|0,0.5|0,0|0,0|0,0|0,0|0,0|0,0|0,0|0,0|0,0|0,0|0,0|0,6
b4edb758240e28da446d43c55fb0698ab66ded41,0|0,0|0,0|0,0|0,0|0,0.5|1,0|0,0|0,0|0,0|0,0|0,1|1,0.5|1,0|0,0|0,0|0,0|0,0|0,0|0,0|0,0|0,0|0,0|0,1|1,1|1,0.5|1,0|0,0|0,0|0,0|0,0|0,0|0,0|0,0|0,0.5|0,0|0,0|0,0|0,0|0,0|0,0|0,0|0,0|0,0|0,0|0,0|0,6
c0b34555c20233bc9aedd2ed7173717e8ae7ad31,0|0,0|0,0|0,0|0,0|0,0.5|1,0|0,0|0,0|0,0|0,0|0,1|1,0.5|1,0|0,0|0,0|0,0|0,0|0,0|0,0|0,0|0,0|0,0|0,1|1,1|1,0.5|1,0|0,0|0,0|0,0|0,0|0,0|0,0|0,0|0,0.5|0,0|0,0|0,0|0,0|0,0|0,0|0,0|0,0|0,0|0,0|0,0|0,6
055422503c13ef9ed0666e4c95aad30a6b298bae,0|0,0|0,0|0,0|0,0|0,0.5|1,0|0,0|0,0|0,0|0,0|0,1|1,0.5|1,0|0,0|0,0|0,0|0,0|0,0|0,0|0,0|0,0|0,0|0,1|1,1|1,0.5|1,0|0,0|0,0|0,0|0,0|0,0|0,0|0,0|0,0.5|0,0|0,0|0,0|0,0|0,0|0,0|0,0|0,0|0,0|0,0|0,0|0,6
9bbcc2548e7084a38a76e292e52b38158fd0a667,0|0,0|0,0|0,0|0,0|0,0|1,0|0,0|0,0|0,0|0,0|0,0|1,0|1,0|0,0|0,0|0,0|0,0|0,0|0,0|0,0|0,0|0,0|0,0|1,0|1,0|1,0|0,0|0,0|0,0|0,0|0,0|0,0|0,0|0,0|0,0|0,0|0,0|0,0|0,0|0,0|0,0|0,0|0,0|0,0|0,0|0,6
de25ba7d0b690c77ac5aa9ffba6ab107c033759f,0|0,0|0,0|0,0|0,0|0,0.5|1,0|0,0|0,0|0,0|0,0|0,1|1,0.5|1,0|0,0|0,0|0,0|0,0|0,0|0,0|0,0|0,0|0,0|0,1|1,1|1,0.5|1,0|0,0|0,0|0,0|0,0|0,0|0,0|0,0|0,0.5|0,0|0,0|0,0|0,0|0,0|0,0|0,0|0,0|0,0|0,0|0,0|0,6
030f3f3d48184133a6647108c156787fb3f39b58,0|0,0|0,0|0,0|0,0|0,0|1,0|0,0|0,0|0,0|0,0|0,0|1,0|1,0|0,0|0,0|0,0|0,0|0,0|0,0|0,0|0,0|0,0|0,0|1,0|1,0|1,0|0,0|0,0|0,0|0,0|0,0|0,0|0,0|0,0|0,0|0,0|0,0|0,0|0,0|0,0|0,0|0,0|0,0|0,0|0,0|0,6
94bf7b0130c1fd447624a9a91d2d125eaac91ea7,0|0,0|0,0|0,0|0,0|0,0.5|1,0|0,0|0,0|0,0|0,0|0,1|1,0.5|1,0|0,0|0,0|0,0|0,0|0,0|0,0|0,0|0,0|0,0|0,1|1,1|1,0.5|1,0|0,0|0,0|0,0|0,0|0,0|0,0|0,0|0,0.5|0,0|0,0|0,0|0,0|0,0|0,0|0,0|0,0|0,0|0,0|0,0|0,6
540326f3ffcc3126a1db3811464046ac7e061157,0|0,0|0,0|0,0|0,0|0,0|1,0|0,0|0,0|0,0|0,0|0,0|1,0|1,0|0,0|0,0|0,0|0,0|0,0|0,0|0,0|0,0|0,0|0,0|1,0|1,0|1,0|0,0|0,0|0,0|0,0|0,0|0,0|0,0|0,0|0,0|0,0|0,0|0,0|0,0|0,0|0,0|0,0|0,0|0,0|0,0|0,6
db707e0829d29f7aed6d2a5848706600ca8ff971,0|0,0|0,0|0,0|0,0|0,0|1,0|0,0|0,0|0,0|0,0|0,0|1,0|1,0|0,0|0,0|0,0|0,0|0,0|0,0|0,0|0,0|0,0|0,0|1,0|1,0|1,0|0,0|0,0|0,0|0,0|0,0|0,0|0,0|0,0|0,0|0,0|0,0|0,0|0,0|0,0|0,0|0,0|0,0|0,0|0,0|0,6
1c60c22893e465da75b825ce4bab80ca018e9104,0|0,0|0,0|0,0|0,0|0,0|1,0|0,0|0,0|0,0|0,0|0,0|1,0|1,0|0,0|0,0|0,0|0,0|0,0|0,0|0,0|0,0|0,0|0,0|1,0|1,0|1,0|0,0|0,0|0,0|0,0|0,0|0,0|0,0|0,0|0,0|0,0|0,0|0,0|0,0|0,0|0,0|0,0|0,0|0,0|0,0|0,6
e308e59002539a989e87c72bdb462b9652e304b3,0|0,0|0,0|0,0|0,0|0,0|1,0|0,0|0,0|0,0|0,0|0,0|1,0|1,0|0,0|0,0|0,0|0,0|0,0|0,0|0,0|0,0|0,0|0,0|1,0|1,0|1,0|0,0|0,0|0,0|0,0|0,0|0,0|0,0|0,0|0,0|0,0|0,0|0,0|0,0|0,0|0,0|0,0|0,0|0,0|0,0|0,6
0c80e6ee3bed251e42c9eb3f9ddb4ce169061d1f,0|0,0|0,0|0,0|0,0|0,0|1,0|0,0|0,0|0,0|0,0|0,0|1,0|1,0|0,0|0,0|0,0|0,0|0,0|0,0|0,0|0,0|0,0|0,0|1,0|1,0|1,0|0,0|0,0|0,0|0,0|0,0|0,0|0,0|0,0|0,0|0,0|0,0|0,0|0,0|0,0|0,0|0,0|0,0|0,0|0,0|0,6
f1dd8bc8c5254f2910c609e7aa56869c55bebe00,0|0,0|0,0|0,0|0,0|0,0|1,0|0,0|0,0|0,0|0,0|0,0|1,0|1,0|0,0|0,0|0,0|0,0|0,0|0,0|0,0|0,0|0,0|0,0|1,0|1,0|1,0|0,0|0,0|0,0|0,0|0,0|0,0|0,0|0,0|0,0|0,0|0,0|0,0|0,0|0,0|0,0|0,0|0,0|0,0|0,0|0,6
fb04dbbc47510a9dc87d302b9bbead33bfd0c508,0|0,0|0,0|0,0|0,0|0,0|1,0|0,0|0,0|0,0|0,0|0,0|1,0|1,0|0,0|0,0|0,0|0,0|0,0|0,0|0,0|0,0|0,0|0,0|1,0|1,0|1,0|0,0|0,0|0,0|0,0|0,0|0,0|0,0|0,0|0,0|0,0|0,0|0,0|0,0|0,0|0,0|0,0|0,0|0,0|0,0|0,6
ccb30a04ad6f7b0e954549c3e961312b143bc511,0|0,0|0,0|0,0|0,0|0,0|1,0|0,0|0,0|0,0|0,0|0,0|1,0|1,0|0,0|0,0|0,0|0,0|0,0|0,0|0,0|0,0|0,0|0,0|1,0|1,0|1,0|0,0|0,0|0,0|0,0|0,0|0,0|0,0|0,0|0,0|0,0|0,0|0,0|0,0|0,0|0,0|0,0|0,0|0,0|0,0|0,6
5be9370cd2aec01568dcea44bea62c2f5bab83cc,0|0,0|0,0|0,0|0,0|0,0|1,0|0,0|0,0|0,0|0,0|0,0|1,0|1,0|0,0|0,0|0,0|0,0|0,0|0,0|0,0|0,0|0,0|0,0|1,0|1,0|1,0|0,0|0,0|0,0|0,0|0,0|0,0|0,0|0,0|0,0|0,0|0,0|0,0|0,0|0,0|0,0|0,0|0,0|0,0|0,0|0,6
fd6a5bc1cdd3134e96a7c7d4a3c110f702e0d28f,0|0,0|0,0|0,0|0,0|0,0|1,0|0,0|0,0|0,0|0,0|0,0|1,0|1,0|0,0|0,0|0,0|0,0|0,0|0,0|0,0|0,0|0,0|0,0|1,0|1,0|1,0|0,0|0,0|0,0|0,0|0,0|0,0|0,0|0,0|0,0|0,0|0,0|0,0|0,0|0,0|0,0|0,0|0,0|0,0|0,0|0,6
4f794aec22a73d4b06f42c7472460226f990c8b6,0|0,0|0,0|0,0|0,0|0,0|1,0|0,0|0,0|0,0|0,0|0,0|1,0|1,0|0,0|0,0|0,0|0,0|0,0|0,0|0,0|0,0|0,0|0,0|1,0|1,0|1,0|0,0|0,0|0,0|0,0|0,0|0,0|0,0|0,0|0,0|0,0|0,0|0,0|0,0|0,0|0,0|0,0|0,0|0,0|0,0|0,6
f72b402aa2c5e532caba8452056c17a3d08e5a31,0|0,0|0,0|0,0|0,0|0,0|1,0|0,0|0,0|0,0|0,0|0,0|1,0|1,0|0,0|0,0|0,0|0,0|0,0|0,0|0,0|0,0|0,0|0,0|1,0|1,0|1,0|0,0|0,0|0,0|0,0|0,0|0,0|0,0|0,0|0,0|0,0|0,0|0,0|0,0|0,0|0,0|0,0|0,0|0,0|0,0|0,6
20fed83e0f648309d259a367f9e7959a665d292b,0|0,0|0,0|0,0|0,0|0,0|1,0|0,0|0,0|0,0|0,0|0,0|1,0|1,0|0,0|0,0|0,0|0,0|0,0|0,0|0,0|0,0|0,0|0,0|1,0|1,0|1,0|0,0|0,0|0,0|0,0|0,0|0,0|0,0|0,0|0,0|0,0|0,0|0,0|0,0|0,0|0,0|0,0|0,0|0,0|0,0|0,6
f75984633b25017d13e60d9f2d48515f856b166d,0|0,0|0,0|0,0|0,0|0,0|1,0|0,0|0,0|0,0|0,0|0,0|1,0|1,0|0,0|0,0|0,0|0,0|0,0|0,0|0,0|0,0|0,0|0,0|1,0|1,0|1,0|0,0|0,0|0,0|0,0|0,0|0,0|0,0|0,0|0,0|0,0|0,0|0,0|0,0|0,0|0,0|0,0|0,0|0,0|0,0|0,6
d658ac9e61a78122c9fe0cfba3797dead382ba3b,0|0,0|0,0|0,0|0,0|0,0|1,0|0,0|0,0|0,0|0,0|0,0|1,0|1,0|0,0|0,0|0,0|0,0|0,0|0,0|0,0|0,0|0,0|0,0|1,0|1,0|1,0|0,0|0,0|0,0|0,0|0,0|0,0|0,0|0,0|0,0|0,0|0,0|0,0|0,0|0,0|0,0|0,0|0,0|0,0|0,0|0,6
24fea66a26dcf621b0669b3e2315d694f3a2bf20,0|0,0|0,0|0,0|0,0|0,0|1,0|0,0|0,0|0,0|0,0|0,0|1,0|1,0|0,0|0,0|0,0|0,0|0,0|0,0|0,0|0,0|0,0|0,0|1,0|1,0|1,0|0,0|0,0|0,0|0,0|0,0|0,0|0,0|0,0|0,0|0,0|0,0|0,0|0,0|0,0|0,0|0,0|0,0|0,0|0,0|0,6
ce023599530bb6ae02879959b9a1830622d97d31,0|0,0|0,0|0,0|0,0|0,0|1,0|0,0|0,0|0,0|0,0|0,0|1,0|1,0|0,0|0,0|0,0|0,0|0,0|0,0|0,0|0,0|0,0|0,0|1,0|1,0|1,0|0,0|0,0|0,0|0,0|0,0|0,0|0,0|0,0|0,0|0,0|0,0|0,0|0,0|0,0|0,0|0,0|0,0|0,0|0,0|0,6
b8d406b1f896ca879464670f601b5a941e1a97da,0|0,0|0,0|0,0|0,0|0,0|1,0|0,0|0,0|0,0|0,0|0,0|1,0|1,0|0,0|0,0|0,0|0,0|0,0|0,0|0,0|0,0|0,0|0,0|1,0|1,0|1,0|0,0|0,0|0,0|0,0|0,0|0,0|0,0|0,0|0,0|0,0|0,0|0,0|0,0|0,0|0,0|0,0|0,0|0,0|0,0|0,6
6511db89413f101d3efafa073b44ad8392181bfa,0|0,0|0,0|0,0|0,0|0,0|1,0|0,0|0,0|0,0|0,0|0,0|1,0|1,0|0,0|0,0|0,0|0,0|0,0|0,0|0,0|0,0|0,0|0,0|1,0|1,0|1,0|0,0|0,0|0,0|0,0|0,0|0,0|0,0|0,0|0,0|0,0|0,0|0,0|0,0|0,0|0,0|0,0|0,0|0,0|0,0|0,6
9d8967236e4e221aa01f7c97eb19303ac8a98474,0|0,0|0,0|0,0|0,0|0,0|1,0|0,0|0,0|0,0|0,0|0,0|1,0|1,0|0,0|0,0|0,0|0,0|0,0|0,0|0,0|0,0|0,0|0,0|1,0|1,0|1,0|0,0|0,0|0,0|0,0|0,0|0,0|0,0|0,0|0,0|0,0|0,0|0,0|0,0|0,0|0,0|0,0|0,0|0,0|0,0|0,6
014fdd9a024cae8c8b46334b6557b82b974acacb,0|0,0|0,0|0,0|0,0|0,0|1,0|0,0|0,0|0,0|0,0|0,0|1,0|1,0|0,0|0,0|0,0|0,0|0,0|0,0|0,0|0,0|0,0|0,0|1,0|1,0|1,0|0,0|0,0|0,0|0,0|0,0|0,0|0,0|0,0|0,0|0,0|0,0|0,0|0,0|0,0|0,0|0,0|0,0|0,0|0,0|0,6
12abcd516b468f6e0070308fa57052b93aa3a3ca,0|0,0|0,0|0,0|0,0|0,0|1,0|0,0|0,0|0,0|0,0|0,0|1,0|1,0|0,0|0,0|0,0|0,0|0,0|0,0|0,0|0,0|0,0|0,0|1,0|1,0|1,0|0,0|0,0|0,0|0,0|0,0|0,0|0,0|0,0|0,0|0,0|0,0|0,0|0,0|0,0|0,0|0,0|0,0|0,0|0,0|0,6
35f1c362b9c005a1094f19cd4cdf5039e5e887d5,0|0,0|0,0|0,0|0,0|0,0|1,0|0,0|0,0|0,0|0,0|0,0|1,0|1,0|0,0|0,0|0,0|0,0|0,0|0,0|0,0|0,0|0,0|0,0|1,0|1,0|1,0|0,0|0,0|0,0|0,0|0,0|0,0|0,0|0,0|0,0|0,0|0,0|0,0|0,0|0,0|0,0|0,0|0,0|0,0|0,0|0,6
23c07215388f6d5a2ee3a0e3b63fba92e2cbb085,0|0,0|0,0|0,0|0,0|0,0|1,0|0,0|0,0|0,0|0,0|0,0|1,0|1,0|0,0|0,0|0,0|0,0|0,0|0,0|0,0|0,0|0,0|0,0|1,0|1,0|1,0|0,0|0,0|0,0|0,0|0,0|0,0|0,0|0,0|0,0|0,0|0,0|0,0|0,0|0,0|0,0|0,0|0,0|0,0|0,0|0,6
96c193cf795fbe7b55f8633404884099fcdc0d80,0|0,0|0,0|0,0|0,0|0,0|1,0|0,0|0,0|0,0|0,0|0,0|1,0|1,0|0,0|0,0|0,0|0,0|0,0|0,0|0,0|0,0|0,0|0,0|1,0|1,0|1,0|0,0|0,0|0,0|0,0|0,0|0,0|0,0|0,0|0,0|0,0|0,0|0,0|0,0|0,0|0,0|0,0|0,0|0,0|0,0|0,6
051bdb19574ebf994b6d861cbe2fa3b098c7748d,0|0,0|0,0|0,0|0,0|0,0|1,0|0,0|0,0|0,0|0,0|0,0|1,0|1,0|0,0|0,0|0,0|0,0|0,0|0,0|0,0|0,0|0,0|0,0|1,0|1,0|1,0|0,0|0,0|0,0|0,0|0,0|0,0|0,0|0,0|0,0|0,0|0,0|0,0|0,0|0,0|0,0|0,0|0,0|0,0|0,0|0,6
9d35364ef103be7c7895bb277b601086bb7ff104,0|0,0|0,0|0,0|0,0|0,0|1,0|0,0|0,0|0,0|0,0|0,0|1,0|1,0|0,0|0,0|0,0|0,0|0,0|0,0|0,0|0,0|0,0|0,0|1,0|1,0|1,0|0,0|0,0|0,0|0,0|0,0|0,0|0,0|0,0|0,0|0,0|0,0|0,0|0,0|0,0|0,0|0,0|0,0|0,0|0,0|0,6
9d8717a0c7a9bdddb4830f69da58d0dba4b425e2,0|0,0|0,0|0,0|0,0|0,0|1,0|0,0|0,0|0,0|0,0|0,0|1,0|1,0|0,0|0,0|0,0|0,0|0,0|0,0|0,0|0,0|0,0|0,0|1,0|1,0|1,0|0,0|0,0|0,0|0,0|0,0|0,0|0,0|0,0|0,0|0,0|0,0|0,0|0,0|0,0|0,0|0,0|0,0|0,0|0,0|0,6
802254327a71cc3103784579911db86b12d3918e,0|0,0|0,0|0,0|0,0|0,0|1,0|0,0|0,0|0,0|0,0|0,0|1,0|1,0|0,0|0,0|0,0|0,0|0,0|0,0|0,0|0,0|0,0|0,0|1,0|1,0|1,0|0,0|0,0|0,0|0,0|0,0|0,0|0,0|0,0|0,0|0,0|0,0|0,0|0,0|0,0|0,0|0,0|0,0|0,0|0,0|0,6
e2e030309924a8242aa06876814e8b21ad2be536,0|0,0|0,0|0,0|0,0|0,0|1,0|0,0|0,0|0,0|0,0|0,0|1,0|1,0|0,0|0,0|0,0|0,0|0,0|0,0|0,0|0,0|0,0|0,0|1,0|1,0|1,0|0,0|0,0|0,0|0,0|0,0|0,0|0,0|0,0|0,0|0,0|0,0|0,0|0,0|0,0|0,0|0,0|0,0|0,0|0,0|0,6
7744c225f9d557b6df3ce21ebc553a537f05efb0,0|0,0|0,0|0,0|0,0|0,0|1,0|0,0|0,0|0,0|0,0|0,0|1,0|1,0|0,0|0,0|0,0|0,0|0,0|0,0|0,0|0,0|0,0|0,0|1,0|1,0|1,0|0,0|0,0|0,0|0,0|0,0|0,0|0,0|0,0|0,0|0,0|0,0|0,0|0,0|0,0|0,0|0,0|0,0|0,0|0,0|0,6
a8ad99aca53791ff5dde5ae66d774ef612c1e77c,0|0,0|0,0|0,0|0,0|0,0|1,0|0,0|0,0|0,0|0,0|0,0|1,0|1,0|0,0|0,0|0,0|0,0|0,0|0,0|0,0|0,0|0,0|0,0|1,0|1,0|1,0|0,0|0,0|0,0|0,0|0,0|0,0|0,0|0,0|0,0|0,0|0,0|0,0|0,0|0,0|0,0|0,0|0,0|0,0|0,0|0,6
3fd31530894e07fb22ed8cf430f3e8cbbd2f0115,0|0,0|0,0|0,0|0,0|0,0|1,0|0,0|0,0|0,0|0,0|0,0|1,0|1,0|0,0|0,0|0,0|0,0|0,0|0,0|0,0|0,0|0,0|0,0|1,0|1,0|1,0|0,0|0,0|0,0|0,0|0,0|0,0|0,0|0,0|0,0|0,0|0,0|0,0|0,0|0,0|0,0|0,0|0,0|0,0|0,0|0,6
91d132ea3dd99e10012916f1a1ededad2e0eefab,0|0,0|0,0|0,0|0,0|0,0|1,0|0,0|0,0|0,0|0,0|0,0|1,0|1,0|0,0|0,0|0,0|0,0|0,0|0,0|0,0|0,0|0,0|0,0|1,0|1,0|1,0|0,0|0,0|0,0|0,0|0,0|0,0|0,0|0,0|0,0|0,0|0,0|0,0|0,0|0,0|0,0|0,0|0,0|0,0|0,0|0,6
9f3e3e8456f204edfc2d626b6473bb2278a1b9cb,0|0,0|0,0|0,0|0,0|0,0|1,0|0,0|0,0|0,0|0,0|0,0|1,0|1,0|0,0|0,0|0,0|0,0|0,0|0,0|0,0|0,0|0,0|0,0|1,0|1,0|1,0|0,0|0,0|0,0|0,0|0,0|0,0|0,0|0,0|0,0|0,0|0,0|0,0|0,0|0,0|0,0|0,0|0,0|0,0|0,0|0,6
46e97d5da394aed103b6e41336699c7209fb03b0,0|0,0|0,0|0,0|0,0|0,0|1,0|0,0|0,0|0,0|0,0|0,0|1,0|1,0|0,0|0,0|0,0|0,0|0,0|0,0|0,0|0,0|0,0|0,0|1,0|1,0|1,0|0,0|0,0|0,0|0,0|0,0|0,0|0,0|0,0|0,0|0,0|0,0|0,0|0,0|0,0|0,0|0,0|0,0|0,0|0,0|0,6
69ca98ca3557005e36a0411ec526b464d88039bf,0|0,0|0,0|0,0|0,0|0,0|1,0|0,0|0,0|0,0|0,0|0,0|1,0|1,0|0,0|0,0|0,0|0,0|0,0|0,0|0,0|0,0|0,0|0,0|1,0|1,0|1,0|0,0|0,0|0,0|0,0|0,0|0,0|0,0|0,0|0,0|0,0|0,0|0,0|0,0|0,0|0,0|0,0|0,0|0,0|0,0|0,6
acd05b171eee29d50a112179d847371b5466cec1,0|0,0|0,0|0,0|0,0|0,0|1,0|0,0|0,0|0,0|0,0|0,0|1,0|1,0|0,0|0,0|0,0|0,0|0,0|0,0|0,0|0,0|0,0|0,0|1,0|1,0|1,0|0,0|0,0|0,0|0,0|0,0|0,0|0,0|0,0|0,0|0,0|0,0|0,0|0,0|0,0|0,0|0,0|0,0|0,0|0,0|0,6
a268952068e4593e9662b4bc98ce79fd547d64b4,0|0,0|0,0|0,0|0,0|0,0|1,0|0,0|0,0|0,0|0,0|0,0|1,0|1,0|0,0|0,0|0,0|0,0|0,0|0,0|0,0|0,0|0,0|0,0|1,0|1,0|1,0|0,0|0,0|0,0|0,0|0,0|0,0|0,0|0,0|0,0|0,0|0,0|0,0|0,0|0,0|0,0|0,0|0,0|0,0|0,0|0,6
ebf18a0c6179004bc62836ee7f07360067d3ac2e,0|0,0|0,0|0,0|0,0|0,0|1,0|0,0|0,0|0,0|0,0|0,0|1,0|1,0|0,0|0,0|0,0|0,0|0,0|0,0|0,0|0,0|0,0|0,0|1,0|1,0|1,0|0,0|0,0|0,0|0,0|0,0|0,0|0,0|0,0|0,0|0,0|0,0|0,0|0,0|0,0|0,0|0,0|0,0|0,0|0,0|0,6
6e1dcba9dde841bd0de8fcb67687b80e02731948,0|0,0|0,0|0,0|0,0|0,0|1,0|0,0|0,0|0,0|0,0|0,0|1,0|1,0|0,0|0,0|0,0|0,0|0,0|0,0|0,0|0,0|0,0|0,0|1,0|1,0|1,0|0,0|0,0|0,0|0,0|0,0|0,0|0,0|0,0|0,0|0,0|0,0|0,0|0,0|0,0|0,0|0,0|0,0|0,0|0,0|0,6
64fb40d21ed81acadd5bd51fc68924b6e37135c6,0|0,0|0,0|0,0|0,0|0,0|1,0|0,0|0,0|0,0|0,0|0,0|1,0|1,0|0,0|0,0|0,0|0,0|0,0|0,0|0,0|0,0|0,0|0,0|1,0|1,0|1,0|0,0|0,0|0,0|0,0|0,0|0,0|0,0|0,0|0,0|0,0|0,0|0,0|0,0|0,0|0,0|0,0|0,0|0,0|0,0|0,6
f452dabd929a18304c3d84c02d24dc9e9245fded,0|0,0|0,0|0,0|0,0|0,0|1,0|0,0|0,0|0,0|0,0|0,0|1,0|1,0|0,0|0,0|0,0|0,0|0,0|0,0|0,0|0,0|0,0|0,0|1,0|1,0|1,0|0,0|0,0|0,0|0,0|0,0|0,0|0,0|0,0|0,0|0,0|0,0|0,0|0,0|0,0|0,0|0,0|0,0|0,0|0,0|0,6
29315cee6dafc05ab387bd2fd24b991120798985,0|0,0|0,0|0,0|0,0|0,0.5|1,0|0,0|0,0|0,0|0,0|0,1|1,0.5|1,0|0,0|0,0|0,0|0,0|0,0|0,0|0,0|0,0|0,0|0,0|1,0|1,0|1,0|0,0|0,0|0,0|0,0|0,0|0,0|0,0|0,0.5|0,0|0,0|0,0|0,0|0,0|0,0|0,0|0,0|0,0|0,0|0,0|0,6
b568c26989b9baf72940007d220d5c47eae67618,0|0,0|0,0|0,0|0,0|0,0.5|1,0|0,0|0,0|0,0|0,0|0,1|1,0.5|1,0|0,0|0,0|0,0|0,0|0,0|0,0|0,0|0,0|0,0|0,1|1,0|0,0|0,0|0,0|0,0|0,0|0,0|0,0|0,0|0,0|0,0.5|0,0|0,0|0,0|0,0|0,0|0,0|0,0|0,0|0,0|0,0|0,0|0,4
9f4f22883218f1eac6953167d6782eff4322b18b,0|0,0|0,0|0,0|0,0|0,0|1,0|0,0|0,0|0,0|0,0|0,0|1,0|1,0|0,0|0,0|0,0|0,0|0,0|0,0|0,0|0,0|0,0|0,0|1,0|1,0|1,0|0,0|0,0|0,0|0,0|0,0|0,0|0,0|0,0|0,0|0,0|0,0|0,0|0,0|0,0|0,0|0,0|0,0|0,0|0,0|0,6
879cec94b2e28c2b1a0285a7c56b6c7ff4f0e75d,0|0,0|0,0|0,0|0,0|0,0|1,0|0,0|0,0|0,0|0,0|0,0|1,0|1,0|0,0|0,0|0,0|0,0|0,0|0,0|0,0|0,0|0,0|0,0|1,0|1,0|1,0|0,0|0,0|0,0|0,0|0,0|0,0|0,0|0,0|0,0|0,0|0,0|0,0|0,0|0,0|0,0|0,0|0,0|0,0|0,0|0,6
4b4dcabedaa7fff668f6fea495010cbafb094904,0|0,0|0,0|0,0|0,0|0,0|1,0|0,0|0,0|0,0|0,0|0,0|1,0|1,0|0,0|0,0|0,0|0,0|0,0|0,0|0,0|0,0|0,0|0,0|1,0|0,0|0,0|0,0|0,0|0,0|0,0|0,0|0,0|0,0|0,0|0,0|0,0|0,0|0,0|0,0|0,0|0,0|0,0|0,0|0,0|0,0|0,4
f66cd5aabc4319e64fd4fd6290afefbff1b4ed69,0|0,0|0,0|0,0|0,0|0,0|1,0|0,0|0,0|0,0|0,0|0,0|1,0|1,0|0,0|0,0|0,0|0,0|0,0|0,0|0,0|0,0|0,0|0,0|1,0|0,0|0,0|0,0|0,0|0,0|0,0|0,0|0,0|0,0|0,0|0,0|0,0|0,0|0,0|0,0|0,0|0,0|0,0|0,0|0,0|0,0|0,4
d90b333363b157d8eab9205430c83dab986ff965,0|0,0|0,0|0,0|0,0|0,0.5|1,0|0,0|0,0|0,0|0,0|0,1|1,0.5|1,0|0,0|0,0|0,0|0,0|0,0|0,0|0,0|0,0|0,0|0,0|1,0|0,0|0,0|0,0|0,0|0,0|0,0|0,0|0,0|0,0|0,0.5|0,0|0,0|0,0|0,0|0,0|0,0|0,0|0,0|0,0|0,0|0,0|0,4
847eb7b1805e84d2ff90e99398d6a02429907d24,0|0,0|0,0|0,0|0,0|0,0|1,0|0,0|0,0|0,0|0,0|0,0|1,0|1,0|0,0|0,0|0,0|0,0|0,0|0,0|0,0|0,0|0,0|0,0|1,0|0,0|0,0|0,0|0,0|0,0|0,0|0,0|0,0|0,0|0,0|0,0|0,0|0,0|0,0|0,0|0,0|0,0|0,0|0,0|0,0|0,0|0,4
9c521c5dddfe2e9d59e6a6e42bb43269894b4ea8,0|0,0|0,0|0,0|0,0|0,0|1,0|0,0|0,0|0,0|0,0|0,0|1,0|1,0|0,0|0,0|0,0|0,0|0,0|0,0|0,0|0,0|0,0|0,0|1,0|0,0|0,0|0,0|0,0|0,0|0,0|0,0|0,0|0,0|0,0|0,0|0,0|0,0|0,0|0,0|0,0|0,0|0,0|0,0|0,0|0,0|0,4
53b2b08aeb2682fbdf87075aa9312897a46d764e,0|0,0|0,0|0,0|0,0|0,0|1,0|0,0|0,0|0,0|0,0|0,0|1,0|1,0|0,0|0,0|0,0|0,0|0,0|0,0|0,0|0,0|0,0|0,0|1,0|0,0|0,0|0,0|0,0|0,0|0,0|0,0|0,0|0,0|0,0|0,0|0,0|0,0|0,0|0,0|0,0|0,0|0,0|0,0|0,0|0,0|0,4
0a182c6d18cf837ed7cb219ddba5aa3186868158,0|0,0|0,0|0,0|0,0|0,0.5|1,0|0,0.5|0,0|0,0|0,0|0,1|1,0.5|1,0|0,0|0,0|0,0|0,0|0,0|0,0|0,0|0,0|0,0|0,0|1,0|0,0|0,0|0,0|0,0|0,0|0,0|0,0|0,0|0,0|0,0.5|0,0|0,0|0,0|0,0|0,0|0,0|0,0|0,0|0,0|0,0|0,0|0,4
f6242f0e4621650a2bc409278b0442d775b14db8,0|0,0|0,0|0,0|0,0|0,0.5|1,0|0,0|0,0|0,0|0,0|0,1|1,0.5|1,0|0,0|0,0|0,0|0,0|0,0|0,0|0,0|0,0|0,0|0,0|1,0|0,0|0,0|0,0|0,0|0,0|0,0|0,0|0,0|0,0|0,0.5|0,0|0,0|0,0|0,0|0,0|0,0|0,0|0,0|0,0|0,0|0,0|0,4
1740042cbb639fae8f1d06b8966cac9d56c52c20,0|0,0|0,0|0,0|0,0|0,0.5|1,0|0,0|0,0|0,0|0,0|0,1|1,0.5|1,0|0,0|0,0|0,0|0,0|0,0|0,0|0,0|0,0|0,0|0,1|1,0|0,0|0,0|0,0|0,0|0,0|0,0|0,0|0,0|0,0|0,0.5|0,0|0,0|0,0|0,0|0,0|0,0|0,0|0,0|0,0|0,0|0,0|0,4
66178e37cca8f151e89acb0ee5426b92f18e4e8c,0|0,0|0,0|0,0|0,0|0,0.5|1,0|0,0|0,0|0,0|0,0|0,1|1,0.5|1,0|0,0|0,0|0,0|0,0|0,0|0,0|0,0|0,0|0,0|0,1|1,0|0,0|0,0|0,0|0,0|0,0|0,0|0,0|0,0|0,0|0,0.5|0,0|0,0|0,0|0,0|0,0|0,0|0,0|0,0|0,0|0,0|0,0|0,4
f83d0b18c67ffc942e01a36e9ead2a792d460c97,0|0,0|0,0|0,0|0,0|0,0.5|1,0|0,0|0,0|0,0|0,0|0,1|1,0.5|1,0|0,0|0,0|0,0|0,0|0,0|0,0|0,0|0,0|0,0|0,1|1,0|0,0|0,0|0,0|0,0|0,0|0,0|0,0|0,0|0,0|0,0.5|0,0|0,0|0,0|0,0|0,0|0,0|0,0|0,0|0,0|0,0|0,0|0,4
a688e36b515ab01a121c08193d98984829cbac36,0|0,0|0,0|0,0|0,0|0,0.5|1,0|0,0.5|0,0|0,0|0,0|0,1|1,0.5|1,0|0,0|0,0|0,0|0,0|0,0|0,0|0,0|0,0|0,0|0,0|1,0|0,0|0,0|0,0|0,0|0,0|0,0|0,0|0,0|0,0|0,0.5|0,0|0,0|0,0|0,0|0,0|0,0|0,0|0,0|0,0|0,0|0,0|0,4
d9fc4d52e9390617efc30d400b55bcc11b18f7c9,0|0,0|0,0|0,0|0,0|0,0|1,0|0,0|0,0|0,0|0,0|0,0|1,0|1,0|0,0|0,0|0,0|0,0|0,0|0,0|0,0|0,0|0,0|0,0|1,0|0,0|0,0|0,0|0,0|0,0|0,0|0,0|0,0|0,0|0,0|0,0|0,0|0,0|0,0|0,0|0,0|0,0|0,0|0,0|0,0|0,0|0,4
88dd3ebd62135925eea999a98c1e0a726807ab59,0|0,0|0,0|0,0|0,0|0,0|1,0|0,0|0,0|0,0|0,0|0,0|1,0|1,0|0,0|0,0|0,0|0,0|0,0|0,0|0,0|0,0|0,0|0,0|1,0|0,0|0,0|0,0|0,0|0,0|0,0|0,0|0,0|0,0|0,0|0,0|0,0|0,0|0,0|0,0|0,0|0,0|0,0|0,0|0,0|0,0|0,4
8e2cd9ff4320ead7cced1f7bb76b0ee565d88546,0|0,0|0,0|0,0|0,0|0,0.5|1,0|0,0|0,0|0,0|0,0|0,1|1,0.5|1,0|0,0|0,0|0,0|0,0|0,0|0,0|0,0|0,0|0,0|0,1|1,0|0,0|0,0|0,0|0,0|0,0|0,0|0,0|0,0|0,0|0,0.5|0,0|0,0|0,0|0,0|0,0|0,0|0,0|0,0|0,0|0,0|0,0|0,4
af5d792c0836d14668edb1477afda9949ba699e2,0|0,0|0,0|0,0|0,0|0,0.5|1,0|0,0|0,0|0,0|0,0|0,1|1,0.5|1,0|0,0|0,0|0,0|0,0|0,0|0,0|0,0|0,0|0,0|0,1|1,0|0,0|0,0|0,0|0,0|0,0|0,0|0,0|0,0|0,0|0,0.5|0,0|0,0|0,0|0,0|0,0|0,0|0,0|0,0|0,0|0,0|0,0|0,4
36af97a14cec89af777b3b87ea2c18cc966b7fa4,0|0,0|0,0|0,0|0,0|0,0.5|1,0|0,0|0,0|0,0|0,0|0,1|1,0.5|1,0|0,0|0,0|0,0|0,0|0,0|0,0|0,0|0,0|0,0|0,1|1,0|0,0|0,0|0,0|0,0|0,0|0,0|0,0|0,0|0,0|0,0.5|0,0|0,0|0,0|0,0|0,0|0,0|0,0|0,0|0,0|0,0|0,0|0,4
c450caae94f4e2fa073391580fd26cbd19379c7b,0|0,0|0,0|0,0|0,0|0,0.5|1,0|0,0|0,0|0,0|0,0|0,1|1,0.5|1,0|0,0|0,0|0,0|0,0|0,0|0,0|0,0|0,0|0,0|0,1|1,0|0,0|0,0|0,0|0,0|0,0|0,0|0,0|0,0|0,0|0,0.5|0,0|0,0|0,0|0,0|0,0|0,0|0,0|0,0|0,0|0,0|0,0|0,4
a3ba9253ef3c3ca9fb45348e6dc019c6cf694e31,0|0,0|0,0|0,0|0,0|0,0.5|1,0|0,0|0,0|0,0|0,0|0,1|1,0.5|1,0|0,0|0,0|0,0|0,0|0,0|0,0|0,0|0,0|0,0|0,1|1,0|0,0|0,0|0,0|0,0|0,0|0,0|0,0|0,0|0,0|0,0.5|0,0|0,0|0,0|0,0|0,0|0,0|0,0|0,0|0,0|0,0|0,0|0,4
a279423bffe2bc88e43f8a3fe07cc9b9179930c5,0|0,0|0,0|0,0|0,0|0,0.5|1,0|0,0|0,0|0,0|0,0|0,1|1,0.5|1,0|0,0|0,0|0,0|0,0|0,0|0,0|0,0|0,0|0,0|0,1|1,0|0,0|0,0|0,0|0,0|0,0|0,0|0,0|0,0|0,0|0,0.5|0,0|0,0|0,0|0,0|0,0|0,0|0,0|0,0|0,0|0,0|0,0|0,4
3cd1ec5c9a165c8c53e49568b2da820222252986,0|0,0|0,0|0,0|0,0|0,0.5|1,0|0,0|0,0|0,0|0,0|0,1|1,0.5|1,0|0,0|0,0|0,0|0,0|0,0|0,0|0,0|0,0|0,0|0,1|1,0|0,0|0,0|0,0|0,0|0,0|0,0|0,0|0,0|0,0|0,0.5|0,0|0,0|0,0|0,0|0,0|0,0|0,0|0,0|0,0|0,0|0,0|0,4
2723ac70cecbcfc8f1bfafb7bfb0d94c37b9f290,0|0,0|0,0|0,0|0,0|0,0.5|1,0|0,0|0,0|0,0|0,0|0,1|1,0.5|1,0|0,0|0,0|0,0|0,0|0,0|0,0|0,0|0,0|0,0|0,1|1,0|0,0|0,0|0,0|0,0|0,0|0,0|0,0|0,0|0,0|0,0.5|0,0|0,0|0,0|0,0|0,0|0,0|0,0|0,0|0,0|0,0|0,0|0,4
1c1be5a0d18b44f757f1907cf48c0d44018483f7,0|0,0|0,0|0,0|0,0|0,0|1,0|0,0|0,0|0,0|0,0|0,0|1,0|1,0|0,0|0,0|0,0|0,0|0,0|0,0|0,0|0,0|0,0|0,0|1,0|0,0|0,0|0,0|0,0|0,0|0,0|0,0|0,0|0,0|0,0|0,0|0,0|0,0|0,0|0,0|0,0|0,0|0,0|0,0|0,0|0,0|0,4
a9ca47fcdba6e641f5a2b961ca77536525c8db0c,0|0,0|0,0|0,0|0,0|0,0.5|1,0|0,0|0,0|0,0|0,0|0,1|1,0.5|1,0|0,0|0,0|0,0|0,0|0,0|0,0|0,0|0,0|0,0|0,1|1,0|0,0|0,0|0,0|0,0|0,0|0,0|0,0|0,0|0,0|0,0.5|0,0|0,0|0,0|0,0|0,0|0,0|0,0|0,0|0,0|0,0|0,0|0,4
0956badd11b8a046b30aa62be07c225c6d54f7ff,0|0,0|0,0|0,0|0,0|0,0.5|1,0|0,0|0,0|0,0|0,0|0,1|1,0.5|1,0|0,0|0,0|0,0|0,0|0,0|0,0|0,0|0,0|0,0|0,1|1,0|0,0|0,0|0,0|0,0|0,0|0,0|0,0|0,0|0,0|0,0.5|0,0|0,0|0,0|0,0|0,0|0,0|0,0|0,0|0,0|0,0|0,0|0,4
439558f6a3c2bd449fba5675290abe1c1d308494,0|0,0|0,0|0,0|0,0|0,0.5|1,0|0,0|0,0|0,0|0,0|0,1|1,0.5|1,0|0,0|0,0|0,0|0,0|0,0|0,0|0,0|0,0|0,0|0,1|1,0|0,0|0,0|0,0|0,0|0,0|0,0|0,0|0,0|0,0|0,0.5|0,0|0,0|0,0|0,0|0,0|0,0|0,0|0,0|0,0|0,0|0,0|0,4
21e2e576146be8f4451d703c3e54a8208c4e4701,0|0,0|0,0|0,0|0,0|0,0.5|1,0|0,0|0,0|0,0|0,0|0,1|1,0.5|1,0|0,0|0,0|0,0|0,0|0,0|0,0|0,0|0,0|0,0|0,1|1,0|0,0|0,0|0,0|0,0|0,0|0,0|0,0|0,0|0,0|0,0.5|0,0|0,0|0,0|0,0|0,0|0,0|0,0|0,0|0,0|0,0|0,0|0,4
6719fa30f9cfda5fe9d60b84e7afb442a9ea3517,0|0,0|0,0|0,0|0,0|0,0.5|1,0|0,0|0,0|0,0|0,0|0,1|1,0.5|1,0|0,0|0,0|0,0|0,0|0,0|0,0|0,0|0,0|0,0|0,1|1,0|0,0|0,0|0,0|0,0|0,0|0,0|0,0|0,0|0,0|0,0.5|0,0|0,0|0,0|0,0|0,0|0,0|0,0|0,0|0,0|0,0|0,0|0,4
b26539d65a22aea3c91af631b56ef90452aa14c2,0|0,0|0,0|0,0|0,0|0,0.5|1,0|0,0|0,0|0,0|0,0|0,1|1,0.5|1,0|0,0|0,0|0,0|0,0|0,0|0,0|0,0|0,0|0,0|0,1|1,0|0,0|0,0|0,0|0,0|0,0|0,0|0,0|0,0|0,0|0,0.5|0,0|0,0|0,0|0,0|0,0|0,0|0,0|0,0|0,0|0,0|0,0|0,4
1c405e382ac1e39aad661bb7e095865e98c036a8,0|0,0|0,0|0,0|0,0|0,0.5|1,0|0,0|0,0|0,0|0,0|0,1|1,0.5|1,0|0,0|0,0|0,0|0,0|0,0|0,0|0,0|0,0|0,0|0,1|1,0|0,0|0,0|0,0|0,0|0,0|0,0|0,0|0,0|0,0|0,0.5|0,0|0,0|0,0|0,0|0,0|0,0|0,0|0,0|0,0|0,0|0,0|0,4
95263fc32e75c198b21ceedfd15522d4aa5a761d,0|0,0|0,0|0,0|0,0|0,0.5|1,0|0,0|0,0|0,0|0,0|0,1|1,0.5|1,0|0,0|0,0|0,0|0,0|0,0|0,0|0,0|0,0|0,0|0,1|1,0|0,0|0,0|0,0|0,0|0,0|0,0|0,0|0,0|0,0|0,0.5|0,0|0,0|0,0|0,0|0,0|0,0|0,0|0,0|0,0|0,0|0,0|0,4
7d843f4d17d3f5040e0b39a3a265404e85e4e3c7,0|0,0|0,0|0,0|0,0|0,0.5|1,0|0,0|0,0|0,0|0,0|0,1|1,0.5|1,0|0,0|0,0|0,0|0,0|0,0|0,0|0,0|0,0|0,0|0,1|1,0|0,0|0,0|0,0|0,0|0,0|0,0|0,0|0,0|0,0|0,0.5|0,0|0,0|0,0|0,0|0,0|0,0|0,0|0,0|0,0|0,0|0,0|0,4
4b1cae2c2be5be76e848c9794b62e5095a6b38f0,0|0,0|0,0|0,0|0,0|0,0.5|1,0|0,0|0,0|0,0|0,0|0,1|1,0.5|1,0|0,0|0,0|0,0|0,0|0,0|0,0|0,0|0,0|0,0|0,1|1,0|0,0|0,0|0,0|0,0|0,0|0,0|0,0|0,0|0,0|0,0.5|0,0|0,0|0,0|0,0|0,0|0,0|0,0|0,0|0,0|0,0|0,0|0,4
69f140878ca61a6ea8077901986e0dbc2e129b2e,0|0,0|0,0|0,0|0,0|0,0.5|1,0|0,0|0,0|0,0|0,0|0,1|1,0.5|1,0|0,0|0,0|0,0|0,0|0,0|0,0|0,0|0,0|0,0|0,1|1,0|0,0|0,0|0,0|0,0|0,0|0,0|0,0|0,0|0,0|0,0.5|0,0|0,0|0,0|0,0|0,0|0,0|0,0|0,0|0,0|0,0|0,0|0,4
da87cc315744914c92cca27725dc87f59f83deec,0|0,0|0,0|0,0|0,0|0,0.5|1,0|0,0|0,0|0,0|0,0|0,1|1,0.5|1,0|0,0|0,0|0,0|0,0|0,0|0,0|0,0|0,0|0,0|0,1|1,0|0,0|0,0|0,0|0,0|0,0|0,0|0,0|0,0|0,0|0,0.5|0,0|0,0|0,0|0,0|0,0|0,0|0,0|0,0|0,0|0,0|0,0|0,4
32bd3d7a599a6dfcfadf6ed4ad684f904e50719c,0|0,0|0,0|0,0|0,0|0,0.5|1,0|0,0|0,0|0,0|0,0|0,1|1,0.5|1,0|0,0|0,0|0,0|0,0|0,0|0,0|0,0|0,0|0,0|0,1|1,0|0,0|0,0|0,0|0,0|0,0|0,0|0,0|0,0|0,0|0,0.5|0,0|0,0|0,0|0,0|0,0|0,0|0,0|0,0|0,0|0,0|0,0|0,4
02dc8d5febb8fa6502d1f54ee7e9a11784aaa70b,0|0,0|0,0|0,0|0,0|0,0.5|1,0|0,0|0,0|0,0|0,0|0,1|1,0.5|1,0|0,0|0,0|0,0|0,0|0,0|0,0|0,0|0,0|0,0|0,1|1,0|0,0|0,0|0,0|0,0|0,0|0,0|0,0|0,0|0,0|0,0.5|0,0|0,0|0,0|0,0|0,0|0,0|0,0|0,0|0,0|0,0|0,0|0,4
c4b19fd6c5d7bd5649be4f15a974742d064eb89b,0|0,0|0,0|0,0|0,0|0,0.5|1,0|0,0|0,0|0,0|0,0|0,1|1,0.5|1,0|0,0|0,0|0,0|0,0|0,0|0,0|0,0|0,0|0,0|0,1|1,0|0,0|0,0|0,0|0,0|0,0|0,0|0,0|0,0|0,0|0,0.5|0,0|0,0|0,0|0,0|0,0|0,0|0,0|0,0|0,0|0,0|0,0|0,4
a828ac01918575b4436828c1ba5154e1674dfc7f,0|0,0|0,0|0,0|0,0|0,0.5|1,0|0,0|0,0|0,0|0,0|0,1|1,0.5|1,0|0,0|0,0|0,0|0,0|0,0|0,0|0,0|0,0|0,0|0,1|1,0|0,0|0,0|0,0|0,0|0,0|0,0|0,0|0,0|0,0|0,0.5|0,0|0,0|0,0|0,0|0,0|0,0|0,0|0,0|0,0|0,0|0,0|0,4
69049359343a57cbd8b57f88ba6e15beceefc8f0,0|0,0|0,0|0,0|0,0|0,0.5|1,0|0,0|0,0|0,0|0,0|0,1|1,0.5|1,0|0,0|0,0|0,0|0,0|0,0|0,0|0,0|0,0|0,0|0,1|1,0|0,0|0,0|0,0|0,0|0,0|0,0|0,0|0,0|0,0|0,0.5|0,0|0,0|0,0|0,0|0,0|0,0|0,0|0,0|0,0|0,0|0,0|0,4
e71df49b3e3c7cf57c581b1fb6ba0cebc46ee381,0|0,0|0,0|0,0|0,0|0,0.5|1,0|0,0|0,0|0,0|0,0|0,1|1,0.5|1,0|0,0|0,0|0,0|0,0|0,0|0,0|0,0|0,0|0,0|0,1|1,0|0,0|0,0|0,0|0,0|0,0|0,0|0,0|0,0|0,0|0,0.5|0,0|0,0|0,0|0,0|0,0|0,0|0,0|0,0|0,0|0,0|0,0|0,4
2ae4c6675d09ddab333f8217774c3df363205113,0|0,0|0,0|0,0|0,0|0,0.5|1,0|0,0|0,0|0,0|0,0|0,1|1,0.5|1,0|0,0|0,0|0,0|0,0|0,0|0,0|0,0|0,0|0,0|0,1|1,0|0,0|0,0|0,0|0,0|0,0|0,0|0,0|0,0|0,0|0,0.5|0,0|0,0|0,0|0,0|0,0|0,0|0,0|0,0|0,0|0,0|0,0|0,4
57e28e03eec7bcbd88523b22efb843a3743c3e64,0|0,0|0,0|0,0|0,0|0,0.5|1,0|0,0|0,0|0,0|0,0|0,1|1,0.5|1,0|0,0|0,0|0,0|0,0|0,0|0,0|0,0|0,0|0,0|0,1|1,0|0,0|0,0|0,0|0,0|0,0|0,0|0,0|0,0|0,0|0,0.5|0,0|0,0|0,0|0,0|0,0|0,0|0,0|0,0|0,0|0,0|0,0|0,4
ea10b8e757c05dd5cee9c74e785111596feb5d7b,0|0,0|0,0|0,0|0,0|0,0.5|1,0|0,0|0,0|0,0|0,0|0,1|1,0.5|1,0|0,0|0,0|0,0|0,0|0,0|0,0|0,0|0,0|0,0|0,1|1,0|0,0|0,0|0,0|0,0|0,0|0,0|0,0|0,0|0,0|0,0.5|0,0|0,0|0,0|0,0|0,0|0,0|0,0|0,0|0,0|0,0|0,0|0,4
e16675b7008191157d86dd7752b0a9e529315171,0|0,0|0,0|0,0|0,0|0,0.5|1,0|0,0|0,0|0,0|0,0|0,1|1,0.5|1,0|0,0|0,0|0,0|0,0|0,0|0,0|0,0|0,0|0,0|0,1|1,0|0,0|0,0|0,0|0,0|0,0|0,0|0,0|0,0|0,0|0,0.5|0,0|0,0|0,0|0,0|0,0|0,0|0,0|0,0|0,0|0,0|0,0|0,4
00b27633999ce2a439101ff1e00261cfc8e072ae,0|0,0|0,0|0,0|0,0|0,0.5|1,0|0,0|0,0|0,0|0,0|0,1|1,0.5|1,0|0,0|0,0|0,0|0,0|0,0|0,0|0,0|0,0|0,0|0,1|1,0|0,0|0,0|0,0|0,0|0,0|0,0|0,0|0,0|0,0|0,0.5|0,0|0,0|0,0|0,0|0,0|0,0|0,0|0,0|0,0|0,0|0,0|0,4
07d9fa7f96d50aea4a1d8ed40330afa7d4944151,0|0,0|0,0|0,0|0,0|0,0.5|1,0|0,0|0,0|0,0|0,0|0,1|1,0.5|1,0|0,0|0,0|0,0|0,0|0,0|0,0|0,0|0,0|0,0|0,1|1,0|0,0|0,0|0,0|0,0|0,0|0,0|0,0|0,0|0,0|0,0.5|0,0|0,0|0,0|0,0|0,0|0,0|0,0|0,0|0,0|0,0|0,0|0,4
79b89d286605635f15edfe3c21297aaa3b5f3acf,0|0,0|0,0|0,0|0,0|0,0.5|1,0|0,0|0,0|0,0|0,0|0,1|1,0.5|1,0|0,0|0,0|0,0|0,0|0,0|0,0|0,0|0,0|0,0|0,1|1,0|0,0|0,0|0,0|0,0|0,0|0,0|0,0|0,0|0,0|0,0.5|0,0|0,0|0,0|0,0|0,0|0,0|0,0|0,0|0,0|0,0|0,0|0,4
d3fb1fb25a2b3ab37d4e1964f4fdde70d24349e1,0|0,0|0,0|0,0|0,0|0,0.5|1,0|0,0|0,0|0,0|0,0|0,1|1,0.5|1,0|0,0|0,0|0,0|0,0|0,0|0,0|0,0|0,0|0,0|0,1|1,0|0,0|0,0|0,0|0,0|0,0|0,0|0,0|0,0|0,0|0,0.5|0,0|0,0|0,0|0,0|0,0|0,0|0,0|0,0|0,0|0,0|0,0|0,4
5b6ffad2788ad3590426d2573d981705702b1f53,0|0,0|0,0|0,0|0,0|0,0.5|1,0|0,0|0,0|0,0|0,0|0,1|1,0.5|1,0|0,0|0,0|0,0|0,0|0,0|0,0|0,0|0,0|0,0|0,1|1,0|0,0|0,0|0,0|0,0|0,0|0,0|0,0|0,0|0,0|0,0.5|0,0|0,0|0,0|0,0|0,0|0,0|0,0|0,0|0,0|0,0|0,0|0,4
c2156a516193ada6fee37ab6b7a26f712ee02e14,0|0,0|0,0|0,0|0,0|0,0.5|1,0|0,0|0,0|0,0|0,0|0,1|1,0.5|1,0|0,0|0,0|0,0|0,0|0,0|0,0|0,0|0,0|0,0|0,1|1,0|0,0|0,0|0,0|0,0|0,0|0,0|0,0|0,0|0,0|0,0.5|0,0|0,0|0,0|0,0|0,0|0,0|0,0|0,0|0,0|0,0|0,0|0,4
95dfbdc64a48c3f8e57189499d5bb82b1b41ab09,0|0,0|0,0|0,0|0,0|0,0.5|1,0|0,0|0,0|0,0|0,0|0,1|1,0.5|1,0|0,0|0,0|0,0|0,0|0,0|0,0|0,0|0,0|0,0|0,1|1,0|0,0|0,0|0,0|0,0|0,0|0,0|0,0|0,0|0,0|0,0.5|0,0|0,0|0,0|0,0|0,0|0,0|0,0|0,0|0,0|0,0|0,0|0,4
2722861d6e79d416d3377af4cf6fdaaba2a18de4,0|0,0|0,0|0,0|0,0|0,0.5|1,0|0,0|0,0|0,0|0,0|0,1|1,0.5|1,0|0,0|0,0|0,0|0,0|0,0|0,0|0,0|0,0|0,0|0,1|1,0|0,0|0,0|0,0|0,0|0,0|0,0|0,0|0,0|0,0|0,0.5|0,0|0,0|0,0|0,0|0,0|0,0|0,0|0,0|0,0|0,0|0,0|0,4
8da5f42fa0e0cda39e079c97f315ffcafdb587fb,0|0,0|0,0|0,0|0,0|0,0.5|1,0|0,0|0,0|0,0|0,0|0,1|1,0.5|1,0|0,0|0,0|0,0|0,0|0,0|0,0|0,0|0,0|0,0|0,1|1,0|0,0|0,0|0,0|0,0|0,0|0,0|0,0|0,0|0,0|0,0.5|0,0|0,0|0,0|0,0|0,0|0,0|0,0|0,0|0,0|0,0|0,0|0,4
4ead6d6594e64716b58603537c779f6c9be44f37,0|0,0|0,0|0,0|0,0|0,0.5|1,0|0,0|0,0|0,0|0,0|0,1|1,0.5|1,0|0,0|0,0|0,0|0,0|0,0|0,0|0,0|0,0|0,0|0,1|1,0|0,0|0,0|0,0|0,0|0,0|0,0|0,0|0,0|0,0|0,0.5|0,0|0,0|0,0|0,0|0,0|0,0|0,0|0,0|0,0|0,0|0,0|0,4
8f74d5733d6a994acf1ddc985c5a3673619fd805,0|0,0|0,0|0,0|0,0|0,0|1,0|0,0|0,0|0,0|0,0|0,0|1,0|1,0|0,0|0,0|0,0|0,0|0,0|0,0|0,0|0,0|0,0|0,0|1,0|0,0|0,0|0,0|0,0|0,0|0,0|0,0|0,0|0,0|0,0|0,0|0,0|0,0|0,0|0,0|0,0|0,0|0,0|0,0|0,0|0,0|0,4
56a3a33bc0e21640ab1c345b7953e7b5c076673b,0|0,0|0,0|0,0|0,0|0,0|1,0|0,0|0,0|0,0|0,0|0,0|1,0|1,0|0,0|0,0|0,0|0,0|0,0|0,0|0,0|0,0|0,0|0,0|1,0|0,0|0,0|0,0|0,0|0,0|0,0|0,0|0,0|0,0|0,0|0,0|0,0|0,0|0,0|0,0|0,0|0,0|0,0|0,0|0,0|0,0|0,4
dfa9dd66c0d22bcf4af0ae18999d3c330cdf50b6,0|0,0|0,0|0,0|0,0|0,0.5|1,0|0,0|0,0|0,0|0,0|0,1|1,0.5|1,0|0,0|0,0|0,0|0,0|0,0|0,0|0,0|0,0|0,0|0,1|1,0|0,0|0,0|0,0|0,0|0,0|0,0|0,0|0,0|0,0|0,0.5|0,0|0,0|0,0|0,0|0,0|0,0|0,0|0,0|0,0|0,0|0,0|0,4
8fcb49af254ae74e63d53be58566d458d8e790fa,0|0,0|0,0|0,0|0,0|0,0.5|1,0|0,0|0,0|0,0|0,0|0,1|1,0.5|1,0|0,0|0,0|0,0|0,0|0,0|0,0|0,0|0,0|0,0|0,1|1,0|0,0|0,0|0,0|0,0|0,0|0,0|0,0|0,0|0,0|0,0.5|0,0|0,0|0,0|0,0|0,0|0,0|0,0|0,0|0,0|0,0|0,0|0,4
8c2c388d54032f25824c1a0cce4dd379a87bed17,0|0,0|0,0|0,0|0,0|0,0.5|1,0|0,0|0,0|0,0|0,0|0,1|1,0.5|1,0|0,0|0,0|0,0|0,0|0,0|0,0|0,0|0,0|0,0|0,1|1,0|0,0|0,0|0,0|0,0|0,0|0,0|0,0|0,0|0,0|0,0.5|0,0|0,0|0,0|0,0|0,0|0,0|0,0|0,0|0,0|0,0|0,0|0,4
0e363d0ca6ab4f1df16159e3d3b4bebba9372772,0|0,0|0,0|0,0|0,0|0,0.5|1,0|0,0|0,0|0,0|0,0|0,1|1,0.5|1,0|0,0|0,0|0,0|0,0|0,0|0,0|0,0|0,0|0,0|0,1|1,0|0,0|0,0|0,0|0,0|0,0|0,0|0,0|0,0|0,0|0,0.5|0,0|0,0|0,0|0,0|0,0|0,0|0,0|0,0|0,0|0,0|0,0|0,4
d5cac570d6aa541df1a30dcf891e9563a476608b,0|0,0|0,0|0,0|0,0|0,0.5|1,0|0,0|0,0|0,0|0,0|0,1|1,0.5|1,0|0,0|0,0|0,0|0,0|0,0|0,0|0,0|0,0|0,0|0,1|1,0|0,0|0,0|0,0|0,0|0,0|0,0|0,0|0,0|0,0|0,0.5|0,0|0,0|0,0|0,0|0,0|0,0|0,0|0,0|0,0|0,0|0,0|0,4
9edddee0b7e63ff4fd6e5c19156e422d5712375c,0|0,0|0,0|0,0|0,0|0,0.5|1,0|0,0|0,0|0,0|0,0|0,1|1,0.5|1,0|0,0|0,0|0,0|0,0|0,0|0,0|0,0|0,0|0,0|0,1|1,0|0,0|0,0|0,0|0,0|0,0|0,0|0,0|0,0|0,0|0,0.5|0,0|0,0|0,0|0,0|0,0|0,0|0,0|0,0|0,0|0,0|0,0|0,4
aa856735c0a5a78b76e98f054d5324e3fe74a7a7,0|0,0|0,0|0,0|0,0|0,0.5|1,0|0,0|0,0|0,0|0,0|0,1|1,0.5|1,0|0,0|0,0|0,0|0,0|0,0|0,0|0,0|0,0|0,0|0,1|1,0|0,0|0,0|0,0|0,0|0,0|0,0|0,0|0,0|0,0|0,0.5|0,0|0,0|0,0|0,0|0,0|0,0|0,0|0,0|0,0|0,0|0,0|0,4
8090765a648788bce7e923dde78ed242a59c547f,0|0,0|0,0|0,0|0,0|0,0.5|1,0|0,0|0,0|0,0|0,0|0,1|1,0.5|1,0|0,0|0,0|0,0|0,0|0,0|0,0|0,0|0,0|0,0|0,1|1,0|0,0|0,0|0,0|0,0|0,0|0,0|0,0|0,0|0,0|0,0.5|0,0|0,0|0,0|0,0|0,0|0,0|0,0|0,0|0,0|0,0|0,0|0,4
46ec91ca4bc1f8ea4d6f81a7ec31e721a4def871,0|0,0|0,0|0,0|0,0|0,0.5|1,0|0,0|0,0|0,0|0,0|0,1|1,0.5|1,0|0,0|0,0|0,0|0,0|0,0|0,0|0,0|0,0|0,0|0,1|1,0|0,0|0,0|0,0|0,0|0,0|0,0|0,0|0,0|0,0|0,0.5|0,0|0,0|0,0|0,0|0,0|0,0|0,0|0,0|0,0|0,0|0,0|0,4
b31fde4bbbfe58f7ca2ca14fa6be2895ab115824,0|0,0|0,0|0,0|0,0|0,0.5|1,0|0,0|0,0|0,0|0,0|0,1|1,0.5|1,0|0,0|0,0|0,0|0,0|0,0|0,0|0,0|0,0|0,0|0,1|1,0|0,0|0,0|0,0|0,0|0,0|0,0|0,0|0,0|0,0|0,0.5|0,0|0,0|0,0|0,0|0,0|0,0|0,0|0,0|0,0|0,0|0,0|0,4
13cbd1e4aebf7b665a10360957de9c307decedfc,0|0,0|0,0|0,0|0,0|0,0.5|1,0|0,0|0,0|0,0|0,0|0,1|1,0.5|1,0|0,0|0,0|0,0|0,0|0,0|0,0|0,0|0,0|0,0|0,1|1,0|0,0|0,0|0,0|0,0|0,0|0,0|0,0|0,0|0,0|0,0.5|0,0|0,0|0,0|0,0|0,0|0,0|0,0|0,0|0,0|0,0|0,0|0,4
98a9afc40cb585107507ffce2f0b6910921d8aa1,0|0,0|0,0|0,0|0,0|0,0.5|1,0|0,0|0,0|0,0|0,0|0,1|1,0.5|1,0|0,0|0,0|0,0|0,0|0,0|0,0|0,0|0,0|0,0|0,1|1,0|0,0|0,0|0,0|0,0|0,0|0,0|0,0|0,0|0,0|0,0.5|0,0|0,0|0,0|0,0|0,0|0,0|0,0|0,0|0,0|0,0|0,0|0,4
019a64630bf293781f0ac4780b13d08bd2a20810,0|0,0|0,0|0,0|0,0|0,0.5|1,0|0,0|0,0|0,0|0,0|0,1|1,0.5|1,0|0,0|0,0|0,0|0,0|0,0|0,0|0,0|0,0|0,0|0,1|1,0|0,0|0,0|0,0|0,0|0,0|0,0|0,0|0,0|0,0|0,0.5|0,0|0,0|0,0|0,0|0,0|0,0|0,0|0,0|0,0|0,0|0,0|0,4
ebf89f46e3f69d0bb8aa4c836c52ee4964431f6c,0|0,0|0,0|0,0|0,0|0,0.5|1,0|0,0|0,0|0,0|0,0|0,1|1,0.5|1,0|0,0|0,0|0,0|0,0|0,0|0,0|0,0|0,0|0,0|0,1|1,0|0,0|0,0|0,0|0,0|0,0|0,0|0,0|0,0|0,0|0,0.5|0,0|0,0|0,0|0,0|0,0|0,0|0,0|0,0|0,0|0,0|0,0|0,4
b501239d3f20fae84cd82b1945a6fc05de32bfe7,0|0,0|0,0|0,0|0,0|0,0.5|1,0|0,0|0,0|0,0|0,0|0,1|1,0.5|1,0|0,0|0,0|0,0|0,0|0,0|0,0|0,0|0,0|0,0|0,1|1,0|0,0|0,0|0,0|0,0|0,0|0,0|0,0|0,0|0,0|0,0.5|0,0|0,0|0,0|0,0|0,0|0,0|0,0|0,0|0,0|0,0|0,0|0,4
34a98abcc0c6cda11ea3468ade724e6e155a6d2e,0|0,0|0,0|0,0|0,0|0,0.5|1,0|0,0|0,0|0,0|0,0|0,1|1,0.5|1,0|0,0|0,0|0,0|0,0|0,0|0,0|0,0|0,0|0,0|0,1|1,0|0,0|0,0|0,0|0,0|0,0|0,0|0,0|0,0|0,0|0,0.5|0,0|0,0|0,0|0,0|0,0|0,0|0,0|0,0|0,0|0,0|0,0|0,4
1f921562d1d7962f1d23ca5b59c25f9b65073460,0|0,0|0,0|0,0|0,0|0,0.5|1,0|0,0|0,0|0,0|0,0|0,1|1,0.5|1,0|0,0|0,0|0,0|0,0|0,0|0,0|0,0|0,0|0,0|0,1|1,0|0,0|0,0|0,0|0,0|0,0|0,0|0,0|0,0|0,0|0,0.5|0,0|0,0|0,0|0,0|0,0|0,0|0,0|0,0|0,0|0,0|0,0|0,4
673d8b7fac1f7c1f3865348190a9d48bff58f176,0|0,0|0,0|0,0|0,0|0,0.5|1,0|0,0|0,0|0,0|0,0|0,1|1,0.5|1,0|0,0|0,0|0,0|0,0|0,0|0,0|0,0|0,0|0,0|0,1|1,0|0,0|0,0|0,0|0,0|0,0|0,0|0,0|0,0|0,0|0,0.5|0,0|0,0|0,0|0,0|0,0|0,0|0,0|0,0|0,0|0,0|0,0|0,4
8e93f48c43f270414818c87335296b23014334a6,0|0,0|0,0|0,0|0,0|0,0.5|1,0|0,0|0,0|0,0|0,0|0,1|1,0.5|1,0|0,0|0,0|0,0|0,0|0,0|0,0|0,0|0,0|0,0|0,1|1,0|0,0|0,0|0,0|0,0|0,0|0,0|0,0|0,0|0,0|0,0.5|0,0|0,0|0,0|0,0|0,0|0,0|0,0|0,0|0,0|0,0|0,0|0,4
3a767861216cc6b5a8f40357ce3c0b5e9a7da485,0|0,0|0,0|0,0|0,0|0,0.5|1,0|0,0|0,0|0,0|0,0|0,1|1,0.5|1,0|0,0|0,0|0,0|0,0|0,0|0,0|0,0|0,0|0,0|0,1|1,0|0,0|0,0|0,0|0,0|0,0|0,0|0,0|0,0|0,0|0,0.5|0,0|0,0|0,0|0,0|0,0|0,0|0,0|0,0|0,0|0,0|0,0|0,4
d87bdf93025e4eb1d43b0f1076d777dad92fe1d4,0|0,0|0,0|0,0|0,0|0,0|1,0|0,0|0,0|0,0|0,0|0,0|1,0|1,0|0,0|0,0|0,0|0,0|0,0|0,0|0,0|0,0|0,0|0,0|1,0|0,0|0,0|0,0|0,0|0,0|0,0|0,0|0,0|0,0|0,0|0,0|0,0|0,0|0,0|0,0|0,0|0,0|0,0|0,0|0,0|0,0|0,4
9f431f92184a9f836e609e200e89bb06c6830bf1,0|0,0|0,0|0,0|0,0|0,0|1,0|0,0|0,0|0,0|0,0|0,0|1,0|1,0|0,0|0,0|0,0|0,0|0,0|0,0|0,0|0,0|0,0|0,0|1,0|0,0|0,0|0,0|0,0|0,0|0,0|0,0|0,0|0,0|0,0|0,0|0,0|0,0|0,0|0,0|0,0|0,0|0,0|0,0|0,0|0,0|0,4
248d756e9945a5857bd4a75b560c1961cd890b20,0|0,0|0,0|0,0|0,0|0,0|1,0|0,0|0,0|0,0|0,0|0,0|1,0|1,0|0,0|0,0|0,0|0,0|0,0|0,0|0,0|0,0|0,0|0,0|1,0|0,0|0,0|0,0|0,0|0,0|0,0|0,0|0,0|0,0|0,0|0,0|0,0|0,0|0,0|0,0|0,0|0,0|0,0|0,0|0,0|0,0|0,4
115888ef7aeb66a461e3f5df98d3e5d43ade1c89,0|0,0|0,0|0,0|0,0|0,0.5|1,0|0,0|0,0|0,0|0,0|0,1|1,0.5|1,0|0,0|0,0|0,0|0,0|0,0|0,0|0,0|0,0|0,0|0,1|1,0|0,0|0,0|0,0|0,0|0,0|0,0|0,0|0,0|0,0|0,0.5|0,0|0,0|0,0|0,0|0,0|0,0|0,0|0,0|0,0|0,0|0,0|0,4
59ac73b37f6d058b9058bc9c6e7d652f8f0eeb90,0|0,0|0,0|0,0|0,0|0,0.5|1,0|0,0|0,0|0,0|0,0|0,1|1,0.5|1,0|0,0|0,0|0,0|0,0|0,0|0,0|0,0|0,0|0,0|0,1|1,0|0,0|0,0|0,0|0,0|0,0|0,0|0,0|0,0|0,0|0,0.5|0,0|0,0|0,0|0,0|0,0|0,0|0,0|0,0|0,0|0,0|0,0|0,4
f4421314b04b6771aeb7d62f08dfb4fa81647ec0,0|0,0|0,0|0,0|0,0|0,0.5|1,0|0,0|0,0|0,0|0,0|0,1|1,0.5|1,0|0,0|0,0|0,0|0,0|0,0|0,0|0,0|0,0|0,0|0,1|1,0|0,0|0,0|0,0|0,0|0,0|0,0|0,0|0,0|0,0|0,0.5|0,0|0,0|0,0|0,0|0,0|0,0|0,0|0,0|0,0|0,0|0,0|0,4
7e9354ef230b36298b1ead7f6ba3b4530dfd0e0f,0|0,0|0,0|0,0|0,0|0,0.5|1,0|0,0|0,0|0,0|0,0|0,1|1,0.5|1,0|0,0|0,0|0,0|0,0|0,0|0,0|0,0|0,0|0,0|0,1|1,0|0,0|0,0|0,0|0,0|0,0|0,0|0,0|0,0|0,0|0,0.5|0,0|0,0|0,0|0,0|0,0|0,0|0,0|0,0|0,0|0,0|0,0|0,4
da2684dbe17dd45d3c0b9534d1e2a01cce1168b7,0|0,0|0,0|0,0|0,0|0,0.5|1,0|0,0|0,0|0,0|0,0|0,1|1,0.5|1,0|0,0|0,0|0,0|0,0|0,0|0,0|0,0|0,0|0,0|0,1|1,0|0,0|0,0|0,0|0,0|0,0|0,0|0,0|0,0|0,0|0,0.5|0,0|0,0|0,0|0,0|0,0|0,0|0,0|0,0|0,0|0,0|0,0|0,4
b23781e80735bf856bf5d7f364a382dd85b8cd28,0|0,0|0,0|0,0|0,0|0,0.5|1,0|0,0|0,0|0,0|0,0|0,1|1,0.5|1,0|0,0|0,0|0,0|0,0|0,0|0,0|0,0|0,0|0,0|0,1|1,0|0,0|0,0|0,0|0,0|0,0|0,0|0,0|0,0|0,0|0,0.5|0,0|0,0|0,0|0,0|0,0|0,0|0,0|0,0|0,0|0,0|0,0|0,4
fef199ad450d451d88d143d395dfcfd7906deefc,0|0,0|0,0|0,0|0,0|0,0.5|1,0|0,0|0,0|0,0|0,0|0,1|1,0.5|1,0|0,0|0,0|0,0|0,0|0,0|0,0|0,0|0,0|0,0|0,1|1,0|0,0|0,0|0,0|0,0|0,0|0,0|0,0|0,0|0,0|0,0.5|0,0|0,0|0,0|0,0|0,0|0,0|0,0|0,0|0,0|0,0|0,0|0,4
23ec82b59dd4757508d9d99db05537d1278dd7d1,0|0,0|0,0|0,0|0,0|0,0.5|1,0|0,0|0,0|0,0|0,0|0,1|1,0.5|1,0|0,0|0,0|0,0|0,0|0,0|0,0|0,0|0,0|0,0|0,1|1,0|0,0|0,0|0,0|0,0|0,0|0,0|0,0|0,0|0,0|0,0.5|0,0|0,0|0,0|0,0|0,0|0,0|0,0|0,0|0,0|0,0|0,0|0,4
d62ae567d1274328cfbb5e767011cdbe821060c9,0|0,0|0,0|0,0|0,0|0,0.5|1,0|0,0|0,0|0,0|0,0|0,1|1,0.5|1,0|0,0|0,0|0,0|0,0|0,0|0,0|0,0|0,0|0,0|0,1|1,0|0,0|0,0|0,0|0,0|0,0|0,0|0,0|0,0|0,0|0,0.5|0,0|0,0|0,0|0,0|0,0|0,0|0,0|0,0|0,0|0,0|0,0|0,4
7a1147d733dc2a43c375207747e8c4587af83388,0|0,0|0,0|0,0|0,0|0,0.5|1,0|0,0|0,0|0,0|0,0|0,1|1,0.5|1,0|0,0|0,0|0,0|0,0|0,0|0,0|0,0|0,0|0,0|0,1|1,0|0,0|0,0|0,0|0,0|0,0|0,0|0,0|0,0|0,0|0,0.5|0,0|0,0|0,0|0,0|0,0|0,0|0,0|0,0|0,0|0,0|0,0|0,4
b23cfd6b8444ec44dcc1b349ed0ee0659df8447d,0|0,0|0,0|0,0|0,0|0,0.5|1,0|0,0|0,0|0,0|0,0|0,1|1,0.5|1,0|0,0|0,0|0,0|0,0|0,0|0,0|0,0|0,0|0,0|0,1|1,0|0,0|0,0|0,0|0,0|0,0|0,0|0,0|0,0|0,0|0,0.5|0,0|0,0|0,0|0,0|0,0|0,0|0,0|0,0|0,0|0,0|0,0|0,4
519ba7a9d5d97c7bcc2c4270617b8d11afc45d8e,0|0,0|0,0|0,0|0,0|0,0.5|1,0|0,0|0,0|0,0|0,0|0,1|1,0.5|1,0|0,0|0,0|0,0|0,0|0,0|0,0|0,0|0,0|0,0|0,1|1,0|0,0|0,0|0,0|0,0|0,0|0,0|0,0|0,0|0,0|0,0.5|0,0|0,0|0,0|0,0|0,0|0,0|0,0|0,0|0,0|0,0|0,0|0,4
93003d052311023836da6a39eb5f6fbe8b89745e,0|0,0|0,0|0,0|0,0|0,0.5|1,0|0,0|0,0|0,0|0,0|0,1|1,0.5|1,0|0,0|0,0|0,0|0,0|0,0|0,0|0,0|0,0|0,0|0,1|1,0|0,0|0,0|0,0|0,0|0,0|0,0|0,0|0,0|0,0|0,0.5|0,0|0,0|0,0|0,0|0,0|0,0|0,0|0,0|0,0|0,0|0,0|0,4
af3ce74e0245e0e407d4757e95d4d73563188521,0|0,0|0,0|0,0|0,0|0,0.5|1,0|0,0|0,0|0,0|0,0|0,1|1,0.5|1,0|0,0|0,0|0,0|0,0|0,0|0,0|0,0|0,0|0,0|0,1|1,0|0,0|0,0|0,0|0,0|0,0|0,0|0,0|0,0|0,0|0,0.5|0,0|0,0|0,0|0,0|0,0|0,0|0,0|0,0|0,0|0,0|0,0|0,4
fe1e2c241fb61a0dd546ceb19e941573a09b304d,0|0,0|0,0|0,0|0,0|0,0.5|1,0|0,0|0,0|0,0|0,0|0,1|1,0.5|1,0|0,0|0,0|0,0|0,0|0,0|0,0|0,0|0,0|0,0|0,1|1,0|0,0|0,0|0,0|0,0|0,0|0,0|0,0|0,0|0,0|0,0.5|0,0|0,0|0,0|0,0|0,0|0,0|0,0|0,0|0,0|0,0|0,0|0,4
35fd4ddb27930edbd289f3602fce5d1e7be942f6,0|0,0|0,0|0,0|0,0|0,0.5|1,0|0,0|0,0|0,0|0,0|0,1|1,0.5|1,0|0,0|0,0|0,0|0,0|0,0|0,0|0,0|0,0|0,0|0,1|1,0|0,0|0,0|0,0|0,0|0,0|0,0|0,0|0,0|0,0|0,0.5|0,0|0,0|0,0|0,0|0,0|0,0|0,0|0,0|0,0|0,0|0,0|0,4
4570dbfecea860c9d941c0a326186cd2b4b3b0ac,0|0,0|0,0|0,0|0,0|0,0.5|1,0|0,0|0,0|0,0|0,0|0,1|1,0.5|1,0|0,0|0,0|0,0|0,0|0,0|0,0|0,0|0,0|0,0|0,1|1,0|0,0|0,0|0,0|0,0|0,0|0,0|0,0|0,0|0,0|0,0.5|0,0|0,0|0,0|0,0|0,0|0,0|0,0|0,0|0,0|0,0|0,0|0,4
46ba657562b222c7eb45ac8ed3c0402d0fb5ca76,0|0,0|0,0|0,0|0,0|0,0.5|1,0|0,0|0,0|0,0|0,0|0,1|1,0.5|1,0|0,0|0,0|0,0|0,0|0,0|0,0|0,0|0,0|0,0|0,1|1,0|0,0|0,0|0,0|0,0|0,0|0,0|0,0|0,0|0,0|0,0.5|0,0|0,0|0,0|0,0|0,0|0,0|0,0|0,0|0,0|0,0|0,0|0,4
b8307eb85513cd613f365efe44d22bcbddc17ae0,0|0,0|0,0|0,0|0,0|0,0.5|1,0|0,0|0,0|0,0|0,0|0,1|1,0.5|1,0|0,0|0,0|0,0|0,0|0,0|0,0|0,0|0,0|0,0|0,1|1,0|0,0|0,0|0,0|0,0|0,0|0,0|0,0|0,0|0,0|0,0.5|0,0|0,0|0,0|0,0|0,0|0,0|0,0|0,0|0,0|0,0|0,0|0,4
97b80a8838a5187163eef3a54a711a8c0cee8742,0|0,0|0,0|0,0|0,0|0,0.5|1,0|0,0|0,0|0,0|0,0|0,1|1,0.5|1,0|0,0|0,0|0,0|0,0|0,0|0,0|0,0|0,0|0,0|0,1|1,0|0,0|0,0|0,0|0,0|0,0|0,0|0,0|0,0|0,0|0,0.5|0,0|0,0|0,0|0,0|0,0|0,0|0,0|0,0|0,0|0,0|0,0|0,4
b94e13da435af8bb0049eb09f71a1dba57ce9f46,0|0,0|0,0|0,0|0,0|0,0.5|1,0|0,0|0,0|0,0|0,0|0,1|1,0.5|1,0|0,0|0,0|0,0|0,0|0,0|0,0|0,0|0,0|0,0|0,1|1,0|0,0|0,0|0,0|0,0|0,0|0,0|0,0|0,0|0,0|0,0.5|0,0|0,0|0,0|0,0|0,0|0,0|0,0|0,0|0,0|0,0|0,0|0,4
363ab2259ce5b1e52a11a325d14a4d5ee1222249,0|0,0|0,0|0,0|0,0|0,0.5|1,0|0,0|0,0|0,0|0,0|0,1|1,0.5|1,0|0,0|0,0|0,0|0,0|0,0|0,0|0,0|0,0|0,0|0,1|1,0|0,0|0,0|0,0|0,0|0,0|0,0|0,0|0,0|0,0|0,0.5|0,0|0,0|0,0|0,0|0,0|0,0|0,0|0,0|0,0|0,0|0,0|0,4
5e1bb0dbc12f779151d386c63d7b7992b5940006,0|0,0|0,0|0,0|0,0|0,0.5|1,0|0,0|0,0|0,0|0,0|0,1|1,0.5|1,0|0,0|0,0|0,0|0,0|0,0|0,0|0,0|0,0|0,0|0,1|1,0|0,0|0,0|0,0|0,0|0,0|0,0|0,0|0,0|0,0|0,0.5|0,0|0,0|0,0|0,0|0,0|0,0|0,0|0,0|0,0|0,0|0,0|0,4
487d91526258284df675f88593708a9261005b6e,0|0,0|0,0|0,0|0,0|0,0.5|1,0|0,0|0,0|0,0|0,0|0,1|1,0.5|1,0|0,0|0,0|0,0|0,0|0,0|0,0|0,0|0,0|0,0|0,1|1,0|0,0|0,0|0,0|0,0|0,0|0,0|0,0|0,0|0,0|0,0.5|0,0|0,0|0,0|0,0|0,0|0,0|0,0|0,0|0,0|0,0|0,0|0,4
2e8aa9f08e59e77a518a483876b7f81e8ddb4c15,0|0,0|0,0|0,0|0,0|0,0.5|1,0|0,0|0,0|0,0|0,0|0,1|1,0.5|1,0|0,0|0,0|0,0|0,0|0,0|0,0|0,0|0,0|0,0|0,1|1,0|0,0|0,0|0,0|0,0|0,0|0,0|0,0|0,0|0,0|0,0.5|0,0|0,0|0,0|0,0|0,0|0,0|0,0|0,0|0,0|0,0|0,0|0,4
c17463539fffc5e78b16332c80069c41486e859b,0|0,0|0,0|0,0|0,0|0,0.5|1,0|0,0|0,0|0,0|0,0|0,1|1,0.5|1,0|0,0|0,0|0,0|0,0|0,0|0,0|0,0|0,0|0,0|0,1|1,0|0,0|0,0|0,0|0,0|0,0|0,0|0,0|0,0|0,0|0,0.5|0,0|0,0|0,0|0,0|0,0|0,0|0,0|0,0|0,0|0,0|0,0|0,4
5b27dfdd0ca498869f0a59926c7b2c874a45abd4,0|0,0|0,0|0,0|0,0|0,0.5|1,0|0,0|0,0|0,0|0,0|0,1|1,0.5|1,0|0,0|0,0|0,0|0,0|0,0|0,0|0,0|0,0|0,0|0,1|1,0|0,0|0,0|0,0|0,0|0,0|0,0|0,0|0,0|0,0|0,0.5|0,0|0,0|0,0|0,0|0,0|0,0|0,0|0,0|0,0|0,0|0,0|0,4
f0325f713a741c6ed5f896ba0e11cca9638258ef,0|0,0|0,0|0,0|0,0|0,0.5|1,0|0,0|0,0|0,0|0,0|0,1|1,0.5|1,0|0,0|0,0|0,0|0,0|0,0|0,0|0,0|0,0|0,0|0,1|1,0|0,0|0,0|0,0|0,0|0,0|0,0|0,0|0,0|0,0|0,0.5|0,0|0,0|0,0|0,0|0,0|0,0|0,0|0,0|0,0|0,0|0,0|0,4
1810281d7fecaf8e071eaa878c9237a33e633b2a,0|0,0|0,0|0,0|0,0|0,0.5|1,0|0,0|0,0|0,0|0,0|0,1|1,0.5|1,0|0,0|0,0|0,0|0,0|0,0|0,0|0,0|0,0|0,0|0,1|1,0|0,0|0,0|0,0|0,0|0,0|0,0|0,0|0,0|0,0|0,0.5|0,0|0,0|0,0|0,0|0,0|0,0|0,0|0,0|0,0|0,0|0,0|0,4
e998fc28d12d5094f509d3168ac59cae91602173,0|0,0|0,0|0,0|0,0|0,0.5|1,0|0,0|0,0|0,0|0,0|0,1|1,0.5|1,0|0,0|0,0|0,0|0,0|0,0|0,0|0,0|0,0|0,0|0,1|1,0|0,0|0,0|0,0|0,0|0,0|0,0|0,0|0,0|0,0|0,0.5|0,0|0,0|0,0|0,0|0,0|0,0|0,0|0,0|0,0|0,0|0,0|0,4
bf9dbd6ccfa9c298f0fca26af2e73453bbaa1194,0|0,0|0,0|0,0|0,0|0,0.5|1,0|0,0|0,0|0,0|0,0|0,1|1,0.5|1,0|0,0|0,0|0,0|0,0|0,0|0,0|0,0|0,0|0,0|0,1|1,0|0,0|0,0|0,0|0,0|0,0|0,0|0,0|0,0|0,0|0,0.5|0,0|0,0|0,0|0,0|0,0|0,0|0,0|0,0|0,0|0,0|0,0|0,4
adab0139c2272c204bbcfacc3373362e19053cee,0|0,0|0,0|0,0|0,0|0,0.5|1,0|0,0|0,0|0,0|0,0|0,1|1,0.5|1,0|0,0|0,0|0,0|0,0|0,0|0,0|0,0|0,0|0,0|0,1|1,0|0,0|0,0|0,0|0,0|0,0|0,0|0,0|0,0|0,0|0,0.5|0,0|0,0|0,0|0,0|0,0|0,0|0,0|0,0|0,0|0,0|0,0|0,4
8bf95b6198f1c1c04b9f783540b275282720e258,0|0,0|0,0|0,0|0,0|0,0.5|1,0|0,0|0,0|0,0|0,0|0,1|1,0.5|1,0|0,0|0,0|0,0|0,0|0,0|0,0|0,0|0,0|0,0|0,1|1,0|0,0|0,0|0,0|0,0|0,0|0,0|0,0|0,0|0,0|0,0.5|0,0|0,0|0,0|0,0|0,0|0,0|0,0|0,0|0,0|0,0|0,0|0,4
dd75060932d476320b72113ee9f6527aac36a357,0|0,0|0,0|0,0|0,0|0,0.5|1,0|0,0|0,0|0,0|0,0|0,1|1,0.5|1,0|0,0|0,0|0,0|0,0|0,0|0,0|0,0|0,0|0,0|0,1|1,0|0,0|0,0|0,0|0,0|0,0|0,0|0,0|0,0|0,0|0,0.5|0,0|0,0|0,0|0,0|0,0|0,0|0,0|0,0|0,0|0,0|0,0|0,4
f597086386e15265ce8fe13100f606b022f5e352,0|0,0|0,0|0,0|0,0|0,0.5|1,0|0,0|0,0|0,0|0,0|0,1|1,0.5|1,0|0,0|0,0|0,0|0,0|0,0|0,0|0,0|0,0|0,0|0,1|1,0|0,0|0,0|0,0|0,0|0,0|0,0|0,0|0,0|0,0|0,0.5|0,0|0,0|0,0|0,0|0,0|0,0|0,0|0,0|0,0|0,0|0,0|0,4
647c7d59bbf98e0feff5253a9c8bb8b6d84d3758,0|0,0|0,0|0,0|0,0|0,0.5|1,0|0,0|0,0|0,0|0,0|0,1|1,0.5|1,0|0,0|0,0|0,0|0,0|0,0|0,0|0,0|0,0|0,0|0,1|1,0|0,0|0,0|0,0|0,0|0,0|0,0|0,0|0,0|0,0|0,0.5|0,0|0,0|0,0|0,0|0,0|0,0|0,0|0,0|0,0|0,0|0,0|0,4
638624869a343468c6b2cc6c09d5f50542fa87e1,0|0,0|0,0|0,0|0,0|0,0.5|1,0|0,0|0,0|0,0|0,0|0,1|1,0.5|1,0|0,0|0,0|0,0|0,0|0,0|0,0|0,0|0,0|0,0|0,1|1,0|0,0|0,0|0,0|0,0|0,0|0,0|0,0|0,0|0,0|0,0.5|0,0|0,0|0,0|0,0|0,0|0,0|0,0|0,0|0,0|0,0|0,0|0,4
7da4abe6ad3da29bf81cedc899190df3d1b78811,0|0,0|0,0|0,0|0,0|0,0.5|1,0|0,0|0,0|0,0|0,0|0,1|1,0.5|1,0|0,0|0,0|0,0|0,0|0,0|0,0|0,0|0,0|0,0|0,1|1,0|0,0|0,0|0,0|0,0|0,0|0,0|0,0|0,0|0,0|0,0.5|0,0|0,0|0,0|0,0|0,0|0,0|0,0|0,0|0,0|0,0|0,0|0,4
448265a1517068ec9a753f1804107a31df24cf41,0|0,0|0,0|0,0|0,0|0,0.5|1,0|0,0|0,0|0,0|0,0|0,1|1,0.5|1,0|0,0|0,0|0,0|0,0|0,0|0,0|0,0|0,0|0,0|0,1|1,0|0,0|0,0|0,0|0,0|0,0|0,0|0,0|0,0|0,0|0,0.5|0,0|0,0|0,0|0,0|0,0|0,0|0,0|0,0|0,0|0,0|0,0|0,4
029448759b4036f7c26444b5055ac3a2607de972,0|0,0|0,0|0,0|0,0|0,0.5|1,0|0,0|0,0|0,0|0,0|0,1|1,0.5|1,0|0,0|0,0|0,0|0,0|0,0|0,0|0,0|0,0|0,0|0,1|1,0|0,0|0,0|0,0|0,0|0,0|0,0|0,0|0,0|0,0|0,0.5|0,0|0,0|0,0|0,0|0,0|0,0|0,0|0,0|0,0|0,0|0,0|0,4
460ff3c7aba42d0e7b99a227e0cb846af296e4e0,0|0,0|0,0|0,0|0,0|0,0.5|1,0|0,0|0,0|0,0|0,0|0,1|1,0.5|1,0|0,0|0,0|0,0|0,0|0,0|0,0|0,0|0,0|0,0|0,1|1,0|0,0|0,0|0,0|0,0|0,0|0,0|0,0|0,0|0,0|0,0.5|0,0|0,0|0,0|0,0|0,0|0,0|0,0|0,0|0,0|0,0|0,0|0,4
8575a071133ef312686cbeb88daf6e5fdb38bb7c,0|0,0|0,0|0,0|0,0|0,0.5|1,0|0,0|0,0|0,0|0,0|0,1|1,0.5|1,0|0,0|0,0|0,0|0,0|0,0|0,0|0,0|0,0|0,0|0,1|1,0|0,0|0,0|0,0|0,0|0,0|0,0|0,0|0,0|0,0|0,0.5|0,0|0,0|0,0|0,0|0,0|0,0|0,0|0,0|0,0|0,0|0,0|0,4
cefb667d8bb483adfbad6a3e8bcb6ec21fd012d8,0|0,0|0,0|0,0|0,0|0,0.5|1,0|0,0|0,0|0,0|0,0|0,1|1,0.5|1,0|0,0|0,0|0,0|0,0|0,0|0,0|0,0|0,0|0,0|0,1|1,0|0,0|0,0|0,0|0,0|0,0|0,0|0,0|0,0|0,0|0,0.5|0,0|0,0|0,0|0,0|0,0|0,0|0,0|0,0|0,0|0,0|0,0|0,4
5d2551ff3e8544cc76e9b6a2747b95db8c7f97d5,0|0,0|0,0|0,0|0,0|0,0.5|1,0|0,0|0,0|0,0|0,0|0,1|1,0.5|1,0|0,0|0,0|0,0|0,0|0,0|0,0|0,0|0,0|0,0|0,1|1,0|0,0|0,0|0,0|0,0|0,0|0,0|0,0|0,0|0,0|0,0.5|0,0|0,0|0,0|0,0|0,0|0,0|0,0|0,0|0,0|0,0|0,0|0,4
580859a47d164b64c95de2da6df2d49332af4875,0|0,0|0,0|0,0|0,0|0,0.5|1,0|0,0|0,0|0,0|0,0|0,1|1,0.5|1,0|0,0|0,0|0,0|0,0|0,0|0,0|0,0|0,0|0,0|0,1|1,0|0,0|0,0|0,0|0,0|0,0|0,0|0,0|0,0|0,0|0,0.5|0,0|0,0|0,0|0,0|0,0|0,0|0,0|0,0|0,0|0,0|0,0|0,4
7051acc0b5b8046b6415a454a2eff4fffa18396b,0|0,0|0,0|0,0|0,0|0,0.5|1,0|0,0|0,0|0,0|0,0|0,1|1,0.5|1,0|0,0|0,0|0,0|0,0|0,0|0,0|0,0|0,0|0,0|0,1|1,0|0,0|0,0|0,0|0,0|0,0|0,0|0,0|0,0|0,0|0,0.5|0,0|0,0|0,0|0,0|0,0|0,0|0,0|0,0|0,0|0,0|0,0|0,4
3cca5af8c3ce3308917279b32af18868e742d78b,0|0,0|0,0|0,0|0,0|0,0.5|1,0|0,0|0,0|0,0|0,0|0,1|1,0.5|1,0|0,0|0,0|0,0|0,0|0,0|0,0|0,0|0,0|0,0|0,1|1,0|0,0|0,0|0,0|0,0|0,0|0,0|0,0|0,0|0,0|0,0.5|0,0|0,0|0,0|0,0|0,0|0,0|0,0|0,0|0,0|0,0|0,0|0,4
3f49062db9f8460c3b1e76cf9076d71a1b5090eb,0|0,0|0,0|0,0|0,0|0,0.5|1,0|0,0|0,0|0,0|0,0|0,1|1,0.5|1,0|0,0|0,0|0,0|0,0|0,0|0,0|0,0|0,0|0,0|0,1|1,0|0,0|0,0|0,0|0,0|0,0|0,0|0,0|0,0|0,0|0,0.5|0,0|0,0|0,0|0,0|0,0|0,0|0,0|0,0|0,0|0,0|0,0|0,4
8ed6409b350a8838b7905aa48b47e430ed48f959,0|0,0|0,0|0,0|0,0|0,0.5|1,0|0,0|0,0|0,0|0,0|0,1|1,0.5|1,0|0,0|0,0|0,0|0,0|0,0|0,0|0,0|0,0|0,0|0,1|1,0|0,0|0,0|0,0|0,0|0,0|0,0|0,0|0,0|0,0|0,0.5|0,0|0,0|0,0|0,0|0,0|0,0|0,0|0,0|0,0|0,0|0,0|0,4
799a6abfe6ae03a8385725e100095c7044c993b5,0|0,0|0,0|0,0|0,0|0,0.5|1,0|0,0|0,0|0,0|0,0|0,1|1,0.5|1,0|0,0|0,0|0,0|0,0|0,0|0,0|0,0|0,0|0,0|0,1|1,0|0,0|0,0|0,0|0,0|0,0|0,0|0,0|0,0|0,0|0,0.5|0,0|0,0|0,0|0,0|0,0|0,0|0,0|0,0|0,0|0,0|0,0|0,4
41d35fc7d036c5749498f12f7c04f7b0a07dc1dd,0|0,0|0,0|0,0|0,0|0,0.5|1,0|0,0|0,0|0,0|0,0|0,1|1,0.5|1,0|0,0|0,0|0,0|0,0|0,0|0,0|0,0|0,0|0,0|0,1|1,0|0,0|0,0|0,0|0,0|0,0|0,0|0,0|0,0|0,0|0,0.5|0,0|0,0|0,0|0,0|0,0|0,0|0,0|0,0|0,0|0,0|0,0|0,4
fe5aa7ebca83f87a7cb35232f0ac277dbe98c730,0|0,0|0,0|0,0|0,0|0,0.5|1,0|0,0|0,0|0,0|0,0|0,1|1,0.5|1,0|0,0|0,0|0,0|0,0|0,0|0,0|0,0|0,0|0,0|0,1|1,0|0,0|0,0|0,0|0,0|0,0|0,0|0,0|0,0|0,0|0,0.5|0,0|0,0|0,0|0,0|0,0|0,0|0,0|0,0|0,0|0,0|0,0|0,4
df14d225f6dbec0139526ee17db42e06d8039fe7,0|0,0|0,0|0,0|0,0|0,0.5|1,0|0,0|0,0|0,0|0,0|0,1|1,0.5|1,0|0,0|0,0|0,0|0,0|0,0|0,0|0,0|0,0|0,0|0,1|1,0|0,0|0,0|0,0|0,0|0,0|0,0|0,0|0,0|0,0|0,0.5|0,0|0,0|0,0|0,0|0,0|0,0|0,0|0,0|0,0|0,0|0,0|0,4
5a3956fe27c910541ea87a87330f75cf7cf31abb,0|0,0|0,0|0,0|0,0|0,0.5|1,0|0,0|0,0|0,0|0,0|0,1|1,0.5|1,0|0,0|0,0|0,0|0,0|0,0|0,0|0,0|0,0|0,0|0,1|1,0|0,0|0,0|0,0|0,0|0,0|0,0|0,0|0,0|0,0|0,0.5|0,0|0,0|0,0|0,0|0,0|0,0|0,0|0,0|0,0|0,0|0,0|0,4
601928cc8ee1788098ea3dcdc4180b75b380bc84,0|0,0|0,0|0,0|0,0|0,0.5|1,0|0,0|0,0|0,0|0,0|0,1|1,0.5|1,0|0,0|0,0|0,0|0,0|0,0|0,0|0,0|0,0|0,0|0,1|1,0|0,0|0,0|0,0|0,0|0,0|0,0|0,0|0,0|0,0|0,0.5|0,0|0,0|0,0|0,0|0,0|0,0|0,0|0,0|0,0|0,0|0,0|0,4
a1014e88958035a44f78734860aee5db3f327dce,0|0,0|0,0|0,0|0,0|0,0.5|1,0|0,0|0,0|0,0|0,0|0,1|1,0.5|1,0|0,0|0,0|0,0|0,0|0,0|0,0|0,0|0,0|0,0|0,1|1,0|0,0|0,0|0,0|0,0|0,0|0,0|0,0|0,0|0,0|0,0.5|0,0|0,0|0,0|0,0|0,0|0,0|0,0|0,0|0,0|0,0|0,0|0,4
7d5a0e1f04bce1b3de1eb5f4eea07fc4d25c8c92,0|0,0|0,0|0,0|0,0|0,0.5|1,0|0,0|0,0|0,0|0,0|0,1|1,0.5|1,0|0,0|0,0|0,0|0,0|0,0|0,0|0,0|0,0|0,0|0,1|1,0|0,0|0,0|0,0|0,0|0,0|0,0|0,0|0,0|0,0|0,0.5|0,0|0,0|0,0|0,0|0,0|0,0|0,0|0,0|0,0|0,0|0,0|0,4
4c776501a652fc8b90fdf8098a20c5099b0fcfce,0|0,0|0,0|0,0|0,0|0,0.5|1,0|0,0|0,0|0,0|0,0|0,1|1,0.5|1,0|0,0|0,0|0,0|0,0|0,0|0,0|0,0|0,0|0,0|0,1|1,0|0,0|0,0|0,0|0,0|0,0|0,0|0,0|0,0|0,0|0,0.5|0,0|0,0|0,0|0,0|0,0|0,0|0,0|0,0|0,0|0,0|0,0|0,4
842c00e68170b67e147d2d9d9eb04030548e9011,0|0,0|0,0|0,0|0,0|0,0.5|1,0|0,0|0,0|0,0|0,0|0,1|1,0.5|1,0|0,0|0,0|0,0|0,0|0,0|0,0|0,0|0,0|0,0|0,1|1,0|0,0|0,0|0,0|0,0|0,0|0,0|0,0|0,0|0,0|0,0.5|0,0|0,0|0,0|0,0|0,0|0,0|0,0|0,0|0,0|0,0|0,0|0,4
8ca13bc46aa14a108290e887d7c0930422bca009,0|0,0|0,0|0,0|0,0|0,0.5|1,0|0,0|0,0|0,0|0,0|0,1|1,0.5|1,0|0,0|0,0|0,0|0,0|0,0|0,0|0,0|0,0|0,0|0,1|1,0|0,0|0,0|0,0|0,0|0,0|0,0|0,0|0,0|0,0|0,0.5|0,0|0,0|0,0|0,0|0,0|0,0|0,0|0,0|0,0|0,0|0,0|0,4
7086197047f3b342f650b91374c322615693c888,0|0,0|0,0|0,0|0,0|0,0|1,0|0,0|0,0|0,0|0,0|0,0|1,0|1,0|0,0|0,0|0,0|0,0|0,0|0,0|0,0|0,0|0,0|0,0|1,0|0,0|0,0|0,0|0,0|0,0|0,0|0,0|0,0|0,0|0,0|0,0|0,0|0,0|0,0|0,0|0,0|0,0|0,0|0,0|0,0|0,0|0,4
5ac870074bf28d1e73d3b0a8c240980b19972826,0|0,0|0,0|0,0|0,0|0,0|1,0|0,0|0,0|0,0|0,0|0,0|1,0|1,0|0,0|0,0|0,0|0,0|0,0|0,0|0,0|0,0|0,0|0,0|1,0|0,0|0,0|0,0|0,0|0,0|0,0|0,0|0,0|0,0|0,0|0,0|0,0|0,0|0,0|0,0|0,0|0,0|0,0|0,0|0,0|0,0|0,4
ea4240055d5301b52d9fa934b8d14c126375eb17,0|0,0|0,0|0,0|0,0|0,0.5|1,0|0,0|0,0|0,0|0,0|0,1|1,0.5|1,0|0,0|0,0|0,0|0,0|0,0|0,0|0,0|0,0|0,0|0,1|1,0|0,0|0,0|0,0|0,0|0,0|0,0|0,0|0,0|0,0|0,0.5|0,0|0,0|0,0|0,0|0,0|0,0|0,0|0,0|0,0|0,0|0,0|0,4
8db084ab06ae73e26c2373e92b35cbc5407d41bd,0|0,0|0,0|0,0|0,0|0,0.5|1,0|0,0|0,0|0,0|0,0|0,1|1,0.5|1,0|0,0|0,0|0,0|0,0|0,0|0,0|0,0|0,0|0,0|0,1|1,0|0,0|0,0|0,0|0,0|0,0|0,0|0,0|0,0|0,0|0,0.5|0,0|0,0|0,0|0,0|0,0|0,0|0,0|0,0|0,0|0,0|0,0|0,4
1c0e617d802d214b0186f2752b50b8ee2a9e17a6,0|0,0|0,0|0,0|0,0|0,0.5|1,0|0,0|0,0|0,0|0,0|0,1|1,0.5|1,0|0,0|0,0|0,0|0,0|0,0|0,0|0,0|0,0|0,0|0,1|1,0|0,0|0,0|0,0|0,0|0,0|0,0|0,0|0,0|0,0|0,0.5|0,0|0,0|0,0|0,0|0,0|0,0|0,0|0,0|0,0|0,0|0,0|0,4
37abe0daea8c964dbd2e09058074bfc7ae053199,0|0,0|0,0|0,0|0,0|0,0.5|1,0|0,0|0,0|0,0|0,0|0,1|1,0.5|1,0|0,0|0,0|0,0|0,0|0,0|0,0|0,0|0,0|0,0|0,1|1,0|0,0|0,0|0,0|0,0|0,0|0,0|0,0|0,0|0,0|0,0.5|0,0|0,0|0,0|0,0|0,0|0,0|0,0|0,0|0,0|0,0|0,0|0,4
3a6ba7fa12c87e99f18c1d82e38c1c5034d1f5d7,0|0,0|0,0|0,0|0,0|0,0.5|1,0|0,0|0,0|0,0|0,0|0,1|1,0.5|1,0|0,0|0,0|0,0|0,0|0,0|0,0|0,0|0,0|0,0|0,1|1,0|0,0|0,0|0,0|0,0|0,0|0,0|0,0|0,0|0,0|0,0.5|0,0|0,0|0,0|0,0|0,0|0,0|0,0|0,0|0,0|0,0|0,0|0,4
98a81cb163279d37980171611f7f2c04d1398766,0|0,0|0,0|0,0|0,0|0,0.5|1,0|0,0|0,0|0,0|0,0|0,1|1,0.5|1,0|0,0|0,0|0,0|0,0|0,0|0,0|0,0|0,0|0,0|0,1|1,0|0,0|0,0|0,0|0,0|0,0|0,0|0,0|0,0|0,0|0,0.5|0,0|0,0|0,0|0,0|0,0|0,0|0,0|0,0|0,0|0,0|0,0|0,4
91e3292e6bf043d79550c5c7c5babd2816e194a9,0|0,0|0,0|0,0|0,0|0,0.5|1,0|0,0|0,0|0,0|0,0|0,1|1,0.5|1,0|0,0|0,0|0,0|0,0|0,0|0,0|0,0|0,0|0,0|0,1|1,0|0,0|0,0|0,0|0,0|0,0|0,0|0,0|0,0|0,0|0,0.5|0,0|0,0|0,0|0,0|0,0|0,0|0,0|0,0|0,0|0,0|0,0|0,4
ad8318e247dff18086afd81a92e527f876a3c0cb,0|0,0|0,0|0,0|0,0|0,0.5|1,0|0,0|0,0|0,0|0,0|0,1|1,0.5|1,0|0,0|0,0|0,0|0,0|0,0|0,0|0,0|0,0|0,0|0,1|1,0|0,0|0,0|0,0|0,0|0,0|0,0|0,0|0,0|0,0|0,0.5|0,0|0,0|0,0|0,0|0,0|0,0|0,0|0,0|0,0|0,0|0,0|0,4
4cc4efa2289ab328c5697874a2c76db08cd286ed,0|0,0|0,0|0,0|0,0|0,0.5|1,0|0,0|0,0|0,0|0,0|0,1|1,0.5|1,0|0,0|0,0|0,0|0,0|0,0|0,0|0,0|0,0|0,0|0,1|1,0|0,0|0,0|0,0|0,0|0,0|0,0|0,0|0,0|0,0|0,0.5|0,0|0,0|0,0|0,0|0,0|0,0|0,0|0,0|0,0|0,0|0,0|0,4
9189aee83b70b0c9cea782970b6b080d62700597,0|0,0|0,0|0,0|0,0|0,0.5|1,0|0,0|0,0|0,0|0,0|0,1|1,0.5|1,0|0,0|0,0|0,0|0,0|0,0|0,0|0,0|0,0|0,0|0,1|1,0|0,0|0,0|0,0|0,0|0,0|0,0|0,0|0,0|0,0|0,0.5|0,0|0,0|0,0|0,0|0,0|0,0|0,0|0,0|0,0|0,0|0,0|0,4
753b5dde16bae60299ca8e31afb4f519b13629c1,0|0,0|0,0|0,0|0,0|0,0.5|1,0|0,0|0,0|0,0|0,0|0,1|1,0.5|1,0|0,0|0,0|0,0|0,0|0,0|0,0|0,0|0,0|0,0|0,1|1,0|0,0|0,0|0,0|0,0|0,0|0,0|0,0|0,0|0,0|0,0.5|0,0|0,0|0,0|0,0|0,0|0,0|0,0|0,0|0,0|0,0|0,0|0,4
d81bc1add631009eec2b6cb87e42720db4f17af3,0|0,0|0,0|0,0|0,0|0,0.5|1,0|0,0|0,0|0,0|0,0|0,1|1,0.5|1,0|0,0|0,0|0,0|0,0|0,0|0,0|0,0|0,0|0,0|0,1|1,0|0,0|0,0|0,0|0,0|0,0|0,0|0,0|0,0|0,0|0,0.5|0,0|0,0|0,0|0,0|0,0|0,0|0,0|0,0|0,0|0,0|0,0|0,4
b5b4512022061adf68e67a190fa64c1130b4fc33,0|0,0|0,0|0,0|0,0|0,0.5|1,0|0,0|0,0|0,0|0,0|0,1|1,0.5|1,0|0,0|0,0|0,0|0,0|0,0|0,0|0,0|0,0|0,0|0,1|1,0|0,0|0,0|0,0|0,0|0,0|0,0|0,0|0,0|0,0|0,0.5|0,0|0,0|0,0|0,0|0,0|0,0|0,0|0,0|0,0|0,0|0,0|0,4
6a7139bb24c4835604641262a07becee637a9e53,0|0,0|0,0|0,0|0,0|0,0.5|1,0|0,0|0,0|0,0|0,0|0,1|1,0.5|1,0|0,0|0,0|0,0|0,0|0,0|0,0|0,0|0,0|0,0|0,1|1,0|0,0|0,0|0,0|0,0|0,0|0,0|0,0|0,0|0,0|0,0.5|0,0|0,0|0,0|0,0|0,0|0,0|0,0|0,0|0,0|0,0|0,0|0,4
bcce12266571d419c5d6342539e27e29ec54132d,0|0,0|0,0|0,0|0,0|0,0.5|1,0|0,0|0,0|0,0|0,0|0,1|1,0.5|1,0|0,0|0,0|0,0|0,0|0,0|0,0|0,0|0,0|0,0|0,1|1,0|0,0|0,0|0,0|0,0|0,0|0,0|0,0|0,0|0,0|0,0.5|0,0|0,0|0,0|0,0|0,0|0,0|0,0|0,0|0,0|0,0|0,0|0,4
d0052fd5b2c48c8ab344d17bf4b603e80b6e1a29,0|0,0|0,0|0,0|0,0|0,0.5|1,0|0,0|0,0|0,0|0,0|0,1|1,0.5|1,0|0,0|0,0|0,0|0,0|0,0|0,0|0,0|0,0|0,0|0,1|1,0|0,0|0,0|0,0|0,0|0,0|0,0|0,0|0,0|0,0|0,0.5|0,0|0,0|0,0|0,0|0,0|0,0|0,0|0,0|0,0|0,0|0,0|0,4
fdef6f3545bd4a8e722b2ace144a2b73a782f265,0|0,0|0,0|0,0|0,0|0,0.5|1,0|0,0|0,0|0,0|0,0|0,1|1,0.5|1,0|0,0|0,0|0,0|0,0|0,0|0,0|0,0|0,0|0,0|0,1|1,0|0,0|0,0|0,0|0,0|0,0|0,0|0,0|0,0|0,0|0,0.5|0,0|0,0|0,0|0,0|0,0|0,0|0,0|0,0|0,0|0,0|0,0|0,4
dcac633878e2975e3652739a461b121b27bd9aaa,0|0,0|0,0|0,0|0,0|0,0.5|1,0|0,0|0,0|0,0|0,0|0,1|1,0.5|1,0|0,0|0,0|0,0|0,0|0,0|0,0|0,0|0,0|0,0|0,1|1,0|0,0|0,0|0,0|0,0|0,0|0,0|0,0|0,0|0,0|0,0.5|0,0|0,0|0,0|0,0|0,0|0,0|0,0|0,0|0,0|0,0|0,0|0,4
1385f05713045b846f5a830cfc23eabd5f71e70d,0|0,0|0,0|0,0|0,0|0,0.5|1,0|0,0|0,0|0,0|0,0|0,1|1,0.5|1,0|0,0|0,0|0,0|0,0|0,0|0,0|0,0|0,0|0,0|0,1|1,0|0,0|0,0|0,0|0,0|0,0|0,0|0,0|0,0|0,0|0,0.5|0,0|0,0|0,0|0,0|0,0|0,0|0,0|0,0|0,0|0,0|0,0|0,4
ea9177cc9397270172e16e10e2ed947c8471323c,0|0,0|0,0|0,0|0,0|0,0.5|1,0|0,0|0,0|0,0|0,0|0,1|1,0.5|1,0|0,0|0,0|0,0|0,0|0,0|0,0|0,0|0,0|0,0|0,1|1,0|0,0|0,0|0,0|0,0|0,0|0,0|0,0|0,0|0,0|0,0.5|0,0|0,0|0,0|0,0|0,0|0,0|0,0|0,0|0,0|0,0|0,0|0,4
ff1cc1fa418174c407f85fe19a21d5ef588c4e98,0|0,0|0,0|0,0|0,0|0,0.5|1,0|0,0|0,0|0,0|0,0|0,1|1,0.5|1,0|0,0|0,0|0,0|0,0|0,0|0,0|0,0|0,0|0,0|0,1|1,0|0,0|0,0|0,0|0,0|0,0|0,0|0,0|0,0|0,0|0,0.5|0,0|0,0|0,0|0,0|0,0|0,0|0,0|0,0|0,0|0,0|0,0|0,4
8ba1baace1f4380147d72622f5d2de95b1ce75e9,0|0,0|0,0|0,0|0,0|0,0.5|1,0|0,0|0,0|0,0|0,0|0,1|1,0.5|1,0|0,0|0,0|0,0|0,0|0,0|0,0|0,0|0,0|0,0|0,1|1,0|0,0|0,0|0,0|0,0|0,0|0,0|0,0|0,0|0,0|0,0.5|0,0|0,0|0,0|0,0|0,0|0,0|0,0|0,0|0,0|0,0|0,0|0,4
87c43450f30ca45f9be2efac83d6f2c5abc42ab6,0|0,0|0,0|0,0|0,0|0,0.5|1,0|0,0|0,0|0,0|0,0|0,1|1,0.5|1,0|0,0|0,0|0,0|0,0|0,0|0,0|0,0|0,0|0,0|0,1|1,0|0,0|0,0|0,0|0,0|0,0|0,0|0,0|0,0|0,0|0,0.5|0,0|0,0|0,0|0,0|0,0|0,0|0,0|0,0|0,0|0,0|0,0|0,4
a263ac9024026b3b41378c05c21d873714fbc0a6,0|0,0|0,0|0,0|0,0|0,0.5|1,0|0,0|0,0|0,0|0,0|0,1|1,0.5|1,0|0,0|0,0|0,0|0,0|0,0|0,0|0,0|0,0|0,0|0,1|1,0|0,0|0,0|0,0|0,0|0,0|0,0|0,0|0,0|0,0|0,0.5|0,0|0,0|0,0|0,0|0,0|0,0|0,0|0,0|0,0|0,0|0,0|0,4
e6d206fd15a8e3ff97dcf4d13bd5e3df23e678a3,0|0,0|0,0|0,0|0,0|0,0|1,0|0,0|0,0|0,0|0,0|0,0|1,0|1,0|0,0|0,0|0,0|0,0|0,0|0,0|0,0|0,0|0,0|0,0|1,0|0,0|0,0|0,0|0,0|0,0|0,0|0,0|0,0|0,0|0,0|0,0|0,0|0,0|0,0|0,0|0,0|0,0|0,0|0,0|0,0|0,0|0,4
d700ab39944f585138ac68790f33951e2f757a8f,0|0,0|0,0|0,0|0,0|0,0|1,0|0,0|0,0|0,0|0,0|0,0|1,0|1,0|0,0|0,0|0,0|0,0|0,0|0,0|0,0|0,0|0,0|0,0|1,0|0,0|0,0|0,0|0,0|0,0|0,0|0,0|0,0|0,0|0,0|0,0|0,0|0,0|0,0|0,0|0,0|0,0|0,0|0,0|0,0|0,0|0,4
0259ff58e13d94ee497d07072505c94ee8144a42,0|0,0|0,0|0,0|0,0|0,0|1,0|0,0|0,0|0,0|0,0|0,0|1,0|1,0|0,0|0,0|0,0|0,0|0,0|0,0|0,0|0,0|0,0|0,0|1,0|0,0|0,0|0,0|0,0|0,0|0,0|0,0|0,0|0,0|0,0|0,0|0,0|0,0|0,0|0,0|0,0|0,0|0,0|0,0|0,0|0,0|0,4
60a9f6610d7b15c33ecd8db865cf8f7519ad0ef0,0|0,0|0,0|0,0|0,0|0,0|1,0|0,0|0,0|0,0|0,0|0,0|1,0|1,0|0,0|0,0|0,0|0,0|0,0|0,0|0,0|0,0|0,0|0,0|1,0|0,0|0,0|0,0|0,0|0,0|0,0|0,0|0,0|0,0|0,0|0,0|0,0|0,0|0,0|0,0|0,0|0,0|0,0|0,0|0,0|0,0|0,4
362baa6321d09d1efe50a3d86d1f2ecab896a906,0|0,0|0,0|0,0|0,0|0,0|1,0|0,0|0,0|0,0|0,0|0,0|1,0|1,0|0,0|0,0|0,0|0,0|0,0|0,0|0,0|0,0|0,0|0,0|1,0|0,0|0,0|0,0|0,0|0,0|0,0|0,0|0,0|0,0|0,0|0,0|0,0|0,0|0,0|0,0|0,0|0,0|0,0|0,0|0,0|0,0|0,4
27bad147381866f957d12ade241c58768dae418a,0|0,0|0,0|0,0|0,0|0,0|1,0|0,0|0,0|0,0|0,0|0,0|1,0|1,0|0,0|0,0|0,0|0,0|0,0|0,0|0,0|0,0|0,0|0,0|1,0|0,0|0,0|0,0|0,0|0,0|0,0|0,0|0,0|0,0|0,0|0,0|0,0|0,0|0,0|0,0|0,0|0,0|0,0|0,0|0,0|0,0|0,4
5f99433ee75cd6acc4e73fd9de132b138be12a50,0|0,0|0,0|0,0|0,0|0,0|1,0|0,0|0,0|0,0|0,0|0,0|1,0|1,0|0,0|0,0|0,0|0,0|0,0|0,0|0,0|0,0|0,0|0,0|1,0|0,0|0,0|0,0|0,0|0,0|0,0|0,0|0,0|0,0|0,0|0,0|0,0|0,0|0,0|0,0|0,0|0,0|0,0|0,0|0,0|0,0|0,4
cbf1be5789c6d69736200785bd1f8fc409659678,0|0,0|0,0|0,0|0,0|0,0|1,0|0,0|0,0|0,0|0,0|0,0|1,0|1,0|0,0|0,0|0,0|0,0|0,0|0,0|0,0|0,0|0,0|0,0|1,0|0,0|0,0|0,0|0,0|0,0|0,0|0,0|0,0|0,0|0,0|0,0|0,0|0,0|0,0|0,0|0,0|0,0|0,0|0,0|0,0|0,0|0,4
d29a0241eed74d876b84059e72edab09c25e2111,0|0,0|0,0|0,0|0,0|0,0|1,0|0,0|0,0|0,0|0,0|0,0|1,0|1,0|0,0|0,0|0,0|0,0|0,0|0,0|0,0|0,0|0,0|0,0|1,0|0,0|0,0|0,0|0,0|0,0|0,0|0,0|0,0|0,0|0,0|0,0|0,0|0,0|0,0|0,0|0,0|0,0|0,0|0,0|0,0|0,0|0,4
05dfae6430d34d66ea8e43084f5c12a9f3a6dc5d,0|0,0|0,0|0,0|0,0|0,0|1,0|0,0|0,0|0,0|0,0|0,0|1,0|1,0|0,0|0,0|0,0|0,0|0,0|0,0|0,0|0,0|0,0|0,0|1,0|0,0|0,0|0,0|0,0|0,0|0,0|0,0|0,0|0,0|0,0|0,0|0,0|0,0|0,0|0,0|0,0|0,0|0,0|0,0|0,0|0,0|0,4
837ce7306bda01274ed000d71943df9c993bb84b,0|0,0|0,0|0,0|0,0|0,0|1,0|0,0|0,0|0,0|0,0|0,0|1,0|1,0|0,0|0,0|0,0|0,0|0,0|0,0|0,0|0,0|0,0|0,0|1,0|0,0|0,0|0,0|0,0|0,0|0,0|0,0|0,0|0,0|0,0|0,0|0,0|0,0|0,0|0,0|0,0|0,0|0,0|0,0|0,0|0,0|0,4
8e7a707be104f04210b12687c94fdeb7ca53f37b,0|0,0|0,0|0,0|0,0|0,0|1,0|0,0|0,0|0,0|0,0|0,0|1,0|1,0|0,0|0,0|0,0|0,0|0,0|0,0|0,0|0,0|0,0|0,0|1,0|0,0|0,0|0,0|0,0|0,0|0,0|0,0|0,0|0,0|0,0|0,0|0,0|0,0|0,0|0,0|0,0|0,0|0,0|0,0|0,0|0,0|0,4
51e86346d31f270099d4169cd2ebcb0146e5e593,0|0,0|0,0|0,0|0,0|0,0|1,0|0,0|0,0|0,0|0,0|0,0|1,0|1,0|0,0|0,0|0,0|0,0|0,0|0,0|0,0|0,0|0,0|0,0|1,0|0,0|0,0|0,0|0,0|0,0|0,0|0,0|0,0|0,0|0,0|0,0|0,0|0,0|0,0|0,0|0,0|0,0|0,0|0,0|0,0|0,0|0,4
044ed14b4f23708ec05f5b5c85ca29acbf4b59db,0|0,0|0,0|0,0|0,0|0,0|1,0|0,0|0,0|0,0|0,0|0,0|1,0|1,0|0,0|0,0|0,0|0,0|0,0|0,0|0,0|0,0|0,0|0,0|1,0|0,0|0,0|0,0|0,0|0,0|0,0|0,0|0,0|0,0|0,0|0,0|0,0|0,0|0,0|0,0|0,0|0,0|0,0|0,0|0,0|0,0|0,4
204f3ddff5efc929095556ed22ec62d18bef6324,0|0,0|0,0|0,0|0,0|0,0|1,0|0,0|0,0|0,0|0,0|0,0|1,0|1,0|0,0|0,0|0,0|0,0|0,0|0,0|0,0|0,0|0,0|0,0|0,0|0,0|0,0|0,0|0,0|0,0|0,0|0,0|0,0|0,0|0,0|0,0|0,0|0,0|0,0|0,0|0,0|0,0|0,0|0,0|0,0|0,0|0,3
8413faf2ef9929dbe668ea318f871cc50c155548,0|0,0|0,0|0,0|0,0|0,0|1,0|0,0|0,0|0,0|0,0|0,0|1,0|1,0|0,0|0,0|0,0|0,0|0,0|0,0|0,0|0,0|0,0|0,0|0,0|0,0|0,0|0,0|0,0|0,0|0,0|0,0|0,0|0,0|0,0|0,0|0,0|0,0|0,0|0,0|0,0|0,0|0,0|0,0|0,0|0,0|0,3
d0dbcf6dd69bd714ec5cabf0eaafa494036097ad,0|0,0|0,0|0,0|0,0|0,0|1,0|0,0|0,0|0,0|0,0|0,0|1,0|1,0|0,0|0,0|0,0|0,0|0,0|0,0|0,0|0,0|0,0|0,0|0,0|0,0|0,0|0,0|0,0|0,0|0,0|0,0|0,0|0,0|0,0|0,0|0,0|0,0|0,0|0,0|0,0|0,0|0,0|0,0|0,0|0,0|0,3
58538b7d19f35e8b8c5e33d83dd3655d24d66476,0|0,0|0,0|0,0|0,0|0,0|1,0|0,0|0,0|0,0|0,0|0,0|1,0|1,0|0,0|0,0|0,0|0,0|0,0|0,0|0,0|0,0|0,0|0,0|0,0|0,0|0,0|0,0|0,0|0,0|0,0|0,0|0,0|0,0|0,0|0,0|0,0|0,0|0,0|0,0|0,0|0,0|0,0|0,0|0,0|0,0|0,3
8e1a3f5cdcdb7b18494662f8c11e78a2ee2417ed,0|0,0|0,0|0,0|0,0|0,0.5|1,0|0,0|0,0|0,0|0,0|0,1|1,0.5|1,0|0,0|0,0|0,0|0,0|0,0|0,0|0,0|0,0|0,0|0,0|0,0|0,0|0,0|0,0|0,0|0,0|0,0|0,0|0,0|0,0|0,0.5|0,0|0,0|0,0|0,0|0,0|0,0|0,0|0,0|0,0|0,0|0,0|0,3
656323c33450db868cda7b3e2cc75d0e417d8d6e,0|0,0|0,0|0,0|0,0|0,0.5|1,0|0,0|0,0|0,0|0,0|0,1|1,0.5|1,0|0,0|0,0|0,0|0,0|0,0|0,0|0,0|0,0|0,0|0,0|0,0|0,0|0,0|0,0|0,0|0,0|0,0|0,0|0,0|0,0|0,0.5|0,0|0,0|0,0|0,0|0,0|0,0|0,0|0,0|0,0|0,0|0,0|0,3
2c1b7cf1bd8954bc236c2bacc2604d7238444cbf,0|0,0|0,0|0,0|0,0|0,0.5|1,0|0,0|0,0|0,0|0,0|0,1|1,0.5|1,0|0,0|0,0|0,0|0,0|0,0|0,0|0,0|0,0|0,0|0,0|0,0|0,0|0,0|0,0|0,0|0,0|0,0|0,0|0,0|0,0|0,0.5|0,0|0,0|0,0|0,0|0,0|0,0|0,0|0,0|0,0|0,0|0,0|0,3
b0c4d01734b9531915592494498741bb307262c6,0|0,0|0,0|0,0|0,0|0,0.5|1,0|0,0|0,0|0,0|0,0|0,1|1,0.5|1,0|0,0|0,0|0,0|0,0|0,0|0,0|0,0|0,0|0,0|0,0|0,0|0,0|0,0|0,0|0,0|0,0|0,0|0,0|0,0|0,0|0,0.5|0,0|0,0|0,0|0,0|0,0|0,0|0,0|0,0|0,0|0,0|0,0|0,3
b68a3707f678e648567ea95a223825f2553d6673,0|0,0|0,0|0,0|0,0|0,0.5|1,0|0,0|0,0|0,0|0,0|0,1|1,0.5|1,0|0,0|0,0|0,0|0,0|0,0|0,0|0,0|0,0|0,0|0,0|0,0|0,0|0,0|0,0|0,0|0,0|0,0|0,0|0,0|0,0|0,0.5|0,0|0,0|0,0|0,0|0,0|0,0|0,0|0,0|0,0|0,0|0,0|0,3
addc7758113dc4ef7fd916e73eceac30bce6a4ae,0|0,0|0,0|0,0|0,0|0,0.5|1,0|0,0|0,0|0,0|0,0|0,1|1,0.5|1,0|0,0|0,0|0,0|0,0|0,0|0,0|0,0|0,0|0,0|0,0|0,0|0,0|0,0|0,0|0,0|0,0|0,0|0,0|0,0|0,0|0,0.5|0,0|0,0|0,0|0,0|0,0|0,0|0,0|0,0|0,0|0,0|0,0|0,3
d4d82c27a55ecf051b4805c8b2c7df56d52fcc98,0|0,0|0,0|0,0|0,0|0,0.5|1,0|0,0|0,0|0,0|0,0|0,1|1,0.5|1,0|0,0|0,0|0,0|0,0|0,0|0,0|0,0|0,0|0,0|0,0|0,0|0,0|0,0|0,0|0,0|0,0|0,0|0,0|0,0|0,0|0,0.5|0,0|0,0|0,0|0,0|0,0|0,0|0,0|0,0|0,0|0,0|0,0|0,3
32e4922c5aa203a3f250b3048cd5488c77ee1a04,0|0,0|0,0|0,0|0,0|0,0.5|1,0|0,0|0,0|0,0|0,0|0,1|1,0.5|1,0|0,0|0,0|0,0|0,0|0,0|0,0|0,0|0,0|0,0|0,0|0,0|0,0|0,0|0,0|0,0|0,0|0,0|0,0|0,0|0,0|0,0.5|0,0|0,0|0,0|0,0|0,0|0,0|0,0|0,0|0,0|0,0|0,0|0,3
05d93790e4d2b54d043bbb61b9978ccad64f2ab3,0|0,0|0,0|0,0|0,0|0,0.5|1,0|0,0|0,0|0,0|0,0|0,1|1,0.5|1,0|0,0|0,0|0,0|0,0|0,0|0,0|0,0|0,0|0,0|0,0|0,0|0,0|0,0|0,0|0,0|0,0|0,0|0,0|0,0|0,0|0,0.5|0,0|0,0|0,0|0,0|0,0|0,0|0,0|0,0|0,0|0,0|0,0|0,3
c92e0d13fde84b5e8d8c15b45d3ee23bfef816cd,0|0,0|0,0|0,0|0,0|0,0.5|1,0|0,0|0,0|0,0|0,0|0,1|1,0.5|1,0|0,0|0,0|0,0|0,0|0,0|0,0|0,0|0,0|0,0|0,0|0,0|0,0|0,0|0,0|0,0|0,0|0,0|0,0|0,0|0,0|0,0.5|0,0|0,0|0,0|0,0|0,0|0,0|0,0|0,0|0,0|0,0|0,0|0,3
2051e51380e9a54cdaf5e868a6d93d7ed6d42653,0|0,0|0,0|0,0|0,0|0,0.5|1,0|0,0|0,0|0,0|0,0|0,1|1,0.5|1,0|0,0|0,0|0,0|0,0|0,0|0,0|0,0|0,0|0,0|0,0|0,0|0,0|0,0|0,0|0,0|0,0|0,0|0,0|0,0|0,0|0,0.5|0,0|0,0|0,0|0,0|0,0|0,0|0,0|0,0|0,0|0,0|0,0|0,3
d5d2a7e3f3e34bad383d7679f8967a0a878ff753,0|0,0|0,0|0,0|0,0|0,0.5|1,0|0,0|0,0|0,0|0,0|0,1|1,0.5|1,0|0,0|0,0|0,0|0,0|0,0|0,0|0,0|0,0|0,0|0,0|0,0|0,0|0,0|0,0|0,0|0,0|0,0|0,0|0,0|0,0|0,0.5|0,0|0,0|0,0|0,0|0,0|0,0|0,0|0,0|0,0|0,0|0,0|0,3
031cd04b7c129ce00994ba5ccbc4c4ac7fae707e,0|0,0|0,0|0,0|0,0|0,0.5|1,0|0,0|0,0|0,0|0,0|0,1|1,0.5|1,0|0,0|0,0|0,0|0,0|0,0|0,0|0,0|0,0|0,0|0,0|0,0|0,0|0,0|0,0|0,0|0,0|0,0|0,0|0,0|0,0|0,0.5|0,0|0,0|0,0|0,0|0,0|0,0|0,0|0,0|0,0|0,0|0,0|0,3
88f3519ab3979fa632df99d7a62e7ffcd2c73c88,0|0,0|0,0|0,0|0,0|0,0.5|1,0|0,0|0,0|0,0|0,0|0,1|1,0.5|1,0|0,0|0,0|0,0|0,0|0,0|0,0|0,0|0,0|0,0|0,0|0,0|0,0|0,0|0,0|0,0|0,0|0,0|0,0|0,0|0,0|0,0.5|0,0|0,0|0,0|0,0|0,0|0,0|0,0|0,0|0,0|0,0|0,0|0,3
e9721eb4ceecac2379d3c6f5c6abdd4d4a27628c,0|0,0|0,0|0,0|0,0|0,0.5|1,0|0,0|0,0|0,0|0,0|0,1|1,0.5|1,0|0,0|0,0|0,0|0,0|0,0|0,0|0,0|0,0|0,0|0,0|0,0|0,0|0,0|0,0|0,0|0,0|0,0|0,0|0,0|0,0|0,0.5|0,0|0,0|0,0|0,0|0,0|0,0|0,0|0,0|0,0|0,0|0,0|0,3
c2d8955c183259c42c1241dca2c6cf8f9c48bf9f,0|0,0|0,0|0,0|0,0|0,0.5|1,0|0,0|0,0|0,0|0,0|0,1|1,0.5|1,0|0,0|0,0|0,0|0,0|0,0|0,0|0,0|0,0|0,0|0,0|0,0|0,0|0,0|0,0|0,0|0,0|0,0|0,0|0,0|0,0|0,0.5|0,0|0,0|0,0|0,0|0,0|0,0|0,0|0,0|0,0|0,0|0,0|0,3
02de8e10ca010d56c27fe2d655fa605e1d53f414,0|0,0|0,0|0,0|0,0|0,0.5|1,0|0,0|0,0|0,0|0,0|0,1|1,0.5|1,0|0,0|0,0|0,0|0,0|0,0|0,0|0,0|0,0|0,0|0,0|0,0|0,0|0,0|0,0|0,0|0,0|0,0|0,0|0,0|0,0|0,0.5|0,0|0,0|0,0|0,0|0,0|0,0|0,0|0,0|0,0|0,0|0,0|0,3
64929a75e0a7a60d864bd25a9fd97fdf9ac892a2,0|0,0|0,0|0,0|0,0|0,0.5|1,0|0,0|0,0|0,0|0,0|0,1|1,0.5|1,0|0,0|0,0|0,0|0,0|0,0|0,0|0,0|0,0|0,0|0,0|0,0|0,0|0,0|0,0|0,0|0,0|0,0|0,0|0,0|0,0|0,0.5|0,0|0,0|0,0|0,0|0,0|0,0|0,0|0,0|0,0|0,0|0,0|0,3
6c0a809de89cc4bdb1f734fa7536bf9c6ccd454a,0|0,0|0,0|0,0|0,0|0,0.5|1,0|0,0|0,0|0,0|0,0|0,1|1,0.5|1,0|0,0|0,0|0,0|0,0|0,0|0,0|0,0|0,0|0,0|0,0|0,0|0,0|0,0|0,0|0,0|0,0|0,0|0,0|0,0|0,0|0,0.5|0,0|0,0|0,0|0,0|0,0|0,0|0,0|0,0|0,0|0,0|0,0|0,3
13d99a93901ac6f8da493b9a026c04be96528799,0|0,0|0,0|0,0|0,0|0,0.5|1,0|0,0|0,0|0,0|0,0|0,1|1,0.5|1,0|0,0|0,0|0,0|0,0|0,0|0,0|0,0|0,0|0,0|0,0|0,0|0,0|0,0|0,0|0,0|0,0|0,0|0,0|0,0|0,0|0,0.5|0,0|0,0|0,0|0,0|0,0|0,0|0,0|0,0|0,0|0,0|0,0|0,3
bb33d579714e140650e13325c39b0d372888b717,0|0,0|0,0|0,0|0,0|0,0.5|1,0|0,0|0,0|0,0|0,0|0,1|1,0.5|1,0|0,0|0,0|0,0|0,0|0,0|0,0|0,0|0,0|0,0|0,0|0,0|0,0|0,0|0,0|0,0|0,0|0,0|0,0|0,0|0,0|0,0.5|0,0|0,0|0,0|0,0|0,0|0,0|0,0|0,0|0,0|0,0|0,0|0,3
822c8e56f7fc5e35b871d89071332a56c56dbbd2,0|0,0|0,0|0,0|0,0|0,0|1,0|0,0|0,0|0,0|0,0|0,0|1,0|1,0|0,0|0,0|0,0|0,0|0,0|0,0|0,0|0,0|0,0|0,0|0,0|0,0|0,0|0,0|0,0|0,0|0,0|0,0|0,0|0,0|0,0|0,0|0,0|0,0|0,0|0,0|0,0|0,0|0,0|0,0|0,0|0,0|0,3
43c1f6a3fd037ef30e46a7c40f776a7119c72ca7,0|0,0|0,0|0,0|0,0|0,0|1,0|0,0|0,0|0,0|0,0|0,0|1,0|1,0|0,0|0,0|0,0|0,0|0,0|0,0|0,0|0,0|0,0|0,0|0,0|0,0|0,0|0,0|0,0|0,0|0,0|0,0|0,0|0,0|0,0|0,0|0,0|0,0|0,0|0,0|0,0|0,0|0,0|0,0|0,0|0,0|0,3
efb712c2c0958a08e2b3ee2fd9969df3e559e5c8,0|0,0|0,0|0,0|0,0|0,0|1,0|0,0|0,0|0,0|0,0|0,0|1,0|1,0|0,0|0,0|0,0|0,0|0,0|0,0|0,0|0,0|0,0|0,0|0,0|0,0|0,0|0,0|0,0|0,0|0,0|0,0|0,0|0,0|0,0|0,0|0,0|0,0|0,0|0,0|0,0|0,0|0,0|0,0|0,0|0,0|0,3
9dac9945c9954d82cce16364e1f1190cee16063b,0|0,0|0,0|0,0|0,0|0,0|1,0|0,0|0,0|0,0|0,0|0,0|1,0|1,0|0,0|0,0|0,0|0,0|0,0|0,0|0,0|0,0|0,0|0,0|0,0|0,0|0,0|0,0|0,0|0,0|0,0|0,0|0,0|0,0|0,0|0,0|0,0|0,0|0,0|0,0|0,0|0,0|0,0|0,0|0,0|0,0|0,3
6027a7c7995eda54905f126f3495b4fea8515c5c,0|0,0|0,0|0,0|0,0|0,0|0,0|0,0|0,0|0,0|0,0|0,0|1,0|1,0|0,0|0,0|0,0|0,0|0,0|0,0|0,0|0,0|0,0|0,0|0,0|0,0|0,0|0,0|0,0|0,0|0,0|0,0|0,0|0,0|0,0|0,0|0,0|0,0|0,0|0,0|0,0|0,0|0,0|0,0|0,0|0,0|0,2
833d0eee5382c16aa7c9d035c73a10f49b2f2410,0|0,0|0,0|0,0|0,0|0,0|0,0|0,0|0,0|0,0|0,0|0,0|1,0|1,0|0,0|0,0|0,0|0,0|0,0|0,0|0,0|0,0|0,0|0,0|0,0|0,0|0,0|0,0|0,0|0,0|0,0|0,0|0,0|0,0|0,0|0,0|0,0|0,0|0,0|0,0|0,0|0,0|0,0|0,0|0,0|0,0|0,2
9b85669a648930f6f54346661c599ca79df937f5,0|0,0|0,0|0,0|0,0|0,0|0,0|0,0|0,0|0,0|0,0|0,0|1,0|1,0|0,0|0,0|0,0|0,0|0,0|0,0|0,0|0,0|0,0|0,0|0,0|0,0|0,0|0,0|0,0|0,0|0,0|0,0|0,0|0,0|0,0|0,0|0,0|0,0|0,0|0,0|0,0|0,0|0,0|0,0|0,0|0,0|0,2
9873972acb2be4682434543b051833feff071f6e,0|0,0|0,0|0,0|0,0|0,0|0,0|0,0|0,0|0,0|0,0|0,0|1,0|1,0|0,0|0,0|0,0|0,0|0,0|0,0|0,0|0,0|0,0|0,0|0,0|0,0|0,0|0,0|0,0|0,0|0,0|0,0|0,0|0,0|0,0|0,0|0,0|0,0|0,0|0,0|0,0|0,0|0,0|0,0|0,0|0,0|0,2
948a9060378a2a33f5701947386492ff10cb2de6,0|0,0|0,0|0,0|0,0|0,0|0,0|0,0|0,0|0,0|0,0|0,0|1,0|1,0|0,0|0,0|0,0|0,0|0,0|0,0|0,0|0,0|0,0|0,0|0,0|0,0|0,0|0,0|0,0|0,0|0,0|0,0|0,0|0,0|0,0|0,0|0,0|0,0|0,0|0,0|0,0|0,0|0,0|0,0|0,0|0,0|0,2
48d640583a58de62ed1a500e2e98b19a9ffce1ef,0|0,0|0,0|0,0|0,0|0,0|0,0|0,0|0,0|0,0|0,0|0,0|1,0|1,0|0,0|0,0|0,0|0,0|0,0|0,0|0,0|0,0|0,0|0,0|0,0|0,0|0,0|0,0|0,0|0,0|0,0|0,0|0,0|0,0|0,0|0,0|0,0|0,0|0,0|0,0|0,0|0,0|0,0|0,0|0,0|0,0|0,2
ba6a48c9fec64b0e3617f7f7f1f6afeedd8b6437,0|0,0|0,0|0,0|0,0|0,0|0,0|0,0|0,0|0,0|0,0|0,0|1,0|1,0|0,0|0,0|0,0|0,0|0,0|0,0|0,0|0,0|0,0|0,0|0,0|0,0|0,0|0,0|0,0|0,0|0,0|0,0|0,0|0,0|0,0|0,0|0,0|0,0|0,0|0,0|0,0|0,0|0,0|0,0|0,0|0,0|0,2
94471193c2082194e5be5a5096eef1784fc16b28,0|0,0|0,0|0,0|0,0|0,0|0,0|0,0|0,0|0,0|0,0|0,0|1,0|1,0|0,0|0,0|0,0|0,0|0,0|0,0|0,0|0,0|0,0|0,0|0,0|0,0|0,0|0,0|0,0|0,0|0,0|0,0|0,0|0,0|0,0|0,0|0,0|0,0|0,0|0,0|0,0|0,0|0,0|0,0|0,0|0,0|0,2
10506b5173f32680cf886da96131968e6fb9d939,0|0,0|0,0|0,0|0,0|0,0|0,0|0,0|0,0|0,0|0,0|0,0|1,0|1,0|0,0|0,0|0,0|0,0|0,0|0,0|0,0|0,0|0,0|0,0|0,0|0,0|0,0|0,0|0,0|0,0|0,0|0,0|0,0|0,0|0,0|0,0|0,0|0,0|0,0|0,0|0,0|0,0|0,0|0,0|0,0|0,0|0,2
1c4ce8b0f465bee368987e094a2e4366a4d822c0,0|0,0|0,0|0,0|0,0|0,0|0,0|0,0|0,0|0,0|0,0|0,0|1,0|1,0|0,0|0,0|0,0|0,0|0,0|0,0|0,0|0,0|0,0|0,0|0,0|0,0|0,0|0,0|0,0|0,0|0,0|0,0|0,0|0,0|0,0|0,0|0,0|0,0|0,0|0,0|0,0|0,0|0,0|0,0|0,0|0,0|0,2
efbfb7cbd6830e440d6f76c6f04d51669a99f4f4,0|0,0|0,0|0,0|0,0|0,0|0,0|0,0|0,0|0,0|0,0|0,0|1,0|1,0|0,0|0,0|0,0|0,0|0,0|0,0|0,0|0,0|0,0|0,0|0,0|0,0|0,0|0,0|0,0|0,0|0,0|0,0|0,0|0,0|0,0|0,0|0,0|0,0|0,0|0,0|0,0|0,0|0,0|0,0|0,0|0,0|0,2
29dbf78c4eb1a1593fde9bb65d4e2642c15eb808,0|0,0|0,0|0,0|0,0|0,0|0,0|0,0|0,0|0,0|0,0|0,0|1,0|1,0|0,0|0,0|0,0|0,0|0,0|0,0|0,0|0,0|0,0|0,0|0,0|0,0|0,0|0,0|0,0|0,0|0,0|0,0|0,0|0,0|0,0|0,0|0,0|0,0|0,0|0,0|0,0|0,0|0,0|0,0|0,0|0,0|0,2
53f133f669c487d84dd8d0212e3cf7e0022cebbe,0|0,0|0,0|0,0|0,0|0,0|0,0|0,0|0,0|0,0|0,0|0,0|1,0|1,0|0,0|0,0|0,0|0,0|0,0|0,0|0,0|0,0|0,0|0,0|0,0|0,0|0,0|0,0|0,0|0,0|0,0|0,0|0,0|0,0|0,0|0,0|0,0|0,0|0,0|0,0|0,0|0,0|0,0|0,0|0,0|0,0|0,2
50ab34bfe68c51f80a78c49ea5dd18936f184c72,0|0,0|0,0|0,0|0,0|0,0|0,0|0,0|0,0|0,0|0,0|0,0|1,0|1,0|0,0|0,0|0,0|0,0|0,0|0,0|0,0|0,0|0,0|0,0|0,0|0,0|0,0|0,0|0,0|0,0|0,0|0,0|0,0|0,0|0,0|0,0|0,0|0,0|0,0|0,0|0,0|0,0|0,0|0,0|0,0|0,0|0,2
b502bb08e06d58725d0382234300a7a773dbf0d0,0|0,0|0,0|0,0|0,0|0,0|0,0|0,0|0,0|0,0|0,0|0,0|1,0|1,0|0,0|0,0|0,0|0,0|0,0|0,0|0,0|0,0|0,0|0,0|0,0|0,0|0,0|0,0|0,0|0,0|0,0|0,0|0,0|0,0|0,0|0,0|0,0|0,0|0,0|0,0|0,0|0,0|0,0|0,0|0,0|0,0|0,2
92b80e2468f53ffb86b7b530e54579a81c8f3d22,0|0,0|0,0|0,0|0,0|0,0|0,0|0,0|0,0|0,0|0,0|0,0|1,0|1,0|0,0|0,0|0,0|0,0|0,0|0,0|0,0|0,0|0,0|0,0|0,0|0,0|0,0|0,0|0,0|0,0|0,0|0,0|0,0|0,0|0,0|0,0|0,0|0,0|0,0|0,0|0,0|0,0|0,0|0,0|0,0|0,0|0,2
a9547da138871ff019aaa51092544d9ca005dffd,0|0,0|0,0|0,0|0,0|0,0|0,0|0,0|0,0|0,0|0,0|0,0|1,0|1,0|0,0|0,0|0,0|0,0|0,0|0,0|0,0|0,0|0,0|0,0|0,0|0,0|0,0|0,0|0,0|0,0|0,0|0,0|0,0|0,0|0,0|0,0|0,0|0,0|0,0|0,0|0,0|0,0|0,0|0,0|0,0|0,0|0,2
8e84abfa0e9beedaeebaa34e4b84eb7acb03bd68,0|0,0|0,0|0,0|0,0|0,0|0,0|0,0|0,0|0,0|0,0|0,0|1,0|1,0|0,0|0,0|0,0|0,0|0,0|0,0|0,0|0,0|0,0|0,0|0,0|0,0|0,0|0,0|0,0|0,0|0,0|0,0|0,0|0,0|0,0|0,0|0,0|0,0|0,0|0,0|0,0|0,0|0,0|0,0|0,0|0,0|0,2
fc58e564f0ff31049fcfa39b68657f3f91d637be,0|0,0|0,0|0,0|0,0|0,0|0,0|0,0|0,0|0,0|0,0|0,0|1,0|1,0|0,0|0,0|0,0|0,0|0,0|0,0|0,0|0,0|0,0|0,0|0,0|0,0|0,0|0,0|0,0|0,0|0,0|0,0|0,0|0,0|0,0|0,0|0,0|0,0|0,0|0,0|0,0|0,0|0,0|0,0|0,0|0,0|0,2
0576dc2a49a86b4cc20d4106be5fcf1fd8c539ed,0|0,0|0,0|0,0|0,0|0,0|0,0|0,0|0,0|0,0|0,0|0,0|1,0|1,0|0,0|0,0|0,0|0,0|0,0|0,0|0,0|0,0|0,0|0,0|0,0|0,0|0,0|0,0|0,0|0,0|0,0|0,0|0,0|0,0|0,0|0,0|0,0|0,0|0,0|0,0|0,0|0,0|0,0|0,0|0,0|0,0|0,2
017e395ed179e88ae921b99c88dcfcfe878f7cc3,0|0,0|0,0|0,0|0,0|0,0|0,0|0,0|0,0|0,0|0,0|0,0|1,0|1,0|0,0|0,0|0,0|0,0|0,0|0,0|0,0|0,0|0,0|0,0|0,0|0,0|0,0|0,0|0,0|0,0|0,0|0,0|0,0|0,0|0,0|0,0|0,0|0,0|0,0|0,0|0,0|0,0|0,0|0,0|0,0|0,0|0,2
044a11faca10988e51e0194f997a7d12d0fed7df,0|0,0|0,0|0,0|0,0|0,0|0,0|0,0|0,0|0,0|0,0|0,0|1,0|1,0|0,0|0,0|0,0|0,0|0,0|0,0|0,0|0,0|0,0|0,0|0,0|0,0|0,0|0,0|0,0|0,0|0,0|0,0|0,0|0,0|0,0|0,0|0,0|0,0|0,0|0,0|0,0|0,0|0,0|0,0|0,0|0,0|0,2
f6cb869c637850e9439fb9a04f392f352d909712,0|0,0|0,0|0,0|0,0|0,0|0,0|0,0|0,0|0,0|0,0|0,0|1,0|1,0|0,0|0,0|0,0|0,0|0,0|0,0|0,0|0,0|0,0|0,0|0,0|0,0|0,0|0,0|0,0|0,0|0,0|0,0|0,0|0,0|0,0|0,0|0,0|0,0|0,0|0,0|0,0|0,0|0,0|0,0|0,0|0,0|0,2
89a363aff68b80f81e8f244a5292cdc5de4d5ec0,0|0,0|0,0|0,0|0,0|0,0|0,0|0,0|0,0|0,0|0,0|0,0|1,0|1,0|0,0|0,0|0,0|0,0|0,0|0,0|0,0|0,0|0,0|0,0|0,0|0,0|0,0|0,0|0,0|0,0|0,0|0,0|0,0|0,0|0,0|0,0|0,0|0,0|0,0|0,0|0,0|0,0|0,0|0,0|0,0|0,0|0,2
bbf42c36104fe4d0b0ce8372ab2dfdf1f76de300,0|0,0|0,0|0,0|0,0|0,0|0,0|0,0|0,0|0,0|0,0|0,0|1,0|1,0|0,0|0,0|0,0|0,0|0,0|0,0|0,0|0,0|0,0|0,0|0,0|0,0|0,0|0,0|0,0|0,0|0,0|0,0|0,0|0,0|0,0|0,0|0,0|0,0|0,0|0,0|0,0|0,0|0,0|0,0|0,0|0,0|0,2
ac18d5a0840ff225c122849a311f3e1429c2b795,0|0,0|0,0|0,0|0,0|0,0|0,0|0,0|0,0|0,0|0,0|0,0|1,0|1,0|0,0|0,0|0,0|0,0|0,0|0,0|0,0|0,0|0,0|0,0|0,0|0,0|0,0|0,0|0,0|0,0|0,0|0,0|0,0|0,0|0,0|0,0|0,0|0,0|0,0|0,0|0,0|0,0|0,0|0,0|0,0|0,0|0,2
af02ffb60f7cd6b44c2b99f7719323e9dc6fcfa8,0|0,0|0,0|0,0|0,0|0,0|0,0|0,0|0,0|0,0|0,0|0,0|1,0|1,0|0,0|0,0|0,0|0,0|0,0|0,0|0,0|0,0|0,0|0,0|0,0|0,0|0,0|0,0|0,0|0,0|0,0|0,0|0,0|0,0|0,0|0,0|0,0|0,0|0,0|0,0|0,0|0,0|0,0|0,0|0,0|0,0|0,2
6b5bdf773d2f9469320a5049df242981e6bf379e,0|0,0|0,0|0,0|0,0|0,0|0,0|0,0|0,0|0,0|0,0|0,0|1,0|1,0|0,0|0,0|0,0|0,0|0,0|0,0|0,0|0,0|0,0|0,0|0,0|0,0|0,0|0,0|0,0|0,0|0,0|0,0|0,0|0,0|0,0|0,0|0,0|0,0|0,0|0,0|0,0|0,0|0,0|0,0|0,0|0,0|0,2
328ff2465709372c595cb25d99135aa515da3c5a,0|0,0|0,0|0,0|0,0|0,0|0,0|0,0|0,0|0,0|0,0|0,0|1,0|1,0|0,0|0,0|0,0|0,0|0,0|0,0|0,0|0,0|0,0|0,0|0,0|0,0|0,0|0,0|0,0|0,0|0,0|0,0|0,0|0,0|0,0|0,0|0,0|0,0|0,0|0,0|0,0|0,0|0,0|0,0|0,0|0,0|0,2
419483f12819138e401799eb37c362e1b0563d84,0|0,0|0,0|0,0|0,0|0,0|0,0|0,0|0,0|0,0|0,0|0,0|1,0|1,0|0,0|0,0|0,0|0,0|0,0|0,0|0,0|0,0|0,0|0,0|0,0|0,0|0,0|0,0|0,0|0,0|0,0|0,0|0,0|0,0|0,0|0,0|0,0|0,0|0,0|0,0|0,0|0,0|0,0|0,0|0,0|0,0|0,2
f35fad13c3372295011336f094834caaa1c0e7ae,0|0,0|0,0|0,0|0,0|0,0|0,0|0,0|0,0|0,0|0,0|0,0|1,0|1,0|0,0|0,0|0,0|0,0|0,0|0,0|0,0|0,0|0,0|0,0|0,0|0,0|0,0|0,0|0,0|0,0|0,0|0,0|0,0|0,0|0,0|0,0|0,0|0,0|0,0|0,0|0,0|0,0|0,0|0,0|0,0|0,0|0,2
13dab51cc71f3597d9c3264f2c9cd0229d467c1f,0|0,0|0,0|0,0|0,0|0,0|0,0|0,0|0,0|0,0|0,0|0,0|1,0|1,0|0,0|0,0|0,0|0,0|0,0|0,0|0,0|0,0|0,0|0,0|0,0|0,0|0,0|0,0|0,0|0,0|0,0|0,0|0,0|0,0|0,0|0,0|0,0|0,0|0,0|0,0|0,0|0,0|0,0|0,0|0,0|0,0|0,2
22780da8d5115c8ba4a6418041a15fb9c38e522f,0|0,0|0,0|0,0|0,0|0,0|0,0|0,0|0,0|0,0|0,0|0,0|1,0|1,0|0,0|0,0|0,0|0,0|0,0|0,0|0,0|0,0|0,0|0,0|0,0|0,0|0,0|0,0|0,0|0,0|0,0|0,0|0,0|0,0|0,0|0,0|0,0|0,0|0,0|0,0|0,0|0,0|0,0|0,0|0,0|0,0|0,2
3529268df8ead64312831404daa4a5d837fb829b,0|0,0|0,0|0,0|0,0|0,0|0,0|0,0|0,0|0,0|0,0|0,0|1,0|1,0|0,0|0,0|0,0|0,0|0,0|0,0|0,0|0,0|0,0|0,0|0,0|0,0|0,0|0,0|0,0|0,0|0,0|0,0|0,0|0,0|0,0|0,0|0,0|0,0|0,0|0,0|0,0|0,0|0,0|0,0|0,0|0,0|0,2
76bb83085b6f20e280da9e63cf5e867669ddb007,0|0,0|0,0|0,0|0,0|0,0|0,0|0,0|0,0|0,0|0,0|0,0|1,0|1,0|0,0|0,0|0,0|0,0|0,0|0,0|0,0|0,0|0,0|0,0|0,0|0,0|0,0|0,0|0,0|0,0|0,0|0,0|0,0|0,0|0,0|0,0|0,0|0,0|0,0|0,0|0,0|0,0|0,0|0,0|0,0|0,0|0,2
3d8fd42307fba1f4dd7272efa14d024c15c008e0,0|0,0|0,0|0,0|0,0|0,0|0,0|0,0|0,0|0,0|0,0|0,0|1,0|1,0|0,0|0,0|0,0|0,0|0,0|0,0|0,0|0,0|0,0|0,0|0,0|0,0|0,0|0,0|0,0|0,0|0,0|0,0|0,0|0,0|0,0|0,0|0,0|0,0|0,0|0,0|0,0|0,0|0,0|0,0|0,0|0,0|0,2
5c8e125f06bcce29ef61e8282e94208eeb357660,0|0,0|0,0|0,0|0,0|0,0|0,0|0,0|0,0|0,0|0,0|0,0|1,0|1,0|0,0|0,0|0,0|0,0|0,0|0,0|0,0|0,0|0,0|0,0|0,0|0,0|0,0|0,0|0,0|0,0|0,0|0,0|0,0|0,0|0,0|0,0|0,0|0,0|0,0|0,0|0,0|0,0|0,0|0,0|0,0|0,0|0,2
bfabb0ddf4000ffb82fb594ac549e4d2083bd0a7,0|0,0|0,0|0,0|0,0|0,0|0,0|0,0|0,0|0,0|0,0|0,0|1,0|1,0|0,0|0,0|0,0|0,0|0,0|0,0|0,0|0,0|0,0|0,0|0,0|0,0|0,0|0,0|0,0|0,0|0,0|0,0|0,0|0,0|0,0|0,0|0,0|0,0|0,0|0,0|0,0|0,0|0,0|0,0|0,0|0,0|0,2
acffd7bd1e30cf2d75a9858bfbb90996da758b3d,0|0,0|0,0|0,0|0,0|0,0|0,0|0,0|0,0|0,0|0,0|0,0|1,0|1,0|0,0|0,0|0,0|0,0|0,0|0,0|0,0|0,0|0,0|0,0|0,0|0,0|0,0|0,0|0,0|0,0|0,0|0,0|0,0|0,0|0,0|0,0|0,0|0,0|0,0|0,0|0,0|0,0|0,0|0,0|0,0|0,0|0,2
d670850f55635b17c384cc3ea915157ea60dae6c,0|0,0|0,0|0,0|0,0|0,0|0,0|0,0|0,0|0,0|0,0|0,0|1,0|1,0|0,0|0,0|0,0|0,0|0,0|0,0|0,0|0,0|0,0|0,0|0,0|0,0|0,0|0,0|0,0|0,0|0,0|0,0|0,0|0,0|0,0|0,0|0,0|0,0|0,0|0,0|0,0|0,0|0,0|0,0|0,0|0,0|0,2
e45f0a4b64a27abedf0219aa51e08054251871ab,0|0,0|0,0|0,0|0,0|0,0|0,0|0,0|0,0|0,0|0,0|0,0|1,0|1,0|0,0|0,0|0,0|0,0|0,0|0,0|0,0|0,0|0,0|0,0|0,0|0,0|0,0|0,0|0,0|0,0|0,0|0,0|0,0|0,0|0,0|0,0|0,0|0,0|0,0|0,0|0,0|0,0|0,0|0,0|0,0|0,0|0,2
fe3d926741691e0560d779a5bbec9a975c3fdf90,0|0,0|0,0|0,0|0,0|0,0|0,0|0,0|0,0|0,0|0,0|0,0|1,0|1,0|0,0|0,0|0,0|0,0|0,0|0,0|0,0|0,0|0,0|0,0|0,0|0,0|0,0|0,0|0,0|0,0|0,0|0,0|0,0|0,0|0,0|0,0|0,0|0,0|0,0|0,0|0,0|0,0|0,0|0,0|0,0|0,0|0,2
fb2027cc8ec246cf10fe24784c3569f97ddfa6f1,0|0,0|0,0|0,0|0,0|0,0|0,0|0,0|0,0|0,0|0,0|0,0|1,0|1,0|0,0|0,0|0,0|0,0|0,0|0,0|0,0|0,0|0,0|0,0|0,0|0,0|0,0|0,0|0,0|0,0|0,0|0,0|0,0|0,0|0,0|0,0|0,0|0,0|0,0|0,0|0,0|0,0|0,0|0,0|0,0|0,0|0,2
53a5c354d833770196852ee94b0abefb73ffd8b8,0|0,0|0,0|0,0|0,0|0,0|0,0|0,0|0,0|0,0|0,0|0,0|1,0|1,0|0,0|0,0|0,0|0,0|0,0|0,0|0,0|0,0|0,0|0,0|0,0|0,0|0,0|0,0|0,0|0,0|0,0|0,0|0,0|0,0|0,0|0,0|0,0|0,0|0,0|0,0|0,0|0,0|0,0|0,0|0,0|0,0|0,2
21a6112b91ab056b05a9d72c25f40a722106e53e,0|0,0|0,0|0,0|0,0|0,0|0,0|0,0|0,0|0,0|0,0|0,0|1,0|1,0|0,0|0,0|0,0|0,0|0,0|0,0|0,0|0,0|0,0|0,0|0,0|0,0|0,0|0,0|0,0|0,0|0,0|0,0|0,0|0,0|0,0|0,0|0,0|0,0|0,0|0,0|0,0|0,0|0,0|0,0|0,0|0,0|0,2
78f762bd367bd413b7fe3cae18989d23faebb40d,0|0,0|0,0|0,0|0,0|0,0|0,0|0,0|0,0|0,0|0,0|0,0|1,0|1,0|0,0|0,0|0,0|0,0|0,0|0,0|0,0|0,0|0,0|0,0|0,0|0,0|0,0|0,0|0,0|0,0|0,0|0,0|0,0|0,0|0,0|0,0|0,0|0,0|0,0|0,0|0,0|0,0|0,0|0,0|0,0|0,0|0,2
38984af03ec40688106b5200da0f7657f4470ea5,0|0,0|0,0|0,0|0,0|0,0|0,0|0,0|0,0|0,0|0,0|0,0|1,0|1,0|0,0|0,0|0,0|0,0|0,0|0,0|0,0|0,0|0,0|0,0|0,0|0,0|0,0|0,0|0,0|0,0|0,0|0,0|0,0|0,0|0,0|0,0|0,0|0,0|0,0|0,0|0,0|0,0|0,0|0,0|0,0|0,0|0,2
7437ecaab02a893ae9fb43ca193f0d184ed5a3ea,0|0,0|0,0|0,0|0,0|0,0|0,0|0,0|0,0|0,0|0,0|0,0|1,0|1,0|0,0|0,0|0,0|0,0|0,0|0,0|0,0|0,0|0,0|0,0|0,0|0,0|0,0|0,0|0,0|0,0|0,0|0,0|0,0|0,0|0,0|0,0|0,0|0,0|0,0|0,0|0,0|0,0|0,0|0,0|0,0|0,0|0,2
daa1c8ef8c8a61899bf3d311f7efa11c090bfe70,0|0,0|0,0|0,0|0,0|0,0|0,0|0,0|0,0|0,0|0,0|0,0|1,0|1,0|0,0|0,0|0,0|0,0|0,0|0,0|0,0|0,0|0,0|0,0|0,0|0,0|0,0|0,0|0,0|0,0|0,0|0,0|0,0|0,0|0,0|0,0|0,0|0,0|0,0|0,0|0,0|0,0|0,0|0,0|0,0|0,0|0,2
6c119c0b062e71ca5962b5d1a46425e53acce9eb,0|0,0|0,0|0,0|0,0|0,0|0,0|0,0|0,0|0,0|0,0|0,0|1,0|1,0|0,0|0,0|0,0|0,0|0,0|0,0|0,0|0,0|0,0|0,0|0,0|0,0|0,0|0,0|0,0|0,0|0,0|0,0|0,0|0,0|0,0|0,0|0,0|0,0|0,0|0,0|0,0|0,0|0,0|0,0|0,0|0,0|0,2
23a15bae5f93742953c2dd968e699fa88a2c47d7,0|0,0|0,0|0,0|0,0|0,0|0,0|0,0|0,0|0,0|0,0|0,0|1,0|1,0|0,0|0,0|0,0|0,0|0,0|0,0|0,0|0,0|0,0|0,0|0,0|0,0|0,0|0,0|0,0|0,0|0,0|0,0|0,0|0,0|0,0|0,0|0,0|0,0|0,0|0,0|0,0|0,0|0,0|0,0|0,0|0,0|0,2
6b9155589a3db112b164ce05ba01ea667100a19d,0|0,0|0,0|0,0|0,0|0,0|0,0|0,0|0,0|0,0|0,0|0,0|1,0|1,0|0,0|0,0|0,0|0,0|0,0|0,0|0,0|0,0|0,0|0,0|0,0|0,0|0,0|0,0|0,0|0,0|0,0|0,0|0,0|0,0|0,0|0,0|0,0|0,0|0,0|0,0|0,0|0,0|0,0|0,0|0,0|0,0|0,2
d4a42ed73325f8f07f26f96fc08ad4feb8880df3,0|0,0|0,0|0,0|0,0|0,0|0,0|0,0|0,0|0,0|0,0|0,0|1,0|1,0|0,0|0,0|0,0|0,0|0,0|0,0|0,0|0,0|0,0|0,0|0,0|0,0|0,0|0,0|0,0|0,0|0,0|0,0|0,0|0,0|0,0|0,0|0,0|0,0|0,0|0,0|0,0|0,0|0,0|0,0|0,0|0,0|0,2
b77a4276f9c9273b9abefb76e4c5409265fe747c,0|0,0|0,0|0,0|0,0|0,0|0,0|0,0|0,0|0,0|0,0|0,0|1,0|1,0|0,0|0,0|0,0|0,0|0,0|0,0|0,0|0,0|0,0|0,0|0,0|0,0|0,0|0,0|0,0|0,0|0,0|0,0|0,0|0,0|0,0|0,0|0,0|0,0|0,0|0,0|0,0|0,0|0,0|0,0|0,0|0,0|0,2
eb689b2069ebd9d78e376e812af5163ad61fd7ad,0|0,0|0,0|0,0|0,0|0,0|0,0|0,0|0,0|0,0|0,0|0,0|1,0|1,0|0,0|0,0|0,0|0,0|0,0|0,0|0,0|0,0|0,0|0,0|0,0|0,0|0,0|0,0|0,0|0,0|0,0|0,0|0,0|0,0|0,0|0,0|0,0|0,0|0,0|0,0|0,0|0,0|0,0|0,0|0,0|0,0|0,2
1fb1848586af7b5b121a3e08ed31e607c5758aab,0|0,0|0,0|0,0|0,0|0,0|0,0|0,0|0,0|0,0|0,0|0,0|1,0|1,0|0,0|0,0|0,0|0,0|0,0|0,0|0,0|0,0|0,0|0,0|0,0|0,0|0,0|0,0|0,0|0,0|0,0|0,0|0,0|0,0|0,0|0,0|0,0|0,0|0,0|0,0|0,0|0,0|0,0|0,0|0,0|0,0|0,2
860ef58aceed8dd8907f16d026c58345f1d84fb3,0|0,0|0,0|0,0|0,0|0,0|0,0|0,0|0,0|0,0|0,0|0,0|1,0|1,0|0,0|0,0|0,0|0,0|0,0|0,0|0,0|0,0|0,0|0,0|0,0|0,0|0,0|0,0|0,0|0,0|0,0|0,0|0,0|0,0|0,0|0,0|0,0|0,0|0,0|0,0|0,0|0,0|0,0|0,0|0,0|0,0|0,2
1ecc6d323eff8f5d7990e88675c1cc99c4eadb79,0|0,0|0,0|0,0|0,0|0,0|0,0|0,0|0,0|0,0|0,0|0,0|1,0|1,0|0,0|0,0|0,0|0,0|0,0|0,0|0,0|0,0|0,0|0,0|0,0|0,0|0,0|0,0|0,0|0,0|0,0|0,0|0,0|0,0|0,0|0,0|0,0|0,0|0,0|0,0|0,0|0,0|0,0|0,0|0,0|0,0|0,2
62cd852c6f0b7d0f131a646c534136f6fa118fab,0|0,0|0,0|0,0|0,0|0,0|0,0|0,0|0,0|0,0|0,0|0,0|1,0|1,0|0,0|0,0|0,0|0,0|0,0|0,0|0,0|0,0|0,0|0,0|0,0|0,0|0,0|0,0|0,0|0,0|0,0|0,0|0,0|0,0|0,0|0,0|0,0|0,0|0,0|0,0|0,0|0,0|0,0|0,0|0,0|0,0|0,2
4cb8712a3584666a20d9faa1e72756fabb024ad5,0|0,0|0,0|0,0|0,0|0,0|0,0|0,0|0,0|0,0|0,0|0,0|1,0|1,0|0,0|0,0|0,0|0,0|0,0|0,0|0,0|0,0|0,0|0,0|0,0|0,0|0,0|0,0|0,0|0,0|0,0|0,0|0,0|0,0|0,0|0,0|0,0|0,0|0,0|0,0|0,0|0,0|0,0|0,0|0,0|0,0|0,2
9c5fbb52087e70d4e772e574fda44116cc13ffb0,0|0,0|0,0|0,0|0,0|0,0|0,0|0,0|0,0|0,0|0,0|0,0|1,0|1,0|0,0|0,0|0,0|0,0|0,0|0,0|0,0|0,0|0,0|0,0|0,0|0,0|0,0|0,0|0,0|0,0|0,0|0,0|0,0|0,0|0,0|0,0|0,0|0,0|0,0|0,0|0,0|0,0|0,0|0,0|0,0|0,0|0,2
499897219e5ddd86bfeb8d3dce324a269f80241a,0|0,0|0,0|0,0|0,0|0,0|0,0|0,0|0,0|0,0|0,0|0,0|1,0|1,0|0,0|0,0|0,0|0,0|0,0|0,0|0,0|0,0|0,0|0,0|0,0|0,0|0,0|0,0|0,0|0,0|0,0|0,0|0,0|0,0|0,0|0,0|0,0|0,0|0,0|0,0|0,0|0,0|0,0|0,0|0,0|0,0|0,2
21ad3a177527e3b5d933c141274ea79afb6cb02f,0|0,0|0,0|0,0|0,0|0,0|0,0|0,0|0,0|0,0|0,0|0,0|1,0|1,0|0,0|0,0|0,0|0,0|0,0|0,0|0,0|0,0|0,0|0,0|0,0|0,0|0,0|0,0|0,0|0,0|0,0|0,0|0,0|0,0|0,0|0,0|0,0|0,0|0,0|0,0|0,0|0,0|0,0|0,0|0,0|0,0|0,2
5cb6ddfd221bd8c761d6a54e450e8ba9e920de00,0|0,0|0,0|0,0|0,0|0,0|0,0|0,0|0,0|0,0|0,0|0,0|1,0|1,0|0,0|0,0|0,0|0,0|0,0|0,0|0,0|0,0|0,0|0,0|0,0|0,0|0,0|0,0|0,0|0,0|0,0|0,0|0,0|0,0|0,0|0,0|0,0|0,0|0,0|0,0|0,0|0,0|0,0|0,0|0,0|0,0|0,2
5587010cfb67baec9087061f2d9f202d55165981,0|0,0|0,0|0,0|0,0|0,0|0,0|0,0|0,0|0,0|0,0|0,0|1,0|1,0|0,0|0,0|0,0|0,0|0,0|0,0|0,0|0,0|0,0|0,0|0,0|0,0|0,0|0,0|0,0|0,0|0,0|0,0|0,0|0,0|0,0|0,0|0,0|0,0|0,0|0,0|0,0|0,0|0,0|0,0|0,0|0,0|0,2
edf3a57a6a197ea197d6c07d50dc94bc7bd97f8d,0|0,0|0,0|0,0|0,0|0,0|0,0|0,0|0,0|0,0|0,0|0,0|1,0|1,0|0,0|0,0|0,0|0,0|0,0|0,0|0,0|0,0|0,0|0,0|0,0|0,0|0,0|0,0|0,0|0,0|0,0|0,0|0,0|0,0|0,0|0,0|0,0|0,0|0,0|0,0|0,0|0,0|0,0|0,0|0,0|0,0|0,2
74a77e7b3d4af1a3bebb2628ba551089cefc4e74,0|0,0|0,0|0,0|0,0|0,0|0,0|0,0|0,0|0,0|0,0|0,0|1,0|1,0|0,0|0,0|0,0|0,0|0,0|0,0|0,0|0,0|0,0|0,0|0,0|0,0|0,0|0,0|0,0|0,0|0,0|0,0|0,0|0,0|0,0|0,0|0,0|0,0|0,0|0,0|0,0|0,0|0,0|0,0|0,0|0,0|0,2
5bd5461f966c5270d8a23ad22f5aab6506c95866,0|0,0|0,0|0,0|0,0|0,0|0,0|0,0|0,0|0,0|0,0|0,0|1,0|1,0|0,0|0,0|0,0|0,0|0,0|0,0|0,0|0,0|0,0|0,0|0,0|0,0|0,0|0,0|0,0|0,0|0,0|0,0|0,0|0,0|0,0|0,0|0,0|0,0|0,0|0,0|0,0|0,0|0,0|0,0|0,0|0,0|0,2
a89642ad044928c221e69412bd2666924ac5a7ee,0|0,0|0,0|0,0|0,0|0,0|0,0|0,0|0,0|0,0|0,0|0,0|1,0|1,0|0,0|0,0|0,0|0,0|0,0|0,0|0,0|0,0|0,0|0,0|0,0|0,0|0,0|0,0|0,0|0,0|0,0|0,0|0,0|0,0|0,0|0,0|0,0|0,0|0,0|0,0|0,0|0,0|0,0|0,0|0,0|0,0|0,2
2768da06377ab64fccbb1bf97460e892e0548a60,0|0,0|0,0|0,0|0,0|0,0|0,0|0,0|0,0|0,0|0,0|0,0|1,0|1,0|0,0|0,0|0,0|0,0|0,0|0,0|0,0|0,0|0,0|0,0|0,0|0,0|0,0|0,0|0,0|0,0|0,0|0,0|0,0|0,0|0,0|0,0|0,0|0,0|0,0|0,0|0,0|0,0|0,0|0,0|0,0|0,0|0,2
df1b3367a9dffa937cd2cc0de460d4394079ec6e,0|0,0|0,0|0,0|0,0|0,0|0,0|0,0|0,0|0,0|0,0|0,0|1,0|1,0|0,0|0,0|0,0|0,0|0,0|0,0|0,0|0,0|0,0|0,0|0,0|0,0|0,0|0,0|0,0|0,0|0,0|0,0|0,0|0,0|0,0|0,0|0,0|0,0|0,0|0,0|0,0|0,0|0,0|0,0|0,0|0,0|0,2
b231982286757107ae3b5277a7dc268ef5b144db,0|0,0|0,0|0,0|0,0|0,0|0,0|0,0|0,0|0,0|0,0|0,0|1,0|1,0|0,0|0,0|0,0|0,0|0,0|0,0|0,0|0,0|0,0|0,0|0,0|0,0|0,0|0,0|0,0|0,0|0,0|0,0|0,0|0,0|0,0|0,0|0,0|0,0|0,0|0,0|0,0|0,0|0,0|0,0|0,0|0,0|0,2
6462f4671cfafa00290d5658f860962651ab2a0d,0|0,0|0,0|0,0|0,0|0,0|0,0|0,0|0,0|0,0|0,0|0,0|1,0|1,0|0,0|0,0|0,0|0,0|0,0|0,0|0,0|0,0|0,0|0,0|0,0|0,0|0,0|0,0|0,0|0,0|0,0|0,0|0,0|0,0|0,0|0,0|0,0|0,0|0,0|0,0|0,0|0,0|0,0|0,0|0,0|0,0|0,2
34fc9d5d504202466f28ef9c1939f33a151685ea,0|0,0|0,0|0,0|0,0|0,0|0,0|0,0|0,0|0,0|0,0|0,0|1,0|1,0|0,0|0,0|0,0|0,0|0,0|0,0|0,0|0,0|0,0|0,0|0,0|0,0|0,0|0,0|0,0|0,0|0,0|0,0|0,0|0,0|0,0|0,0|0,0|0,0|0,0|0,0|0,0|0,0|0,0|0,0|0,0|0,0|0,2
e1be363037312cc107172a530a5c169e0105ba1a,0|0,0|0,0|0,0|0,0|0,0|0,0|0,0|0,0|0,0|0,0|0,0|1,0|1,0|0,0|0,0|0,0|0,0|0,0|0,0|0,0|0,0|0,0|0,0|0,0|0,0|0,0|0,0|0,0|0,0|0,0|0,0|0,0|0,0|0,0|0,0|0,0|0,0|0,0|0,0|0,0|0,0|0,0|0,0|0,0|0,0|0,2
cf00ffed32475ac2830bc2d8ae6780f17d3439c7,0|0,0|0,0|0,0|0,0|0,0|0,0|0,0|0,0|0,0|0,0|0,0|1,0|1,0|0,0|0,0|0,0|0,0|0,0|0,0|0,0|0,0|0,0|0,0|0,0|0,0|0,0|0,0|0,0|0,0|0,0|0,0|0,0|0,0|0,0|0,0|0,0|0,0|0,0|0,0|0,0|0,0|0,0|0,0|0,0|0,0|0,2
9c1827a77b5cb83c6b7195fcfd34207dedf3ecec,0|0,0|0,0|0,0|0,0|0,0|0,0|0,0|0,0|0,0|0,0|0,0|1,0|1,0|0,0|0,0|0,0|0,0|0,0|0,0|0,0|0,0|0,0|0,0|0,0|0,0|0,0|0,0|0,0|0,0|0,0|0,0|0,0|0,0|0,0|0,0|0,0|0,0|0,0|0,0|0,0|0,0|0,0|0,0|0,0|0,0|0,2
0fceb6576aeb76b78ad9c19c86830fba694cfd5d,0|0,0|0,0|0,0|0,0|0,0|0,0|0,0|0,0|0,0|0,0|0,0|1,0|1,0|0,0|0,0|0,0|0,0|0,0|0,0|0,0|0,0|0,0|0,0|0,0|0,0|0,0|0,0|0,0|0,0|0,0|0,0|0,0|0,0|0,0|0,0|0,0|0,0|0,0|0,0|0,0|0,0|0,0|0,0|0,0|0,0|0,2
7f944cc43ba58b5d049e36b7cbe1556e79790172,0|0,0|0,0|0,0|0,0|0,0|0,0|0,0|0,0|0,0|0,0|0,0|1,0|1,0|0,0|0,0|0,0|0,0|0,0|0,0|0,0|0,0|0,0|0,0|0,0|0,0|0,0|0,0|0,0|0,0|0,0|0,0|0,0|0,0|0,0|0,0|0,0|0,0|0,0|0,0|0,0|0,0|0,0|0,0|0,0|0,0|0,2
84132c6735935ce494a665557dcbabfd2703b036,0|0,0|0,0|0,0|0,0|0,0|0,0|0,0|0,0|0,0|0,0|0,0|1,0|1,0|0,0|0,0|0,0|0,0|0,0|0,0|0,0|0,0|0,0|0,0|0,0|0,0|0,0|0,0|0,0|0,0|0,0|0,0|0,0|0,0|0,0|0,0|0,0|0,0|0,0|0,0|0,0|0,0|0,0|0,0|0,0|0,0|0,2
ab037e2c828db757811b2f91f45b7b64dfb934a1,0|0,0|0,0|0,0|0,0|0,0|0,0|0,0|0,0|0,0|0,0|0,0|1,0|1,0|0,0|0,0|0,0|0,0|0,0|0,0|0,0|0,0|0,0|0,0|0,0|0,0|0,0|0,0|0,0|0,0|0,0|0,0|0,0|0,0|0,0|0,0|0,0|0,0|0,0|0,0|0,0|0,0|0,0|0,0|0,0|0,0|0,2
dc401f8a74811b947e0f7e3aee6c7b1c8724a6d0,0|0,0|0,0|0,0|0,0|0,0|0,0|0,0|0,0|0,0|0,0|0,0|1,0|1,0|0,0|0,0|0,0|0,0|0,0|0,0|0,0|0,0|0,0|0,0|0,0|0,0|0,0|0,0|0,0|0,0|0,0|0,0|0,0|0,0|0,0|0,0|0,0|0,0|0,0|0,0|0,0|0,0|0,0|0,0|0,0|0,0|0,2
b7376cc6903b0e1e111fad38484e592676883faa,0|0,0|0,0|0,0|0,0|0,0|0,0|0,0|0,0|0,0|0,0|0,0|1,0|1,0|0,0|0,0|0,0|0,0|0,0|0,0|0,0|0,0|0,0|0,0|0,0|0,0|0,0|0,0|0,0|0,0|0,0|0,0|0,0|0,0|0,0|0,0|0,0|0,0|0,0|0,0|0,0|0,0|0,0|0,0|0,0|0,0|0,2
32f0446c9c90bb02e11be75381f0855106cdd1ed,0|0,0|0,0|0,0|0,0|0,0|0,0|0,0|0,0|0,0|0,0|0,0|1,0|1,0|0,0|0,0|0,0|0,0|0,0|0,0|0,0|0,0|0,0|0,0|0,0|0,0|0,0|0,0|0,0|0,0|0,0|0,0|0,0|0,0|0,0|0,0|0,0|0,0|0,0|0,0|0,0|0,0|0,0|0,0|0,0|0,0|0,2
05d76525b0ee93164001405e4a9ff82e5caa025c,0|0,0|0,0|0,0|0,0|0,0|0,0|0,0|0,0|0,0|0,0|0,0|1,0|1,0|0,0|0,0|0,0|0,0|0,0|0,0|0,0|0,0|0,0|0,0|0,0|0,0|0,0|0,0|0,0|0,0|0,0|0,0|0,0|0,0|0,0|0,0|0,0|0,0|0,0|0,0|0,0|0,0|0,0|0,0|0,0|0,0|0,2
a91e6179c5e19cd7769247614680a5e99f1b7cfc,0|0,0|0,0|0,0|0,0|0,0|0,0|0,0|0,0|0,0|0,0|0,0|1,0|1,0|0,0|0,0|0,0|0,0|0,0|0,0|0,0|0,0|0,0|0,0|0,0|0,0|0,0|0,0|0,0|0,0|0,0|0,0|0,0|0,0|0,0|0,0|0,0|0,0|0,0|0,0|0,0|0,0|0,0|0,0|0,0|0,0|0,2
4ddb5f4245a9c4bd4fba8e0690efddaead92b045,0|0,0|0,0|0,0|0,0|0,0|0,0|0,0|0,0|0,0|0,0|0,0|1,0|1,0|0,0|0,0|0,0|0,0|0,0|0,0|0,0|0,0|0,0|0,0|0,0|0,0|0,0|0,0|0,0|0,0|0,0|0,0|0,0|0,0|0,0|0,0|0,0|0,0|0,0|0,0|0,0|0,0|0,0|0,0|0,0|0,0|0,2
3bb12fde6357136c8309e05bd08134f9440bb8ad,0|0,0|0,0|0,0|0,0|0,0|0,0|0,0|0,0|0,0|0,0|0,0|1,0|1,0|0,0|0,0|0,0|0,0|0,0|0,0|0,0|0,0|0,0|0,0|0,0|0,0|0,0|0,0|0,0|0,0|0,0|0,0|0,0|0,0|0,0|0,0|0,0|0,0|0,0|0,0|0,0|0,0|0,0|0,0|0,0|0,0|0,2
53ee6db795ae237d1a32818045c754dc912ef2e5,0|0,0|0,0|0,0|0,0|0,0|0,0|0,0|0,0|0,0|0,0|0,0|1,0|1,0|0,0|0,0|0,0|0,0|0,0|0,0|0,0|0,0|0,0|0,0|0,0|0,0|0,0|0,0|0,0|0,0|0,0|0,0|0,0|0,0|0,0|0,0|0,0|0,0|0,0|0,0|0,0|0,0|0,0|0,0|0,0|0,0|0,2
23b84cd3ee91ece32c605f3eee77d598cea8b3d6,0|0,0|0,0|0,0|0,0|0,0|0,0|0,0|0,0|0,0|0,0|0,0|1,0|1,0|0,0|0,0|0,0|0,0|0,0|0,0|0,0|0,0|0,0|0,0|0,0|0,0|0,0|0,0|0,0|0,0|0,0|0,0|0,0|0,0|0,0|0,0|0,0|0,0|0,0|0,0|0,0|0,0|0,0|0,0|0,0|0,0|0,2
3aa16b63e834026003d57d5328adf2ec9a69a9b5,0|0,0|0,0|0,0|0,0|0,0|0,0|0,0|0,0|0,0|0,0|0,0|1,0|1,0|0,0|0,0|0,0|0,0|0,0|0,0|0,0|0,0|0,0|0,0|0,0|0,0|0,0|0,0|0,0|0,0|0,0|0,0|0,0|0,0|0,0|0,0|0,0|0,0|0,0|0,0|0,0|0,0|0,0|0,0|0,0|0,0|0,2
1b524f553886bdd37aea4a3e04e00d9949f979e7,0|0,0|0,0|0,0|0,0|0,0|0,0|0,0|0,0|0,0|0,0|0,0|1,0|1,0|0,0|0,0|0,0|0,0|0,0|0,0|0,0|0,0|0,0|0,0|0,0|0,0|0,0|0,0|0,0|0,0|0,0|0,0|0,0|0,0|0,0|0,0|0,0|0,0|0,0|0,0|0,0|0,0|0,0|0,0|0,0|0,0|0,2
cd21f0d31647444d93536bed2516ddc175e09b25,0|0,0|0,0|0,0|0,0|0,0|0,0|0,0|0,0|0,0|0,0|0,0|1,0|1,0|0,0|0,0|0,0|0,0|0,0|0,0|0,0|0,0|0,0|0,0|0,0|0,0|0,0|0,0|0,0|0,0|0,0|0,0|0,0|0,0|0,0|0,0|0,0|0,0|0,0|0,0|0,0|0,0|0,0|0,0|0,0|0,0|0,2
eb37f8f1fbf62fce7e8997a24408b998f895d07b,0|0,0|0,0|0,0|0,0|0,0|0,0|0,0|0,0|0,0|0,0|0,0|1,0|1,0|0,0|0,0|0,0|0,0|0,0|0,0|0,0|0,0|0,0|0,0|0,0|0,0|0,0|0,0|0,0|0,0|0,0|0,0|0,0|0,0|0,0|0,0|0,0|0,0|0,0|0,0|0,0|0,0|0,0|0,0|0,0|0,0|0,2
b8a5358e8010f5e46df528b440cd9cc26910fdb9,0|0,0|0,0|0,0|0,0|0,0|0,0|0,0|0,0|0,0|0,0|0,0|1,0|1,0|0,0|0,0|0,0|0,0|0,0|0,0|0,0|0,0|0,0|0,0|0,0|0,0|0,0|0,0|0,0|0,0|0,0|0,0|0,0|0,0|0,0|0,0|0,0|0,0|0,0|0,0|0,0|0,0|0,0|0,0|0,0|0,0|0,2
00dabce65e526a99e7848fe7ab53ac3bd9a68b92,0|0,0|0,0|0,0|0,0|0,0|0,0|0,0|0,0|0,0|0,0|0,0|1,0|1,0|0,0|0,0|0,0|0,0|0,0|0,0|0,0|0,0|0,0|0,0|0,0|0,0|0,0|0,0|0,0|0,0|0,0|0,0|0,0|0,0|0,0|0,0|0,0|0,0|0,0|0,0|0,0|0,0|0,0|0,0|0,0|0,0|0,2
2080cc73655a55a25b7d643b8c194d450425e753,0|0,0|0,0|0,0|0,0|0,0|0,0|0,0|0,0|0,0|0,0|0,0|1,0|1,0|0,0|0,0|0,0|0,0|0,0|0,0|0,0|0,0|0,0|0,0|0,0|0,0|0,0|0,0|0,0|0,0|0,0|0,0|0,0|0,0|0,0|0,0|0,0|0,0|0,0|0,0|0,0|0,0|0,0|0,0|0,0|0,0|0,2
1e2b57bed479f12c5c539d62663e6fa13059eb86,0|0,0|0,0|0,0|0,0|0,0|0,0|0,0|0,0|0,0|0,0|0,0|1,0|1,0|0,0|0,0|0,0|0,0|0,0|0,0|0,0|0,0|0,0|0,0|0,0|0,0|0,0|0,0|0,0|0,0|0,0|0,0|0,0|0,0|0,0|0,0|0,0|0,0|0,0|0,0|0,0|0,0|0,0|0,0|0,0|0,0|0,2
ec2735694b4b1906658fc96dad2d5a095033559f,0|0,0|0,0|0,0|0,0|0,0|0,0|0,0|0,0|0,0|0,0|0,0|1,0|1,0|0,0|0,0|0,0|0,0|0,0|0,0|0,0|0,0|0,0|0,0|0,0|0,0|0,0|0,0|0,0|0,0|0,0|0,0|0,0|0,0|0,0|0,0|0,0|0,0|0,0|0,0|0,0|0,0|0,0|0,0|0,0|0,0|0,2
5f7b9d802498215f5769a8bfa39d92356da2cfdd,0|0,0|0,0|0,0|0,0|0,0|0,0|0,0|0,0|0,0|0,0|0,0|0,0|1,0|0,0|0,0|0,0|0,0|0,0|0,0|0,0|0,0|0,0|0,0|0,0|0,0|0,0|0,0|0,0|0,0|0,0|0,0|0,0|0,0|0,0|0,0|0,0|0,0|0,0|0,0|0,0|0,0|0,0|0,0|0,0|0,0|0,1
367184628e85a204c006ce9461d9766384aba03f,0|0,0|0,0|0,0|0,0|0,0|0,0|0,0|0,0|0,0|0,0|0,0|0,0|1,0|0,0|0,0|0,0|0,0|0,0|0,0|0,0|0,0|0,0|0,0|0,0|0,0|0,0|0,0|0,0|0,0|0,0|0,0|0,0|0,0|0,0|0,0|0,0|0,0|0,0|0,0|0,0|0,0|0,0|0,0|0,0|0,0|0,1
68b6ac7da8b2f3c5f0ffa3f29015eefaa37e1ff5,0|0,0|0,0|0,0|0,0|0,0|0,0|0,0|0,0|0,0|0,0|0,0|0,0|1,0|0,0|0,0|0,0|0,0|0,0|0,0|0,0|0,0|0,0|0,0|0,0|0,0|0,0|0,0|0,0|0,0|0,0|0,0|0,0|0,0|0,0|0,0|0,0|0,0|0,0|0,0|0,0|0,0|0,0|0,0|0,0|0,0|0,1
e9f43516ec06638783fd03dea3aba0112584f566,0|0,0|0,0|0,0|0,0|0,0|0,0|0,0|0,0|0,0|0,0|0,0|0,0|1,0|0,0|0,0|0,0|0,0|0,0|0,0|0,0|0,0|0,0|0,0|0,0|0,0|0,0|0,0|0,0|0,0|0,0|0,0|0,0|0,0|0,0|0,0|0,0|0,0|0,0|0,0|0,0|0,0|0,0|0,0|0,0|0,0|0,1
0809956e5f9ebbe11d5e11bebaf0c390eb993464,0|0,0|0,0|0,0|0,0|0,0|0,0|0,0|0,0|0,0|0,0|0,0|0,0|1,0|0,0|0,0|0,0|0,0|0,0|0,0|0,0|0,0|0,0|0,0|0,0|0,0|0,0|0,0|0,0|0,0|0,0|0,0|0,0|0,0|0,0|0,0|0,0|0,0|0,0|0,0|0,0|0,0|0,0|0,0|0,0|0,0|0,1
d964c3e08179fd68da655b5f2975486cf918ff4a,0|0,0|0,0|0,0|0,0|0,0|0,0|0,0|0,0|0,0|0,0|0,0|0,0|1,0|0,0|0,0|0,0|0,0|0,0|0,0|0,0|0,0|0,0|0,0|0,0|0,0|0,0|0,0|0,0|0,0|0,0|0,0|0,0|0,0|0,0|0,0|0,0|0,0|0,0|0,0|0,0|0,0|0,0|0,0|0,0|0,0|0,1
3e5e9569ff6454e11a09d4cbb88efa778508ed05,0|0,0|0,0|0,0|0,0|0,0|0,0|0,0|0,0|0,0|0,0|0,0|0,0|1,0|0,0|0,0|0,0|0,0|0,0|0,0|0,0|0,0|0,0|0,0|0,0|0,0|0,0|0,0|0,0|0,0|0,0|0,0|0,0|0,0|0,0|0,0|0,0|0,0|0,0|0,0|0,0|0,0|0,0|0,0|0,0|0,0|0,1
53415c8855f4f0a78c9cfa07a89b572a76327415,0|0,0|0,0|0,0|0,0|0,0|0,0|0,0|0,0|0,0|0,0|0,0|0,0|1,0|0,0|0,0|0,0|0,0|0,0|0,0|0,0|0,0|0,0|0,0|0,0|0,0|0,0|0,0|0,0|0,0|0,0|0,0|0,0|0,0|0,0|0,0|0,0|0,0|0,0|0,0|0,0|0,0|0,0|0,0|0,0|0,0|0,1
399755607d5bf5b68e62f324a8614351437051c1,0|0,0|0,0|0,0|0,0|0,0|0,0|0,0|0,0|0,0|0,0|0,0|0,0|1,0|0,0|0,0|0,0|0,0|0,0|0,0|0,0|0,0|0,0|0,0|0,0|0,0|0,0|0,0|0,0|0,0|0,0|0,0|0,0|0,0|0,0|0,0|0,0|0,0|0,0|0,0|0,0|0,0|0,0|0,0|0,0|0,0|0,1
15295ef4c520f1e74163d15119e217ee799a24aa,0|0,0|0,0|0,0|0,0|0,0|0,0|0,0|0,0|0,0|0,0|0,0|0,0|1,0|0,0|0,0|0,0|0,0|0,0|0,0|0,0|0,0|0,0|0,0|0,0|0,0|0,0|0,0|0,0|0,0|0,0|0,0|0,0|0,0|0,0|0,0|0,0|0,0|0,0|0,0|0,0|0,0|0,0|0,0|0,0|0,0|0,1
a31bd5ac3c6a8542a414a32eb1b61b2d28d3c7a6,0|0,0|0,0|0,0|0,0|0,0|0,0|0,0|0,0|0,0|0,0|0,0|0,0|1,0|0,0|0,0|0,0|0,0|0,0|0,0|0,0|0,0|0,0|0,0|0,0|0,0|0,0|0,0|0,0|0,0|0,0|0,0|0,0|0,0|0,0|0,0|0,0|0,0|0,0|0,0|0,0|0,0|0,0|0,0|0,0|0,0|0,1
288ccd6215bd375c72fb87918f300af5761e9a1a,0|0,0|0,0|0,0|0,0|0,0|0,0|0,0|0,0|0,0|0,0|0,0|0,0|1,0|0,0|0,0|0,0|0,0|0,0|0,0|0,0|0,0|0,0|0,0|0,0|0,0|0,0|0,0|0,0|0,0|0,0|0,0|0,0|0,0|0,0|0,0|0,0|0,0|0,0|0,0|0,0|0,0|0,0|0,0|0,0|0,0|0,1
aa5486f5f8815cc4405b1be7d31ef923b51ab3fc,0|0,0|0,0|0,0|0,0|0,0|0,0|0,0|0,0|0,0|0,0|0,0|0,0|1,0|0,0|0,0|0,0|0,0|0,0|0,0|0,0|0,0|0,0|0,0|0,0|0,0|0,0|0,0|0,0|0,0|0,0|0,0|0,0|0,0|0,0|0,0|0,0|0,0|0,0|0,0|0,0|0,0|0,0|0,0|0,0|0,0|0,1
aeeccee106064d17159789a0db5f218573ff8d79,0|0,0|0,0|0,0|0,0|0,0|0,0|0,0|0,0|0,0|0,0|0,0|0,0|1,0|0,0|0,0|0,0|0,0|0,0|0,0|0,0|0,0|0,0|0,0|0,0|0,0|0,0|0,0|0,0|0,0|0,0|0,0|0,0|0,0|0,0|0,0|0,0|0,0|0,0|0,0|0,0|0,0|0,0|0,0|0,0|0,0|0,1
bb74b903d0c93c0719cfa12641a9836d61296657,0|0,0|0,0|0,0|0,0|0,0|0,0|0,0|0,0|0,0|0,0|0,0|0,0|1,0|0,0|0,0|0,0|0,0|0,0|0,0|0,0|0,0|0,0|0,0|0,0|0,0|0,0|0,0|0,0|0,0|0,0|0,0|0,0|0,0|0,0|0,0|0,0|0,0|0,0|0,0|0,0|0,0|0,0|0,0|0,0|0,0|0,1
50f4049b58b9d04a403ba7570935f887aef937db,0|0,0|0,0|0,0|0,0|0,0|0,0|0,0|0,0|0,0|0,0|0,0|0,0|1,0|0,0|0,0|0,0|0,0|0,0|0,0|0,0|0,0|0,0|0,0|0,0|0,0|0,0|0,0|0,0|0,0|0,0|0,0|0,0|0,0|0,0|0,0|0,0|0,0|0,0|0,0|0,0|0,0|0,0|0,0|0,0|0,0|0,1
ee945349063418882eb7a4a968fe72176c4eda04,0|0,0|0,0|0,0|0,0|0,0|0,0|0,0|0,0|0,0|0,0|0,0|0,0|1,0|0,0|0,0|0,0|0,0|0,0|0,0|0,0|0,0|0,0|0,0|0,0|0,0|0,0|0,0|0,0|0,0|0,0|0,0|0,0|0,0|0,0|0,0|0,0|0,0|0,0|0,0|0,0|0,0|0,0|0,0|0,0|0,0|0,1
b70ad0e2f19aa1d6f4b3b64208e14c6e5839d60a,0|0,0|0,0|0,0|0,0|0,0|0,0|0,0|0,0|0,0|0,0|0,0|0,0|1,0|0,0|0,0|0,0|0,0|0,0|0,0|0,0|0,0|0,0|0,0|0,0|0,0|0,0|0,0|0,0|0,0|0,0|0,0|0,0|0,0|0,0|0,0|0,0|0,0|0,0|0,0|0,0|0,0|0,0|0,0|0,0|0,0|0,1
01f4a571182a333b7aa724a74b5f4fb497ec865e,0|0,0|0,0|0,0|0,0|0,0|0,0|0,0|0,0|0,0|0,0|0,0|0,0|1,0|0,0|0,0|0,0|0,0|0,0|0,0|0,0|0,0|0,0|0,0|0,0|0,0|0,0|0,0|0,0|0,0|0,0|0,0|0,0|0,0|0,0|0,0|0,0|0,0|0,0|0,0|0,0|0,0|0,0|0,0|0,0|0,0|0,1
d19bad1581b6e75c6d58ef4e09b87cfdb8a1fb46,0|0,0|0,0|0,0|0,0|0,0|0,0|0,0|0,0|0,0|0,0|0,0|0,0|1,0|0,0|0,0|0,0|0,0|0,0|0,0|0,0|0,0|0,0|0,0|0,0|0,0|0,0|0,0|0,0|0,0|0,0|0,0|0,0|0,0|0,0|0,0|0,0|0,0|0,0|0,0|0,0|0,0|0,0|0,0|0,0|0,0|0,1
4b181be58e6f7aa03b3f01224d9d3190546fc07f,0|0,0|0,0|0,0|0,0|0,0|0,0|0,0|0,0|0,0|0,0|0,0|0,0|1,0|0,0|0,0|0,0|0,0|0,0|0,0|0,0|0,0|0,0|0,0|0,0|0,0|0,0|0,0|0,0|0,0|0,0|0,0|0,0|0,0|0,0|0,0|0,0|0,0|0,0|0,0|0,0|0,0|0,0|0,0|0,0|0,0|0,1
1f3ade5923fe3934cc3acd553d353d96bd00a1da,0|0,0|0,0|0,0|0,0|0,0|0,0|0,0|0,0|0,0|0,0|0,0|0,0|1,0|0,0|0,0|0,0|0,0|0,0|0,0|0,0|0,0|0,0|0,0|0,0|0,0|0,0|0,0|0,0|0,0|0,0|0,0|0,0|0,0|0,0|0,0|0,0|0,0|0,0|0,0|0,0|0,0|0,0|0,0|0,0|0,0|0,1
6e87daab699d4117a826994ad84007ef822b0751,0|0,0|0,0|0,0|0,0|0,0|0,0|0,0|0,0|0,0|0,0|0,0|0,0|1,0|0,0|0,0|0,0|0,0|0,0|0,0|0,0|0,0|0,0|0,0|0,0|0,0|0,0|0,0|0,0|0,0|0,0|0,0|0,0|0,0|0,0|0,0|0,0|0,0|0,0|0,0|0,0|0,0|0,0|0,0|0,0|0,0|0,1
155b1aaa687f1757cea92071fc053b28a49fab21,0|0,0|0,0|0,0|0,0|0,0|0,0|0,0|0,0|0,0|0,0|0,0|0,0|1,0|0,0|0,0|0,0|0,0|0,0|0,0|0,0|0,0|0,0|0,0|0,0|0,0|0,0|0,0|0,0|0,0|0,0|0,0|0,0|0,0|0,0|0,0|0,0|0,0|0,0|0,0|0,0|0,0|0,0|0,0|0,0|0,0|0,1
8cee718e8b3a64ac9b66f88844f43f0594c1bb37,0|0,0|0,0|0,0|0,0|0,0|0,0|0,0|0,0|0,0|0,0|0,0|0,0|1,0|0,0|0,0|0,0|0,0|0,0|0,0|0,0|0,0|0,0|0,0|0,0|0,0|0,0|0,0|0,0|0,0|0,0|0,0|0,0|0,0|0,0|0,0|0,0|0,0|0,0|0,0|0,0|0,0|0,0|0,0|0,0|0,0|0,1
8c0ea694f86b184c0d09c7e76aa760336dfe0b62,0|0,0|0,0|0,0|0,0|0,0|0,0|0,0|0,0|0,0|0,0|0,0|0,0|1,0|0,0|0,0|0,0|0,0|0,0|0,0|0,0|0,0|0,0|0,0|0,0|0,0|0,0|0,0|0,0|0,0|0,0|0,0|0,0|0,0|0,0|0,0|0,0|0,0|0,0|0,0|0,0|0,0|0,0|0,0|0,0|0,0|0,1
d6684f4b4c2654edadca16e208a95865ce94d7ef,0|0,0|0,0|0,0|0,0|0,0|0,0|0,0|0,0|0,0|0,0|0,0|0,0|1,0|0,0|0,0|0,0|0,0|0,0|0,0|0,0|0,0|0,0|0,0|0,0|0,0|0,0|0,0|0,0|0,0|0,0|0,0|0,0|0,0|0,0|0,0|0,0|0,0|0,0|0,0|0,0|0,0|0,0|0,0|0,0|0,0|0,1
a772e18977ec215dbf39cfaa259d6f890f7bd5a0,0|0,0|0,0|0,0|0,0|0,0|0,0|0,0|0,0|0,0|0,0|0,0|0,0|1,0|0,0|0,0|0,0|0,0|0,0|0,0|0,0|0,0|0,0|0,0|0,0|0,0|0,0|0,0|0,0|0,0|0,0|0,0|0,0|0,0|0,0|0,0|0,0|0,0|0,0|0,0|0,0|0,0|0,0|0,0|0,0|0,0|0,1
6289413fea1e66230f195e36e3c38082c1e00a93,0|0,0|0,0|0,0|0,0|0,0|0,0|0,0|0,0|0,0|0,0|0,0|0,0|1,0|0,0|0,0|0,0|0,0|0,0|0,0|0,0|0,0|0,0|0,0|0,0|0,0|0,0|0,0|0,0|0,0|0,0|0,0|0,0|0,0|0,0|0,0|0,0|0,0|0,0|0,0|0,0|0,0|0,0|0,0|0,0|0,0|0,1
6c366d73e27ab2097a197cd6d9870c1ca2457cc8,0|0,0|0,0|0,0|0,0|0,0|0,0|0,0|0,0|0,0|0,0|0,0|0,0|1,0|0,0|0,0|0,0|0,0|0,0|0,0|0,0|0,0|0,0|0,0|0,0|0,0|0,0|0,0|0,0|0,0|0,0|0,0|0,0|0,0|0,0|0,0|0,0|0,0|0,0|0,0|0,0|0,0|0,0|0,0|0,0|0,0|0,1
c68c8c79c9e5d65483c32c1772f70b00e846e48b,0|0,0|0,0|0,0|0,0|0,0|0,0|0,0|0,0|0,0|0,0|0,0|0,0|1,0|0,0|0,0|0,0|0,0|0,0|0,0|0,0|0,0|0,0|0,0|0,0|0,0|0,0|0,0|0,0|0,0|0,0|0,0|0,0|0,0|0,0|0,0|0,0|0,0|0,0|0,0|0,0|0,0|0,0|0,0|0,0|0,0|0,1
7255dbe4b703668e7621cdcfc5aa01258a50f0b5,0|0,0|0,0|0,0|0,0|0,0|0,0|0,0|0,0|0,0|0,0|0,0|0,0|1,0|0,0|0,0|0,0|0,0|0,0|0,0|0,0|0,0|0,0|0,0|0,0|0,0|0,0|0,0|0,0|0,0|0,0|0,0|0,0|0,0|0,0|0,0|0,0|0,0|0,0|0,0|0,0|0,0|0,0|0,0|0,0|0,0|0,1
2a653218847b2ca584310c2c623efd4a58271a6e,0|0,0|0,0|0,0|0,0|0,0|0,0|0,0|0,0|0,0|0,0|0,0|0,0|1,0|0,0|0,0|0,0|0,0|0,0|0,0|0,0|0,0|0,0|0,0|0,0|0,0|0,0|0,0|0,0|0,0|0,0|0,0|0,0|0,0|0,0|0,0|0,0|0,0|0,0|0,0|0,0|0,0|0,0|0,0|0,0|0,0|0,1
679c317c5770b7aa4cb93bdf1c436041cada82e5,0|0,0|0,0|0,0|0,0|0,0|0,0|0,0|0,0|0,0|0,0|0,0|0,0|1,0|0,0|0,0|0,0|0,0|0,0|0,0|0,0|0,0|0,0|0,0|0,0|0,0|0,0|0,0|0,0|0,0|0,0|0,0|0,0|0,0|0,0|0,0|0,0|0,0|0,0|0,0|0,0|0,0|0,0|0,0|0,0|0,0|0,1
54636a32131b4cc348b3e2154c2f441cb7678e4c,0|0,0|0,0|0,0|0,0|0,0|0,0|0,0|0,0|0,0|0,0|0,0|0,0|1,0|0,0|0,0|0,0|0,0|0,0|0,0|0,0|0,0|0,0|0,0|0,0|0,0|0,0|0,0|0,0|0,0|0,0|0,0|0,0|0,0|0,0|0,0|0,0|0,0|0,0|0,0|0,0|0,0|0,0|0,0|0,0|0,0|0,1
1eedf734be7b2cfe2ac5e0d497c19c77b877ae2f,0|0,0|0,0|0,0|0,0|0,0|0,0|0,0|0,0|0,0|0,0|0,0|0,0|1,0|0,0|0,0|0,0|0,0|0,0|0,0|0,0|0,0|0,0|0,0|0,0|0,0|0,0|0,0|0,0|0,0|0,0|0,0|0,0|0,0|0,0|0,0|0,0|0,0|0,0|0,0|0,0|0,0|0,0|0,0|0,0|0,0|0,1
60b58dbd67b47b0145c36f3747f83f857905bfbf,0|0,0|0,0|0,0|0,0|0,0|0,0|0,0|0,0|0,0|0,0|0,0|0,0|1,0|0,0|0,0|0,0|0,0|0,0|0,0|0,0|0,0|0,0|0,0|0,0|0,0|0,0|0,0|0,0|0,0|0,0|0,0|0,0|0,0|0,0|0,0|0,0|0,0|0,0|0,0|0,0|0,0|0,0|0,0|0,0|0,0|0,1
8dd7716ae5446c2e0f338f572cf2c544ff00da1c,0|0,0|0,0|0,0|0,0|0,0|0,0|0,0|0,0|0,0|0,0|0,0|0,0|1,0|0,0|0,0|0,0|0,0|0,0|0,0|0,0|0,0|0,0|0,0|0,0|0,0|0,0|0,0|0,0|0,0|0,0|0,0|0,0|0,0|0,0|0,0|0,0|0,0|0,0|0,0|0,0|0,0|0,0|0,0|0,0|0,0|0,1
95a6a2072b31f999f02928a15d7316bf756b1fa9,0|0,0|0,0|0,0|0,0|0,0|0,0|0,0|0,0|0,0|0,0|0,0|0,0|1,0|0,0|0,0|0,0|0,0|0,0|0,0|0,0|0,0|0,0|0,0|0,0|0,0|0,0|0,0|0,0|0,0|0,0|0,0|0,0|0,0|0,0|0,0|0,0|0,0|0,0|0,0|0,0|0,0|0,0|0,0|0,0|0,0|0,1
45e9c3c4389557ba4fe3e813da48ca03cc8d9d39,0|0,0|0,0|0,0|0,0|0,0|0,0|0,0|0,0|0,0|0,0|0,0|0,0|1,0|0,0|0,0|0,0|0,0|0,0|0,0|0,0|0,0|0,0|0,0|0,0|0,0|0,0|0,0|0,0|0,0|0,0|0,0|0,0|0,0|0,0|0,0|0,0|0,0|0,0|0,0|0,0|0,0|0,0|0,0|0,0|0,0|0,1
be58d7841734fcd6a0bcb783936e328092592096,0|0,0|0,0|0,0|0,0|0,0|0,0|0,0|0,0|0,0|0,0|0,0|0,0|1,0|0,0|0,0|0,0|0,0|0,0|0,0|0,0|0,0|0,0|0,0|0,0|0,0|0,0|0,0|0,0|0,0|0,0|0,0|0,0|0,0|0,0|0,0|0,0|0,0|0,0|0,0|0,0|0,0|0,0|0,0|0,0|0,0|0,1
8297dacfe5760f5fb63979da203cbc44ef3561b2,0|0,0|0,0|0,0|0,0|0,0|0,0|0,0|0,0|0,0|0,0|0,0|0,0|1,0|0,0|0,0|0,0|0,0|0,0|0,0|0,0|0,0|0,0|0,0|0,0|0,0|0,0|0,0|0,0|0,0|0,0|0,0|0,0|0,0|0,0|0,0|0,0|0,0|0,0|0,0|0,0|0,0|0,0|0,0|0,0|0,0|0,1
3ecda45bc48c54bed9288addb4bf887316a68eea,0|0,0|0,0|0,0|0,0|0,0|0,0|0,0|0,0|0,0|0,0|0,0|0,0|1,0|0,0|0,0|0,0|0,0|0,0|0,0|0,0|0,0|0,0|0,0|0,0|0,0|0,0|0,0|0,0|0,0|0,0|0,0|0,0|0,0|0,0|0,0|0,0|0,0|0,0|0,0|0,0|0,0|0,0|0,0|0,0|0,0|0,1
d9da752aa8e6cc2b6491a9f0b55723ad0241eeb8,0|0,0|0,0|0,0|0,0|0,0|0,0|0,0|0,0|0,0|0,0|0,0|0,0|1,0|0,0|0,0|0,0|0,0|0,0|0,0|0,0|0,0|0,0|0,0|0,0|0,0|0,0|0,0|0,0|0,0|0,0|0,0|0,0|0,0|0,0|0,0|0,0|0,0|0,0|0,0|0,0|0,0|0,0|0,0|0,0|0,0|0,1
732579b72b1e58de58502520fc678e87ea757677,0|0,0|0,0|0,0|0,0|0,0|0,0|0,0|0,0|0,0|0,0|0,0|0,0|1,0|0,0|0,0|0,0|0,0|0,0|0,0|0,0|0,0|0,0|0,0|0,0|0,0|0,0|0,0|0,0|0,0|0,0|0,0|0,0|0,0|0,0|0,0|0,0|0,0|0,0|0,0|0,0|0,0|0,0|0,0|0,0|0,0|0,1
4abaf3e279b8ef6e32dad79c8ed9da56a977989d,0|0,0|0,0|0,0|0,0|0,0|0,0|0,0|0,0|0,0|0,0|0,0|0,0|1,0|0,0|0,0|0,0|0,0|0,0|0,0|0,0|0,0|0,0|0,0|0,0|0,0|0,0|0,0|0,0|0,0|0,0|0,0|0,0|0,0|0,0|0,0|0,0|0,0|0,0|0,0|0,0|0,0|0,0|0,0|0,0|0,0|0,1
b960809d3ed775aa37adc489a1664635aeaaba28,0|0,0|0,0|0,0|0,0|0,0|0,0|0,0|0,0|0,0|0,0|0,0|0,0|1,0|0,0|0,0|0,0|0,0|0,0|0,0|0,0|0,0|0,0|0,0|0,0|0,0|0,0|0,0|0,0|0,0|0,0|0,0|0,0|0,0|0,0|0,0|0,0|0,0|0,0|0,0|0,0|0,0|0,0|0,0|0,0|0,0|0,1
1331e0aec90f5a648371eee1a3a1117669485a11,0|0,0|0,0|0,0|0,0|0,0|0,0|0,0|0,0|0,0|0,0|0,0|0,0|1,0|0,0|0,0|0,0|0,0|0,0|0,0|0,0|0,0|0,0|0,0|0,0|0,0|0,0|0,0|0,0|0,0|0,0|0,0|0,0|0,0|0,0|0,0|0,0|0,0|0,0|0,0|0,0|0,0|0,0|0,0|0,0|0,0|0,1
1a557d091845783429b0a3fb7320ad4f2e40edba,0|0,0|0,0|0,0|0,0|0,0|0,0|0,0|0,0|0,0|0,0|0,0|0,0|1,0|0,0|0,0|0,0|0,0|0,0|0,0|0,0|0,0|0,0|0,0|0,0|0,0|0,0|0,0|0,0|0,0|0,0|0,0|0,0|0,0|0,0|0,0|0,0|0,0|0,0|0,0|0,0|0,0|0,0|0,0|0,0|0,0|0,1
512f73f3817bbeeea06217d9250887d11446e9bf,0|0,0|0,0|0,0|0,0|0,0|0,0|0,0|0,0|0,0|0,0|0,0|0,0|1,0|0,0|0,0|0,0|0,0|0,0|0,0|0,0|0,0|0,0|0,0|0,0|0,0|0,0|0,0|0,0|0,0|0,0|0,0|0,0|0,0|0,0|0,0|0,0|0,0|0,0|0,0|0,0|0,0|0,0|0,0|0,0|0,0|0,1
0de3d4c37a06b800b740166b83a8ed108fbf76a4,0|0,0|0,0|0,0|0,0|0,0|0,0|0,0|0,0|0,0|0,0|0,0|0,0|1,0|0,0|0,0|0,0|0,0|0,0|0,0|0,0|0,0|0,0|0,0|0,0|0,0|0,0|0,0|0,0|0,0|0,0|0,0|0,0|0,0|0,0|0,0|0,0|0,0|0,0|0,0|0,0|0,0|0,0|0,0|0,0|0,0|0,1
e2f6569adb62488b497d3bd6901308286fe8451d,0|0,0|0,0|0,0|0,0|0,0|0,0|0,0|0,0|0,0|0,0|0,0|0,0|1,0|0,0|0,0|0,0|0,0|0,0|0,0|0,0|0,0|0,0|0,0|0,0|0,0|0,0|0,0|0,0|0,0|0,0|0,0|0,0|0,0|0,0|0,0|0,0|0,0|0,0|0,0|0,0|0,0|0,0|0,0|0,0|0,0|0,1
c408df1b0efbfd75e7d2433472589cd283a5e4c5,0|0,0|0,0|0,0|0,0|0,0|0,0|0,0|0,0|0,0|0,0|0,0|0,0|1,0|0,0|0,0|0,0|0,0|0,0|0,0|0,0|0,0|0,0|0,0|0,0|0,0|0,0|0,0|0,0|0,0|0,0|0,0|0,0|0,0|0,0|0,0|0,0|0,0|0,0|0,0|0,0|0,0|0,0|0,0|0,0|0,0|0,1
1e12c90c66c6ea720fd87e2dca61e0d15a38ca3a,0|0,0|0,0|0,0|0,0|0,0|0,0|0,0|0,0|0,0|0,0|0,0|0,0|1,0|0,0|0,0|0,0|0,0|0,0|0,0|0,0|0,0|0,0|0,0|0,0|0,0|0,0|0,0|0,0|0,0|0,0|0,0|0,0|0,0|0,0|0,0|0,0|0,0|0,0|0,0|0,0|0,0|0,0|0,0|0,0|0,0|0,1
421609475ef8d99d92ca18bef900bf13058b2b06,0|0,0|0,0|0,0|0,0|0,0|0,0|0,0|0,0|0,0|0,0|0,0|0,0|1,0|0,0|0,0|0,0|0,0|0,0|0,0|0,0|0,0|0,0|0,0|0,0|0,0|0,0|0,0|0,0|0,0|0,0|0,0|0,0|0,0|0,0|0,0|0,0|0,0|0,0|0,0|0,0|0,0|0,0|0,0|0,0|0,0|0,1
79102ef4f27e7bbbbc4db0603e3fd7efa0ebc9f1,0|0,0|0,0|0,0|0,0|0,0|0,0|0,0|0,0|0,0|0,0|0,0|0,0|1,0|0,0|0,0|0,0|0,0|0,0|0,0|0,0|0,0|0,0|0,0|0,0|0,0|0,0|0,0|0,0|0,0|0,0|0,0|0,0|0,0|0,0|0,0|0,0|0,0|0,0|0,0|0,0|0,0|0,0|0,0|0,0|0,0|0,1
76ac551ed385ad6e0e346b05b5c94dd7a00e693b,0|0,0|0,0|0,0|0,0|0,0|0,0|0,0|0,0|0,0|0,0|0,0|0,0|1,0|0,0|0,0|0,0|0,0|0,0|0,0|0,0|0,0|0,0|0,0|0,0|0,0|0,0|0,0|0,0|0,0|0,0|0,0|0,0|0,0|0,0|0,0|0,0|0,0|0,0|0,0|0,0|0,0|0,0|0,0|0,0|0,0|0,1
ea0309d21b168d70b853986a342d08966012d07b,0|0,0|0,0|0,0|0,0|0,0|0,0|0,0|0,0|0,0|0,0|0,0|0,0|1,0|0,0|0,0|0,0|0,0|0,0|0,0|0,0|0,0|0,0|0,0|0,0|0,0|0,0|0,0|0,0|0,0|0,0|0,0|0,0|0,0|0,0|0,0|0,0|0,0|0,0|0,0|0,0|0,0|0,0|0,0|0,0|0,0|0,1
fffff3760b4eae616bc458ff84db9f0e022fd860,0|0,0|0,0|0,0|0,0|0,0|0,0|0,0|0,0|0,0|0,0|0,0|0,0|1,0|0,0|0,0|0,0|0,0|0,0|0,0|0,0|0,0|0,0|0,0|0,0|0,0|0,0|0,0|0,0|0,0|0,0|0,0|0,0|0,0|0,0|0,0|0,0|0,0|0,0|0,0|0,0|0,0|0,0|0,0|0,0|0,0|0,1
d99d636696d3a5f8dd313838f9fe1d516c66cd0e,0|0,0|0,0|0,0|0,0|0,0|0,0|0,0|0,0|0,0|0,0|0,0|0,0|1,0|0,0|0,0|0,0|0,0|0,0|0,0|0,0|0,0|0,0|0,0|0,0|0,0|0,0|0,0|0,0|0,0|0,0|0,0|0,0|0,0|0,0|0,0|0,0|0,0|0,0|0,0|0,0|0,0|0,0|0,0|0,0|0,0|0,1
813df77d07d4e763fad1515925ca240a7758f1fb,0|0,0|0,0|0,0|0,0|0,0|0,0|0,0|0,0|0,0|0,0|0,0|0,0|1,0|0,0|0,0|0,0|0,0|0,0|0,0|0,0|0,0|0,0|0,0|0,0|0,0|0,0|0,0|0,0|0,0|0,0|0,0|0,0|0,0|0,0|0,0|0,0|0,0|0,0|0,0|0,0|0,0|0,0|0,0|0,0|0,0|0,1
177f1785daf7dad529ffabbec68219f5f78077f2,0|0,0|0,0|0,0|0,0|0,0|0,0|0,0|0,0|0,0|0,0|0,0|0,0|1,0|0,0|0,0|0,0|0,0|0,0|0,0|0,0|0,0|0,0|0,0|0,0|0,0|0,0|0,0|0,0|0,0|0,0|0,0|0,0|0,0|0,0|0,0|0,0|0,0|0,0|0,0|0,0|0,0|0,0|0,0|0,0|0,0|0,1
4609e2084beef514780d9b0cf00394f91c4d1035,0|0,0|0,0|0,0|0,0|0,0|0,0|0,0|0,0|0,0|0,0|0,0|0,0|1,0|0,0|0,0|0,0|0,0|0,0|0,0|0,0|0,0|0,0|0,0|0,0|0,0|0,0|0,0|0,0|0,0|0,0|0,0|0,0|0,0|0,0|0,0|0,0|0,0|0,0|0,0|0,0|0,0|0,0|0,0|0,0|0,0|0,1
413dc287b48d8240184e2be2350d41a4d9d81e56,0|0,0|0,0|0,0|0,0|0,0|0,0|0,0|0,0|0,0|0,0|0,0|0,0|1,0|0,0|0,0|0,0|0,0|0,0|0,0|0,0|0,0|0,0|0,0|0,0|0,0|0,0|0,0|0,0|0,0|0,0|0,0|0,0|0,0|0,0|0,0|0,0|0,0|0,0|0,0|0,0|0,0|0,0|0,0|0,0|0,0|0,1
fb4cdecb688917536649cd2562e400f261fe8d43,0|0,0|0,0|0,0|0,0|0,0|0,0|0,0|0,0|0,0|0,0|0,0|0,0|1,0|0,0|0,0|0,0|0,0|0,0|0,0|0,0|0,0|0,0|0,0|0,0|0,0|0,0|0,0|0,0|0,0|0,0|0,0|0,0|0,0|0,0|0,0|0,0|0,0|0,0|0,0|0,0|0,0|0,0|0,0|0,0|0,0|0,1
a2c5adc374db1ccc6c446ce1b616fffdeda4430b,0|0,0|0,0|0,0|0,0|0,0|0,0|0,0|0,0|0,0|0,0|0,0|0,0|1,0|0,0|0,0|0,0|0,0|0,0|0,0|0,0|0,0|0,0|0,0|0,0|0,0|0,0|0,0|0,0|0,0|0,0|0,0|0,0|0,0|0,0|0,0|0,0|0,0|0,0|0,0|0,0|0,0|0,0|0,0|0,0|0,0|0,1
bce54079d8666eddc0c4387ded9897fcab9fa3a2,0|0,0|0,0|0,0|0,0|0,0|0,0|0,0|0,0|0,0|0,0|0,0|0,0|1,0|0,0|0,0|0,0|0,0|0,0|0,0|0,0|0,0|0,0|0,0|0,0|0,0|0,0|0,0|0,0|0,0|0,0|0,0|0,0|0,0|0,0|0,0|0,0|0,0|0,0|0,0|0,0|0,0|0,0|0,0|0,0|0,0|0,1
393a844c9ad27f0b7c1fd60afa032f8b904807bf,0|0,0|0,0|0,0|0,0|0,0|0,0|0,0|0,0|0,0|0,0|0,0|0,0|1,0|0,0|0,0|0,0|0,0|0,0|0,0|0,0|0,0|0,0|0,0|0,0|0,0|0,0|0,0|0,0|0,0|0,0|0,0|0,0|0,0|0,0|0,0|0,0|0,0|0,0|0,0|0,0|0,0|0,0|0,0|0,0|0,0|0,1
bdf95a5c2268adc2e1a4a2bbdcb5dd489c8f8cf0,0|0,0|0,0|0,0|0,0|0,0|0,0|0,0|0,0|0,0|0,0|0,0|0,0|1,0|0,0|0,0|0,0|0,0|0,0|0,0|0,0|0,0|0,0|0,0|0,0|0,0|0,0|0,0|0,0|0,0|0,0|0,0|0,0|0,0|0,0|0,0|0,0|0,0|0,0|0,0|0,0|0,0|0,0|0,0|0,0|0,0|0,1
92e8d95f383f377fa787a916a35558729f674a8b,0|0,0|0,0|0,0|0,0|0,0|0,0|0,0|0,0|0,0|0,0|0,0|0,0|1,0|0,0|0,0|0,0|0,0|0,0|0,0|0,0|0,0|0,0|0,0|0,0|0,0|0,0|0,0|0,0|0,0|0,0|0,0|0,0|0,0|0,0|0,0|0,0|0,0|0,0|0,0|0,0|0,0|0,0|0,0|0,0|0,0|0,1
e9350d8fc7ffdb77408c5d3dcc6a4872da01c8cb,0|0,0|0,0|0,0|0,0|0,0|0,0|0,0|0,0|0,0|0,0|0,0|0,0|1,0|0,0|0,0|0,0|0,0|0,0|0,0|0,0|0,0|0,0|0,0|0,0|0,0|0,0|0,0|0,0|0,0|0,0|0,0|0,0|0,0|0,0|0,0|0,0|0,0|0,0|0,0|0,0|0,0|0,0|0,0|0,0|0,0|0,1
dee24f7acf949a66915144e5ccd7f6e578b28065,0|0,0|0,0|0,0|0,0|0,0|0,0|0,0|0,0|0,0|0,0|0,0|0,0|1,0|0,0|0,0|0,0|0,0|0,0|0,0|0,0|0,0|0,0|0,0|0,0|0,0|0,0|0,0|0,0|0,0|0,0|0,0|0,0|0,0|0,0|0,0|0,0|0,0|0,0|0,0|0,0|0,0|0,0|0,0|0,0|0,0|0,1
09559611ccf26d2817ad13425d3758a71faca4c8,0|0,0|0,0|0,0|0,0|0,0|0,0|0,0|0,0|0,0|0,0|0,0|0,0|1,0|0,0|0,0|0,0|0,0|0,0|0,0|0,0|0,0|0,0|0,0|0,0|0,0|0,0|0,0|0,0|0,0|0,0|0,0|0,0|0,0|0,0|0,0|0,0|0,0|0,0|0,0|0,0|0,0|0,0|0,0|0,0|0,0|0,1
6db20b3ba932a826002c7af3d02cce5d8a0c361d,0|0,0|0,0|0,0|0,0|0,0|0,0|0,0|0,0|0,0|0,0|0,0|0,0|1,0|0,0|0,0|0,0|0,0|0,0|0,0|0,0|0,0|0,0|0,0|0,0|0,0|0,0|0,0|0,0|0,0|0,0|0,0|0,0|0,0|0,0|0,0|0,0|0,0|0,0|0,0|0,0|0,0|0,0|0,0|0,0|0,0|0,1
fc16c9368e1f5ba93144115d687fd2ce09f50955,0|0,0|0,0|0,0|0,0|0,0|0,0|0,0|0,0|0,0|0,0|0,0|0,0|1,0|0,0|0,0|0,0|0,0|0,0|0,0|0,0|0,0|0,0|0,0|0,0|0,0|0,0|0,0|0,0|0,0|0,0|0,0|0,0|0,0|0,0|0,0|0,0|0,0|0,0|0,0|0,0|0,0|0,0|0,0|0,0|0,0|0,1
5ad056e99b190c8d5a0d721ec57fa280182013f5,0|0,0|0,0|0,0|0,0|0,0|0,0|0,0|0,0|0,0|0,0|0,0|0,0|1,0|0,0|0,0|0,0|0,0|0,0|0,0|0,0|0,0|0,0|0,0|0,0|0,0|0,0|0,0|0,0|0,0|0,0|0,0|0,0|0,0|0,0|0,0|0,0|0,0|0,0|0,0|0,0|0,0|0,0|0,0|0,0|0,0|0,1
a21ad2fbe43170db7ea7519070dd6e9d71a2058d,0|0,0|0,0|0,0|0,0|0,0|0,0|0,0|0,0|0,0|0,0|0,0|0,0|1,0|0,0|0,0|0,0|0,0|0,0|0,0|0,0|0,0|0,0|0,0|0,0|0,0|0,0|0,0|0,0|0,0|0,0|0,0|0,0|0,0|0,0|0,0|0,0|0,0|0,0|0,0|0,0|0,0|0,0|0,0|0,0|0,0|0,1
fc3db8f1691e913b03ca88a47770c5abf3104ef8,0|0,0|0,0|0,0|0,0|0,0|0,0|0,0|0,0|0,0|0,0|0,0|0,0|1,0|0,0|0,0|0,0|0,0|0,0|0,0|0,0|0,0|0,0|0,0|0,0|0,0|0,0|0,0|0,0|0,0|0,0|0,0|0,0|0,0|0,0|0,0|0,0|0,0|0,0|0,0|0,0|0,0|0,0|0,0|0,0|0,0|0,1
f1b22b199f08469407c55dcd98ec24af85da0fd3,0|0,0|0,0|0,0|0,0|0,0|0,0|0,0|0,0|0,0|0,0|0,0|0,0|1,0|0,0|0,0|0,0|0,0|0,0|0,0|0,0|0,0|0,0|0,0|0,0|0,0|0,0|0,0|0,0|0,0|0,0|0,0|0,0|0,0|0,0|0,0|0,0|0,0|0,0|0,0|0,0|0,0|0,0|0,0|0,0|0,0|0,1
b757cf606b2e94f8e928f8abc2a6295d83352f12,0|0,0|0,0|0,0|0,0|0,0|0,0|0,0|0,0|0,0|0,0|0,0|0,0|1,0|0,0|0,0|0,0|0,0|0,0|0,0|0,0|0,0|0,0|0,0|0,0|0,0|0,0|0,0|0,0|0,0|0,0|0,0|0,0|0,0|0,0|0,0|0,0|0,0|0,0|0,0|0,0|0,0|0,0|0,0|0,0|0,0|0,1
f8e83f7e35ae76473d55359c250eed76c3cb6077,0|0,0|0,0|0,0|0,0|0,0|0,0|0,0|0,0|0,0|0,0|0,0|0,0|1,0|0,0|0,0|0,0|0,0|0,0|0,0|0,0|0,0|0,0|0,0|0,0|0,0|0,0|0,0|0,0|0,0|0,0|0,0|0,0|0,0|0,0|0,0|0,0|0,0|0,0|0,0|0,0|0,0|0,0|0,0|0,0|0,0|0,1
888ddfcd1716390a477a5364929ba99b1051b592,0|0,0|0,0|0,0|0,0|0,0|0,0|0,0|0,0|0,0|0,0|0,0|0,0|1,0|0,0|0,0|0,0|0,0|0,0|0,0|0,0|0,0|0,0|0,0|0,0|0,0|0,0|0,0|0,0|0,0|0,0|0,0|0,0|0,0|0,0|0,0|0,0|0,0|0,0|0,0|0,0|0,0|0,0|0,0|0,0|0,0|0,1
566d5db40236a603f86868c257d7e2ff6ad04937,0|0,0|0,0|0,0|0,0|0,0|0,0|0,0|0,0|0,0|0,0|0,0|0,0|1,0|0,0|0,0|0,0|0,0|0,0|0,0|0,0|0,0|0,0|0,0|0,0|0,0|0,0|0,0|0,0|0,0|0,0|0,0|0,0|0,0|0,0|0,0|0,0|0,0|0,0|0,0|0,0|0,0|0,0|0,0|0,0|0,0|0,1
4bd175b07eb67ff2ce435c76302dcf51d969872b,0|0,0|0,0|0,0|0,0|0,0|0,0|0,0|0,0|0,0|0,0|0,0|0,0|1,0|0,0|0,0|0,0|0,0|0,0|0,0|0,0|0,0|0,0|0,0|0,0|0,0|0,0|0,0|0,0|0,0|0,0|0,0|0,0|0,0|0,0|0,0|0,0|0,0|0,0|0,0|0,0|0,0|0,0|0,0|0,0|0,0|0,1
545f2701327597bed074dad55d9b3baa4a3e2e14,0|0,0|0,0|0,0|0,0|0,0|0,0|0,0|0,0|0,0|0,0|0,0|0,0|1,0|0,0|0,0|0,0|0,0|0,0|0,0|0,0|0,0|0,0|0,0|0,0|0,0|0,0|0,0|0,0|0,0|0,0|0,0|0,0|0,0|0,0|0,0|0,0|0,0|0,0|0,0|0,0|0,0|0,0|0,0|0,0|0,0|0,1
d898fddea0e0eb480495b573f52737b5cad3b4ba,0|0,0|0,0|0,0|0,0|0,0|0,0|0,0|0,0|0,0|0,0|0,0|0,0|1,0|0,0|0,0|0,0|0,0|0,0|0,0|0,0|0,0|0,0|0,0|0,0|0,0|0,0|0,0|0,0|0,0|0,0|0,0|0,0|0,0|0,0|0,0|0,0|0,0|0,0|0,0|0,0|0,0|0,0|0,0|0,0|0,0|0,1
70c35addcb979ac2d7cd18c45a79a2740045860a,0|0,0|0,0|0,0|0,0|0,0|0,0|0,0|0,0|0,0|0,0|0,0|0,0|1,0|0,0|0,0|0,0|0,0|0,0|0,0|0,0|0,0|0,0|0,0|0,0|0,0|0,0|0,0|0,0|0,0|0,0|0,0|0,0|0,0|0,0|0,0|0,0|0,0|0,0|0,0|0,0|0,0|0,0|0,0|0,0|0,0|0,1
28330edb7ae0fb3f6eef95b965666368486ac3e1,0|0,0|0,0|0,0|0,0|0,0|0,0|0,0|0,0|0,0|0,0|0,0|0,0|1,0|0,0|0,0|0,0|0,0|0,0|0,0|0,0|0,0|0,0|0,0|0,0|0,0|0,0|0,0|0,0|0,0|0,0|0,0|0,0|0,0|0,0|0,0|0,0|0,0|0,0|0,0|0,0|0,0|0,0|0,0|0,0|0,0|0,1
fba61adf5eb56ecd40686f11aab2296f56dd4bbe,0|0,0|0,0|0,0|0,0|0,0|0,0|0,0|0,0|0,0|0,0|0,0|0,0|1,0|0,0|0,0|0,0|0,0|0,0|0,0|0,0|0,0|0,0|0,0|0,0|0,0|0,0|0,0|0,0|0,0|0,0|0,0|0,0|0,0|0,0|0,0|0,0|0,0|0,0|0,0|0,0|0,0|0,0|0,0|0,0|0,0|0,1
16890a6632b237020848c7210d3cca6c19645f9d,0|0,0|0,0|0,0|0,0|0,0|0,0|0,0|0,0|0,0|0,0|0,0|0,0|1,0|0,0|0,0|0,0|0,0|0,0|0,0|0,0|0,0|0,0|0,0|0,0|0,0|0,0|0,0|0,0|0,0|0,0|0,0|0,0|0,0|0,0|0,0|0,0|0,0|0,0|0,0|0,0|0,0|0,0|0,0|0,0|0,0|0,1
4bff595733d1786eb61704946b3912ab7e3c95a7,0|0,0|0,0|0,0|0,0|0,0|0,0|0,0|0,0|0,0|0,0|0,0|0,0|1,0|0,0|0,0|0,0|0,0|0,0|0,0|0,0|0,0|0,0|0,0|0,0|0,0|0,0|0,0|0,0|0,0|0,0|0,0|0,0|0,0|0,0|0,0|0,0|0,0|0,0|0,0|0,0|0,0|0,0|0,0|0,0|0,0|0,1
2724a14bf74e36d3370f3dbc79b62fe868caa777,0|0,0|0,0|0,0|0,0|0,0|0,0|0,0|0,0|0,0|0,0|0,0|0,0|1,0|0,0|0,0|0,0|0,0|0,0|0,0|0,0|0,0|0,0|0,0|0,0|0,0|0,0|0,0|0,0|0,0|0,0|0,0|0,0|0,0|0,0|0,0|0,0|0,0|0,0|0,0|0,0|0,0|0,0|0,0|0,0|0,0|0,1
2d558afb5429243fbdc818d6b320fd96e0fb0fa2,0|0,0|0,0|0,0|0,0|0,0|0,0|0,0|0,0|0,0|0,0|0,0|0,0|1,0|0,0|0,0|0,0|0,0|0,0|0,0|0,0|0,0|0,0|0,0|0,0|0,0|0,0|0,0|0,0|0,0|0,0|0,0|0,0|0,0|0,0|0,0|0,0|0,0|0,0|0,0|0,0|0,0|0,0|0,0|0,0|0,0|0,1
c12a697f2dccf76a26f8603f935ece650a954532,0|0,0|0,0|0,0|0,0|0,0|0,0|0,0|0,0|0,0|0,0|0,0|0,0|1,0|0,0|0,0|0,0|0,0|0,0|0,0|0,0|0,0|0,0|0,0|0,0|0,0|0,0|0,0|0,0|0,0|0,0|0,0|0,0|0,0|0,0|0,0|0,0|0,0|0,0|0,0|0,0|0,0|0,0|0,0|0,0|0,0|0,1
2b71a329c18026cb56d938db6f14014aaf682abd,0|0,0|0,0|0,0|0,0|0,0|0,0|0,0|0,0|0,0|0,0|0,0|0,0|1,0|0,0|0,0|0,0|0,0|0,0|0,0|0,0|0,0|0,0|0,0|0,0|0,0|0,0|0,0|0,0|0,0|0,0|0,0|0,0|0,0|0,0|0,0|0,0|0,0|0,0|0,0|0,0|0,0|0,0|0,0|0,0|0,0|0,1
4c00ff89dfa64f1026c2f1d267dc081a86b45243,0|0,0|0,0|0,0|0,0|0,0|0,0|0,0|0,0|0,0|0,0|0,0|0,0|1,0|0,0|0,0|0,0|0,0|0,0|0,0|0,0|0,0|0,0|0,0|0,0|0,0|0,0|0,0|0,0|0,0|0,0|0,0|0,0|0,0|0,0|0,0|0,0|0,0|0,0|0,0|0,0|0,0|0,0|0,0|0,0|0,0|0,1
56bfb439f85b3e4054bd7c6b849a6e06e5c2ac27,0|0,0|0,0|0,0|0,0|0,0|0,0|0,0|0,0|0,0|0,0|0,0|0,0|1,0|0,0|0,0|0,0|0,0|0,0|0,0|0,0|0,0|0,0|0,0|0,0|0,0|0,0|0,0|0,0|0,0|0,0|0,0|0,0|0,0|0,0|0,0|0,0|0,0|0,0|0,0|0,0|0,0|0,0|0,0|0,0|0,0|0,1
1a37595de02761497845503a390e24fc1cf11a4f,0|0,0|0,0|0,0|0,0|0,0|0,0|0,0|0,0|0,0|0,0|0,0|0,0|1,0|0,0|0,0|0,0|0,0|0,0|0,0|0,0|0,0|0,0|0,0|0,0|0,0|0,0|0,0|0,0|0,0|0,0|0,0|0,0|0,0|0,0|0,0|0,0|0,0|0,0|0,0|0,0|0,0|0,0|0,0|0,0|0,0|0,1
49843509e54aa70dc69005dab5f02f32df7866e2,0|0,0|0,0|0,0|0,0|0,0|0,0|0,0|0,0|0,0|0,0|0,0|0,0|1,0|0,0|0,0|0,0|0,0|0,0|0,0|0,0|0,0|0,0|0,0|0,0|0,0|0,0|0,0|0,0|0,0|0,0|0,0|0,0|0,0|0,0|0,0|0,0|0,0|0,0|0,0|0,0|0,0|0,0|0,0|0,0|0,0|0,1
0f8a9948415bceac84148e1965e12e3f19c5050e,0|0,0|0,0|0,0|0,0|0,0|0,0|0,0|0,0|0,0|0,0|0,0|0,0|1,0|0,0|0,0|0,0|0,0|0,0|0,0|0,0|0,0|0,0|0,0|0,0|0,0|0,0|0,0|0,0|0,0|0,0|0,0|0,0|0,0|0,0|0,0|0,0|0,0|0,0|0,0|0,0|0,0|0,0|0,0|0,0|0,0|0,1
73e434857037898ca13c763dcb6d0deb18150042,0|0,0|0,0|0,0|0,0|0,0|0,0|0,0|0,0|0,0|0,0|0,0|0,0|1,0|0,0|0,0|0,0|0,0|0,0|0,0|0,0|0,0|0,0|0,0|0,0|0,0|0,0|0,0|0,0|0,0|0,0|0,0|0,0|0,0|0,0|0,0|0,0|0,0|0,0|0,0|0,0|0,0|0,0|0,0|0,0|0,0|0,1
c50a8d4808bbe3f41cbe5e681e84a1eb52129cb1,0|0,0|0,0|0,0|0,0|0,0|0,0|0,0|0,0|0,0|0,0|0,0|0,0|1,0|0,0|0,0|0,0|0,0|0,0|0,0|0,0|0,0|0,0|0,0|0,0|0,0|0,0|0,0|0,0|0,0|0,0|0,0|0,0|0,0|0,0|0,0|0,0|0,0|0,0|0,0|0,0|0,0|0,0|0,0|0,0|0,0|0,1
c3490e80a743146b35274dfb92abe5e075e00d01,0|0,0|0,0|0,0|0,0|0,0|0,0|0,0|0,0|0,0|0,0|0,0|0,0|1,0|0,0|0,0|0,0|0,0|0,0|0,0|0,0|0,0|0,0|0,0|0,0|0,0|0,0|0,0|0,0|0,0|0,0|0,0|0,0|0,0|0,0|0,0|0,0|0,0|0,0|0,0|0,0|0,0|0,0|0,0|0,0|0,0|0,1
bb6423a79f80898d140c946dd08ea571ae95d5e7,0|0,0|0,0|0,0|0,0|0,0|0,0|0,0|0,0|0,0|0,0|0,0|0,0|1,0|0,0|0,0|0,0|0,0|0,0|0,0|0,0|0,0|0,0|0,0|0,0|0,0|0,0|0,0|0,0|0,0|0,0|0,0|0,0|0,0|0,0|0,0|0,0|0,0|0,0|0,0|0,0|0,0|0,0|0,0|0,0|0,0|0,1
477e4db650a4a565bb2288621adc01bb2a2dfed4,0|0,0|0,0|0,0|0,0|0,0|0,0|0,0|0,0|0,0|0,0|0,0|0,0|1,0|0,0|0,0|0,0|0,0|0,0|0,0|0,0|0,0|0,0|0,0|0,0|0,0|0,0|0,0|0,0|0,0|0,0|0,0|0,0|0,0|0,0|0,0|0,0|0,0|0,0|0,0|0,0|0,0|0,0|0,0|0,0|0,0|0,1
db716d0ab02e47ff2b0e4edc12de9fad4222d348,0|0,0|0,0|0,0|0,0|0,0|0,0|0,0|0,0|0,0|0,0|0,0|0,0|1,0|0,0|0,0|0,0|0,0|0,0|0,0|0,0|0,0|0,0|0,0|0,0|0,0|0,0|0,0|0,0|0,0|0,0|0,0|0,0|0,0|0,0|0,0|0,0|0,0|0,0|0,0|0,0|0,0|0,0|0,0|0,0|0,0|0,1
3032864ec9a647034599d343fad29f2f8fb11064,0|0,0|0,0|0,0|0,0|0,0|0,0|0,0|0,0|0,0|0,0|0,0|0,0|1,0|0,0|0,0|0,0|0,0|0,0|0,0|0,0|0,0|0,0|0,0|0,0|0,0|0,0|0,0|0,0|0,0|0,0|0,0|0,0|0,0|0,0|0,0|0,0|0,0|0,0|0,0|0,0|0,0|0,0|0,0|0,0|0,0|0,1
574fc4f09e2d51e5a797deac6809386d57df6640,0|0,0|0,0|0,0|0,0|0,0|0,0|0,0|0,0|0,0|0,0|0,0|0,0|1,0|0,0|0,0|0,0|0,0|0,0|0,0|0,0|0,0|0,0|0,0|0,0|0,0|0,0|0,0|0,0|0,0|0,0|0,0|0,0|0,0|0,0|0,0|0,0|0,0|0,0|0,0|0,0|0,0|0,0|0,0|0,0|0,0|0,1
8074bc82013c9b14cc59a32fcc7c75a6b56ff8dd,0|0,0|0,0|0,0|0,0|0,0|0,0|0,0|0,0|0,0|0,0|0,0|0,0|1,0|0,0|0,0|0,0|0,0|0,0|0,0|0,0|0,0|0,0|0,0|0,0|0,0|0,0|0,0|0,0|0,0|0,0|0,0|0,0|0,0|0,0|0,0|0,0|0,0|0,0|0,0|0,0|0,0|0,0|0,0|0,0|0,0|0,1
f6ad16d8f8567c990431a6cd38cf5357d7a60723,0|0,0|0,0|0,0|0,0|0,0|0,0|0,0|0,0|0,0|0,0|0,0|0,0|1,0|0,0|0,0|0,0|0,0|0,0|0,0|0,0|0,0|0,0|0,0|0,0|0,0|0,0|0,0|0,0|0,0|0,0|0,0|0,0|0,0|0,0|0,0|0,0|0,0|0,0|0,0|0,0|0,0|0,0|0,0|0,0|0,0|0,1
5c6f0700977eff8654790bfc5d083dbf3184c7b3,0|0,0|0,0|0,0|0,0|0,0|0,0|0,0|0,0|0,0|0,0|0,0|0,0|1,0|0,0|0,0|0,0|0,0|0,0|0,0|0,0|0,0|0,0|0,0|0,0|0,0|0,0|0,0|0,0|0,0|0,0|0,0|0,0|0,0|0,0|0,0|0,0|0,0|0,0|0,0|0,0|0,0|0,0|0,0|0,0|0,0|0,1
5b7fe1360a1ed13c9cf6e1f789f0c1a20b175bd8,0|0,0|0,0|0,0|0,0|0,0|0,0|0,0|0,0|0,0|0,0|0,0|0,0|1,0|0,0|0,0|0,0|0,0|0,0|0,0|0,0|0,0|0,0|0,0|0,0|0,0|0,0|0,0|0,0|0,0|0,0|0,0|0,0|0,0|0,0|0,0|0,0|0,0|0,0|0,0|0,0|0,0|0,0|0,0|0,0|0,0|0,1
6833ee2bbec4c2de2489a2091f6c2d1ce0b7b558,0|0,0|0,0|0,0|0,0|0,0|0,0|0,0|0,0|0,0|0,0|0,0|0,0|1,0|0,0|0,0|0,0|0,0|0,0|0,0|0,0|0,0|0,0|0,0|0,0|0,0|0,0|0,0|0,0|0,0|0,0|0,0|0,0|0,0|0,0|0,0|0,0|0,0|0,0|0,0|0,0|0,0|0,0|0,0|0,0|0,0|0,1
192fad440269046a8d60a07dd398f288061f47a8,0|0,0|0,0|0,0|0,0|0,0|0,0|0,0|0,0|0,0|0,0|0,0|0,0|1,0|0,0|0,0|0,0|0,0|0,0|0,0|0,0|0,0|0,0|0,0|0,0|0,0|0,0|0,0|0,0|0,0|0,0|0,0|0,0|0,0|0,0|0,0|0,0|0,0|0,0|0,0|0,0|0,0|0,0|0,0|0,0|0,0|0,1
efc56303784f5630429c41c6702932e2783f17c0,0|0,0|0,0|0,0|0,0|0,0|0,0|0,0|0,0|0,0|0,0|0,0|0,0|1,0|0,0|0,0|0,0|0,0|0,0|0,0|0,0|0,0|0,0|0,0|0,0|0,0|0,0|0,0|0,0|0,0|0,0|0,0|0,0|0,0|0,0|0,0|0,0|0,0|0,0|0,0|0,0|0,0|0,0|0,0|0,0|0,0|0,1
7f9a18fd054211de0eb24f2340d4c40026c36c6c,0|0,0|0,0|0,0|0,0|0,0|0,0|0,0|0,0|0,0|0,0|0,0|0,0|1,0|0,0|0,0|0,0|0,0|0,0|0,0|0,0|0,0|0,0|0,0|0,0|0,0|0,0|0,0|0,0|0,0|0,0|0,0|0,0|0,0|0,0|0,0|0,0|0,0|0,0|0,0|0,0|0,0|0,0|0,0|0,0|0,0|0,1
9419015711a78c266f9bf054caf551b88d0ad42d,0|0,0|0,0|0,0|0,0|0,0|0,0|0,0|0,0|0,0|0,0|0,0|0,0|1,0|0,0|0,0|0,0|0,0|0,0|0,0|0,0|0,0|0,0|0,0|0,0|0,0|0,0|0,0|0,0|0,0|0,0|0,0|0,0|0,0|0,0|0,0|0,0|0,0|0,0|0,0|0,0|0,0|0,0|0,0|0,0|0,0|0,1
e58527536dea58cb7cf9627421e16a885f311712,0|0,0|0,0|0,0|0,0|0,0|0,0|0,0|0,0|0,0|0,0|0,0|0,0|1,0|0,0|0,0|0,0|0,0|0,0|0,0|0,0|0,0|0,0|0,0|0,0|0,0|0,0|0,0|0,0|0,0|0,0|0,0|0,0|0,0|0,0|0,0|0,0|0,0|0,0|0,0|0,0|0,0|0,0|0,0|0,0|0,0|0,1
565a7bfce3902f83acf1c9f2a19f7931534a31e2,0|0,0|0,0|0,0|0,0|0,0|0,0|0,0|0,0|0,0|0,0|0,0|0,0|1,0|0,0|0,0|0,0|0,0|0,0|0,0|0,0|0,0|0,0|0,0|0,0|0,0|0,0|0,0|0,0|0,0|0,0|0,0|0,0|0,0|0,0|0,0|0,0|0,0|0,0|0,0|0,0|0,0|0,0|0,0|0,0|0,0|0,1
3b02cfab69e32f432dac4c45da9493477d7238df,0|0,0|0,0|0,0|0,0|0,0|0,0|0,0|0,0|0,0|0,0|0,0|0,0|1,0|0,0|0,0|0,0|0,0|0,0|0,0|0,0|0,0|0,0|0,0|0,0|0,0|0,0|0,0|0,0|0,0|0,0|0,0|0,0|0,0|0,0|0,0|0,0|0,0|0,0|0,0|0,0|0,0|0,0|0,0|0,0|0,0|0,1
1b6275005e01eefcc4aaf2db6812914afa97521d,0|0,0|0,0|0,0|0,0|0,0|0,0|0,0|0,0|0,0|0,0|0,0|0,0|1,0|0,0|0,0|0,0|0,0|0,0|0,0|0,0|0,0|0,0|0,0|0,0|0,0|0,0|0,0|0,0|0,0|0,0|0,0|0,0|0,0|0,0|0,0|0,0|0,0|0,0|0,0|0,0|0,0|0,0|0,0|0,0|0,0|0,1
b22cb70a689dba01ef86bf922350ee16ba61f529,0|0,0|0,0|0,0|0,0|0,0|0,0|0,0|0,0|0,0|0,0|0,0|0,0|1,0|0,0|0,0|0,0|0,0|0,0|0,0|0,0|0,0|0,0|0,0|0,0|0,0|0,0|0,0|0,0|0,0|0,0|0,0|0,0|0,0|0,0|0,0|0,0|0,0|0,0|0,0|0,0|0,0|0,0|0,0|0,0|0,0|0,1
9eed0a60d3b18e05c475aeae5f079399e01749e6,0|0,0|0,0|0,0|0,0|0,0|0,0|0,0|0,0|0,0|0,0|0,0|0,0|1,0|0,0|0,0|0,0|0,0|0,0|0,0|0,0|0,0|0,0|0,0|0,0|0,0|0,0|0,0|0,0|0,0|0,0|0,0|0,0|0,0|0,0|0,0|0,0|0,0|0,0|0,0|0,0|0,0|0,0|0,0|0,0|0,0|0,1
61f7ec1696b7c12faa96ff35698ad7d468f2837b,0|0,0|0,0|0,0|0,0|0,0|0,0|0,0|0,0|0,0|0,0|0,0|0,0|1,0|0,0|0,0|0,0|0,0|0,0|0,0|0,0|0,0|0,0|0,0|0,0|0,0|0,0|0,0|0,0|0,0|0,0|0,0|0,0|0,0|0,0|0,0|0,0|0,0|0,0|0,0|0,0|0,0|0,0|0,0|0,0|0,0|0,1
e2c3445a204c39c152bd3ae93a73f0cf2e57d286,0|0,0|0,0|0,0|0,0|0,0|0,0|0,0|0,0|0,0|0,0|0,0|0,0|1,0|0,0|0,0|0,0|0,0|0,0|0,0|0,0|0,0|0,0|0,0|0,0|0,0|0,0|0,0|0,0|0,0|0,0|0,0|0,0|0,0|0,0|0,0|0,0|0,0|0,0|0,0|0,0|0,0|0,0|0,0|0,0|0,0|0,1
fa238bbe42c8ce4cf47271b55d9266bcf20bd3c7,0|0,0|0,0|0,0|0,0|0,0|0,0|0,0|0,0|0,0|0,0|0,0|0,0|1,0|0,0|0,0|0,0|0,0|0,0|0,0|0,0|0,0|0,0|0,0|0,0|0,0|0,0|0,0|0,0|0,0|0,0|0,0|0,0|0,0|0,0|0,0|0,0|0,0|0,0|0,0|0,0|0,0|0,0|0,0|0,0|0,0|0,1
d96f4ca736151632282572003ccf916b88134c71,0|0,0|0,0|0,0|0,0|0,0|0,0|0,0|0,0|0,0|0,0|0,0|0,0|1,0|0,0|0,0|0,0|0,0|0,0|0,0|0,0|0,0|0,0|0,0|0,0|0,0|0,0|0,0|0,0|0,0|0,0|0,0|0,0|0,0|0,0|0,0|0,0|0,0|0,0|0,0|0,0|0,0|0,0|0,0|0,0|0,0|0,1
6333bb1702619d29e7f6ce2acf9091c0ccc436c9,0|0,0|0,0|0,0|0,0|0,0|0,0|0,0|0,0|0,0|0,0|0,0|0,0|1,0|0,0|0,0|0,0|0,0|0,0|0,0|0,0|0,0|0,0|0,0|0,0|0,0|0,0|0,0|0,0|0,0|0,0|0,0|0,0|0,0|0,0|0,0|0,0|0,0|0,0|0,0|0,0|0,0|0,0|0,0|0,0|0,0|0,1
627299e4ddd7d39fcc7ce8cd703be0ed8f92da4a,0|0,0|0,0|0,0|0,0|0,0|0,0|0,0|0,0|0,0|0,0|0,0|0,0|1,0|0,0|0,0|0,0|0,0|0,0|0,0|0,0|0,0|0,0|0,0|0,0|0,0|0,0|0,0|0,0|0,0|0,0|0,0|0,0|0,0|0,0|0,0|0,0|0,0|0,0|0,0|0,0|0,0|0,0|0,0|0,0|0,0|0,1
0cae9bf4a4fe16c988c0ec16c4c3894f3597f40c,0|0,0|0,0|0,0|0,0|0,0|0,0|0,0|0,0|0,0|0,0|0,0|0,0|1,0|0,0|0,0|0,0|0,0|0,0|0,0|0,0|0,0|0,0|0,0|0,0|0,0|0,0|0,0|0,0|0,0|0,0|0,0|0,0|0,0|0,0|0,0|0,0|0,0|0,0|0,0|0,0|0,0|0,0|0,0|0,0|0,0|0,1
b04040768323a7666bcf588f2323054082883d75,0|0,0|0,0|0,0|0,0|0,0|0,0|0,0|0,0|0,0|0,0|0,0|0,0|1,0|0,0|0,0|0,0|0,0|0,0|0,0|0,0|0,0|0,0|0,0|0,0|0,0|0,0|0,0|0,0|0,0|0,0|0,0|0,0|0,0|0,0|1,0|0,0|0,0|0,0|0,0|0,0|0,0|0,0|0,0|0,0|0,0|0,2
a6029d250d9c5dd0d7346fe47de838c243c20cac,0|0,0|0,0|0,0|0,0|0,0|0,0|0,0|0,0|0,0|0,0|0,0|0,0|1,0|0,0|0,0|0,0|0,0|0,0|0,0|0,0|0,0|0,0|0,0|0,0|0,0|0,0|0,0|0,0|0,0|0,0|0,0|0,0|0,0|0,0|1,0|0,0|0,0|0,0|0,0|0,0|0,0|0,0|0,0|0,0|0,0|0,2
ffbce931b981f466bdb82ce8ab757f871997e822,0|0,0|0,0|0,0|0,0|0,0|0,0|0,0|0,0|0,0|0,0|0,0|0,0|1,0|0,0|0,0|0,0|0,0|0,0|0,0|0,0|0,0|0,0|0,0|0,0|0,0|0,0|0,0|0,0|0,0|0,0|0,0|0,0|0,0|0,0|1,0|0,0|0,0|0,0|0,0|0,0|0,0|0,0|0,0|0,0|0,0|0,2
fcbc16da002d6c08ecbff6567b6e8462238358d1,0|0,0|0,0|0,0|0,0|0,0|0,0|0,0|0,0|0,0|0,0|0,0|0,0|1,0|0,0|0,0|0,0|0,0|0,0|0,0|0,0|0,0|0,0|0,0|0,0|0,0|0,0|0,0|0,0|0,0|0,0|0,0|0,0|0,0|0,0|1,0|0,0|0,0|0,0|0,0|0,0|0,0|0,0|0,0|0,0|0,0|0,2
637b2063edff2bcf7d5c35b73cd552b20a276131,0|0,0|0,0|0,0|0,0|0,0|0,0|0,0|0,0|0,0|0,0|0,0|0,0|1,0|0,0|0,0|0,0|0,0|0,0|0,0|0,0|0,0|0,0|0,0|0,0|0,0|0,0|0,0|0,0|0,0|0,0|0,0|0,0|0,0|0,0|1,0|0,0|0,0|0,0|0,0|0,0|0,0|0,0|0,0|0,0|0,0|0,2
c1d6e3f14591b1203ed502aa3f4d023a9ed97c08,0|0,0|0,0|0,0|0,0|0,0|0,0|0,0|0,0|0,0|0,0|0,0|0,0|1,0|0,0|0,0|0,0|0,0|0,0|0,0|0,0|0,0|0,0|0,0|0,0|0,0|0,0|0,0|0,0|0,0|0,0|0,0|0,0|0,0|0,0|1,0|0,0|0,0|0,0|0,0|0,0|0,0|0,0|0,0|0,0|0,0|0,2
2b84f28df55d2ed05039c9f408761363e53c6714,0|0,0|0,0|0,0|0,0|0,0|0,0|0,0|0,0|0,0|0,0|0,0|0,0|1,0|0,0|0,0|0,0|0,0|0,0|0,0|0,0|0,0|0,0|0,0|0,0|0,0|0,0|0,0|0,0|0,0|0,0|0,0|0,0|0,0|0,0|1,0|0,0|0,0|0,0|0,0|0,0|0,0|0,0|0,0|0,0|0,0|0,2
48726301e1a2859e277b2ed5b76338cdf4468b22,0|0,0|0,0|0,0|0,0|0,0|0,0|0,0|0,0|0,0|0,0|0,0|0,0|1,0|0,0|0,0|0,0|0,0|0,0|0,0|0,0|0,0|0,0|0,0|0,0|0,0|0,0|0,0|0,0|0,0|0,0|0,0|0,0|0,0|0,0|1,0|0,0|0,0|0,0|0,0|0,0|0,0|0,0|0,0|0,0|0,0|0,2
1290c40968d757eb429b99ec24e96aca43da7026,0|0,0|0,0|0,0|0,0|0,0|0,0|0,0|0,0|0,0|0,0|0,0|0,0|1,0|0,0|0,0|0,0|0,0|0,0|0,0|0,0|0,0|0,0|0,0|0,0|0,0|0,0|0,0|0,0|0,0|0,0|0,0|0,0|0,0|0,0|1,0|0,0|0,0|0,0|0,0|0,0|0,0|0,0|0,0|0,0|0,0|0,2
28879c570e700660e4eab7bbb72064d5e00fbf05,0|0,0|0,0|0,0|0,0|0,0|0,0|0,0|0,0|0,0|0,0|0,0|0,0|1,0|0,0|0,0|0,0|0,0|0,0|0,0|0,0|0,0|0,0|0,0|0,0|0,0|0,0|0,0|0,0|0,0|0,0|0,0|0,0|0,0|0,0|1,0|0,0|0,0|0,0|0,0|0,0|0,0|0,0|0,0|0,0|0,0|0,2
db5aeb0cb1fc8360a414c70fbbf843eb9d811c89,0|0,0|0,0|0,0|0,0|0,0|0,0|0,0|0,0|0,0|0,0|0,0|0,0|1,0|0,0|0,0|0,0|0,0|0,0|0,0|0,0|0,0|0,0|0,0|0,0|0,0|0,0|0,0|0,0|0,0|0,0|0,0|0,0|0,0|0,0|1,0|0,0|0,0|0,0|0,0|0,0|0,0|0,0|0,0|0,0|0,0|0,2
4f8ca9485a7fc242f75ce3eb37428276810be219,0|0,0|0,0|0,0|0,0|0,0|0,0|0,0|0,0|0,0|0,0|0,0|0,0|1,0|0,0|0,0|0,0|0,0|0,0|0,0|0,0|0,0|0,0|0,0|0,0|0,0|0,0|0,0|0,0|0,0|0,0|0,0|0,0|0,0|0,0|1,0|0,0|0,0|0,0|0,0|0,0|0,0|0,0|0,0|0,0|0,0|0,2
a1dba74346ce8563cf49172d88cfd21ee0938e93,0|0,0|0,0|0,0|0,0|0,0|0,0|0,0|0,0|0,0|0,0|0,0|0,0|1,0|0,0|0,0|0,0|0,0|0,0|0,0|0,0|0,0|0,0|0,0|0,0|0,0|0,0|0,0|0,0|0,0|0,0|0,0|0,0|0,0|0,0|1,0|0,0|0,0|0,0|0,0|0,0|0,0|0,0|0,0|0,0|0,0|0,2
fb74785282b1d6983124b3e313dcd9bc9d8d9e28,0|0,0|0,0|0,0|0,0|0,0|0,0|0,0|0,0|0,0|0,0|0,0|0,0|1,0|0,0|0,0|0,0|0,0|0,0|0,0|0,0|0,0|0,0|0,0|0,0|0,0|0,0|0,0|0,0|0,0|0,0|0,0|0,0|0,0|0,0|1,0|0,0|0,0|0,0|0,0|0,0|0,0|0,0|0,0|0,0|0,0|0,2
0bfe4443620d1de0550ccb65673f0615cb212755,0|0,0|0,0|0,0|0,0|0,0|0,0|0,0|0,0|0,0|0,0|0,0|0,0|1,0|0,0|0,0|0,0|0,0|0,0|0,0|0,0|0,0|0,0|0,0|0,0|0,0|0,0|0,0|0,0|0,0|0,0|0,0|0,0|0,0|0,0|1,0|0,0|0,0|0,0|0,0|0,0|0,0|0,0|0,0|0,0|0,0|0,2
ceb98a3f9c7987820da3998f6c80a5bf9bd65743,0|0,0|0,0|0,0|0,0|0,0|0,0|0,0|0,0|0,0|0,0|0,0|0,0|1,0|0,0|0,0|0,0|0,0|0,0|0,0|0,0|0,0|0,0|0,0|0,0|0,0|0,0|0,0|0,0|0,0|0,0|0,0|0,0|0,0|0,0|1,0|0,0|0,0|0,0|0,0|0,0|0,0|0,0|0,0|0,0|0,0|0,2
bf318e0b86ecfe88db3c15ed7ae285b43e51c304,0|0,0|0,0|0,0|0,0|0,0|0,0|0,0|0,0|0,0|0,0|0,0|0,0|1,0|0,0|0,0|0,0|0,0|0,0|0,0|0,0|0,0|0,0|0,0|0,0|0,0|0,0|0,0|0,0|0,0|0,0|0,0|0,0|0,0|0,0|1,0|0,0|0,0|0,0|0,0|0,0|0,0|0,0|0,0|0,0|0,0|0,2
18c6c1c2d68c4cc185d4c2fa0583776edf523042,0|0,0|0,0|0,0|0,0|0,0|0,0|0,0|0,0|0,0|0,0|0,0|0,0|1,0|0,0|0,0|0,0|0,0|0,0|0,0|0,0|0,0|0,0|0,0|0,0|0,0|0,0|0,0|0,0|0,0|0,0|0,0|0,0|0,0|0,0|1,0|0,0|0,0|0,0|0,0|0,0|0,0|0,0|0,0|0,0|0,0|0,2
9fcf98c06740585e2b44c193084175a855448afc,0|0,0|0,0|0,0|0,0|0,0|0,0|0,0|0,0|0,0|0,0|0,0|0,0|1,0|0,0|0,0|0,0|0,0|0,0|0,0|0,0|0,0|0,0|0,0|0,0|0,0|0,0|0,0|0,0|0,0|0,0|0,0|0,0|0,0|0,0|1,0|0,0|0,0|0,0|0,0|0,0|0,0|0,0|0,0|0,0|0,0|0,2
d9278d55c3505e9cc615bed291a19b04987e9bcf,0|0,0|0,0|0,0|0,0|0,0|0,0|0,0|0,0|0,0|0,0|0,0|0,0|1,0|0,0|0,0|0,0|0,0|0,0|0,0|0,0|0,0|0,0|0,0|0,0|0,0|0,0|0,0|0,0|0,0|0,0|0,0|0,0|0,0|0,0|1,0|0,0|0,0|0,0|0,0|0,0|0,0|0,0|0,0|0,0|0,0|0,2
9ca62ed7acc3e10fe00d2d0e2c4e921948cda52c,0|0,0|0,0|0,0|0,0|0,0|0,0|0,0|0,0|0,0|0,0|0,0|0,0|1,0|0,0|0,0|0,0|0,0|0,0|0,0|0,0|0,0|0,0|0,0|0,0|0,0|0,0|0,0|0,0|0,0|0,0|1,0|0,0|0,0|0,0|1,0|0,0|0,0|0,0|0,0|0,0|0,0|0,0|0,0|0,0|0,0|0,3
8c3674e9a30a0870effdb4c7eb5ad792f7ba6b6a,0|0,0|0,0|0,0|0,0|0,0|0,0|0,0|0,0|0,0|0,0|0,0|0,0|1,0|0,0|0,0|0,0|0,0|0,0|0,0|0,0|0,0|0,0|0,0|0,0|0,0|0,0|0,0|0,0|0,0|0,0|1,0|0,0|0,0|0,0|1,0|0,0|0,0|0,0|0,0|0,0|0,0|0,0|0,0|0,0|0,0|0,3
c6a835746ee991f996e7c4d7709db722a321aa51,0|0,0|0,0|0,0|0,0|0,0|0,0|0,0|0,0|0,0|0,0|0,0|0,0|1,0|0,0|0,0|0,0|0,0|0,0|0,0|0,0|0,0|0,0|0,0|0,0|0,0|0,0|0,0|0,0|0,0|0,0|1,0|0,0|0,0|0,0|1,0|0,0|0,0|0,0|0,0|0,0|0,0|0,0|0,0|0,0|0,0|0,3
9377991263b651be2f7b9a1320d24bcf63f17a1a,0|0,0|0,0|0,0|0,0|0,0|0,0|0,0|0,0|0,0|0,0|0,0|0,0|1,0|0,0|0,0|0,0|0,0|0,0|0,0|0,0|0,0|0,0|0,0|0,0|0,0|0,0|0,0|0,0|0,0|0,0|1,0|0,0|0,0|0,0|1,0|0,0|0,0|0,0|0,0|0,0|0,0|0,0|0,0|0,0|0,0|0,3
d95cd9912c158ba7bee75d88e99a0a5619882bec,0|0,0|0,0|0,0|0,0|0,0|0,0|0,0|0,0|0,0|0,0|0,0|0,0|1,0|0,0|0,0|0,0|0,0|0,0|0,0|0,0|0,0|0,0|0,0|0,0|0,0|0,0|0,0|0,0|0,0|0,0|1,0|0,0|0,0|0,0|1,0|0,0|0,0|0,0|0,0|0,0|0,0|0,0|0,0|0,0|0,0|0,3
b4a8c8c63fe4c7b2cbb0a7e79810a150324c7fc3,0|0,0|0,0|0,0|0,0|0,0|0,0|0,0|0,0|0,0|0,0|0,0|0,0|1,0|0,0|0,0|0,0|0,0|0,0|0,0|0,0|0,0|0,0|0,0|0,0|0,0|0,0|0,0|0,0|0,0|0,0|1,0|0,0|0,0|0,0|1,0|0,0|0,0|0,0|0,0|0,0|0,0|0,0|0,0|0,0|0,0|0,3
0ef79983488b841c6144314b125eadc72b4178a8,0|0,0|0,0|0,0|0,0|0,0|0,0|0,0|0,0|0,0|0,0|0,0|0,0|1,0|0,0|0,0|0,0|0,0|0,0|0,0|0,0|0,0|0,0|0,0|0,0|0,0|0,0|0,0|0,0|0,0|0,0|1,0|0,0|0,0|0,0|1,0|0,0|0,0|0,0|0,0|0,0|0,0|0,0|0,0|0,0|0,0|0,3
b586c223dd6e4ef17174f9874e73b958f0b681c4,0|0,0|0,0|0,0|0,0|0,0|0,0|0,0|0,0|0,0|0,0|0,0|0,0|1,0|0,0|0,0|0,0|0,0|0,0|0,0|0,0|0,0|0,0|0,0|0,0|0,0|0,0|0,0|0,0|0,0|0,0|1,0|0,0|0,0|0,0|1,0|0,0|0,0|0,0|0,0|0,0|0,0|0,0|0,0|0,0|0,0|0,3
fad246289f695b37c01e28ed5bc1c99028be7f13,0|0,0|0,0|0,0|0,0|0,0|0,0|0,0|0,0|0,0|0,0|0,0|0,0|1,0|0,0|0,0|0,0|0,0|0,0|0,0|0,0|0,0|0,0|0,0|0,0|0,0|0,0|0,0|0,0|0,0|0,0|1,0|0,0|0,0|0,0|1,0|0,0|0,0|0,0|0,0|0,0|0,0|0,0|0,0|0,0|0,0|0,3
a04efb7ce76b796ec73decc1ec18827b51b0cb32,0|0,0|0,0|0,0|0,0|0,0|0,0|0,0|0,0|0,0|0,0|0,0|0,0|1,0|0,0|0,0|0,0|0,0|0,0|0,0|0,0|0,0|0,0|0,0|0,0|0,0|0,0|0,0|0,0|0,0|0,0|1,0|0,0|0,0|0,0|1,0|0,0|0,0|0,0|0,0|0,0|0,0|0,0|0,0|0,0|0,0|0,3
4a09707e4868cecb62cd8b115ea5eaf1cfa4f835,0|0,0|0,0|0,0|0,0|0,0|0,0|0,0|0,0|0,0|0,0|0,0|0,0|1,0|0,0|0,0|0,0|0,0|0,0|0,0|0,0|0,0|0,0|0,0|0,0|0,0|0,0|0,0|0,0|0,0|0,0|1,0|0,0|0,0|0,0|1,0|0,0|0,0|0,0|0,0|0,0|0,0|0,0|0,0|0,0|0,0|0,3
87ad2b58dc4f9355ba6c3a728b8aedb0a0c86516,0|0,0|0,0|0,0|0,0|0,0|0,0|0,0|0,0|0,0|0,0|0,0|0,0|1,0|0,0|0,0|0,0|0,0|0,0|0,0|0,0|0,0|0,0|0,0|0,0|0,0|0,0|0,0|0,0|0,0|0,0|1,0|0,0|0,0|0,0|1,0|0,0|0,0|0,0|0,0|0,0|0,0|0,0|0,0|0,0|0,0|0,3
d5b395f35a10ae22a2f35c087600e249d2c42d0f,0|0,0|0,0|0,0|0,0|0,0|0,0|0,0|0,0|0,0|0,0|0,0|0,0|1,0|0,0|0,0|0,0|0,0|0,0|0,0|0,0|0,0|0,0|0,0|0,0|0,0|0,0|0,0|0,0|0,0|0,0|1,0|0,0|0,0|0,0|1,0|0,0|0,0|0,0|0,0|0,0|0,0|0,0|0,0|0,0|0,0|0,3
da3e6bd61b7eaf54cad432bd737d5d894e6c9bf9,0|0,0|0,0|0,0|0,0|0,0|0,0|0,0|0,0|0,0|0,0|0,0|0,0|1,0|0,0|0,0|0,0|0,0|0,0|0,0|0,0|0,0|0,0|0,0|0,0|0,0|0,0|0,0|0,0|0,0|0,0|1,0|0,0|0,0|0,0|1,0|0,0|0,0|0,0|0,0|0,0|0,0|0,0|0,0|0,0|0,0|0,3
7b62db81c335d0a826c9e7bb753000c3647e97c8,0|0,0|0,0|0,0|0,0|0,0|0,0|0,0|0,0|0,0|0,0|0,0|0,0|1,0|0,0|0,0|0,0|0,0|0,0|0,0|0,0|0,0|0,0|0,0|0,0|0,0|0,0|0,0|0,0|0,0|0,0|1,0|0,0|0,0|0,0|1,0|0,0|0,0|0,0|0,0|0,0|0,0|0,0|0,0|0,0|0,0|0,3
70686249c91d2cd40910fcf136b92474272d5a41,0|0,0|0,0|0,0|0,0|0,0|0,0|0,0|0,0|0,0|0,0|0,0|0,0|1,0|0,0|0,0|0,0|0,0|0,0|0,0|0,0|0,0|0,0|0,0|0,0|0,0|0,0|0,0|0,0|0,0|0,0|1,0|0,0|0,0|0,0|1,0|0,0|0,0|0,0|0,0|0,0|0,0|0,0|0,0|0,0|0,0|0,3
dd651420207129a24267c3cb308232752caf6a0d,0|0,0|0,0|0,0|0,0|0,0|0,0|0,0|0,0|0,0|0,0|0,0|0,0|1,0|0,0|0,0|0,0|0,0|0,0|0,0|0,0|0,0|0,0|0,0|0,0|0,0|0,0|0,0|0,0|0,0|0,0|1,0|0,0|0,0|0,0|1,0|0,0|0,0|0,0|0,0|0,0|0,0|0,0|0,0|0,0|0,0|0,3
153d11c92022d27d3e09fab7dd42ce503654a3d7,0|0,0|0,0|0,0|0,0|0,0|0,0|0,0|0,0|0,0|0,0|0,0|0,0|1,0|0,0|0,0|0,0|0,0|0,0|0,0|0,0|0,0|0,0|0,0|0,0|0,0|0,0|0,0|0,0|0,0|0,0|1,0|0,0|0,0|0,0|1,0|0,0|0,0|0,0|0,0|0,0|0,0|0,0|0,0|0,0|0,0|0,3
ce54a6ab5742d387cc50f6d4b0682663dfb1d2ad,0|0,0|0,0|0,0|0,0|0,0|0,0|0,0|0,0|0,0|0,0|0,0|0,0|1,0|0,0|0,0|0,0|0,0|0,0|0,0|0,0|0,0|0,0|0,0|0,0|0,0|0,0|0,0|0,0|0,0|0,0|1,0|0,0|0,0|0,0|1,0|0,0|0,0|0,0|0,0|0,0|0,0|0,0|0,0|0,0|0,0|0,3
808050e6357f0c84826828f1922ac1a29803845b,0|0,0|0,0|0,0|0,0|0,0|0,0|0,0|0,0|0,0|0,0|0,0|0,0|1,0|0,0|0,0|0,0|0,0|0,0|0,0|0,0|0,0|0,0|0,0|0,0|0,0|0,0|0,0|0,0|0,0|0,0|1,0|0,0|0,0|0,0|1,0|0,0|0,0|0,0|0,0|0,0|0,0|0,0|0,0|0,0|0,0|0,3
ae2470fad40d1865c6fd17f686f43555cc47b92b,0|0,0|0,0|0,0|0,0|0,0|0,0|0,0|0,0|0,0|0,0|0,0|0,0|1,0|0,0|0,0|0,0|0,0|0,0|0,0|0,0|0,0|0,0|0,0|0,0|0,0|0,0|0,0|0,0|0,0|0,0|1,0|0,0|0,0|0,0|1,0|0,0|0,0|0,0|0,0|0,0|0,0|0,0|0,0|0,0|0,0|0,3
0663544be8a0e0ea644655b736f9b0a47453c105,0|0,0|0,0|0,0|0,0|0,0|0,0|0,0|0,0|0,0|0,0|0,0|0,0|1,0|0,0|0,0|0,0|0,0|0,0|0,0|0,0|0,0|0,0|0,0|0,0|0,0|0,0|0,0|0,0|0,0|0,0|1,0|0,0|0,0|0,0|1,0|0,0|0,0|0,0|0,0|0,0|0,0|0,0|0,0|0,0|0,0|0,3
8c28613eb27983272912d0b99e510eff5416ac60,0|0,0|0,0|0,0|0,0|0,0|0,0|0,0|0,0|0,0|0,0|0,0|0,0|1,0|0,0|0,0|0,0|0,0|0,0|0,0|0,0|0,0|0,0|0,0|0,0|0,0|0,0|0,0|0,0|0,0|0,0|1,0|0,0|0,0|0,0|1,0|0,0|0,0|0,0|0,0|0,0|0,0|0,0|0,0|0,0|0,0|0,3
12c6ab768d716aa54a343a82ac333c9c5fb02af4,0|0,0|0,0|0,0|0,0|0,0|0,0|0,0|0,0|0,0|0,0|0,0|0,0|1,0|0,0|0,0|0,0|0,0|0,0|0,0|0,0|0,0|0,0|0,0|0,0|0,0|0,0|0,0|0,0|0,0|0,0|1,0|0,0|0,0|0,0|1,0|0,0|0,0|0,0|0,0|0,0|0,0|0,0|0,0|0,0|0,0|0,3
2ca37ff8be2e5c1f273a7eb1fb4106c65c95217e,0|0,0|0,0|0,0|0,0|0,0|0,0|0,0|0,0|0,0|0,0|0,0|0,0|1,0|0,0|0,0|0,0|0,0|0,0|0,0|0,0|0,0|0,0|0,0|0,0|0,0|0,0|0,0|0,0|0,0|0,0|1,0|0,0|0,0|0,0|1,0|0,0|0,0|0,0|0,0|0,0|0,0|0,0|0,0|0,0|0,0|0,3
1deae1132bb80469665c10f101ac46bfd75e83e4,0|0,0|0,0|0,0|0,0|0,0|0,0|0,0|0,0|0,0|0,0|0,0|0,0|1,0|0,0|0,0|0,0|0,0|0,0|0,0|0,0|0,0|0,0|0,0|0,0|0,0|0,0|0,0|0,0|0,0|0,0|1,0|0,0|0,0|0,0|1,0|0,0|0,0|0,0|0,0|0,0|0,0|0,0|0,0|0,0|0,0|0,3
66ebe444aed368fcb0c272034daa0a189a54aa48,0|0,0|0,0|0,0|0,0|0,0|0,0|0,0|0,0|0,0|0,0|0,0|0,0|1,0|0,0|0,0|0,0|0,0|0,0|0,0|0,0|0,0|0,0|0,0|0,0|0,0|0,0|0,0|0,0|0,0|0,0|1,0|0,0|0,0|0,0|1,0|0,0|0,0|0,0|0,0|0,0|0,0|0,0|0,0|0,0|0,0|0,3
fff60ec31721c32fa4737aba9e40f4d45bd21eca,0|0,0|0,0|0,0|0,0|0,0|0,0|0,0|0,0|0,0|0,0|0,0|0,0|1,0|0,0|0,0|0,0|0,0|0,0|0,0|0,0|0,0|0,0|0,0|0,0|0,0|0,0|0,0|0,0|0,0|0,0|1,0|0,0|0,0|0,0|1,0|0,0|0,0|0,0|0,0|0,0|0,0|0,0|0,0|0,0|0,0|0,3
4297a65ce881c8c5462c520f3b3dc987879bccce,0|0,0|0,0|0,0|0,0|0,0|0,0|0,0|0,0|0,0|0,0|0,0|0,0|1,0|0,0|0,0|0,0|0,0|0,0|0,0|0,0|0,0|0,0|0,0|0,0|0,0|0,0|0,0|0,0|0,0|0,0|1,0|0,0|0,0|0,0|1,0|0,0|0,0|0,0|0,0|0,0|0,0|0,0|0,0|0,0|0,0|0,3
5079bb11068903d9b70a042dddd7374f3104da6d,0|0,0|0,0|0,0|0,0|0,0|0,0|0,0|0,0|0,0|0,0|0,0|0,0|1,0|0,0|0,0|0,0|0,0|0,0|0,0|0,0|0,0|0,0|0,0|0,0|0,0|0,0|0,0|0,0|0,0|0,0|1,0|0,0|0,0|0,0|1,0|0,0|0,0|0,0|0,0|0,0|0,0|0,0|0,0|0,0|0,0|0,3
a5ecdf9df8a2ac3edc7fafb4475c37452b681f20,0|0,0|0,0|0,0|0,0|0,0|0,0|0,0|0,0|0,0|0,0|0,0|0,0|1,0|0,0|0,0|0,0|0,0|0,0|0,0|0,0|0,0|0,0|0,0|0,0|0,0|0,0|0,0|0,0|0,0|0,0|1,0|0,0|0,0|0,0|1,0|0,0|0,0|0,0|0,0|0,0|0,0|0,0|0,0|0,0|0,0|0,3
5918a6542d4640e702516fe92d7d23d5a969c73c,0|0,0|0,0|0,0|0,0|0,0|0,0|0,0|0,0|0,0|0,0|0,0|0,0|1,0|0,0|0,0|0,0|0,0|0,0|0,0|0,0|0,0|0,0|0,0|0,0|0,0|0,0|0,0|0,0|0,0|0,0|1,0|0,0|0,0|0,0|1,0|0,0|0,0|0,0|0,0|0,0|0,0|0,0|0,0|0,0|0,0|0,3
87076dcd5bcadbe9dbd24284429db59368af04a4,0|0,0|0,0|0,0|0,0|0,0|0,0|0,0|0,0|0,0|0,0|0,0|0,0|1,0|0,0|0,0|0,0|0,0|0,0|0,0|0,0|0,0|0,0|0,0|0,0|0,0|0,0|0,0|0,0|0,0|0,0|1,0|0,0|0,0|0,0|1,0|0,0|0,0|0,0|0,0|0,0|0,0|0,0|0,0|0,0|0,0|0,3
a62be9b8ecd4d3bd885654ee27d7041c005d0121,0|0,0|0,0|0,0|0,0|0,0|0,0|0,0|0,0|0,0|0,0|0,0|0,0|1,0|0,0|0,0|0,0|0,0|0,0|0,0|0,0|0,0|0,0|0,0|0,0|0,0|0,0|0,0|0,0|0,0|0,0|1,0|0,0|0,0|0,0|1,0|0,0|0,0|0,0|0,0|0,0|0,0|0,0|0,0|0,0|0,0|0,3
ac1eaca8a6909932d29ae8ac9bae372ed3bf65a6,0|0,0|0,0|0,0|0,0|0,0|0,0|0,0|0,0|0,0|0,0|0,0|0,0|1,0|0,0|0,0|0,0|0,0|0,0|0,0|0,0|0,0|0,0|0,0|0,0|0,0|0,0|0,0|0,0|0,0|0,0|1,0|0,0|0,0|0,0|1,0|0,0|0,0|0,0|0,0|0,0|0,0|0,0|0,0|0,0|0,0|0,3
ca92660d981da0dcea9597d7ad560af0a6e21774,0|0,0|0,0|0,0|0,0|0,0|0,0|0,0|0,0|0,0|0,0|0,0|0,0|1,0|0,0|0,0|0,0|0,0|0,0|0,0|0,0|0,0|0,0|0,0|0,0|0,0|0,0|0,0|0,0|0,0|0,0|1,0|0,0|0,0|0,0|1,0|0,0|0,0|0,0|0,0|0,0|0,0|0,0|0,0|0,0|0,0|0,3
abd6bce6f9f046797ab897330605cb69e76ca953,0|0,0|0,0|0,0|0,0|0,0|0,0|0,0|0,0|0,0|0,0|0,0|0,0|1,0|0,0|0,0|0,0|0,0|0,0|0,0|0,0|0,0|0,0|0,0|0,0|0,0|0,0|0,0|0,0|0,0|0,0|1,0|0,0|0,0|0,0|1,0|0,0|0,0|0,0|0,0|0,0|0,0|0,0|0,0|0,0|0,0|0,3
5646ffa7257ac3e3b5b1500471068ff34b249e24,0|0,0|0,0|0,0|0,0|0,0|0,0|0,0|0,0|0,0|0,0|0,0|0,0|1,0|0,0|0,0|0,0|0,0|0,0|0,0|0,0|0,0|0,0|0,0|0,0|0,0|0,0|0,0|0,0|0,0|0,0|1,0|0,0|0,0|0,0|1,0|0,0|0,0|0,0|0,0|0,0|0,0|0,0|0,0|0,0|0,0|0,3
9c5ba9c0609addf143336dc4af8566a88cb9f3c2,0|0,0|0,0|0,0|0,0|0,0|0,0|0,0|0,0|0,0|0,0|0,0|0,0|1,0|0,0|0,0|0,0|0,0|0,0|0,0|0,0|0,0|0,0|0,0|0,0|0,0|0,0|0,0|0,0|0,0|0,0|1,0|0,0|0,0|0,0|1,0|0,0|0,0|0,0|0,0|0,0|0,0|0,0|0,0|0,0|0,0|0,3
1ec621c85b9411cc611652fd57a892cfef478af3,0|0,0|0,0|0,0|0,0|0,0|0,0|0,0|0,0|0,0|0,0|0,0|0,0|1,0|0,0|0,0|0,0|0,0|0,0|0,0|0,0|0,0|0,0|0,0|0,0|0,0|0,0|0,0|0,0|0,0|0,0|1,0|0,0|0,0|0,0|1,0|0,0|0,0|0,0|0,0|0,0|0,0|0,0|0,0|0,0|0,0|0,3
43a8576efbf1de97fd5e5c266f55a2b8b684ee25,0|0,0|0,0|0,0|0,0|0,0|0,0|0,0|0,0|0,0|0,0|0,0|0,0|1,0|0,0|0,0|0,0|0,0|0,0|0,0|0,0|0,0|0,0|0,0|0,0|0,0|0,0|0,0|0,0|0,0|0,0|1,0|0,0|0,0|0,0|1,0|0,0|0,0|0,0|0,0|0,0|0,0|0,0|0,0|0,0|0,0|0,3
0b3d627185db10c690026a32828d76d4db52eeef,0|0,0|0,0|0,0|0,0|0,0|0,0|0,0|0,0|0,0|0,0|0,0|0,0|1,0|0,0|0,0|0,0|0,0|0,0|0,0|0,0|0,0|0,0|0,0|0,0|0,0|0,0|0,0|0,0|0,0|0,0|1,0|0,0|0,0|0,0|1,0|0,0|0,0|0,0|0,0|0,0|0,0|0,0|0,0|0,0|0,0|0,3
ca15e3295e217578fd08d6677e1f1a346ec15481,0|0,0|0,0|0,0|0,0|0,0|0,0|0,0|0,0|0,0|0,0|0,0|0,0|1,0|0,0|0,0|0,0|0,0|0,0|0,0|0,0|0,0|0,0|0,0|0,0|0,0|0,0|0,0|0,0|0,0|0,0|1,0|0,0|0,0|0,0|1,0|0,0|0,0|0,0|0,0|0,0|0,0|0,0|0,0|0,0|0,0|0,3
86f3c29d030a2155dadc426bc67b4369ea407711,0|0,0|0,0|0,0|0,0|0,0|0,0|0,0|0,0|0,0|0,0|0,0|0,0|1,0|0,0|0,0|0,0|0,0|0,0|0,0|0,0|0,0|0,0|0,0|0,0|0,0|0,0|0,0|0,0|0,0|0,0|1,0|0,0|0,0|0,0|1,0|0,0|0,0|0,0|0,0|0,0|0,0|0,0|0,0|0,0|0,0|0,3
732bcecd17f6ba83402562d8eead09c47f2439ce,0|0,0|0,0|0,0|0,0|0,0|0,0|0,0|0,0|0,0|0,0|0,0|0,0|1,0|0,0|0,0|0,0|0,0|0,0|0,0|0,0|0,0|0,0|0,0|0,0|0,0|0,0|0,0|0,0|0,0|0,0|1,0|0,0|0,0|0,0|1,0|0,0|0,0|0,0|0,0|0,0|0,0|0,0|0,0|0,0|0,0|0,3
71b81d3799a9bc8fa43f7037fb78423e0b11e7ca,0|0,0|0,0|0,0|0,0|0,0|0,0|0,0|0,0|0,0|0,0|0,0|0,0|1,0|0,0|0,0|0,0|0,0|0,0|0,0|0,0|0,0|0,0|0,0|0,0|0,0|0,0|0,0|0,0|0,0|0,0|1,0|0,0|0,0|0,0|1,0|0,0|0,0|0,0|0,0|0,0|0,0|0,0|0,0|0,0|0,0|0,3
d485c1cecb74ee8e797b28e6c9c39c9731281535,0|0,0|0,0|0,0|0,0|0,0|0,0|0,0|0,0|0,0|0,0|0,0|0,0|1,0|0,0|0,0|0,0|0,0|0,0|0,0|0,0|0,0|0,0|0,0|0,0|0,0|0,0|0,0|0,0|0,0|0,0|1,0|0,0|0,0|0,0|1,0|0,0|0,0|0,0|0,0|0,0|0,0|0,0|0,0|0,0|0,0|0,3
eb0115d4e03a0a644cc90b9459e234c71138e555,0|0,0|0,0|0,0|0,0|0,0|0,0|0,0|0,0|0,0|0,0|0,0|0,0|1,0|0,0|0,0|0,0|0,0|0,0|0,0|0,0|0,0|0,0|0,0|0,0|0,0|0,0|0,0|0,0|0,0|0,0|1,0|0,0|0,0|0,0|1,0|0,0|0,0|0,0|0,0|0,0|0,0|0,0|0,0|0,0|0,0|0,3
c4084ca3c7b3657659aff624158a9c4f5710f57d,0|0,0|0,0|0,0|0,0|0,0|0,0|0,0|0,0|0,0|0,0|0,0|0,0|1,0|0,0|0,0|0,0|0,0|0,0|0,0|0,0|0,0|0,0|0,0|0,0|0,0|0,0|0,0|0,0|0,0|0,0|1,0|0,0|0,0|0,0|1,0|0,0|0,0|0,0|0,0|0,0|0,0|0,0|0,0|0,0|0,0|0,3
c6208586715deffa1aa11244a5d9cb6cca459a6d,0|0,0|0,0|0,0|0,0|0,0|0,0|0,0|0,0|0,0|0,0|0,0|0,0|1,0|0,0|0,0|0,0|0,0|0,0|0,0|0,0|0,0|0,0|0,0|0,0|0,0|0,0|0,0|0,0|0,0|0,0|1,0|0,0|0,0|0,0|1,0|0,0|0,0|0,0|0,0|0,0|0,0|0,0|0,0|0,0|0,0|0,3
f4dbeecba9695e193c63173fb0cd985318be6dd1,0|0,0|0,0|0,0|0,0|0,0|0,0|0,0|0,0|0,0|0,0|0,0|0,0|1,0|0,0|0,0|0,0|0,0|0,0|0,0|0,0|0,0|0,0|0,0|0,0|0,0|0,0|0,0|0,0|0,0|0,0|1,0|0,0|0,0|0,0|1,0|0,0|0,0|0,0|0,0|0,0|0,0|0,0|0,0|0,0|0,0|0,3
9d427faafe59b30558f9aa1b04e756367913406d,0|0,0|0,0|0,0|0,0|0,0|0,0|0,0|0,0|0,0|0,0|0,0|0,0|1,0|0,0|0,0|0,0|0,0|0,0|0,0|0,0|0,0|0,0|0,0|0,0|0,0|0,0|0,0|0,0|0,0|0,0|1,0|0,0|0,0|0,0|1,0|0,0|0,0|0,0|0,0|0,0|0,0|0,0|0,0|0,0|0,0|0,3
06c6941f033b6af9ff6adef4e4bd3c7e4dd1cbba,0|0,0|0,0|0,0|0,0|0,0|0,0|0,0|0,0|0,0|0,0|0,0|0,0|1,0|0,0|0,0|0,0|0,0|0,0|0,0|0,0|0,0|0,0|0,0|0,0|0,0|0,0|0,0|0,0|0,0|0,0|1,0|0,0|0,0|0,0|1,0|0,0|0,0|0,0|0,0|0,0|0,0|0,0|0,0|0,0|0,0|0,3
654e84ff02a0521f193a521c2ade58f0077e7c27,0|0,0|0,0|0,0|0,0|0,0|0,0|0,0|0,0|0,0|0,0|0,0|0,0|1,0|0,0|0,0|0,0|0,0|0,0|0,0|0,0|0,0|0,0|0,0|0,0|0,0|0,0|0,0|0,0|0,0|0,0|1,0|0,0|0,0|0,0|1,0|0,0|0,0|0,0|0,0|0,0|0,0|0,0|0,0|0,0|0,0|0,3
8761ac1887c9190a8f5bf4f1439f1316a5df22a2,0|0,0|0,0|0,0|0,0|0,0|0,0|0,0|0,0|0,0|0,0|0,0|0,0|1,0|0,0|0,0|0,0|0,0|0,0|0,0|0,0|0,0|0,0|0,0|0,0|0,0|0,0|0,0|0,0|0,0|0,0|1,0|0,0|0,0|0,0|1,0|0,0|0,0|0,0|0,0|0,0|0,0|0,0|0,0|0,0|0,0|0,3
03ae090d39be3649e2435f117945ead263176045,0|0,0|0,0|0,0|0,0|0,0|0,0|0,0|0,0|0,0|0,0|0,0|0,0|1,0|0,0|0,0|0,0|0,0|0,0|0,0|0,0|0,0|0,0|0,0|0,0|0,0|0,0|0,0|0,0|0,0|0,0|1,0|0,0|0,0|0,0|1,0|0,0|0,0|0,0|0,0|0,0|0,0|0,0|0,0|0,0|0,0|0,3
b241dd5e6b00dfcbb927dd56938aff33dd0a603c,0|0,0|0,0|0,0|0,0|0,0|0,0|0,0|0,0|0,0|0,0|0,0|0,0|1,0|0,0|0,0|0,0|0,0|0,0|0,0|0,0|0,0|0,0|0,0|0,0|0,0|0,0|0,0|0,0|0,0|0,0|1,0|0,0|0,0|0,0|1,0|0,0|0,0|0,0|0,0|0,0|0,0|0,0|0,0|0,0|0,0|0,3
2fcf641e87edbd7188b5c8390c3e12128638f01a,0|0,0|0,0|0,0|0,0|0,0|0,0|0,0|0,0|0,0|0,0|0,0|0,0|1,0|0,0|0,0|0,0|0,0|0,0|0,0|0,0|0,0|0,0|0,0|0,0|0,0|0,0|0,0|0,0|0,0|0,0|1,0|0,0|0,0|0,0|1,0|0,0|0,0|0,0|0,0|0,0|0,0|0,0|0,0|0,0|0,0|0,3
65678dbeeabcf51e02ba3cc9ffbd36324a92a971,0|0,0|0,0|0,0|0,0|0,0|0,0|0,0|0,0|0,0|0,0|0,0|0,0|1,0|0,0|0,0|0,0|0,0|0,0|0,0|0,0|0,0|0,0|0,0|0,0|0,0|0,0|0,0|0,0|0,0|0,0|1,0|0,0|0,0|0,0|1,0|0,0|0,0|0,0|0,0|0,0|0,0|0,0|0,0|0,0|0,0|0,3
2af7b33de07fac404b2efb6d6b3189664a21d50e,0|0,0|0,0|0,0|0,0|0,0|0,0|0,0|0,0|0,0|0,0|0,0|0,0|1,0|0,0|0,0|0,0|0,0|0,0|0,0|0,0|0,0|0,0|0,0|0,0|0,0|0,0|0,0|0,0|0,0|0,0|1,0|0,0|0,0|0,0|1,0|0,0|0,0|0,0|0,0|0,0|0,0|0,0|0,0|0,0|0,0|0,3
2f8d3ac0b06f45e4cf387da68d1b1e924944b07f,0|0,0|0,0|0,0|0,0|0,0|0,0|0,0|0,0|0,0|0,0|0,0|0,0|1,0|0,0|0,0|0,0|0,0|0,0|0,0|0,0|0,0|0,0|0,0|0,0|0,0|0,0|0,0|0,0|0,0|0,0|1,0|0,0|0,0|0,0|1,0|0,0|0,0|0,0|0,0|0,0|0,0|0,0|0,0|0,0|0,0|0,3
41ec807d7974b349d7f0cffbbf002fc853be416b,0|0,0|0,0|0,0|0,0|0,0|0,0|0,0|0,0|0,0|0,0|0,0|0,0|1,0|0,0|0,0|0,0|0,0|0,0|0,0|0,0|0,0|0,0|0,0|0,0|0,0|0,0|0,0|0,0|0,0|0,0|1,0|0,0|0,0|0,0|1,0|0,0|0,0|0,0|0,0|0,0|0,0|0,0|0,0|0,0|0,0|0,3
d3aa3df97520fb6a00a05cd54aedc8efc35fdeff,0|0,0|0,0|0,0|0,0|0,0|0,0|0,0|0,0|0,0|0,0|0,0|0,0|1,0|0,0|0,0|0,0|0,0|0,0|0,0|0,0|0,0|0,0|0,0|0,0|0,0|0,0|0,0|0,0|0,0|0,0|1,0|0,0|0,0|0,0|1,0|0,0|0,0|0,0|0,0|0,0|0,0|0,0|0,0|0,0|0,0|0,3
177f9456bd2667b2efaa47f4fd381f756cc55092,0|0,0|0,0|0,0|0,0|0,0|0,0|0,0|0,0|0,0|0,0|0,0|0,0|1,0|0,0|0,0|0,0|0,0|0,0|0,0|0,0|0,0|0,0|0,0|0,0|0,0|0,0|0,0|0,0|0,0|0,0|1,0|0,0|0,0|0,0|1,0|0,0|0,0|0,0|0,0|0,0|0,0|0,0|0,0|0,0|0,0|0,3
77710ed8b4629cecfe201d64aed8ebdaa09f884f,0|0,0|0,0|0,0|0,0|0,0|0,0|0,0|0,0|0,0|0,0|0,0|0,0|1,0|0,0|0,0|0,0|0,0|0,0|0,0|0,0|0,0|0,0|0,0|0,0|0,0|0,0|0,0|0,0|0,0|0,0|1,0|0,0|0,0|0,0|1,0|0,0|0,0|0,0|0,0|0,0|0,0|0,0|0,0|0,0|0,0|0,3
65e67a2f883ca1cf3e8a4955d0ed25ca6b59d66d,0|0,0|0,0|0,0|0,0|0,0|0,0|0,0|0,0|0,0|0,0|0,0|0,0|1,0|0,0|0,0|0,0|0,0|0,0|0,0|0,0|0,0|0,0|0,0|0,0|0,0|0,0|0,0|0,0|0,0|0,0|1,0|0,0|0,0|0,0|1,0|0,0|0,0|0,0|0,0|0,0|0,0|0,0|0,0|0,0|0,0|0,3
1a8ae710cfb7ec395057e926090c900552ceb623,0|0,0|0,0|0,0|0,0|0,0|0,0|0,0|0,0|0,0|0,0|0,0|0,0|1,0|0,0|0,0|0,0|0,0|0,0|0,0|0,0|0,0|0,0|0,0|0,0|0,0|0,0|0,0|0,0|0,0|0,0|1,0|0,0|0,0|0,0|1,0|0,0|0,0|0,0|0,0|0,0|0,0|0,0|0,0|0,0|0,0|0,3
6704649a75a748574f031ba8f110dd6cfa4fbb06,0|0,0|0,0|0,0|0,0|0,0|0,0|0,0|0,0|0,0|0,0|0,0|0,0|1,0|0,0|0,0|0,0|0,0|0,0|0,0|0,0|0,0|0,0|0,0|0,0|0,0|0,0|0,0|0,0|0,0|0,0|1,0|0,0|0,0|0,0|1,0|0,0|0,0|0,0|0,0|0,0|0,0|0,0|0,0|0,0|0,0|0,3
a01a2b7443b75da3d5c1ea8316eb4e25ae452719,0|0,0|0,0|0,0|0,0|0,0|0,0|0,0|0,0|0,0|0,0|0,0|0,0|1,0|0,0|0,0|0,0|0,0|0,0|0,0|0,0|0,0|0,0|0,0|0,0|0,0|0,0|0,0|0,0|0,0|0,0|1,0|0,0|0,0|0,0|1,0|0,0|0,0|0,0|0,0|0,0|0,0|0,0|0,0|0,0|0,0|0,3
c9f582805b4cf9ebe7df26348597cd3bf56bd8f1,0|0,0|0,0|0,0|0,0|0,0|0,0|0,0|0,0|0,0|0,0|0,0|0,0|1,0|0,0|0,0|0,0|0,0|0,0|0,0|0,0|0,0|0,0|0,0|0,0|0,0|0,0|0,0|0,0|0,0|0,0|1,0|0,0|0,0|0,0|1,0|0,0|0,0|0,0|0,0|0,0|0,0|0,0|0,0|0,0|0,0|0,3
dee6f90d6c1526abf04cd3ea4046d307f997732c,0|0,0|0,0|0,0|0,0|0,0|0,0|0,0|0,0|0,0|0,0|0,0|0,0|1,0|0,0|0,0|0,0|0,0|0,0|0,0|0,0|0,0|0,0|0,0|0,0|0,0|0,0|0,0|0,0|0,0|0,0|1,0|0,0|0,0|0,0|1,0|0,0|0,0|0,0|0,0|0,0|0,0|0,0|0,0|0,0|0,0|0,3
a79b8ee834140cff8ce671683858c35abaed3192,0|0,0|0,0|0,0|0,0|0,0|0,0|0,0|0,0|0,0|0,0|0,0|0,0|1,0|0,0|0,0|0,0|0,0|0,0|0,0|0,0|0,0|0,0|0,0|0,0|0,0|0,0|0,0|0,0|0,0|0,0|1,0|0,0|0,0|0,0|1,0|0,0|0,0|0,0|0,0|0,0|0,0|0,0|0,0|0,0|0,0|0,3
380286c06974451bed47f14455272f051f809cbe,0|0,0|0,0|0,0|0,0|0,0|0,0|0,0|0,0|0,0|0,0|0,0|0,0|1,0|0,0|0,0|0,0|0,0|0,0|0,0|0,0|0,0|0,0|0,0|0,0|0,0|0,0|0,0|0,0|0,0|0,0|1,0|0,0|0,0|0,0|1,0|0,0|0,0|0,0|0,0|0,0|0,0|0,0|0,0|0,0|0,0|0,3
4aefbe0c7a665ee077b3ddbfc0c7738cd7333558,0|0,0|0,0|0,0|0,0|0,0|0,0|0,0|0,0|0,0|0,0|0,0|0,0|1,0|0,0|0,0|0,0|0,0|0,0|0,0|0,0|0,0|0,0|0,0|0,0|0,0|0,0|0,0|0,0|0,0|0,0|1,0|0,0|0,0|0,0|1,0|0,0|0,0|0,0|0,0|0,0|0,0|0,0|0,0|0,0|0,0|0,3
43ccaef2f5767660f234429d7a0639c3d78cb7bc,0|0,0|0,0|0,0|0,0|0,0|0,0|0,0|0,0|0,0|0,0|0,0|0,0|1,0|0,0|0,0|0,0|0,0|0,0|0,0|0,0|0,0|0,0|0,0|0,0|0,0|0,0|0,0|0,0|0,0|0,0|1,0|0,0|0,0|0,0|1,0|0,0|0,0|0,0|0,0|0,0|0,0|0,0|0,0|0,0|0,0|0,3
09293fabd9dcb92812641788509a1a766e9320f8,0|0,0|0,0|0,0|0,0|0,0|0,0|0,0|0,0|0,0|0,0|0,0|0,0|1,0|0,0|0,0|0,0|0,0|0,0|0,0|0,0|0,0|0,0|0,0|0,0|0,0|0,0|0,0|0,0|0,0|0,0|1,0|0,0|0,0|0,0|1,0|0,0|0,0|0,0|0,0|0,0|0,0|0,0|0,0|0,0|0,0|0,3
be808c30f3f4582009df4c5efccd4f3bb0c6ef1d,0|0,0|0,0|0,0|0,0|0,0|0,0|0,0|0,0|0,0|0,0|0,0|0,0|1,0|0,0|0,0|0,0|0,0|0,0|0,0|0,0|0,0|0,0|0,0|0,0|0,0|0,0|0,0|0,0|0,0|0,0|1,0|0,0|0,0|0,0|1,0|0,0|0,0|0,0|0,0|0,0|0,0|0,0|0,0|0,0|0,0|0,3
2eba77e3b0724ee46685f3648ac6e714c23b9854,0|0,0|0,0|0,0|0,0|0,0|0,0|0,0|0,0|0,0|0,0|0,0|0,0|1,0|0,0|0,0|0,0|0,0|0,0|0,0|0,0|0,0|0,0|0,0|0,0|0,0|0,0|0,0|0,0|0,0|0,0|1,0|0,0|0,0|0,0|1,0|0,0|0,0|0,0|0,0|0,0|0,0|0,0|0,0|0,0|0,0|0,3
e89c06256e51653eb175f28132cbd72614d72ed7,0|0,0|0,0|0,0|0,0|0,0|0,0|0,0|0,0|0,0|0,0|0,0|0,0|1,0|0,0|0,0|0,0|0,0|0,0|0,0|0,0|0,0|0,0|0,0|0,0|0,0|0,0|0,0|0,0|0,0|0,0|1,0|0,0|0,0|0,0|1,0|0,0|0,0|0,0|0,0|0,0|0,0|0,0|0,0|0,0|0,0|0,3
b0b3e1bc6c8db7cf8a2a26dbb29ffdb057d86121,0|0,0|0,0|0,0|0,0|0,0|0,0|0,0|0,0|0,0|0,0|0,0|0,0|1,0|0,0|0,0|0,0|0,0|0,0|0,0|0,0|0,0|0,0|0,0|0,0|0,0|0,0|0,0|0,0|0,0|0,0|1,0|0,0|0,0|0,0|1,0|0,0|0,0|0,0|0,0|0,0|0,0|0,0|0,0|0,0|0,0|0,3
0b9b6a683da9d68fa66154fb1479a43f8893ddaf,0|0,0|0,0|0,0|0,0|0,0|0,0|0,0|0,0|0,0|0,0|0,0|0,0|1,0|0,0|0,0|0,0|0,0|0,0|0,0|0,0|0,0|0,0|0,0|0,0|0,0|0,0|0,0|0,0|0,0|0,0|1,0|0,0|0,0|0,0|1,0|0,0|0,0|0,0|0,0|0,0|0,0|0,0|0,0|0,0|0,0|0,3
0afc8ace3d2da3ff67c13cf3e95f722bdc981170,0|0,0|0,0|0,0|0,0|0,0|0,0|0,0|0,0|0,0|0,0|0,0|0,0|1,0|0,0|0,0|0,0|0,0|0,0|0,0|0,0|0,0|0,0|0,0|0,0|0,0|0,0|0,0|0,0|0,0|0,0|1,0|0,0|0,0|0,0|1,0|0,0|0,0|0,0|0,0|0,0|0,0|0,0|0,0|0,0|0,0|0,3
613e21002adfe5d536c632757cee2b4e6bda847b,0|0,0|0,0|0,0|0,0|0,0|0,0|0,0|0,0|0,0|0,0|0,0|0,0|1,0|0,0|0,0|0,0|0,0|0,0|0,0|0,0|0,0|0,0|0,0|0,0|0,0|0,0|0,0|0,0|0,0|0,0|1,0|0,0|0,0|0,0|1,0|0,0|0,0|0,0|0,0|0,0|0,0|0,0|0,0|0,0|0,0|0,3
0cbb4b2ffa8bc3aafcc91d9526d603124d88e1a4,0|0,0|0,0|0,0|0,0|0,0|0,0|0,0|0,0|0,0|0,0|0,0|0,0|1,0|0,0|0,0|0,0|0,0|0,0|0,0|0,0|0,0|0,0|0,0|0,0|0,0|0,0|0,0|0,0|0,0|0,0|1,0|0,0|0,0|0,0|1,0|0,0|0,0|0,0|0,0|0,0|0,0|0,0|0,0|0,0|0,0|0,3
f19937c8c9fd4e1c21988f523d9e78b954f6fcc8,0|0,0|0,0|0,0|0,0|0,0|0,0|0,0|0,0|0,0|0,0|0,0|0,0|1,0|0,0|0,0|0,0|0,0|0,0|0,0|0,0|0,0|0,0|0,0|0,0|0,0|0,0|0,0|0,0|0,0|0,0|1,0|0,0|0,0|0,0|1,0|0,0|0,0|0,0|0,0|0,0|0,0|0,0|0,0|0,0|0,0|0,3
35fc6a6de5ab1be3cc4c3c1eb9428b2312a503d0,0|0,0|0,0|0,0|0,0|0,0|0,0|0,0|0,0|0,0|0,0|0,0|0,0|1,0|0,0|0,0|0,0|0,0|0,0|0,0|0,0|0,0|0,0|0,0|0,0|0,0|0,0|0,0|0,0|0,0|0,0|1,0|0,0|0,0|0,0|1,0|0,0|0,0|0,0|0,0|0,0|0,0|0,0|0,0|0,0|0,0|0,3
2234b97149b4a7a9dcdc5d04e0e25b36f6360532,0|0,0|0,0|0,0|0,0|0,0|0,0|0,0|0,0|0,0|0,0|0,0|0,0|1,0|0,0|0,0|0,0|0,0|0,0|0,0|0,0|0,0|0,0|0,0|0,0|0,0|0,0|0,0|0,0|0,0|0,0|1,0|0,0|0,0|0,0|1,0|0,0|0,0|0,0|0,0|0,0|0,0|0,0|0,0|0,0|0,0|0,3
6a1fd9ad97e6226bb4d186762fefa50737270c52,0|0,0|0,0|0,0|0,0|0,0|0,0|0,0|0,0|0,0|0,0|0,0|0,0|1,0|0,0|0,0|0,0|0,0|0,0|0,0|0,0|0,0|0,0|0,0|0,0|0,0|0,0|0,0|0,0|0,0|0,0|1,0|0,0|0,0|0,0|1,0|0,0|0,0|0,0|0,0|0,0|0,0|0,0|0,0|0,0|0,0|0,3
f8fe3ee5200ed7a8f594dd63f74f5fee164e9a8b,0|0,0|0,0|0,0|0,0|0,0|0,0|0,0|0,0|0,0|0,0|0,0|0,0|1,0|0,0|0,0|0,0|0,0|0,0|0,0|0,0|0,0|0,0|0,0|0,0|0,0|0,0|0,0|0,0|0,0|0,0|1,0|0,0|0,0|0,0|1,0|0,0|0,0|0,0|0,0|0,0|0,0|0,0|0,0|0,0|0,0|0,3
e5fd86393e3528f9ed76ca51c607e8ca27155fcd,0|0,0|0,0|0,0|0,0|0,0|0,0|0,0|0,0|0,0|0,0|0,0|0,0|1,0|0,0|0,0|0,0|0,0|0,0|0,0|0,0|0,0|0,0|0,0|0,0|0,0|0,0|0,0|0,0|0,0|0,0|1,0|0,0|0,0|0,0|1,0|0,0|0,0|0,0|0,0|0,0|0,0|0,0|0,0|0,0|0,0|0,3
1c2a0c36f130baa5eac1548d97da8553510849b3,0|0,0|0,0|0,0|0,0|0,0|0,0|0,0|0,0|0,0|0,0|0,0|0,0|1,0|0,0|0,0|0,0|0,0|0,0|0,0|0,0|0,0|0,0|0,0|0,0|0,0|0,0|0,0|0,0|0,0|0,0|1,0|0,0|0,0|0,0|1,0|0,0|0,0|0,0|0,0|0,0|0,0|0,0|0,0|0,0|0,0|0,3
8222ac5bdc5f9bb1ea1e2fcdd5733cd3241aa617,0|0,0|0,0|0,0|0,0|0,0|0,0|0,0|0,0|0,0|0,0|0,0|0,0|1,0|0,0|0,0|0,0|0,0|0,0|0,0|0,0|0,0|0,0|0,0|0,0|0,0|0,0|0,0|0,0|0,0|0,0|1,0|0,0|0,0|0,0|1,0|0,0|0,0|0,0|0,0|0,0|0,0|0,0|0,0|0,0|0,0|0,3
ced6fca184a4549333c2d582e53419f66cd99ec1,0|0,0|0,0|0,0|0,0|0,0|0,0|0,0|0,0|0,0|0,0|0,0|0,0|1,0|0,0|0,0|0,0|0,0|0,0|0,0|0,0|0,0|0,0|0,0|0,0|0,0|0,0|0,0|0,0|0,0|0,0|1,0|0,0|0,0|0,0|1,0|0,0|0,0|0,0|0,0|0,0|0,0|0,0|0,0|0,0|0,0|0,3
21b2cce7151311931130a6513a8f26fdb4fb3fca,0|0,0|0,0|0,0|0,0|0,0|0,0|0,0|0,0|0,0|0,0|0,0|0,0|1,0|0,0|0,0|0,0|0,0|0,0|0,0|0,0|0,0|0,0|0,0|0,0|0,0|0,0|0,0|0,0|0,0|0,0|1,0|0,0|0,0|0,0|1,0|0,0|0,0|0,0|0,0|0,0|0,0|0,0|0,0|0,0|0,0|0,3
1116d0e4b1c27b26c3e2ac359331cc5ca2ffa868,0|0,0|0,0|0,0|0,0|0,0|0,0|0,0|0,0|0,0|0,0|0,0|0,0|1,0|0,0|0,0|0,0|0,0|0,0|0,0|0,0|0,0|0,0|0,0|0,0|0,0|0,0|0,0|0,0|0,0|0,0|1,0|0,0|0,0|0,0|1,0|0,0|0,0|0,0|0,0|0,0|0,0|0,0|0,0|0,0|0,0|0,3
46c32d2433c3350b05750a0dbcdcfa94809771c4,0|0,0|0,0|0,0|0,0|0,0|0,0|0,0|0,0|0,0|0,0|0,0|0,0|1,0|0,0|0,0|0,0|0,0|0,0|0,0|0,0|0,0|0,0|0,0|0,0|0,0|0,0|0,0|0,0|0,0|0,0|1,0|0,0|0,0|0,0|1,0|0,0|0,0|0,0|0,0|0,0|0,0|0,0|0,0|0,0|0,0|0,3
6f7acfcab559e54255e1253150110225829496c7,0|0,0|0,0|0,0|0,0|0,0|0,0|0,0|0,0|0,0|0,0|0,0|0,0|1,0|0,0|0,0|0,0|0,0|0,0|0,0|0,0|0,0|0,0|0,0|0,0|0,0|0,0|0,0|0,0|0,0|0,0|1,0|0,0|0,0|0,0|1,0|0,0|0,0|0,0|0,0|0,0|0,0|0,0|0,0|0,0|0,0|0,3
8e7b063804a2d1f2e88d0cb351e493a9100d8178,0|0,0|0,0|0,0|0,0|0,0|0,0|0,0|0,0|0,0|0,0|0,0|0,0|1,0|0,0|0,0|0,0|0,0|0,0|0,0|0,0|0,0|0,0|0,0|0,0|0,0|0,0|0,0|0,0|0,0|0,0|1,0|0,0|0,0|0,0|1,0|0,0|0,0|0,0|0,0|0,0|0,0|0,0|0,0|0,0|0,0|0,3
48db44a56755f902031e0f4d5c11d9e7592ef6d8,0|0,0|0,0|0,0|0,0|0,0|0,0|0,0|0,0|0,0|0,0|0,0|0,0|1,0|0,0|0,0|0,0|0,0|0,0|0,0|0,0|0,0|0,0|0,0|0,0|0,0|0,0|0,0|0,0|0,0|0,0|1,0|0,0|0,0|0,0|1,0|0,0|0,0|0,0|0,0|0,0|0,0|0,0|0,0|0,0|0,0|0,3
e5dacc28e74d59fc1764fe870dbcafaa4846550f,0|0,0|0,0|0,0|0,0|0,0|0,0|0,0|0,0|0,0|0,0|0,0|0,0|1,0|0,0|0,0|0,0|0,0|0,0|0,0|0,0|0,0|0,0|0,0|0,0|0,0|0,0|0,0|0,0|0,0|0,0|1,0|0,0|0,0|0,0|1,0|0,0|0,0|0,0|0,0|0,0|0,0|0,0|0,0|0,0|0,0|0,3
1ee7355b919c841c85af802d0a1bb2a06eb5e1eb,0|0,0|0,0|0,0|0,0|0,0|0,0|0,0|0,0|0,0|0,0|0,0|0,0|1,0|0,0|0,0|0,0|0,0|0,0|0,0|0,0|0,0|0,0|0,0|0,0|0,0|0,0|0,0|0,0|0,0|0,0|1,0|0,0|0,0|0,0|1,0|0,0|0,0|0,0|0,0|0,0|0,0|0,0|0,0|0,0|0,0|0,3
58665e93a98d014b53d131b2481ccab074efc9ff,0|0,0|0,0|0,0|0,0|0,0|0,0|0,0|0,0|0,0|0,0|0,0|0,0|1,0|0,0|0,0|0,0|0,0|0,0|0,0|0,0|0,0|0,0|0,0|0,0|0,0|0,0|0,0|0,0|0,0|0,0|1,0|0,0|0,0|0,0|1,0|0,0|0,0|0,0|0,0|0,0|0,0|0,0|0,0|0,0|0,0|0,3
6f297332623cb3e377901160a388b9bd1165715e,0|0,0|0,0|0,0|0,0|0,0|0,0|0,0|0,0|0,0|0,0|0,0|0,0|1,0|0,0|0,0|0,0|0,0|0,0|0,0|0,0|0,0|0,0|0,0|0,0|0,0|0,0|0,0|0,0|0,0|0,0|1,0|0,0|0,0|0,0|1,0|0,0|0,0|0,0|0,0|0,0|0,0|0,0|0,0|0,0|0,0|0,3
c408710c5247346e4bd2f9568e848becc592b603,0|0,0|0,0|0,0|0,0|0,0|0,0|0,0|0,0|0,0|0,0|0,0|0,0|1,0|0,0|0,0|0,0|0,0|0,0|0,0|0,0|0,0|0,0|0,0|0,0|0,0|0,0|0,0|0,0|0,0|0,0|1,0|0,0|0,0|0,0|1,0|0,0|0,0|0,0|0,0|0,0|0,0|0,0|0,0|0,0|0,0|0,3
34d0718bca499bafef5786577a25173ef20f18f3,0|0,0|0,0|0,0|0,0|0,0|0,0|0,0|0,0|0,0|0,0|0,0|0,0|1,0|0,0|0,0|0,0|0,0|0,0|0,0|0,0|0,0|0,0|0,0|0,0|0,0|0,0|0,0|0,0|0,0|0,0|1,0|0,0|0,0|0,0|1,0|0,0|0,0|0,0|0,0|0,0|0,0|0,0|0,0|0,0|0,0|0,3
398ad8e5ffc69640d5a41ef73d0c2f146bc94f06,0|0,0|0,0|0,0|0,0|0,0|0,0|0,0|0,0|0,0|0,0|0,0|0,0|1,0|0,0|0,0|0,0|0,0|0,0|0,0|0,0|0,0|0,0|0,0|0,0|0,0|0,0|0,0|0,0|0,0|0,0|1,0|0,0|0,0|0,0|1,0|0,0|0,0|0,0|0,0|0,0|0,0|0,0|0,0|0,0|0,0|0,3
bec836163835f79a05ed82b36019ed310d494af6,0|0,0|0,0|0,0|0,0|0,0|0,0|0,0|0,0|0,0|0,0|0,0|0,0|1,0|0,0|0,0|0,0|0,0|0,0|0,0|0,0|0,0|0,0|0,0|0,0|0,0|0,0|0,0|0,0|0,0|0,0|1,0|0,0|0,0|0,0|1,0|0,0|0,0|0,0|0,0|0,0|0,0|0,0|0,0|0,0|0,0|0,3
78b1295dc18e297c1da53006bde1e0870e278db9,0|0,0|0,0|0,0|0,0|0,0|0,0|0,0|0,0|0,0|0,0|0,0|0,0|1,0|0,0|0,0|0,0|0,0|0,0|0,0|0,0|0,0|0,0|0,0|0,0|0,0|0,0|0,0|0,0|0,0|0,0|1,0|0,0|0,0|0,0|1,0|0,0|0,0|0,0|0,0|0,0|0,0|0,0|0,0|0,0|0,0|0,3
c418b7110b9385c5c3748c10e198df27ae0f7083,0|0,0|0,0|0,0|0,0|0,0|0,0|0,0|0,0|0,0|0,0|0,0|0,0|1,0|0,0|0,0|0,0|0,0|0,0|0,0|0,0|0,0|0,0|0,0|0,0|0,0|0,0|0,0|0,0|0,0|0,0|1,0|0,0|0,0|0,0|1,0|0,0|0,0|0,0|0,0|0,0|0,0|0,0|0,0|0,0|0,0|0,3
96b71def49e46c7fbc7ba5fae3f355eb7d90151b,0|0,0|0,0|0,0|0,0|0,0|0,0|0,0|0,0|0,0|0,0|0,0|0,0|1,0|0,0|0,0|0,0|0,0|0,0|0,0|0,0|0,0|0,0|0,0|0,0|0,0|0,0|0,0|0,0|0,0|0,0|1,0|0,0|0,0|0,0|1,0|0,0|0,0|0,0|0,0|0,0|0,0|0,0|0,0|0,0|0,0|0,3
cccf794265dee24f25e16f21753972b20f7593c5,0|0,0|0,0|0,0|0,0|0,0|0,0|0,0|0,0|0,0|0,0|0,0|0,0|1,0|0,0|0,0|0,0|0,0|0,0|0,0|0,0|0,0|0,0|0,0|0,0|0,0|0,0|0,0|0,0|0,0|0,0|1,0|0,0|0,0|0,0|1,0|0,0|0,0|0,0|0,0|0,0|0,0|0,0|0,0|0,0|0,0|0,3
e4453938d5329daaa0ea682bba55d354759c077e,0|0,0|0,0|0,0|0,0|0,0|0,0|0,0|0,0|0,0|0,0|0,0|0,0|1,0|0,0|0,0|0,0|0,0|0,0|0,0|0,0|0,0|0,0|0,0|0,0|0,0|0,0|0,0|0,0|0,0|0,0|1,0|0,0|0,0|0,0|1,0|0,0|0,0|0,0|0,0|0,0|0,0|0,0|0,0|0,0|0,0|0,3
62bae30a4a8622ff831e49f252e7b16115788ee8,0|0,0|0,0|0,0|0,0|0,0|0,0|0,0|0,0|0,0|0,0|0,0|0,0|1,0|0,0|0,0|0,0|0,0|0,0|0,0|0,0|0,0|0,0|0,0|0,0|0,0|0,0|0,0|0,0|0,0|0,0|1,0|0,0|0,0|0,0|1,0|0,0|0,0|0,0|0,0|0,0|0,0|0,0|0,0|0,0|0,0|0,3
c411df523e7e418a9bd9074768308e86370f5aa4,0|0,0|0,0|0,0|0,0|0,0|0,0|0,0|0,0|0,0|0,0|0,0|0,0|1,0|0,0|0,0|0,0|0,0|0,0|0,0|0,0|0,0|0,0|0,0|0,0|0,0|0,0|0,0|0,0|0,0|0,0|1,0|0,0|0,0|0,0|1,0|0,0|0,0|0,0|0,0|0,0|0,0|0,0|0,0|0,0|0,0|0,3
19a29e1e228f4a821c7ce89be064f70d80f4282a,0|0,0|0,0|0,0|0,0|0,0|0,0|0,0|0,0|0,0|0,0|0,0|0,0|1,0|0,0|0,0|0,0|0,0|0,0|0,0|0,0|0,0|0,0|0,0|0,0|0,0|0,0|0,0|0,0|0,0|0,0|1,0|0,0|0,0|0,0|1,0|0,0|0,0|0,0|0,0|0,0|0,0|0,0|0,0|0,0|0,0|0,3
b95bd0358fd43d9fdfdc5266e3c8923b91e1d4db,0|0,0|0,0|0,0|0,0|0,0|0,0|0,0|0,0|0,0|0,0|0,0|0,0|1,0|0,0|0,0|0,0|0,0|0,0|0,0|0,0|0,0|0,0|0,0|0,0|0,0|0,0|0,0|0,0|0,0|0,0|1,0|0,0|0,0|0,0|1,0|0,0|0,0|0,0|0,0|0,0|0,0|0,0|0,0|0,0|0,0|0,3
3eba8cc5b572d6c24f5aa664e938b1d2b9ccf2d7,0|0,0|0,0|0,0|0,0|0,0|0,0|0,0|0,0|0,0|0,0|0,0|0,0|1,0|0,0|0,0|0,0|0,0|0,0|0,0|0,0|0,0|0,0|0,0|0,0|0,0|0,0|0,0|0,0|0,0|0,0|1,0|0,0|0,0|0,0|1,0|0,0|0,0|0,0|0,0|0,0|0,0|0,0|0,0|0,0|0,0|0,3
a6de94a930a53dc49c417212544209327ed61a59,0|0,0|0,0|0,0|0,0|0,0|0,0|0,0|0,0|0,0|0,0|0,0|0,0|1,0|0,0|0,0|0,0|0,0|0,0|0,0|0,0|0,0|0,0|0,0|0,0|0,0|0,0|0,0|0,0|0,0|0,0|1,0|0,0|0,0|0,0|1,0|0,0|0,0|0,0|0,0|0,0|0,0|0,0|0,0|0,0|0,0|0,3
daf1fbfc7b2fcad8be97896a5dfa9bbf49e03f0f,0|0,0|0,0|0,0|0,0|0,0|0,0|0,0|0,0|0,0|0,0|0,0|0,0|1,0|0,0|0,0|0,0|0,0|0,0|0,0|0,0|0,0|0,0|0,0|0,0|0,0|0,0|0,0|0,0|0,0|0,0|1,0|0,0|0,0|0,0|1,0|0,0|0,0|0,0|0,0|0,0|0,0|0,0|0,0|0,0|0,0|0,3
488166833eb233321ac3cb3b4f929ea5eeaf65ca,0|0,0|0,0|0,0|0,0|0,0|0,0|0,0|0,0|0,0|0,0|0,0|0,0|1,0|0,0|0,0|0,0|0,0|0,0|0,0|0,0|0,0|0,0|0,0|0,0|0,0|0,0|0,0|0,0|0,0|0,0|1,0|0,0|0,0|0,0|1,0|0,0|0,0|0,0|0,0|0,0|0,0|0,0|0,0|0,0|0,0|0,3
295cb3ee6a4029a86482dbc84ea4f49efa58405e,0|0,0|0,0|0,0|0,0|0,0|0,0|0,0|0,0|0,0|0,0|0,0|0,0|1,0|0,0|0,0|0,0|0,0|0,0|0,0|0,0|0,0|0,0|0,0|0,0|0,0|0,0|0,0|0,0|0,0|0,0|1,0|0,0|0,0|0,0|1,0|0,0|0,0|0,0|0,0|0,0|0,0|0,0|0,0|0,0|0,0|0,3
0adcd28450d026c9dc090468c115be2687f08ba0,0|0,0|0,0|0,0|0,0|0,0|0,0|0,0|0,0|0,0|0,0|0,0|0,0|1,0|0,0|0,0|0,0|0,0|0,0|0,0|0,0|0,0|0,0|0,0|0,0|0,0|0,0|0,0|0,0|0,0|0,0|1,0|0,0|0,0|0,0|1,0|0,0|0,0|0,0|0,0|0,0|0,0|0,0|0,0|0,0|0,0|0,3
57b8969a3d30cfdefe54fc46f4d5552d76bd1b82,0|0,0|0,0|0,0|0,0|0,0|0,0|0,0|0,0|0,0|0,0|0,0|0,0|1,0|0,0|0,0|0,0|0,0|0,0|0,0|0,0|0,0|0,0|0,0|0,0|0,0|0,0|0,0|0,0|0,0|0,0|1,0|0,0|0,0|0,0|1,0|0,0|0,0|0,0|0,0|0,0|0,0|0,0|0,0|0,0|0,0|0,3
32275543c421eae55fd98a5a98e00059a0407953,0|0,0|0,0|0,0|0,0|0,0|0,0|0,0|0,0|0,0|0,0|0,0|0,0|1,0|0,0|0,0|0,0|0,0|0,0|0,0|0,0|0,0|0,0|0,0|0,0|0,0|0,0|0,0|0,0|0,0|0,0|1,0|0,0|0,0|0,0|1,0|0,0|0,0|0,0|0,0|0,0|0,0|0,0|0,0|0,0|0,0|0,3
fc9901292d617f1ecd38f37d063d5f046978c1aa,0|0,0|0,0|0,0|0,0|0,0|0,0|0,0|0,0|0,0|0,0|0,0|0,0|1,0|0,0|0,0|0,0|0,0|0,0|0,0|0,0|0,0|0,0|0,0|0,0|0,0|0,0|0,0|0,0|0,0|0,0|1,0|0,0|0,0|0,0|1,0|0,0|0,0|0,0|0,0|0,0|0,0|0,0|0,0|0,0|0,0|0,3
b01b60a2b523b98f2801c4752213b9468f63cad5,0|0,0|0,0|0,0|0,0|0,0|0,0|0,0|0,0|0,0|0,0|0,0|0,0|1,0|0,0|0,0|0,0|0,0|0,0|0,0|0,0|0,0|0,0|0,0|0,0|0,0|0,0|0,0|0,0|0,0|0,0|1,0|0,0|0,0|0,0|1,0|0,0|0,0|0,0|0,0|0,0|0,0|0,0|0,0|0,0|0,0|0,3
8ea8ba8e9b52620989d515f0762be3ec906d4c30,0|0,0|0,0|0,0|0,0|0,0|0,0|0,0|0,0|0,0|0,0|0,0|0,0|1,0|0,0|0,0|0,0|0,0|0,0|0,0|0,0|0,0|0,0|0,0|0,0|0,0|0,0|0,0|0,0|0,0|0,0|1,0|0,0|0,0|0,0|1,0|0,0|0,0|0,0|0,0|0,0|0,0|0,0|0,0|0,0|0,0|0,3
6ad0d6666c5744713caa4eec4d43652680aaecab,0|0,0|0,0|0,0|0,0|0,0|0,0|0,0|0,0|0,0|0,0|0,0|0,0|1,0|0,0|0,0|0,0|0,0|0,0|0,0|0,0|0,0|0,0|0,0|0,0|0,0|0,0|0,0|0,0|0,0|0,0|1,0|0,0|0,0|0,0|1,0|0,0|0,0|0,0|0,0|0,0|0,0|0,0|0,0|0,0|0,0|0,3
4ffe1eb3c00d59fe746f4668ec9c6b3726848fce,0|0,0|0,0|0,0|0,0|0,0|0,0|0,0|0,0|0,0|0,0|0,0|0,0|1,0|0,0|0,0|0,0|0,0|0,0|0,0|0,0|0,0|0,0|0,0|0,0|0,0|0,0|0,0|0,0|0,0|0,0|1,0|0,0|0,0|0,0|1,0|0,0|0,0|0,0|0,0|0,0|0,0|0,0|0,0|0,0|0,0|0,3
61fc5be202f05113de07c063fa3fc9ccc47625d8,0|0,0|0,0|0,0|0,0|0,0|0,0|0,0|0,0|0,0|0,0|0,0|0,0|1,0|0,0|0,0|0,0|0,0|0,0|0,0|0,0|0,0|0,0|0,0|0,0|0,0|0,0|0,0|0,0|0,0|0,0|1,0|0,0|0,0|0,0|1,0|0,0|0,0|0,0|0,0|0,0|0,0|0,0|0,0|0,0|0,0|0,3
d5a60880d0e58d9e323b260c29d2aaffceb86373,0|0,0|0,0|0,0|0,0|0,0|0,0|0,0|0,0|0,0|0,0|0,0|0,0|1,0|0,0|0,0|0,0|0,0|0,0|0,0|0,0|0,0|0,0|0,0|0,0|0,0|0,0|0,0|0,0|0,0|0,0|1,0|0,0|0,0|0,0|1,0|0,0|0,0|0,0|0,0|0,0|0,0|0,0|0,0|0,0|0,0|0,3
c73501f8592420bec3e0f5087b9b6a9757166ff8,0|0,0|0,0|0,0|0,0|0,0|0,0|0,0|0,0|0,0|0,0|0,0|0,0|1,0|0,0|0,0|0,0|0,0|0,0|0,0|0,0|0,0|0,0|0,0|0,0|0,0|0,0|0,0|0,0|0,0|0,0|1,0|0,0|0,0|0,0|1,0|0,0|0,0|0,0|0,0|0,0|0,0|0,0|0,0|0,0|0,0|0,3
526568fcd519ccef3216b563f79e77c7326e11b9,0|0,0|0,0|0,0|0,0|0,0|0,0|0,0|0,0|0,0|0,0|0,0|0,0|1,0|0,0|0,0|0,0|0,0|0,0|0,0|0,0|0,0|0,0|0,0|0,0|0,0|0,0|0,0|0,0|0,0|0,0|1,0|0,0|0,0|0,0|1,0|0,0|0,0|0,0|0,0|0,0|0,0|0,0|0,0|0,0|0,0|0,3
51e48884429015b94d58d9e3240c0fb3ceb465f2,0|0,0|0,0|0,0|0,0|0,0|0,0|0,0|0,0|0,0|0,0|0,0|0,0|1,0|0,0|0,0|0,0|0,0|0,0|0,0|0,0|0,0|0,0|0,0|0,0|0,0|0,0|0,0|0,0|0,0|0,0|1,0|0,0|0,0|0,0|1,0|0,0|0,0|0,0|0,0|0,0|0,0|0,0|0,0|0,0|0,0|0,3
1d9a830b2f72f81c2b4ca2cc79bf6f47948cd84b,0|0,0|0,0|0,0|0,0|0,0|0,0|0,0|0,0|0,0|0,0|0,0|0,0|1,0|0,0|0,0|0,0|0,0|0,0|0,0|0,0|0,0|0,0|0,0|0,0|0,0|0,0|0,0|0,0|0,0|0,0|1,0|0,0|0,0|0,0|1,0|0,0|0,0|0,0|0,0|0,0|0,0|0,0|0,0|0,0|0,0|0,3
a482e1c0becfa48969e3e01dcab7e76907e0484d,0|0,0|0,0|0,0|0,0|0,0|0,0|0,0|0,0|0,0|0,0|0,0|0,0|1,0|0,0|0,0|0,0|0,0|0,0|0,0|0,0|0,0|0,0|0,0|0,0|0,0|0,0|0,0|0,0|0,0|0,0|1,0|0,0|0,0|0,0|1,0|0,0|0,0|0,0|0,0|0,0|0,0|0,0|0,0|0,0|0,0|0,3
29ec34f66d91004f460aa6d4f3e28d75b78c9aa5,0|0,0|0,0|0,0|0,0|0,0|0,0|0,0|0,0|0,0|0,0|0,0|0,0|1,0|0,0|0,0|0,0|0,0|0,0|0,0|0,0|0,0|0,0|0,0|0,0|0,0|0,0|0,0|0,0|0,0|0,0|1,0|0,0|0,0|0,0|1,0|0,0|0,0|0,0|0,0|0,0|0,0|0,0|0,0|0,0|0,0|0,3
4cafa7cb1e184ee4168dbc04d62ced7c5815710a,0|0,0|0,0|0,0|0,0|0,0|0,0|0,0|0,0|0,0|0,0|0,0|0,0|1,0|0,0|0,0|0,0|0,0|0,0|0,0|0,0|0,0|0,0|0,0|0,0|0,0|0,0|0,0|0,0|0,0|0,0|1,0|0,0|0,0|0,0|1,0|0,0|0,0|0,0|0,0|0,0|0,0|0,0|0,0|0,0|0,0|0,3
cb26a8c82d31be22cdefcb5226a7847df93adf43,0|0,0|0,0|0,0|0,0|0,0|0,0|0,0|0,0|0,0|0,0|0,0|0,0|1,0|0,0|0,0|0,0|0,0|0,0|0,0|0,0|0,0|0,0|0,0|0,0|0,0|0,0|0,0|0,0|0,0|0,0|1,0|0,0|0,0|0,0|1,0|0,0|0,0|0,0|0,0|0,0|0,0|0,0|0,0|0,0|0,0|0,3
13c5d6801e3b9fdc71bec88c300243a939346a8d,0|0,0|0,0|0,0|0,0|0,0|0,0|0,0|0,0|0,0|0,0|0,0|0,0|1,0|0,0|0,0|0,0|0,0|0,0|0,0|0,0|0,0|0,0|0,0|0,0|0,0|0,0|0,0|0,0|0,0|0,0|1,0|0,0|0,0|0,0|1,0|0,0|0,0|0,0|0,0|0,0|0,0|0,0|0,0|0,0|0,0|0,3
ce597b4806dd96d9b8d7d1e43560b9c85e71f80c,0|0,0|0,0|0,0|0,0|0,0|0,0|0,0|0,0|0,0|0,0|0,0|0,0|1,0|0,0|0,0|0,0|0,0|0,0|0,0|0,0|0,0|0,0|0,0|0,0|0,0|0,0|0,0|0,0|0,0|0,0|1,0|0,0|0,0|0,0|1,0|0,0|0,0|0,0|0,0|0,0|0,0|0,0|0,0|0,0|0,0|0,3
ad57af9f79b3c69e2312fda109b83ce132448fd7,0|0,0|0,0|0,0|0,0|0,0|0,0|0,0|0,0|0,0|0,0|0,0|0,0|1,0|0,0|0,0|0,0|0,0|0,0|0,0|0,0|0,0|0,0|0,0|0,0|0,0|0,0|0,0|0,0|0,0|0,0|1,0|0,0|0,0|0,0|1,0|0,0|0,0|0,0|0,0|0,0|0,0|0,0|0,0|0,0|0,0|0,3
6b7e5fa8d251f11c1bae16ea892a43a92b098480,0|0,0|0,0|0,0|0,0|0,0|0,0|0,0|0,0|0,0|0,0|0,0|0,0|1,0|0,0|0,0|0,0|0,0|0,0|0,0|0,0|0,0|0,0|0,0|0,0|0,0|0,0|0,0|0,0|0,0|0,0|1,0|0,0|0,0|0,0|1,0|0,0|0,0|0,0|0,0|0,0|0,0|0,0|0,0|0,0|0,0|0,3
dc841574af54d59ca8cfd0aa30fcc471c598dbbb,0|0,0|0,0|0,0|0,0|0,0|0,0|0,0|0,0|0,0|0,0|0,0|0,0|1,0|0,0|0,0|0,0|0,0|0,0|0,0|0,0|0,0|0,0|0,0|0,0|0,0|0,0|0,0|0,0|0,0|0,0|1,0|0,0|0,0|0,0|1,0|0,0|0,0|0,0|0,0|0,0|0,0|0,0|0,0|0,0|0,0|0,3
46ebd7128fd38f3eac5289ba281f3f25bad1d899,0|0,0|0,0|0,0|0,0|0,0|0,0|0,0|0,0|0,0|0,0|0,0|0,0|1,0|0,0|0,0|0,0|0,0|0,0|0,0|0,0|0,0|0,0|0,0|0,0|0,0|0,0|0,0|0,0|0,0|0,0|1,0|0,0|0,0|0,0|1,0|0,0|0,0|0,0|0,0|0,0|0,0|0,0|0,0|0,0|0,0|0,3
a13f1fe52f9504a2121d60f16b8f0495eb5a9152,0|0,0|0,0|0,0|0,0|0,0|0,0|0,0|0,0|0,0|0,0|0,0|0,0|1,0|0,0|0,0|0,0|0,0|0,0|0,0|0,0|0,0|0,0|0,0|0,0|0,0|0,0|0,0|0,0|0,0|0,0|1,0|0,0|0,0|0,0|1,0|0,0|0,0|0,0|0,0|0,0|0,0|0,0|0,0|0,0|0,0|0,3
e8455236bdb1f4555215d7d2f4dcc749ea1ae7a9,0|0,0|0,0|0,0|0,0|0,0|0,0|0,0|0,0|0,0|0,0|0,0|0,0|1,0|0,0|0,0|0,0|0,0|0,0|0,0|0,0|0,0|0,0|0,0|0,0|0,0|0,0|0,0|0,0|0,0|0,0|1,0|0,0|0,0|0,0|1,0|0,0|0,0|0,0|0,0|0,0|0,0|0,0|0,0|0,0|0,0|0,3
4183718952b248f4c5cf6637dfcc03bbffa27f2f,0|0,0|0,0|0,0|0,0|0,0|0,0|0,0|0,0|0,0|0,0|0,0|0,0|1,0|0,0|0,0|0,0|0,0|0,0|0,0|0,0|0,0|0,0|0,0|0,0|0,0|0,0|0,0|0,0|0,0|0,0|1,0|0,0|0,0|0,0|1,0|0,0|0,0|0,0|0,0|0,0|0,0|0,0|0,0|0,0|0,0|0,3
0522e562e82c07ed282d836727211817cf703bb1,0|0,0|0,0|0,0|0,0|0,0|0,0|0,0|0,0|0,0|0,0|0,0|0,0|1,0|0,0|0,0|0,0|0,0|0,0|0,0|0,0|0,0|0,0|0,0|0,0|0,0|0,0|0,0|0,0|0,0|0,0|1,0|0,0|0,0|0,0|1,0|0,0|0,0|0,0|0,0|0,0|0,0|0,0|0,0|0,0|0,0|0,3
3706267d68595f3b61b3f94363d983e682d027c7,0|0,0|0,0|0,0|0,0|0,0|0,0|0,0|0,0|0,0|0,0|0,0|0,0|1,0|0,0|0,0|0,0|0,0|0,0|0,0|0,0|0,0|0,0|0,0|0,0|0,0|0,0|0,0|0,0|0,0|0,0|1,0|0,0|0,0|0,0|1,0|0,0|0,0|0,0|0,0|0,0|0,0|0,0|0,0|0,0|0,0|0,3
8e996f7f7c8f411a4c597e23fbaaecf284b038b0,0|0,0|0,0|0,0|0,0|0,0|0,0|0,0|0,0|0,0|0,0|0,0|0,0|1,0|0,0|0,0|0,0|0,0|0,0|0,0|0,0|0,0|0,0|0,0|0,0|0,0|0,0|0,0|0,0|0,0|0,0|1,0|0,0|0,0|0,0|1,0|0,0|0,0|0,0|0,0|0,0|0,0|0,0|0,0|0,0|0,0|0,3
4e856a41d66952dbcd17d59b8b78b25d56304559,0|0,0|0,0|0,0|0,0|0,0|0,0|0,0|0,0|0,0|0,0|0,0|0,0|1,0|0,0|0,0|0,0|0,0|0,0|0,0|0,0|0,0|0,0|0,0|0,0|0,0|0,0|0,0|0,0|0,0|0,0|1,0|0,0|0,0|0,0|1,0|0,0|0,0|0,0|0,0|0,0|0,0|0,0|0,0|0,0|0,0|0,3
259b60f574fd3cb7ccd0fb205d0e91b7b5173c5c,0|0,0|0,0|0,0|0,0|0,0|0,0|0,0|0,0|0,0|0,0|0,0|0,0|1,0|0,0|0,0|0,0|0,0|0,0|0,0|0,0|0,0|0,0|0,0|0,0|0,0|0,0|0,0|0,0|0,0|0,0|1,0|0,0|0,0|0,0|1,0|0,0|0,0|0,0|0,0|0,0|0,0|0,0|0,0|0,0|0,0|0,3
0df8aa19ec9e4f08515bc42f09ed562fe7af8eb3,0|0,0|0,0|0,0|0,0|0,0|0,0|0,0|0,0|0,0|0,0|0,0|0,0|1,0|0,0|0,0|0,0|0,0|0,0|0,0|0,0|0,0|0,0|0,0|0,0|0,0|0,0|0,0|0,0|0,0|0,0|1,0|0,0|0,0|0,0|1,0|0,0|0,0|0,0|0,0|0,0|0,0|0,0|0,0|0,0|0,0|0,3
58ca7b5a7f48e14655083bea02b47b9dc7aa1627,0|0,0|0,0|0,0|0,0|0,0|0,0|0,0|0,0|0,0|0,0|0,0|0,0|1,0|0,0|0,0|0,0|0,0|0,0|0,0|0,0|0,0|0,0|0,0|0,0|0,0|0,0|0,0|0,0|0,0|0,0|1,0|0,0|0,0|0,0|1,0|0,0|0,0|0,0|0,0|0,0|0,0|0,0|0,0|0,0|0,0|0,3
05492ec8e8431584c4b436e1411b69b24a84c766,0|0,0|0,0|0,0|0,0|0,0|0,0|0,0|0,0|0,0|0,0|0,0|0,0|1,0|0,0|0,0|0,0|0,0|0,0|0,0|0,0|0,0|0,0|0,0|0,0|0,0|0,0|0,0|0,0|0,0|0,0|1,0|0,0|0,0|0,0|1,0|0,0|0,0|0,0|0,0|0,0|0,0|0,0|0,0|0,0|0,0|0,3
0fbe895103ffa51697d69e40c73b4ba3fb503dc7,0|0,0|0,0|0,0|0,0|0,0|0,0|0,0|0,0|0,0|0,0|0,0|0,0|1,0|0,0|0,0|0,0|0,0|0,0|0,0|0,0|0,0|0,0|0,0|0,0|0,0|0,0|0,0|0,0|0,0|0,0|1,0|0,0|0,0|0,0|1,0|0,0|0,0|0,0|0,0|0,0|0,0|0,0|0,0|0,0|0,0|0,3
c1acb6d801eb694694211cc0f567ee759b452f16,0|0,0|0,0|0,0|0,0|0,0|0,0|0,0|0,0|0,0|0,0|0,0|0,0|1,0|0,0|0,0|0,0|0,0|0,0|0,0|0,0|0,0|0,0|0,0|0,0|0,0|0,0|0,0|0,0|0,0|0,0|1,0|0,0|0,0|0,0|1,0|0,0|0,0|0,0|0,0|0,0|0,0|0,0|0,0|0,0|0,0|0,3
846b546dbc9540d08824cd5fa69e2b683cabfad1,0|0,0|0,0|0,0|0,0|0,0|0,0|0,0|0,0|0,0|0,0|0,0|0,0|1,0|0,0|0,0|0,0|0,0|0,0|0,0|0,0|0,0|0,0|0,0|0,0|0,0|0,0|0,0|0,0|0,0|0,0|1,0|0,0|0,0|0,0|1,0|0,0|0,0|0,0|0,0|0,0|0,0|0,0|0,0|0,0|0,0|0,3
5c33fbf19b5bab76aca04432fc7fa6f956ff785f,0|0,0|0,0|0,0|0,0|0,0|0,0|0,0|0,0|0,0|0,0|0,0|0,0|1,0|0,0|0,0|0,0|0,0|0,0|0,0|0,0|0,0|0,0|0,0|0,0|0,0|0,0|0,0|0,0|0,0|0,0|1,0|0,0|0,0|0,0|1,0|0,0|0,0|0,0|0,0|0,0|0,0|0,0|0,0|0,0|0,0|0,3
a2ea67152c63f28b75b639196681dc0ad7b1030e,0|0,0|0,0|0,0|0,0|0,0|0,0|0,0|0,0|0,0|0,0|0,0|0,0|1,0|0,0|0,0|0,0|0,0|0,0|0,0|0,0|0,0|0,0|0,0|0,0|0,0|0,0|0,0|0,0|0,0|0,0|1,0|0,0|0,0|0,0|1,0|0,0|0,0|0,0|0,0|0,0|0,0|0,0|0,0|0,0|0,0|0,3
821f4c924945496f4ef6f943669b5be621d56381,0|0,0|0,0|0,0|0,0|0,0|0,0|0,0|0,0|0,0|0,0|0,0|0,0|1,0|0,0|0,0|0,0|0,0|0,0|0,0|0,0|0,0|0,0|0,0|0,0|0,0|0,0|0,0|0,0|0,0|0,0|1,0|0,0|0,0|0,0|1,0|0,0|0,0|0,0|0,0|0,0|0,0|0,0|0,0|0,0|0,0|0,3
677b513f70ade895ef28be744245803238100489,0|0,0|0,0|0,0|0,0|0,0|0,0|0,0|0,0|0,0|0,0|0,0|0,0|1,0|0,0|0,0|0,0|0,0|0,0|0,0|0,0|0,0|0,0|0,0|0,0|0,0|0,0|0,0|0,0|0,0|0,0|1,0|0,0|0,0|0,0|1,0|0,0|0,0|0,0|0,0|0,0|0,0|0,0|0,0|0,0|0,0|0,3
8d0c7b1faeed1e3df6e6f90658559f373bbf63fb,0|0,0|0,0|0,0|0,0|0,0|0,0|0,0|0,0|0,0|0,0|0,0|0,0|1,0|0,0|0,0|0,0|0,0|0,0|0,0|0,0|0,0|0,0|0,0|0,0|0,0|0,0|0,0|0,0|0,0|0,0|1,0|0,0|0,0|0,0|1,0|0,0|0,0|0,0|0,0|0,0|0,0|0,0|0,0|0,0|0,0|0,3
55eec29c08fa2cf66f5f3ef8868ce4e0de52111f,0|0,0|0,0|0,0|0,0|0,0|0,0|0,0|0,0|0,0|0,0|0,0|0,0|1,0|0,0|0,0|0,0|0,0|0,0|0,0|0,0|0,0|0,0|0,0|0,0|0,0|0,0|0,0|0,0|0,0|0,0|1,0|0,0|0,0|0,0|1,0|0,0|0,0|0,0|0,0|0,0|0,0|0,0|0,0|0,0|0,0|0,3
8fdffbf3a17ebfc8e7043264cce516d23e9f5345,0|0,0|0,0|0,0|0,0|0,0|0,0|0,0|0,0|0,0|0,0|0,0|0,0|1,0|0,0|0,0|0,0|0,0|0,0|0,0|0,0|0,0|0,0|0,0|0,0|0,0|0,0|0,0|0,0|0,0|0,0|1,0|0,0|0,0|0,0|1,0|0,0|0,0|0,0|0,0|0,0|0,0|0,0|0,0|0,0|0,0|0,3
9e0f0ce3df69023bc2acca5536efca134363380e,0|0,0|0,0|0,0|0,0|0,0|0,0|0,0|0,0|0,0|0,0|0,0|0,0|1,0|0,0|0,0|0,0|0,0|0,0|0,0|0,0|0,0|0,0|0,0|0,0|0,0|0,0|0,0|0,0|0,0|0,0|1,0|0,0|0,0|0,0|1,0|0,0|0,0|0,0|0,0|0,0|0,0|0,0|0,0|0,0|0,0|0,3
88040f04492d9ae4966b7387aafc20fb779fcb09,0|0,0|0,0|0,0|0,0|0,0|0,0|0,0|0,0|0,0|0,0|0,0|0,0|1,0|0,0|0,0|0,0|0,0|0,0|0,0|0,0|0,0|0,0|0,0|0,0|0,0|0,0|0,0|0,0|0,0|0,0|1,0|0,0|0,0|0,0|1,0|0,0|0,0|0,0|0,0|0,0|0,0|0,0|0,0|0,0|0,0|0,3
90c6fd99a78e3b87d5f1bc61943cf9affc4bb924,0|0,0|0,0|0,0|0,0|0,0|0,0|0,0|0,0|0,0|0,0|0,0|0,0|1,0|0,0|0,0|0,0|0,0|0,0|0,0|0,0|0,0|0,0|0,0|0,0|0,0|0,0|0,0|0,0|0,0|0,0|1,0|0,0|0,0|0,0|1,0|0,0|0,0|0,0|0,0|0,0|0,0|0,0|0,0|0,0|0,0|0,3
a6b10cf73ffe6e9a23471232ab68a42b54da8d52,0|0,0|0,0|0,0|0,0|0,0|0,0|0,0|0,0|0,0|0,0|0,0|0,0|1,0|0,0|0,0|0,0|0,0|0,0|0,0|0,0|0,0|0,0|0,0|0,0|0,0|0,0|0,0|0,0|0,0|0,0|1,0|0,0|0,0|0,0|1,0|0,0|0,0|0,0|0,0|0,0|0,0|0,0|0,0|0,0|0,0|0,3
89af9b7e3cdc06609826bcaf2093fae72a687ff6,0|0,0|0,0|0,0|0,0|0,0|0,0|0,0|0,0|0,0|0,0|0,0|0,0|1,0|0,0|0,0|0,0|0,0|0,0|0,0|0,0|0,0|0,0|0,0|0,0|0,0|0,0|0,0|0,0|0,0|0,0|1,0|0,0|0,0|0,0|1,0|0,0|0,0|0,0|0,0|0,0|0,0|0,0|0,0|0,0|0,0|0,3
57fce4e350252687b4721ea1b0d3df869fdedebf,0|0,0|0,0|0,0|0,0|0,0|0,0|0,0|0,0|0,0|0,0|0,0|0,0|1,0|0,0|0,0|0,0|0,0|0,0|0,0|0,0|0,0|0,0|0,0|0,0|0,0|0,0|0,0|0,0|0,0|0,0|1,0|0,0|0,0|0,0|1,0|0,0|0,0|0,0|0,0|0,0|0,0|0,0|0,0|0,0|0,0|0,3
36f08b8d2e947ec0877ebd3dcb160def7ec6fc54,0|0,0|0,0|0,0|0,0|0,0|0,0|0,0|0,0|0,0|0,0|0,0|0,0|1,0|0,0|0,0|0,0|0,0|0,0|0,0|0,0|0,0|0,0|0,0|0,0|0,0|0,0|0,0|0,0|0,0|0,0|1,0|0,0|0,0|0,0|1,0|0,0|0,0|0,0|0,0|0,0|0,0|0,0|0,0|0,0|0,0|0,3
1fadf4754a1741e6fd690dbb65ae778fd1dc0313,0|0,0|0,0|0,0|0,0|0,0|0,0|0,0|0,0|0,0|0,0|0,0|0,0|1,0|0,0|0,0|0,0|0,0|0,0|0,0|0,0|0,0|0,0|0,0|0,0|0,0|0,0|0,0|0,0|0,0|0,0|1,0|0,0|1,0|0,0|1,0|0,0|0,0|0,0|0,0|0,0|0,0|0,0|0,0|0,0|0,0|0,4
00857abf2c008b77f3e1d9eba9505b1b22239543,0|0,0|0,0|0,0|0,0|0,0|0,0|0,0|0,0|0,0|0,0|0,0|0,0|1,0|0,0|0,0|0,0|0,0|0,0|0,0|0,0|0,0|0,0|0,0|0,0|0,0|0,0|0,0|0,0|0,0|0,0|1,0|0,0|1,0|0,0|1,0|0,0|0,0|0,0|0,0|0,0|0,0|0,0|0,0|0,0|0,0|0,4
083e46492982e67424ab172fe5fc4b2eada52729,0|0,0|0,0|0,0|0,0|0,0|0,0|0,0|0,0|0,0|0,0|0,0|0,0|1,0|0,0|0,0|0,0|0,0|0,0|0,0|0,0|0,0|0,0|0,0|0,0|0,0|0,0|0,0|0,0|0,0|0,0|1,0|0,0|1,0|0,0|1,0|0,0|0,0|0,0|0,0|0,0|0,0|0,0|0,0|0,0|0,0|0,4
951bcb0c396b56f09b5c23e7cde04b20bf769231,0|0,0|0,0|0,0|0,0|0,0|0,0|0,0|0,0|0,0|0,0|0,0|0,0|1,0|0,0|0,0|0,0|0,0|0,0|0,0|0,0|0,0|0,0|0,0|0,0|0,0|0,0|0,0|0,0|0,0|0,0|1,0|0,0|1,0|0,0|1,0|0,0|0,0|0,0|0,0|0,0|0,0|0,0|0,0|0,0|0,0|0,4
22241a1d36391ef4a7825aec0b1fb215bb2f095d,0|0,0|0,0|0,0|0,0|0,0|0,0|0,0|0,0|0,0|0,0|0,0|0,0|1,0|0,0|0,0|0,0|0,0|0,0|0,0|0,0|0,0|0,0|0,0|0,0|0,0|0,0|0,0|0,0|0,0|0,0|1,0|0,0|1,0|0,0|1,0|0,0|0,0|0,0|0,0|0,0|0,0|0,0|0,0|0,0|0,0|0,4
17774bf09c2be9bc24948fd8a19c0e3624cba16f,0|0,0|0,0|0,0|0,0|0,0|0,0|0,0|0,0|0,0|0,0|0,0|0,0|1,0|0,0|0,0|0,0|0,0|0,0|0,0|0,0|0,0|0,0|0,0|0,0|0,0|0,0|0,0|0,0|0,0|0,0|1,0|0,0|1,0|0,0|1,0|0,0|0,0|0,0|0,0|0,0|0,0|0,0|0,0|0,0|0,0|0,4
31404f486569513a9a66c2b4a76c5673253decb1,0|0,0|0,0|0,0|0,0|0,0|0,0|0,0|0,0|0,0|0,0|0,0|0,0|1,0|0,0|0,0|0,0|0,0|0,0|0,0|0,0|0,0|0,0|0,0|0,0|0,0|0,0|0,0|0,0|0,0|0,0|1,0|0,0|1,0|0,0|1,0|0,0|0,0|0,0|0,0|0,0|0,0|0,0|0,0|0,0|0,0|0,4
3e06e6f5b85d320967bc0dbb70d5ff1e86b5f17d,0|0,0|0,0|0,0|0,0|0,0|0,0|0,0|0,0|0,0|0,0|0,0|0,0|1,0|0,0|0,0|0,0|0,0|0,0|0,0|0,0|0,0|0,0|0,0|0,0|0,0|0,0|0,0|0,0|0,0|0,0|1,0|0,0|1,0|0,0|1,0|0,0|0,0|0,0|0,0|0,0|0,0|0,0|0,0|0,0|0,0|0,4
0eb7a0388c4549ebbf8cd7a10d398088005cc2de,0|0,0|0,0|0,0|0,0|0,0|0,0|0,0|0,0|0,0|0,0|0,0|0,0|1,0|0,0|0,0|0,0|0,0|0,0|0,0|0,0|0,0|0,0|0,0|0,0|0,0|0,0|0,0|0,0|0,0|0,0|1,0|0,0|1,0|0,0|1,0|0,0|0,0|0,0|0,0|0,0|0,0|0,0|0,0|0,0|0,0|0,4
978c9cfda376d008aa4801205f3dd887638d5053,0|0,0|0,0|0,0|0,0|0,0|0,0|0,0|0,0|0,0|0,0|0,0|0,0|1,0|0,0|0,0|0,0|0,0|0,0|0,0|0,0|0,0|0,0|0,0|0,0|0,0|0,0|0,0|0,0|0,0|0,0|1,0|0,0|1,0|0,0|1,0|0,0|0,0|0,0|0,0|0,0|0,0|0,0|0,0|0,0|0,0|0,4
6325aebda6c583d8acb21e664ad805418bb4e747,0|0,0|0,0|0,0|0,0|0,0|0,0|0,0|0,0|0,0|0,0|0,0|0,0|1,0|0,0|0,0|0,0|0,0|0,0|0,0|0,0|0,0|0,0|0,0|0,0|0,0|0,0|0,0|0,0|0,0|0,0|1,0|0,0|1,0|0,0|1,0|0,0|0,0|0,0|0,0|0,0|0,0|0,0|0,0|0,0|0,0|0,4
8f113c1d379f30f469313c995941696760922330,0|0,0|0,0|0,0|0,0|0,0|0,0|0,0|0,0|0,0|0,0|0,0|0,0|1,0|0,0|0,0|0,0|0,0|0,0|0,0|0,0|0,0|0,0|0,0|0,0|0,0|0,0|0,0|0,0|0,0|0,0|1,0|0,0|1,0|0,0|1,0|0,0|0,0|0,0|0,0|0,0|0,0|0,0|0,0|0,0|0,0|0,4
119a14c6e3b003d9d190a06f80b62af61e63253b,0|0,0|0,0|0,0|0,0|0,0|0,0|0,0|0,0|0,0|0,0|0,0|0,0|1,0|0,0|0,0|0,0|0,0|0,0|0,0|0,0|0,0|0,0|0,0|0,0|0,0|0,0|0,0|0,0|0,0|0,0|1,0|0,0|1,0|0,0|1,0|0,0|0,0|0,0|0,0|0,0|0,0|0,0|0,0|0,0|0,0|0,4
3303dac7cf4e0c7d0bf414f455d6206c365dc674,0|0,0|0,0|0,0|0,0|0,0|0,0|0,0|0,0|0,0|0,0|0,0|0,0|1,0|0,0|0,0|0,0|0,0|0,0|0,0|0,0|0,0|0,0|0,0|0,0|0,0|0,0|0,0|0,0|0,0|0,0|1,0|0,0|1,0|0,0|1,0|0,0|0,0|0,0|0,0|0,0|0,0|0,0|0,0|0,0|0,0|0,4
4539e96ce2a2366fb5a734161727c4e1c44afd3f,0|0,0|0,0|0,0|0,0|0,0|0,0|0,0|0,0|0,0|0,0|0,0|0,0|1,0|0,0|0,0|0,0|0,0|0,0|0,0|0,0|0,0|0,0|0,0|0,0|0,0|0,0|0,0|0,0|0,0|0,0|1,0|0,0|1,0|0,0|1,0|0,0|0,0|0,0|0,0|0,0|0,0|0,0|0,0|0,0|0,0|0,4
227e586e63cb92c6982e1602dbec79891f3910aa,0|0,0|0,0|0,0|0,0|0,0|0,0|0,0|0,0|0,0|0,0|0,0|0,0|1,0|0,0|0,0|0,0|0,0|0,0|0,0|0,0|0,0|0,0|0,0|0,0|0,0|0,0|0,0|0,0|0,0|0,0|1,0|0,0|1,0|0,0|1,0|0,0|0,0|0,0|0,0|0,0|0,0|0,0|0,0|0,0|0,0|0,4
994bd0696b348adbdd29ede905a53d548c2a2cff,0|0,0|0,0|0,0|0,0|0,0|0,0|0,0|0,0|0,0|0,0|0,0|0,0|1,0|0,0|0,0|0,0|0,0|0,0|0,0|0,0|0,0|0,0|0,0|0,0|0,0|0,0|0,0|0,0|0,0|0,0|1,0|0,0|1,0|0,0|1,0|0,0|0,0|0,0|0,0|0,0|0,0|0,0|0,0|0,0|0,0|0,4
03d3e1bafcc2cd966e6590f26de53a3b70901425,0|0,0|0,0|0,0|0,0|0,0|0,0|0,0|0,0|0,0|0,0|0,0|0,0|1,0|0,0|0,0|0,0|0,0|0,0|0,0|0,0|0,0|0,0|0,0|0,0|0,0|0,0|0,0|0,0|0,0|0,0|1,0|0,0|1,0|0,0|1,0|0,0|0,0|0,0|0,0|0,0|0,0|0,0|0,0|0,0|0,0|0,4
95ac8fd41a90e2aa8ddb61509160b8281ebb3ff8,0|0,0|0,0|0,0|0,0|0,0|0,0|0,0|0,0|0,0|0,0|0,0|0,0|1,0|0,0|0,0|0,0|0,0|0,0|0,0|0,0|0,0|0,0|0,0|0,0|0,0|0,0|0,0|0,0|0,0|0,0|1,0|0,0|1,0|0,0|1,0|0,0|0,0|0,0|0,0|0,0|0,0|0,0|0,0|0,0|0,0|0,4
d74c2739d53c63c4749ea21d20eb25da3b51768c,0|0,0|0,0|0,0|0,0|0,0|0,0|0,0|0,0|0,0|0,0|0,0|0,0|1,0|0,0|0,0|0,0|0,0|0,0|0,0|0,0|0,0|0,0|0,0|0,0|0,0|0,0|0,0|0,0|0,0|0,0|1,0|0,0|1,0|0,0|1,0|0,0|0,0|0,0|0,0|0,0|0,0|0,0|0,0|0,0|0,0|0,4
bb52f1362ca80f58eb2bb4a76bb4840fa30afab3,0|0,0|0,0|0,0|0,0|0,0|0,0|0,0|0,0|0,0|0,0|0,0|0,0|1,0|0,0|0,0|0,0|0,0|0,0|0,0|0,0|0,0|0,0|0,0|0,0|0,0|0,0|0,0|0,0|0,0|0,0|1,0|0,0|1,0|0,0|1,0|0,0|0,0|0,0|0,0|0,0|0,0|0,0|0,0|0,0|0,0|0,4
017c1a42394501914f850fd54411884545105879,0|0,0|0,0|0,0|0,0|0,0|0,0|0,0|0,0|0,0|0,0|0,0|0,0|1,0|0,0|0,0|0,0|0,0|0,0|0,0|0,0|0,0|0,0|0,0|0,0|0,0|0,0|0,0|0,0|0,0|0,0|1,0|0,0|1,0|0,0|1,0|0,0|0,0|0,0|0,0|0,0|0,0|0,0|0,0|0,0|0,0|0,4
9717afb2dafdfec24e5431c70eb506d392bf1ef2,0|0,0|0,0|0,0|0,0|0,0|0,0|0,0|0,0|0,0|0,0|0,0|0,0|1,0|0,0|0,0|0,0|0,0|0,0|0,0|0,0|0,0|0,0|0,0|0,0|0,0|0,0|0,0|0,0|0,0|0,0|1,0|0,0|1,0|0,0|1,0|0,0|0,0|0,0|0,0|0,0|0,0|0,0|0,0|0,0|0,0|0,4
0994771974d686aa5395c5ba0fe71acef0d62e9d,0|0,0|0,0|0,0|0,0|0,0|0,0|0,0|0,0|0,0|0,0|0,0|0,0|1,0|0,0|0,0|0,0|0,0|0,0|0,0|0,0|0,0|0,0|0,0|0,0|0,0|0,0|0,0|0,0|0,0|0,0|1,0|0,0|1,0|0,0|1,0|0,0|0,0|0,0|0,0|0,0|0,0|0,0|0,0|0,0|0,0|0,4
7eb73bc92abebe60dde5626673b342a3d9601eb2,0|0,0|0,0|0,0|0,0|0,0|0,0|0,0|0,0|0,0|0,0|0,0|0,0|1,0|0,0|0,0|0,0|0,0|0,0|0,0|0,0|0,0|0,0|0,0|0,0|0,0|0,0|0,0|0,0|0,0|0,0|1,0|0,0|1,0|0,0|1,0|0,0|0,0|0,0|0,0|0,0|0,0|0,0|0,0|0,0|0,0|0,4
c40cf4e0ec295dc707e71f1e3adbf0481035af06,0|0,0|0,0|0,0|0,0|0,0|0,0|0,0|0,0|0,0|0,0|0,0|0,0|1,0|0,0|0,0|0,0|0,0|0,0|0,0|0,0|0,0|0,0|0,0|0,0|0,0|0,0|0,0|0,0|0,0|0,0|1,0|0,0|1,0|0,0|1,0|0,0|0,0|0,0|0,0|0,0|0,0|0,0|0,0|0,0|0,0|0,4
1efabef4cfce64a373f014ee43bab371a82f7e87,0|0,0|0,0|0,0|0,0|0,0|0,0|0,0|0,0|0,0|0,0|0,0|0,0|1,0|0,0|0,0|0,0|0,0|0,0|0,0|0,0|0,0|0,0|0,0|0,0|0,0|0,0|0,0|0,0|0,0|0,0|1,0|0,0|1,0|0,0|1,0|0,0|0,0|0,0|0,0|0,0|0,0|0,0|0,0|0,0|0,0|0,4
5ed1930a934662088b76714e1807222151a5ccf3,0|0,0|0,0|0,0|0,0|0,0|0,0|0,0|0,0|0,0|0,0|0,0|0,0|1,0|0,0|0,0|0,0|0,0|0,0|0,0|0,0|0,0|0,0|0,0|0,0|0,0|0,0|0,0|0,0|0,0|0,0|1,0|0,0|1,0|0,0|1,0|0,0|0,0|0,0|0,0|0,0|0,0|0,0|0,0|0,0|0,0|0,4
eac70244894c82eca14af29ed16af478cf3d20a9,0|0,0|0,0|0,0|0,0|0,0|0,0|0,0|0,0|0,0|0,0|0,0|0,0|1,0|0,0|0,0|0,0|0,0|0,0|0,0|0,0|0,0|0,0|0,0|0,0|0,0|0,0|0,0|0,0|0,0|0,0|1,0|0,0|1,0|0,0|1,0|0,0|0,0|0,0|0,0|0,0|0,0|0,0|0,0|0,0|0,0|0,4
72df138a7d110d4df23e458ad1b24a0db75e1ad5,0|0,0|0,0|0,0|0,0|0,0|0,0|0,0|0,0|0,0|0,0|0,0|0,0|1,0|0,0|0,0|0,0|0,0|0,0|0,0|0,0|0,0|0,0|0,0|0,0|0,0|0,0|0,0|0,0|0,0|0,0|1,0|0,0|1,0|0,0|1,0|0,0|0,0|0,0|0,0|0,0|0,0|0,0|0,0|0,0|0,0|0,4
519c69c5cc1d70d06707cc53e048fd3fe8079550,0|0,0|0,0|0,0|0,0|0,0|0,0|0,0|0,0|0,0|0,0|0,0|0,0|1,0|0,0|0,0|0,0|0,0|0,0|0,0|0,0|0,0|0,0|0,0|0,0|0,0|0,0|0,0|0,0|0,0|0,0|1,0|0,0|1,0|0,0|1,0|0,0|0,0|0,0|0,0|0,0|0,0|0,0|0,0|0,0|0,0|0,4
241ee32cbc283360fe7882b5d8f8dde1d3ed2640,0|0,0|0,0|0,0|0,0|0,0|0,0|0,0|0,0|0,0|0,0|0,0|0,0|1,0|0,0|0,0|0,0|0,0|0,0|0,0|0,0|0,0|0,0|0,0|0,0|0,0|0,0|0,0|0,0|0,0|0,0|1,0|0,0|1,0|0,0|1,0|0,0|0,0|0,0|0,0|0,0|0,0|0,0|0,0|0,0|0,0|0,4
b9ccff0761532b65a26edb1f7ac9f80c3ff58aa1,0|0,0|0,0|0,0|0,0|0,0|0,0|0,0|0,0|0,0|0,0|0,0|0,0|1,0|0,0|0,0|0,0|0,0|0,0|0,0|0,0|0,0|0,0|0,0|0,0|0,0|0,0|0,0|0,0|0,0|0,0|1,0|0,0|1,0|0,0|1,0|0,0|0,0|0,0|0,0|0,0|0,0|0,0|0,0|0,0|0,0|0,4
af35d6b96365122fcb1474bec800f6c169e36be7,0|0,0|0,0|0,0|0,0|0,0|0,0|0,0|0,0|0,0|0,0|0,0|0,0|1,0|0,0|0,0|0,0|0,0|0,0|0,0|0,0|0,0|0,0|0,0|0,0|0,0|0,0|0,0|0,0|0,0|0,0|1,0|0,0|1,0|0,0|1,0|0,0|0,0|0,0|0,0|0,0|0,0|0,0|0,0|0,0|0,0|0,4
721031210b9318eaf643660748dcac61b9dd2a8a,0|0,0|0,0|0,0|0,0|0,0|0,0|0,0|0,0|0,0|0,0|0,0|0,0|1,0|0,0|0,0|0,0|0,0|0,0|0,0|0,0|0,0|0,0|0,0|0,0|0,0|0,0|0,0|0,0|0,0|0,0|1,0|0,0|1,0|0,0|1,0|0,0|0,0|0,0|0,0|0,0|0,0|0,0|0,0|0,0|0,0|0,4
5cf3fef8f7edc14d1f62750782901b8eec997b2a,0|0,0|0,0|0,0|0,0|0,0|0,0|0,0|0,0|0,0|0,0|0,0|0,0|1,0|0,0|0,0|0,0|0,0|0,0|0,0|0,0|0,0|0,0|0,0|0,0|0,0|0,0|0,0|0,0|0,0|0,0|1,0|0,0|1,0|0,0|1,0|0,0|0,0|0,0|0,0|0,0|0,0|0,0|0,0|0,0|0,0|0,4
8e6de00ce3ccded0666301f9157ab01ea9402330,0|0,0|0,0|0,0|0,0|0,0|0,0|0,0|0,0|0,0|0,0|0,0|0,0|1,0|0,0|0,0|0,0|0,0|0,0|0,0|0,0|0,0|0,0|0,0|0,0|0,0|0,0|0,0|0,0|0,0|0,0|1,0|0,0|1,0|0,0|1,0|0,0|0,0|0,0|0,0|0,0|0,0|0,0|0,0|0,0|0,0|0,4
a9d4f5d8d078054040d3fa7378da39bcdf0b3305,0|0,0|0,0|0,0|0,0|0,0|0,0|0,0|0,0|0,0|0,0|0,0|0,0|1,0|0,0|0,0|0,0|0,0|0,0|0,0|0,0|0,0|0,0|0,0|0,0|0,0|0,0|0,0|0,0|0,0|0,0|1,0|0,0|1,0|0,0|1,0|0,0|0,0|0,0|0,0|0,0|0,0|0,0|0,0|0,0|0,0|0,4
06f763e6c35b1b0a4a317ec3a49be41cab979934,0|0,0|0,0|0,0|0,0|0,0|0,0|0,0|0,0|0,0|0,0|0,0|0,0|1,0|0,0|0,0|0,0|0,0|0,0|0,0|0,0|0,0|0,0|0,0|0,0|0,0|0,0|0,0|0,0|0,0|0,0|1,0|0,0|1,0|0,0|1,0|0,0|0,0|0,0|0,0|0,0|0,0|0,0|0,0|0,0|0,0|0,4
e84da386c791caf79bbcf9b46357703c946473d9,0|0,0|0,0|0,0|0,0|0,0|0,0|0,0|0,0|0,0|0,0|0,0|0,0|1,0|0,0|0,0|0,0|0,0|0,0|0,0|0,0|0,0|0,0|0,0|0,0|0,0|0,0|0,0|0,0|0,0|0,0|1,0|0,0|1,0|0,0|1,0|0,0|0,0|0,0|0,0|0,0|0,0|0,0|0,0|0,0|0,0|0,4
bc5be1e76cd8b3d6733f66bffe346486de89b8a0,0|0,0|0,0|0,0|0,0|0,0|0,0|0,0|0,0|0,0|0,0|0,0|0,0|1,0|0,0|0,0|0,0|0,0|0,0|0,0|0,0|0,0|0,0|0,0|0,0|0,0|0,0|0,0|0,0|0,0|0,0|1,0|0,0|1,0|0,0|1,0|0,0|0,0|0,0|0,0|0,0|0,0|0,0|0,0|0,0|0,0|0,4
fd0e65cb5734ec9509a81c8ee4121b9d0e1762c9,0|0,0|0,0|0,0|0,0|0,0|0,0|0,0|0,0|0,0|0,0|0,0|0,0|1,0|0,0|0,0|0,0|0,0|0,0|0,0|0,0|0,0|0,0|0,0|0,0|0,0|0,0|0,0|0,0|0,0|0,0|1,0|0,0|1,0|0,0|1,0|0,0|0,0|0,0|0,0|0,0|0,0|0,0|0,0|0,0|0,0|0,4
bb7aff6526e47ad42c61cc25a6108014cb1a84ce,0|0,0|0,0|0,0|0,0|0,0|0,0|0,0|0,0|0,0|0,0|0,0|0,0|1,0|0,0|0,0|0,0|0,0|0,0|0,0|0,0|0,0|0,0|0,0|0,0|0,0|0,0|0,0|0,0|0,0|0,0|1,0|0,0|1,0|0,0|1,0|0,0|0,0|0,0|0,0|0,0|0,0|0,0|0,0|0,0|0,0|0,4
c1e794366f303495ceb9de4403648a7ae81f84c9,0|0,0|0,0|0,0|0,0|0,0|0,0|0,0|0,0|0,0|0,0|0,0|0,0|1,0|0,0|0,0|0,0|0,0|0,0|0,0|0,0|0,0|0,0|0,0|0,0|0,0|0,0|0,0|0,0|0,0|0,0|1,0|0,0|1,0|0,0|1,0|0,0|0,0|0,0|0,0|0,0|0,0|0,0|0,0|0,0|0,0|0,4
da8eed5a323fcff3d50eb6d96dead83c604825ed,0|0,0|0,0|0,0|0,0|0,0|0,0|0,0|0,0|0,0|0,0|0,0|0,0|1,0|0,0|0,0|0,0|0,0|0,0|0,0|0,0|0,0|0,0|0,0|0,0|0,0|0,0|0,0|0,0|0,0|0,0|1,0|0,0|1,0|0,0|1,0|0,0|0,0|0,0|0,0|0,0|0,0|0,0|0,0|0,0|0,0|0,4
f3fcf1e7c0c56224444897b321f698817f5129a0,0|0,0|0,0|0,0|0,0|0,0|0,0|0,0|0,0|0,0|0,0|0,0|0,0|1,0|0,0|0,0|0,0|0,0|0,0|0,0|0,0|0,0|0,0|0,0|0,0|0,0|0,0|0,0|0,0|0,0|0,0|1,0|0,0|1,0|0,0|1,0|0,0|0,0|0,0|0,0|0,0|0,0|0,0|0,0|0,0|0,0|0,4
730c2360bd7c7df7c284f74cd0d56b52a553c03b,0|0,0|0,0|0,0|0,0|0,0|0,0|0,0|0,0|0,0|0,0|0,0|0,0|1,0|0,0|0,0|0,0|0,0|0,0|0,0|0,0|0,0|0,0|0,0|0,0|0,0|0,0|0,0|0,0|0,0|0,0|1,0|0,0|1,0|0,0|1,0|0,0|0,0|0,0|0,0|0,0|0,0|0,0|0,0|0,0|0,0|0,4
10576eab0a9c80ecf242598b5d193a40cf41b9f3,0|0,0|0,0|0,0|0,0|0,0|0,0|0,0|0,0|0,0|0,0|0,0|0,0|1,0|0,0|0,0|0,0|0,0|0,0|0,0|0,0|0,0|0,0|0,0|0,0|0,0|0,0|0,0|0,0|0,0|0,0|1,0|0,0|1,0|0,0|1,0|0,0|0,0|0,0|0,0|0,0|0,0|0,0|0,0|0,0|0,0|0,4
408d78e6281aa664fbc07d96d00e764bb0371a86,0|0,0|0,0|0,0|0,0|0,0|0,0|0,0|0,0|0,0|0,0|0,0|0,0|1,0|0,0|0,0|0,0|0,0|0,0|0,0|0,0|0,0|0,0|0,0|0,0|0,0|0,0|0,0|0,0|0,0|0,0|1,0|0,0|1,0|0,0|1,0|0,0|0,0|0,0|0,0|0,0|0,0|0,0|0,0|0,0|0,0|0,4
8957c52a48232e54efa8b3cbd23aa7ee06c849c9,0|0,0|0,0|0,0|0,0|0,0|0,0|0,0|0,0|0,0|0,0|0,0|0,0|1,0|0,0|0,0|0,0|0,0|0,0|0,0|0,0|0,0|0,0|0,0|0,0|0,0|0,0|0,0|0,0|0,0|0,0|1,0|0,0|1,0|0,0|1,0|0,0|0,0|0,0|0,0|0,0|0,0|0,0|0,0|0,0|0,0|0,4
181a03c5ad41bda533fbfa307627939c2ff30b75,0|0,0|0,0|0,0|0,0|0,0|0,0|0,0|0,0|0,0|0,0|0,0|0,0|1,0|0,0|0,0|0,0|0,0|0,0|0,0|0,0|0,0|0,0|0,0|0,0|0,0|0,0|0,0|0,0|0,0|0,0|1,0|0,0|1,0|0,0|1,0|0,0|0,0|0,0|0,0|0,0|0,0|0,0|0,0|0,0|0,0|0,4
d9c72999ee428d682e226d19f0e8cbd39721a642,0|0,0|0,0|0,0|0,0|0,0|0,0|0,0|0,0|0,0|0,0|0,0|0,0|1,0|0,0|0,0|0,0|0,0|0,0|0,0|0,0|0,0|0,0|0,0|0,0|0,0|0,0|0,0|0,0|0,0|0,0|1,0|0,0|1,0|0,0|1,0|0,0|0,0|0,0|0,0|0,0|0,0|0,0|0,0|0,0|0,0|0,4
2b4821a97b9169e9b9e96cbf69d84a23dc870fa2,0|0,0|0,0|0,0|0,0|0,0|0,0|0,0|0,0|0,0|0,0|0,0|0,0|1,0|0,0|0,0|0,0|0,0|0,0|0,0|0,0|0,0|0,0|0,0|0,0|0,0|0,0|0,0|0,0|0,0|0,0|1,0|0,0|1,0|0,0|1,0|0,0|0,0|0,0|0,0|0,0|0,0|0,0|0,0|0,0|0,0|0,4
944e8ed105d1847f26b66059802c970735678139,0|0,0|0,0|0,0|0,0|0,0|0,0|0,0|0,0|0,0|0,0|0,0|0,0|1,0|0,0|0,0|0,0|0,0|0,0|0,0|0,0|0,0|0,0|0,0|0,0|0,0|0,0|0,0|0,0|0,0|0,0|1,0|0,0|1,0|0,0|1,0|0,0|0,0|0,0|0,0|0,0|0,0|0,0|0,0|0,0|0,0|0,4
2dfc478ad476bdb3f774fe83ad90ccd6aa4ff7c3,0|0,0|0,0|0,0|0,0|0,0|0,0|0,0|0,0|0,0|0,0|0,0|0,0|1,0|0,0|0,0|0,0|0,0|0,0|0,0|0,0|0,0|0,0|0,0|0,0|0,0|0,0|0,0|0,0|0,0|0,0|1,0|0,0|1,0|0,0|1,0|0,0|0,0|0,0|0,0|0,0|0,0|0,0|0,0|0,0|0,0|0,4
3ffb65a81c2e61650646d7382c8779f814993d0b,0|0,0|0,0|0,0|0,0|0,0|0,0|0,0|0,0|0,0|0,0|0,0|0,0|1,0|0,0|0,0|0,0|0,0|0,0|0,0|0,0|0,0|0,0|0,0|0,0|0,0|0,0|0,0|0,0|0,0|0,0|1,0|0,0|1,0|0,0|1,0|0,0|0,0|0,0|0,0|0,0|0,0|0,0|0,0|0,0|0,0|0,4
6ff67b5043e52db3de1c8fc63dddabe906612217,0|0,0|0,0|0,0|0,0|0,0|0,0|0,0|0,0|0,0|0,0|0,0|0,0|1,0|0,0|0,0|0,0|0,0|0,0|0,0|0,0|0,0|0,0|0,0|0,0|0,0|0,0|0,0|0,0|0,0|0,0|1,0|0,0|1,0|0,0|1,0|0,0|0,0|0,0|0,0|0,0|0,0|0,0|0,0|0,0|0,0|0,4
cf931fda6bfb3925555c7bd11d950a886676bcb3,0|0,0|0,0|0,0|0,0|0,0|0,0|0,0|0,0|0,0|0,0|0,0|0,0|1,0|0,0|0,0|0,0|0,0|0,0|0,0|0,0|0,0|0,0|0,0|0,0|0,0|0,0|0,0|0,0|0,0|0,0|1,0|0,0|1,0|0,0|1,0|0,0|0,0|0,0|0,0|0,0|0,0|0,0|0,0|0,0|0,0|0,4
549134ef10d9066b720690ca8bb758e07c29f65b,0|0,0|0,0|0,0|0,0|0,0|0,0|0,0|0,0|0,0|0,0|0,0|0,0|1,0|0,0|0,0|0,0|0,0|0,0|0,0|0,0|0,0|0,0|0,0|0,0|0,0|0,0|0,0|0,0|0,0|0,0|1,0|0,0|1,0|0,0|1,0|0,0|0,0|0,0|0,0|0,0|0,0|0,0|0,0|0,0|0,0|0,4
60eca79fdf552aa98e6a3505f7b690a5b9c3c87c,0|0,0|0,0|0,0|0,0|0,0|0,0|0,0|0,0|0,0|0,0|0,0|0,0|1,0|0,0|0,0|0,0|0,0|0,0|0,0|0,0|0,0|0,0|0,0|0,0|0,0|0,0|0,0|0,0|0,0|0,0|1,0|0,0|1,0|0,0|1,0|0,0|0,0|0,0|0,0|0,0|0,0|0,0|0,0|0,0|0,0|0,4
246d115d7bf126c284df739c35cd9b790bf140cf,0|0,0|0,0|0,0|0,0|0,0|0,0|0,0|0,0|0,0|0,0|0,0|0,0|1,0|0,0|0,0|0,0|0,0|0,0|0,0|0,0|0,0|0,0|0,0|0,0|0,0|0,0|0,0|0,0|0,0|0,0|1,0|0,0|1,0|0,0|1,0|0,0|0,0|0,0|0,0|0,0|0,0|0,0|0,0|0,0|0,0|0,4
7e0724d5765bd1b4e145bb9cf2b151c9a73fe9fe,0|0,0|0,0|0,0|0,0|0,0|0,0|0,0|0,0|0,0|0,0|0,0|0,0|1,0|0,0|0,0|0,0|0,0|0,0|0,0|0,0|0,0|0,0|0,0|0,0|0,0|0,0|0,0|0,0|0,0|0,0|1,0|0,0|1,0|0,0|1,0|0,0|0,0|0,0|0,0|0,0|0,0|0,0|0,0|0,0|0,0|0,4
ca827ae548013f48bdf8f0d2f482aaeac3828410,0|0,0|0,0|0,0|0,0|0,0|0,0|0,0|0,0|0,0|0,0|0,0|0,0|1,0|0,0|0,0|0,0|0,0|0,0|0,0|0,0|0,0|0,0|0,0|0,0|0,0|0,0|0,0|0,0|0,0|0,0|1,0|0,0|1,0|0,0|1,0|0,0|0,0|0,0|0,0|0,0|0,0|0,0|0,0|0,0|0,0|0,4
960e8ab22a1291775bcef1021d6fa80d120d7968,0|0,0|0,0|0,0|0,0|0,0|0,0|0,0|0,0|0,0|0,0|0,0|0,0|1,0|0,0|0,0|0,0|0,0|0,0|0,0|0,0|0,0|0,0|0,0|0,0|0,0|0,0|0,0|0,0|0,0|0,0|1,0|0,0|1,0|0,0|1,0|0,0|0,0|0,0|0,0|0,0|0,0|0,0|0,0|0,0|0,0|0,4
a8f938f7acfc6cf6c64c00205f5bf75462d767e0,0|0,0|0,0|0,0|0,0|0,0|0,0|0,0|0,0|0,0|0,0|0,0|0,0|1,0|0,0|0,0|0,0|0,0|0,0|0,0|0,0|0,0|0,0|0,0|0,0|0,0|0,0|0,0|0,0|0,0|0,0|1,0|0,0|1,0|0,0|1,0|0,0|0,0|0,0|0,0|0,0|0,0|0,0|0,0|0,0|0,0|0,4
550e6fe6fcd96e507763db66873791b96f19fe2b,0|0,0|0,0|0,0|0,0|0,0|0,0|0,0|0,0|0,0|0,0|0,0|0,0|1,0|0,0|0,0|0,0|0,0|0,0|0,0|0,0|0,0|0,0|0,0|0,0|0,0|0,0|0,0|0,0|0,0|0,0|1,0|0,0|1,0|0,0|1,0|0,0|0,0|0,0|0,0|0,0|0,0|0,0|0,0|0,0|0,0|0,4
d13bc0e01a46e666bd4d3cc553873b6a4961f799,0|0,0|0,0|0,0|0,0|0,0|0,0|0,0|0,0|0,0|0,0|0,0|0,0|1,0|0,0|0,0|0,0|0,0|0,0|0,0|0,0|0,0|0,0|0,0|0,0|0,0|0,0|0,0|0,0|0,0|0,0|1,0|0,0|1,0|0,0|1,0|0,0|0,0|0,0|0,0|0,0|0,0|0,0|0,0|0,0|0,0|0,4
d947437233f2e6af6e2a74bc4844a7b427f9d45e,0|0,0|0,0|0,0|0,0|0,0|0,0|0,0|0,0|0,0|0,0|0,0|0,0|1,0|0,0|0,0|0,0|0,0|0,0|0,0|0,0|0,0|0,0|0,0|0,0|0,0|0,0|0,0|0,0|0,0|0,0|1,0|0,0|1,0|0,0|1,0|0,0|0,0|0,0|0,0|0,0|0,0|0,0|0,0|0,0|0,0|0,4
937357e4bc55610f116f66d15a8e0fc1e260c02c,0|0,0|0,0|0,0|0,0|0,0|0,0|0,0|0,0|0,0|0,0|0,0|0,0|1,0|0,0|0,0|0,0|0,0|0,0|0,0|0,0|0,0|0,0|0,0|0,0|0,0|0,0|0,0|0,0|0,0|0,0|1,0|0,0|1,0|0,0|1,0|0,0|0,0|0,0|0,0|0,0|0,0|0,0|0,0|0,0|0,0|0,4
a2e9730b23bad7fea0047ac275786115f5912e84,0|0,0|0,0|0,0|0,0|0,0|0,0|0,0|0,0|0,0|0,0|0,0|0,0|1,0|0,0|0,0|0,0|0,0|0,0|0,0|0,0|0,0|0,0|0,0|0,0|0,0|0,0|0,0|0,0|0,0|0,0|1,0|0,0|1,0|0,0|1,0|0,0|0,0|0,0|0,0|0,0|0,0|0,0|0,0|0,0|0,0|0,4
09668496c30ac5781f7bf54187235b3f62030113,0|0,0|0,0|0,0|0,0|0,0|0,0|0,0|0,0|0,0|0,0|0,0|0,0|1,0|0,0|0,0|0,0|0,0|0,0|0,0|0,0|0,0|0,0|0,0|0,0|0,0|0,0|0,0|0,0|0,0|0,0|1,0|0,0|1,0|0,0|1,0|0,0|0,0|0,0|0,0|0,0|0,0|0,0|0,0|0,0|0,0|0,4
6e649e0cb6d45d72600198c25f4069f4aeb1e121,0|0,0|0,0|0,0|0,0|0,0|0,0|0,0|0,0|0,0|0,0|0,0|0,0|1,0|0,0|0,0|0,0|0,0|0,0|0,0|0,0|0,0|0,0|0,0|0,0|0,0|0,0|0,0|0,0|0,0|0,0|1,0|0,0|1,0|0,0|1,0|0,0|0,0|0,0|0,0|0,0|0,0|0,0|0,0|0,0|0,0|0,4
b1a43cbcff4016b329baafb25018fa13a6018dea,0|0,0|0,0|0,0|0,0|0,0|0,0|0,0|0,0|0,0|0,0|0,0|0,0|1,0|0,0|0,0|0,0|0,0|0,0|0,0|0,0|0,0|0,0|0,0|0,0|0,0|0,0|0,0|0,0|0,0|0,0|1,0|0,0|1,0|0,0|1,0|0,0|0,0|0,0|0,0|0,0|0,0|0,0|0,0|0,0|0,0|0,4
e696f31487fd29a73bec439479db0f553359cf5f,0|0,0|0,0|0,0|0,0|0,0|0,0|0,0|0,0|0,0|0,0|0,0|0,0|1,0|0,0|0,0|0,0|0,0|0,0|0,0|0,0|0,0|0,0|0,0|0,0|0,0|0,0|0,0|0,0|0,0|0,0|1,0|0,0|1,0|0,0|1,0|0,0|0,0|0,0|0,0|0,0|0,0|0,0|0,0|0,0|0,0|0,4
b97dc6baa497b5c2d64e342108237ced6bf34b2c,0|0,0|0,0|0,0|0,0|0,0|0,0|0,0|0,0|0,0|0,0|0,0|0,0|1,0|0,0|0,0|0,0|0,0|0,0|0,0|0,0|0,0|0,0|0,0|0,0|0,0|0,0|0,0|0,0|0,0|0,0|1,0|0,0|1,0|0,0|1,0|0,0|0,0|0,0|0,0|0,0|0,0|0,0|0,0|0,0|0,0|0,4
1b3c41a752fcdffd5f475fb447accfa53d189658,0|0,0|0,0|0,0|0,0|0,0|0,0|0,0|0,0|0,0|0,0|0,0|0,0|1,0|0,0|0,0|0,0|0,0|0,0|0,0|0,0|0,0|0,0|0,0|0,0|0,0|0,0|0,0|0,0|0,0|0,0|1,0|0,0|1,0|0,0|1,0|0,0|0,0|0,0|0,0|0,0|0,0|0,0|0,0|0,0|0,0|0,4
c2e7fbce942fc7f8e8f878945151b4b285017927,0|0,0|0,0|0,0|0,0|0,0|0,0|0,0|0,0|0,0|0,0|0,0|0,0|1,0|0,0|0,0|0,0|0,0|0,0|0,0|0,0|0,0|0,0|0,0|0,0|0,0|0,0|0,0|0,0|0,0|0,0|1,0|0,0|1,0|0,0|1,0|0,0|0,0|0,0|0,0|0,0|0,0|0,0|0,0|0,0|0,0|0,4
b08b6a6a280ffd8122532c3f743d706ce0fe9cef,0|0,0|0,0|0,0|0,0|0,0|0,0|0,0|0,0|0,0|0,0|0,0|0,0|1,0|0,0|0,0|0,0|0,0|0,0|0,0|0,0|0,0|0,0|0,0|0,0|0,0|0,0|0,0|0,0|0,0|0,0|1,0|0,0|1,0|0,0|1,0|0,0|0,0|0,0|0,0|0,0|0,0|0,0|0,0|0,0|0,0|0,4
9e97d20c25532f7e3ce6855d61494b09dcc2fcc4,0|0,0|0,0|0,0|0,0|0,0|0,0|0,0|0,0|0,0|0,0|0,0|0,0|1,0|0,0|0,0|0,0|0,0|0,0|0,0|0,0|0,0|0,0|0,0|0,0|0,0|0,0|0,0|0,0|0,0|0,0|1,0|0,0|1,0|0,0|1,0|0,0|0,0|0,0|0,0|0,0|0,0|0,0|0,0|0,0|0,0|0,4
7d3c3b23f8b9749690b8c5f345b7bc489b3666ac,0|0,0|0,0|0,0|0,0|0,0|0,0|0,0|0,0|0,0|0,0|0,0|0,0|1,0|0,0|0,0|0,0|0,0|0,0|0,0|0,0|0,0|0,0|0,0|0,0|0,0|0,0|0,0|0,0|0,0|0,0|1,0|0,0|1,0|0,0|1,0|0,0|0,0|0,0|0,0|0,0|0,0|0,0|0,0|0,0|0,0|0,4
ed51987e3a4838dd9aef27dfab2c0651f2f52836,0|0,0|0,0|0,0|0,0|0,0|0,0|0,0|0,0|0,0|0,0|0,0|0,0|1,0|0,0|0,0|0,0|0,0|0,0|0,0|0,0|0,0|0,0|0,0|0,0|0,0|0,0|0,0|0,0|0,0|0,0|1,0|0,0|1,0|0,0|1,0|0,0|0,0|0,0|0,0|0,0|0,0|0,0|0,0|0,0|0,0|0,4
06f13fd2de45237b0643b2a26c76f57967b8e93e,0|0,0|0,0|0,0|0,0|0,0|0,0|0,0|0,0|0,0|0,0|0,0|0,0|1,0|0,0|0,0|0,0|0,0|0,0|0,0|0,0|0,0|0,0|0,0|0,0|0,0|0,0|0,0|0,0|0,0|0,0|1,0|0,0|1,0|0,0|1,0|0,0|0,0|0,0|0,0|0,0|0,0|0,0|0,0|0,0|0,0|0,4
fea3991ad168ee0a69a35c7be15e0732f2351d56,0|0,0|0,0|0,0|0,0|0,0|0,0|0,0|0,0|0,0|0,0|0,0|0,0|1,0|0,0|0,0|0,0|0,0|0,0|0,0|0,0|0,0|0,0|0,0|0,0|0,0|0,0|0,0|0,0|0,0|0,0|1,0|0,0|1,0|0,0|1,0|0,0|0,0|0,0|0,0|0,0|0,0|0,0|0,0|0,0|0,0|0,4
8db8c8ae34da09dd09453c312fe9ebdac897f73d,0|0,0|0,0|0,0|0,0|0,0|0,0|0,0|0,0|0,0|0,0|0,0|0,0|1,0|0,0|0,0|0,0|0,0|0,0|0,0|0,0|0,0|0,0|0,0|0,0|0,0|0,0|0,0|0,0|0,0|0,0|1,0|0,0|1,0|0,0|1,0|0,0|0,0|0,0|0,0|0,0|0,0|0,0|0,0|0,0|0,0|0,4
c3d1c69722f31791ad718bfe3a265c0df22b9997,0|0,0|0,0|0,0|0,0|0,0|0,0|0,0|0,0|0,0|0,0|0,0|0,0|1,0|0,0|0,0|0,0|0,0|0,0|0,0|0,0|0,0|0,0|0,0|0,0|0,0|0,0|0,0|0,0|0,0|0,0|1,0|0,0|1,0|0,0|1,0|0,0|0,0|0,0|0,0|0,0|0,0|0,0|0,0|0,0|0,0|0,4
333a6d60e8ab9c9cd5479a058f8b0c482c5cd2d9,0|0,0|0,0|0,0|0,0|0,0|0,0|0,0|0,0|0,0|0,0|0,0|0,0|1,0|0,0|0,0|0,0|0,0|0,0|0,0|0,0|0,0|0,0|0,0|0,0|0,0|0,0|0,0|0,0|0,0|0,0|1,0|0,0|1,0|0,0|1,0|0,0|0,0|0,0|0,0|0,0|0,0|0,0|0,0|0,0|0,0|0,4
b6d9536533cad12e6c04edccead26aaea693b0e1,0|0,0|0,0|0,0|0,0|0,0|0,0|0,0|0,0|0,0|0,0|0,0|0,0|1,0|0,0|0,0|0,0|0,0|0,0|0,0|0,0|0,0|0,0|0,0|0,0|0,0|0,0|0,0|0,0|0,0|0,0|1,0|0,0|1,0|0,0|1,0|0,0|0,0|0,0|0,0|0,0|0,0|0,0|0,0|0,0|0,0|0,4
5ccc61d1cb3fd328aa9eb22cfc7eb3c020a3761e,0|0,0|0,0|0,0|0,0|0,0|0,0|0,0|0,0|0,0|0,0|0,0|0,0|1,0|0,0|0,0|0,0|0,0|0,0|0,0|0,0|0,0|0,0|0,0|0,0|0,0|0,0|0,0|0,0|0,0|0,0|1,0|0,0|1,0|0,0|1,0|0,0|0,0|0,0|0,0|0,0|0,0|0,0|0,0|0,0|0,0|0,4
41765efcf8159fd8b9dcf4ceca60fbd37e6e79e8,0|0,0|0,0|0,0|0,0|0,0|0,0|0,0|0,0|0,0|0,0|0,0|0,0|1,0|0,0|0,0|0,0|0,0|0,0|0,0|0,0|0,0|0,0|0,0|0,0|0,0|0,0|0,0|0,0|0,0|0,0|1,0|0,0|1,0|0,0|1,0|0,0|0,0|0,0|0,0|0,0|0,0|0,0|0,0|0,0|0,0|0,4
f41d8ac1068ac66f2e444f3107cb5bc6a65da8ec,0|0,0|0,0|0,0|0,0|0,0|0,0|0,0|0,0|0,0|0,0|0,0|0,0|1,0|0,0|0,0|0,0|0,0|0,0|0,0|0,0|0,0|0,0|0,0|0,0|0,0|0,0|0,0|0,0|0,0|0,0|1,0|0,0|1,0|0,0|1,0|0,0|0,0|0,0|0,0|0,0|0,0|0,0|0,0|0,0|0,0|0,4
c4eebaaf5eaf54bb5f2656a504a4485ace1d0da4,0|0,0|0,0|0,0|0,0|0,0|0,0|0,0|0,0|0,0|0,0|0,0|0,0|1,0|0,0|0,0|0,0|0,0|0,0|0,0|0,0|0,0|0,0|0,0|0,0|0,0|0,0|0,0|0,0|0,0|0,0|1,0|0,0|1,0|0,0|1,0|0,0|0,0|0,0|0,0|0,0|0,0|0,0|0,0|0,0|0,0|0,4
6edb7bedd7b5c1eb0060f5d503f9e37a6d58c086,0|0,0|0,0|0,0|0,0|0,0|0,0|0,0|0,0|0,0|0,0|0,0|0,0|1,0|0,0|0,0|0,0|0,0|0,0|0,0|0,0|0,0|0,0|0,0|0,0|0,0|0,0|0,0|0,0|0,0|0,0|1,0|0,0|1,0|0,0|1,0|0,0|0,0|0,0|0,0|0,0|0,0|0,0|0,0|0,0|0,0|0,4
aaa474a37de90c69c720670f3cd4b690f3ceb75b,0|0,0|0,0|0,0|0,0|0,0|0,0|0,0|0,0|0,0|0,0|0,0|0,0|1,0|0,0|0,0|0,0|0,0|0,0|0,0|0,0|0,0|0,0|0,0|0,0|0,0|0,0|0,0|0,0|0,0|0,0|1,0|0,0|1,0|0,0|1,0|0,0|0,0|0,0|0,0|0,0|0,0|0,0|0,0|0,0|0,0|0,4
5283755afa25525593e496960518f1ad32f05b0e,0|0,0|0,0|0,0|0,0|0,0|0,0|0,0|0,0|0,0|0,0|0,0|0,0|1,0|0,0|0,0|0,0|0,0|0,0|0,0|0,0|0,0|0,0|0,0|0,0|0,0|0,0|0,0|0,0|0,0|0,0|1,0|0,0|1,0|0,0|1,0|0,0|0,0|0,0|0,0|0,0|0,0|0,0|0,0|0,0|0,0|0,4
a25d9d871edc7198d10a7db1c5948cbec289c723,0|0,0|0,0|0,0|0,0|0,0|0,0|0,0|0,0|0,0|0,0|0,0|0,0|1,0|0,0|0,0|0,0|0,0|0,0|0,0|0,0|0,0|0,0|0,0|0,0|0,0|0,0|0,0|0,0|0,0|0,0|1,0|0,0|1,0|0,0|1,0|0,0|0,0|0,0|0,0|0,0|0,0|0,0|0,0|0,0|0,0|0,4
a9aa46287d8beb2ac7f76605f91c45a1018cf500,0|0,0|0,0|0,0|0,0|0,0|0,0|0,0|0,0|0,0|0,0|0,0|0,0|1,0|0,0|0,0|0,0|0,0|0,0|0,0|0,0|0,0|0,0|0,0|0,0|0,0|0,0|0,0|0,0|0,0|0,0|1,0|0,0|1,0|0,0|1,0|0,0|0,0|0,0|0,0|0,0|0,0|0,0|0,0|0,0|0,0|0,4
9f8c1e8630f4b44fda1bb6d1fafa82f5b2b4e3d3,0|0,0|0,0|0,0|0,0|0,0|0,0|0,0|0,0|0,0|0,0|0,0|0,0|1,0|0,0|0,0|0,0|0,0|0,0|0,0|0,0|0,0|0,0|0,0|0,0|0,0|0,0|0,0|0,0|0,0|0,0|1,0|0,0|1,0|0,0|1,0|0,0|0,0|0,0|0,0|0,0|0,0|0,0|0,0|0,0|0,0|0,4
b11065b2e3c724b2cb0e692e1818a4699c9cc803,0|0,0|0,0|0,0|0,0|0,0|0,0|0,0|0,0|0,0|0,0|0,0|0,0|1,0|0,0|0,0|0,0|0,0|0,0|0,0|0,0|0,0|0,0|0,0|0,0|0,0|0,0|0,0|0,0|0,0|0,0|1,0|0,0|1,0|0,0|1,0|0,0|0,0|0,0|0,0|0,0|0,0|0,0|0,0|0,0|0,0|0,4
1f6c94e6630e54c1dc3c8d2e7d6af16712f10cbd,0|0,0|0,0|0,0|0,0|0,0|0,0|0,0|0,0|0,0|0,0|0,0|0,0|1,0|0,0|0,0|0,0|0,0|0,0|0,0|0,0|0,0|0,0|0,0|0,0|0,0|0,0|0,0|0,0|0,0|0,0|1,0|0,0|1,0|0,0|1,0|0,0|0,0|0,0|0,0|0,0|0,0|0,0|0,0|0,0|0,0|0,4
55880e4ae4cb651f54a9531ba9732977d9dd517f,0|0,0|0,0|0,0|0,0|0,0|0,0|0,0|0,0|0,0|0,0|0,0|0,0|1,0|0,0|0,0|0,0|0,0|0,0|0,0|0,0|0,0|0,0|0,0|0,0|0,0|0,0|0,0|0,0|0,0|0,0|1,0|0,0|1,0|0,0|1,0|0,0|0,0|0,0|0,0|0,0|0,0|0,0|0,0|0,0|0,0|0,4
a8a3c6f7c2a479104efdc48db21c8d709b4fc5e5,0|0,0|0,0|0,0|0,0|0,0|0,0|0,0|0,0|0,0|0,0|0,0|0,0|1,0|0,0|0,0|0,0|0,0|0,0|0,0|0,0|0,0|0,0|0,0|0,0|0,0|0,0|0,0|0,0|0,0|0,0|1,0|0,0|1,0|0,0|1,0|0,0|0,0|0,0|0,0|0,0|0,0|0,0|0,0|0,0|0,0|0,4
4173775b6032c825011e3daadedbc21cc06a0cf5,0|0,0|0,0|0,0|0,0|0,0|0,0|0,0|0,0|0,0|0,0|0,0|0,0|1,0|0,0|0,0|0,0|0,0|0,0|0,0|0,0|0,0|0,0|0,0|0,0|0,0|0,0|0,0|0,0|0,0|0,0|1,0|0,0|1,0|0,0|1,0|0,0|0,0|0,0|0,0|0,0|0,0|0,0|0,0|0,0|0,0|0,4
5464bad6db75c4ab722fb1f2893adaa4e2a19fc1,0|0,0|0,0|0,0|0,0|0,0|0,0|0,0|0,0|0,0|0,0|0,0|0,0|1,0|0,0|0,0|0,0|0,0|0,0|0,0|0,0|0,0|0,0|0,0|0,0|0,0|0,0|0,0|0,0|0,0|0,0|1,0|0,0|1,0|0,0|1,0|0,0|0,0|0,0|0,0|0,0|0,0|0,0|0,0|0,0|0,0|0,4
9abf528c8ed2256c7a091d9f69c506987c8c756a,0|0,0|0,0|0,0|0,0|0,0|0,0|0,0|0,0|0,0|0,0|0,0|0,0|1,0|0,0|0,0|0,0|0,0|0,0|0,0|0,0|0,0|0,0|0,0|0,0|0,0|0,0|0,0|0,0|0,0|0,0|1,0|0,0|1,0|0,0|1,0|0,0|0,0|0,0|0,0|0,0|0,0|0,0|0,0|0,0|0,0|0,4
0f168d9150cfcc94464b84591605a2c5e17c728e,0|0,0|0,0|0,0|0,0|0,0|0,0|0,0|0,0|0,0|0,0|0,0|0,0|1,0|0,0|0,0|0,0|0,0|0,0|0,0|0,0|0,0|0,0|0,0|0,0|0,0|0,0|0,0|0,0|0,0|0,0|1,0|0,0|1,0|0,0|1,0|0,0|0,0|0,0|0,0|0,0|0,0|0,0|0,0|0,0|0,0|0,4
3e5491fa109fccfb28cd170d7a1dc3e55e7531e8,0|0,0|0,0|0,0|0,0|0,0|0,0|0,0|0,0|0,0|0,0|0,0|0,0|1,0|0,0|0,0|0,0|0,0|0,0|0,0|0,0|0,0|0,0|0,0|0,0|0,0|0,0|0,0|0,0|0,0|0,0|1,0|0,0|1,0|0,0|1,0|0,0|0,0|0,0|0,0|0,0|0,0|0,0|0,0|0,0|0,0|0,4
acb1de69aa10b1f48abc3bae4802dc48a61eb856,0|0,0|0,0|0,0|0,0|0,0|0,0|0,0|0,0|0,0|0,0|0,0|0,0|1,0|0,0|0,0|0,0|0,0|0,0|0,0|0,0|0,0|0,0|0,0|0,0|0,0|0,0|0,0|0,0|0,0|0,0|1,0|0,0|1,0|0,0|1,0|0,0|0,0|0,0|0,0|0,0|0,0|0,0|0,0|0,0|0,0|0,4
da47357762746c7fc5c537b575b5b56f252320a5,0|0,0|0,0|0,0|0,0|0,0|0,0|0,0|0,0|0,0|0,0|0,0|0,0|1,0|0,0|0,0|0,0|0,0|0,0|0,0|0,0|0,0|0,0|0,0|0,0|0,0|0,0|0,0|0,0|0,0|0,0|1,0|0,0|1,0|0,0|1,0|0,0|0,0|0,0|0,0|0,0|0,0|0,0|0,0|0,0|0,0|0,4
afc2b641eb9cf5035b5147e78030bafe0b40dd87,0|0,0|0,0|0,0|0,0|0,0|0,0|0,0|0,0|0,0|0,0|0,0|0,0|1,0|0,0|0,0|0,0|0,0|0,0|0,0|0,0|0,0|0,0|0,0|0,0|0,0|0,0|0,0|0,0|0,0|0,0|1,0|0,0|1,0|0,0|1,0|0,0|0,0|0,0|0,0|0,0|0,0|0,0|0,0|0,0|0,0|0,4
f2a279e4416d20117fc4954a01365ef1c1d8268b,0|0,0|0,0|0,0|0,0|0,0|0,0|0,0|0,0|0,0|0,0|0,0|0,0|1,0|0,0|0,0|0,0|0,0|0,0|0,0|0,0|0,0|0,0|0,0|0,0|0,0|0,0|0,0|0,0|0,0|0,0|1,0|0,0|1,0|0,0|1,0|0,0|0,0|0,0|0,0|0,0|0,0|0,0|0,0|0,0|0,0|0,4
a6545ea0954713719a2264601be3bd2666b8a469,0|0,0|0,0|0,0|0,0|0,0|0,0|0,0|0,0|0,0|0,0|0,0|0,0|1,0|0,0|0,0|0,0|0,0|0,0|0,0|0,0|0,0|0,0|0,0|0,0|0,0|0,0|0,0|0,0|0,0|0,0|1,0|0,0|1,0|0,0|1,0|0,0|0,0|0,0|0,0|0,0|0,0|0,0|0,0|0,0|0,0|0,4
2a6e5c634136e74651c0c39c9ea1987d4949cc69,0|0,0|0,0|0,0|0,0|0,0|0,0|0,0|0,0|0,0|0,0|0,0|0,0|1,0|0,0|0,0|0,0|0,0|0,0|0,0|0,0|0,0|0,0|0,0|0,0|0,0|0,0|0,0|0,0|0,0|0,0|1,0|0,0|1,0|0,0|1,0|0,0|0,0|0,0|0,0|0,0|0,0|0,0|0,0|0,0|0,0|0,4
2e2d4c911a8ffce297a927addfe795a3b6b3d3fb,0|0,0|0,0|0,0|0,0|0,0|0,0|0,0|0,0|0,0|0,0|0,0|0,0|1,0|0,0|0,0|0,0|0,0|0,0|0,0|0,0|0,0|0,0|0,0|0,0|0,0|0,0|0,0|0,0|0,0|0,0|1,0|0,0|1,0|0,0|1,0|0,0|0,0|0,0|0,0|0,0|0,0|0,0|0,0|0,0|0,0|0,4
4c39ed293e03c59af9d69a412107d41b00ebc21d,0|0,0|0,0|0,0|0,0|0,0|0,0|0,0|0,0|0,0|0,0|0,0|0,0|1,0|0,0|0,0|0,0|0,0|0,0|0,0|0,0|0,0|0,0|0,0|0,0|0,0|0,0|0,0|0,0|0,0|0,0|1,0|0,0|1,0|0,0|1,0|0,0|0,0|0,0|0,0|0,0|0,0|0,0|0,0|0,0|0,0|0,4
fd02e1b3043eecc5711eb8254aadaa3f43ca7503,0|0,0|0,0|0,0|0,0|0,0|0,0|0,0|0,0|0,0|0,0|0,0|0,0|1,0|0,0|0,0|0,0|0,0|0,0|0,0|0,0|0,0|0,0|0,0|0,0|0,0|0,0|0,0|0,0|0,0|0,0|1,0|0,0|1,0|0,0|1,0|0,0|0,0|0,0|0,0|0,0|0,0|0,0|0,0|0,0|0,0|0,4
a8ffcd8bb0273d59600c6310a80b81206096c113,0|0,0|0,0|0,0|0,0|0,0|0,0|0,0|0,0|0,0|0,0|0,0|0,0|1,0|0,0|0,0|0,0|0,0|0,0|0,0|0,0|0,0|0,0|0,0|0,0|0,0|0,0|0,0|0,0|0,0|0,0|1,0|0,0|1,0|0,0|1,0|0,0|0,0|0,0|0,0|0,0|0,0|0,0|0,0|0,0|0,0|0,4
40ff2c54c106ab56586d6f8d83a5cc5156fc1f57,0|0,0|0,0|0,0|0,0|0,0|0,0|0,0|0,0|0,0|0,0|0,0|0,0|1,0|0,0|0,0|0,0|0,0|0,0|0,0|0,0|0,0|0,0|0,0|0,0|0,0|0,0|0,0|0,0|0,0|0,0|1,0|0,0|1,0|0,0|1,0|0,0|0,0|0,0|0,0|0,0|0,0|0,0|0,0|0,0|0,0|0,4
772957349b2864ba2aa60519522f872455d2145b,0|0,0|0,0|0,0|0,0|0,0|0,0|0,0|0,0|0,0|0,0|0,0|0,0|1,0|0,0|0,0|0,0|0,0|0,0|0,0|0,0|0,0|0,0|0,0|0,0|0,0|0,0|0,0|0,0|0,0|0,0|1,0|0,0|1,0|0,0|1,0|0,0|0,0|0,0|0,0|0,0|0,0|0,0|0,0|0,0|0,0|0,4
ea435c46f5eae344af3d05bfc17a6f4d3cec8547,0|0,0|0,0|0,0|0,0|0,0|0,0|0,0|0,0|0,0|0,0|0,0|0,0|1,0|0,0|0,0|0,0|0,0|0,0|0,0|0,0|0,0|0,0|0,0|0,0|0,0|0,0|0,0|0,0|0,0|0,0|1,0|0,0|1,0|0,0|1,0|0,0|0,0|0,0|0,0|0,0|0,0|0,0|0,0|0,0|0,0|0,4
9d59b8b1a992d864a39d6fba258f570f9a078db4,0|0,0|0,0|0,0|0,0|0,0|0,0|0,0|0,0|0,0|0,0|0,0|0,0|1,0|0,0|0,0|0,0|0,0|0,0|0,0|0,0|0,0|0,0|0,0|0,0|0,0|0,0|0,0|0,0|0,0|0,0|1,0|0,0|1,0|0,0|1,0|0,0|0,0|0,0|0,0|0,0|0,0|0,0|0,0|0,0|0,0|0,4
a7b5e0919569d4c54e77969c95a402384596e525,0|0,0|0,0|0,0|0,0|0,0|0,0|0,0|0,0|0,0|0,0|0,0|0,0|1,0|0,0|0,0|0,0|0,0|0,0|0,0|0,0|0,0|0,0|0,0|0,0|0,0|0,0|0,0|0,0|0,0|0,0|1,0|0,0|1,0|0,0|1,0|0,0|0,0|0,0|0,0|0,0|0,0|0,0|0,0|0,0|0,0|0,4
320bcfafa227de7f98e972fcda5a32055b036477,0|0,0|0,0|0,0|0,0|0,0|0,0|0,0|0,0|0,0|0,0|0,0|0,0|1,0|0,0|0,0|0,0|0,0|0,0|0,0|0,0|0,0|0,0|0,0|0,0|0,0|0,0|0,0|0,0|0,0|0,0|1,0|0,0|1,0|0,0|1,0|0,0|0,0|0,0|0,0|0,0|0,0|0,0|0,0|0,0|0,0|0,4
b1e9245d946533054e22c39370599b2d7c86c306,0|0,0|0,0|0,0|0,0|0,0|0,0|0,0|0,0|0,0|0,0|0,0|0,0|1,0|0,0|0,0|0,0|0,0|0,0|0,0|0,0|0,0|0,0|0,0|0,0|0,0|0,0|0,0|0,0|0,0|0,0|1,0|0,0|1,0|0,0|1,0|0,0|0,0|0,0|0,0|0,0|0,0|0,0|0,0|0,0|0,0|0,4
4f81cdc103d1d092cacaa1c5a444e136f894d2dc,0|0,0|0,0|0,0|0,0|0,0|0,0|0,0|0,0|0,0|0,0|0,0|0,0|1,0|0,0|0,0|0,0|0,0|0,0|0,0|0,0|0,0|0,0|0,0|0,0|0,0|0,0|0,0|0,0|0,0|0,0|1,0|0,0|1,0|0,0|1,0|0,0|0,0|0,0|0,0|0,0|0,0|0,0|0,0|0,0|0,0|0,4
5e0befd56c1dc70f2f7831eaa5e94dbd47565d8d,0|0,0|0,0|0,0|0,0|0,0|0,0|0,0|0,0|0,0|0,0|0,0|0,0|1,0|0,0|0,0|0,0|0,0|0,0|0,0|0,0|0,0|0,0|0,0|0,0|0,0|0,0|0,0|0,0|0,0|0,0|1,0|0,0|1,0|0,0|1,0|0,0|0,0|0,0|0,0|0,0|0,0|0,0|0,0|0,0|0,0|0,4
33557c5fbca3e6234022e9be72999a837551c91f,0|0,0|0,0|0,0|0,0|0,0|0,0|0,0|0,0|0,0|0,0|0,0|0,0|1,0|0,0|0,0|0,0|0,0|0,0|0,0|0,0|0,0|0,0|0,0|0,0|0,0|0,0|0,0|0,0|0,0|0,0|1,0|0,0|1,0|0,0|1,0|0,0|0,0|0,0|0,0|0,0|0,0|0,0|0,0|0,0|0,0|0,4
1d3428d538a89b92b0c731097c4959715477a949,0|0,0|0,0|0,0|0,0|0,0|0,0|0,0|0,0|0,0|0,0|0,0|0,0|1,0|0,0|0,0|0,0|0,0|0,0|0,0|0,0|0,0|0,0|0,0|0,0|0,0|0,0|0,0|0,0|0,0|0,0|1,0|0,0|1,0|0,0|1,0|0,0|0,0|0,0|0,0|0,0|0,0|0,0|0,0|0,0|0,0|0,4
3dd9b5176e896aefe05bc81bedec893a262d5fea,0|0,0|0,0|0,0|0,0|0,0|0,0|0,0|0,0|0,0|0,0|0,0|0,0|1,0|0,0|0,0|0,0|0,0|0,0|0,0|0,0|0,0|0,0|0,0|0,0|0,0|0,0|0,0|0,0|0,0|0,0|1,0|0,0|1,0|0,0|1,0|0,0|0,0|0,0|0,0|0,0|0,0|0,0|0,0|0,0|0,0|0,4
1b077ba65fb7094eef6d18448b176da50035d91e,0|0,0|0,0|0,0|0,0|0,0|0,0|0,0|0,0|0,0|0,0|0,0|0,0|1,0|0,0|0,0|0,0|0,0|0,0|0,0|0,0|0,0|0,0|0,0|0,0|0,0|0,0|0,0|0,0|0,0|0,0|1,0|0,0|1,0|0,0|1,0|0,0|0,0|0,0|0,0|0,0|0,0|0,0|0,0|0,0|0,0|0,4
8c4ae7527b3c5d9543f01ae483c990fbab0c56c5,0|0,0|0,0|0,0|0,0|0,0|0,0|0,0|0,0|0,0|0,0|0,0|0,0|1,0|0,0|0,0|0,0|0,0|0,0|0,0|0,0|0,0|0,0|0,0|0,0|0,0|0,0|0,0|0,0|0,0|0,0|1,0|0,0|1,0|0,0|1,0|0,0|0,0|0,0|0,0|0,0|0,0|0,0|0,0|0,0|0,0|0,4
6ab1367846bfa7aeba578e363e46a1acccb9c477,0|0,0|0,0|0,0|0,0|0,0|0,0|0,0|0,0|0,0|0,0|0,0|0,0|1,0|0,0|0,0|0,0|0,0|0,0|0,0|0,0|0,0|0,0|0,0|0,0|0,0|0,0|0,0|0,0|0,0|0,0|1,0|0,0|1,0|0,0|1,0|0,0|0,0|0,0|0,0|0,0|0,0|0,0|0,0|0,0|0,0|0,4
fe2822c6a8fcbf9e0a4bb9ee7558cbd0c310e067,0|0,0|0,0|0,0|0,0|0,0|0,0|0,0|0,0|0,0|0,0|0,0|0,0|1,0|0,0|0,0|0,0|0,0|0,0|0,0|0,0|0,0|0,0|0,0|0,0|0,0|0,0|0,0|0,0|0,0|0,0|1,0|0,0|1,0|0,0|1,0|0,0|0,0|0,0|0,0|0,0|0,0|0,0|0,0|0,0|0,0|0,4
fb85dac9059a93078921c23f5983ed6a70453a8e,0|0,0|0,0|0,0|0,0|0,0|0,0|0,0|0,0|0,0|0,0|0,0|0,0|1,0|0,0|0,0|0,0|0,0|0,0|0,0|0,0|0,0|0,0|0,0|0,0|0,0|0,0|0,0|0,0|0,0|0,0|1,0|0,0|1,0|0,0|1,0|0,0|0,0|0,0|0,0|0,0|0,0|0,0|0,0|0,0|0,0|0,4
4d60c70c8bc1439fd59ac78869767fe5f1ef109e,0|0,0|0,0|0,0|0,0|0,0|0,0|0,0|0,0|0,0|0,0|0,0|0,0|1,0|0,0|0,0|0,0|0,0|0,0|0,0|0,0|0,0|0,0|0,0|0,0|0,0|0,0|0,0|0,0|0,0|0,0|1,0|0,0|1,0|0,0|1,0|0,0|0,0|0,0|0,0|0,0|0,0|0,0|0,0|0,0|0,0|0,4
6e86e6d924286491055608850e1df2db0c2322ad,0|0,0|0,0|0,0|0,0|0,0|0,0|0,0|0,0|0,0|0,0|0,0|0,0|1,0|0,0|0,0|0,0|0,0|0,0|0,0|0,0|0,0|0,0|0,0|0,0|0,0|0,0|0,0|0,0|0,0|0,0|1,0|0,0|1,0|0,0|1,0|0,0|0,0|0,0|0,0|0,0|0,0|0,0|0,0|0,0|0,0|0,4
7cba34a1e3aef9cb057db2a5f5fab22473aabc48,0|0,0|0,0|0,0|0,0|0,0|0,0|0,0|0,0|0,0|0,0|0,0|0,0|1,0|0,0|0,0|0,0|0,0|0,0|0,0|0,0|0,0|0,0|0,0|0,0|0,0|0,0|0,0|0,0|0,0|0,0|1,0|0,0|1,0|0,0|1,0|0,0|0,0|0,0|0,0|0,0|0,0|0,0|0,0|0,0|0,0|0,4
947896ad7dce9602dea1e70948363e568718cbb0,0|0,0|0,0|0,0|0,0|0,0|0,0|0,0|0,0|0,0|0,0|0,0|0,0|1,0|0,0|0,0|0,0|0,0|0,0|0,0|0,0|0,0|0,0|0,0|0,0|0,0|0,0|0,0|0,0|0,0|0,0|1,0|0,0|1,0|0,0|1,0|0,0|0,0|0,0|0,0|0,0|0,0|0,0|0,0|0,0|0,0|0,4
cefcc25b13f997ca84ac3b0ca7554ece178f4cc2,0|0,0|0,0|0,0|0,0|0,0|0,0|0,0|0,0|0,0|0,0|0,0|0,0|1,0|0,0|0,0|0,0|0,0|0,0|0,0|0,0|0,0|0,0|0,0|0,0|0,0|0,0|0,0|0,0|0,0|0,0|1,0|0,0|1,0|0,0|1,0|0,0|0,0|0,0|0,0|0,0|0,0|0,0|0,0|0,0|0,0|0,4
85b396ca43fbd68469600b1bbafa7289276d1a8c,0|0,0|0,0|0,0|0,0|0,0|0,0|0,0|0,0|0,0|0,0|0,0|0,0|1,0|0,0|0,0|0,0|0,0|0,0|0,0|0,0|0,0|0,0|0,0|0,0|0,0|0,0|0,0|0,0|0,0|0,0|1,0|0,0|1,0|0,0|1,0|0,0|0,0|0,0|0,0|0,0|0,0|0,0|0,0|0,0|0,0|0,4
519d70fa04d3ce4c2a370d56e7e2ec44015dc0e5,0|0,0|0,0|0,0|0,0|0,0|0,0|0,0|0,0|0,0|0,0|0,0|0,0|1,0|0,0|0,0|0,0|0,0|0,0|0,0|0,0|0,0|0,0|0,0|0,0|0,0|0,0|0,0|0,0|0,0|0,0|1,0|0,0|1,0|0,0|1,0|0,0|0,0|0,0|0,0|0,0|0,0|0,0|0,0|0,0|0,0|0,4
8e512ff50331e2750d13b3d983f3b3216134ad18,0|0,0|0,0|0,0|0,0|0,0|0,0|0,0|0,0|0,0|0,0|0,0|0,0|1,0|0,0|0,0|0,0|0,0|0,0|0,0|0,0|0,0|0,0|0,0|0,0|0,0|0,0|0,0|0,0|0,0|0,0|1,0|0,0|1,0|0,0|1,0|0,0|0,0|0,0|0,0|0,0|0,0|0,0|0,0|0,0|0,0|0,4
f11b215cfb2a84ab23e04d08f6142e54f3b07234,0|0,0|0,0|0,0|0,0|0,0|0,0|0,0|0,0|0,0|0,0|0,0|0,0|1,0|0,0|0,0|0,0|0,0|0,0|0,0|0,0|0,0|0,0|0,0|0,0|0,0|0,0|0,0|0,0|0,0|0,0|1,0|0,0|1,0|0,0|1,0|0,0|0,0|0,0|0,0|0,0|0,0|0,0|0,0|0,0|0,0|0,4
74519f6e1086b95d95d0b9082492ff2b39da2f58,0|0,0|0,0|0,0|0,0|0,0|0,0|0,0|0,0|0,0|0,0|0,0|0,0|1,0|0,0|0,0|0,0|0,0|0,0|0,0|0,0|0,0|0,0|0,0|0,0|0,0|0,0|0,0|0,0|0,0|0,0|1,0|0,0|1,0|0,0|1,0|0,0|0,0|0,0|0,0|0,0|0,0|0,0|0,0|0,0|0,0|0,4
ec6eea0c230acfdbc4eb26299c74663fbee38032,0|0,0|0,0|0,0|0,0|0,0|0,0|0,0|0,0|0,0|0,0|0,0|0,0|1,0|0,0|0,0|0,0|0,0|0,0|0,0|0,0|0,0|0,0|0,0|0,0|0,0|0,0|0,0|0,0|0,0|0,0|1,0|0,0|1,0|0,0|1,0|0,0|0,0|0,0|0,0|0,0|0,0|0,0|0,0|0,0|0,0|0,4
58b33dcb2d60faf3d0fa8f7a482752b4664c5344,0|0,0|0,0|0,0|0,0|0,0|0,0|0,0|0,0|0,0|0,0|0,0|0,0|1,0|0,0|0,0|0,0|0,0|0,0|0,0|0,0|0,0|0,0|0,0|0,0|0,0|0,0|0,0|0,0|0,0|0,0|1,0|0,0|1,0|0,0|1,0|0,0|0,0|0,0|0,0|0,0|0,0|0,0|0,0|0,0|0,0|0,4
7153b8933ca6a3df3f6de7d47cbb25e66a8970d4,0|0,0|0,0|0,0|0,0|0,0|0,0|0,0|0,0|0,0|0,0|0,0|0,0|1,0|0,0|0,0|0,0|0,0|0,0|0,0|0,0|0,0|0,0|0,0|0,0|0,0|0,0|0,0|0,0|0,0|0,0|1,0|0,0|1,0|0,0|1,0|0,0|0,0|0,0|0,0|0,0|0,0|0,0|0,0|0,0|0,0|0,4
7aad97fffbdd37f206a4164d6b61945b03dfbbc2,0|0,0|0,0|0,0|0,0|0,0|0,0|0,0|0,0|0,0|0,0|0,0|0,0|1,0|0,0|0,0|0,0|0,0|0,0|0,0|0,0|0,0|0,0|0,0|0,0|0,0|0,0|0,0|0,0|0,0|0,0|1,0|0,0|1,0|0,0|1,0|0,0|0,0|0,0|0,0|0,0|0,0|0,0|0,0|0,0|0,0|0,4
a16b4aa564fe407e977614011908ca34b7754f4f,0|0,0|0,0|0,0|0,0|0,0|0,0|0,0|0,0|0,0|0,0|0,0|0,0|1,0|0,0|0,0|0,0|0,0|0,0|0,0|0,0|0,0|0,0|0,0|0,0|0,0|0,0|0,0|0,0|0,0|0,0|1,0|0,0|1,0|0,0|1,0|0,0|0,0|0,0|0,0|0,0|0,0|0,0|0,0|0,0|0,0|0,4
4c02c81bf4698ac3350ee8b77eff5e72a0780f06,0|0,0|0,0|0,0|0,0|0,0|0,0|0,0|0,0|0,0|0,0|0,0|0,0|1,0|0,0|0,0|0,0|0,0|0,0|0,0|0,0|0,0|0,0|0,0|0,0|0,0|0,0|0,0|0,0|0,0|0,0|1,0|0,0|1,0|0,0|1,0|0,0|0,0|0,0|0,0|0,0|0,0|0,0|0,0|0,0|0,0|0,4
02da143e4567cbfe32b139561ec3a702ce380fc7,0|0,0|0,0|0,0|0,0|0,0|0,0|0,0|0,0|0,0|0,0|0,0|0,0|1,0|0,0|0,0|0,0|0,0|0,0|0,0|0,0|0,0|0,0|0,0|0,0|0,0|0,0|0,0|0,0|0,0|0,0|1,0|0,0|1,0|0,0|1,0|0,0|0,0|0,0|0,0|0,0|0,0|0,0|0,0|0,0|0,0|0,4
91bb77a8806ee2987e856f66674cf3aa8b1d60db,0|0,0|0,0|0,0|0,0|0,0|0,0|0,0|0,0|0,0|0,0|0,0|0,0|1,0|0,0|0,0|0,0|0,0|0,0|0,0|0,0|0,0|0,0|0,0|0,0|0,0|0,0|0,0|0,0|0,0|0,0|1,0|0,0|1,0|0,0|1,0|0,0|0,0|0,0|0,0|0,0|0,0|0,0|0,0|0,0|0,0|0,4
fdb6481cd6d019651faea6cdd962db099cbf20a3,0|0,0|0,0|0,0|0,0|0,0|0,0|0,0|0,0|0,0|0,0|0,0|0,0|1,0|0,0|0,0|0,0|0,0|0,0|0,0|0,0|0,0|0,0|0,0|0,0|0,0|0,0|0,0|0,0|0,0|0,0|1,0|0,0|1,0|0,0|1,0|0,0|0,0|0,0|0,0|0,0|0,0|0,0|0,0|0,0|0,0|0,4
c4ac53a03fa1fbfd5a5d7fea507cfcbe5b307914,0|0,0|0,0|0,0|0,0|0,0|0,0|0,0|0,0|0,0|0,0|0,0|0,0|1,0|0,0|0,0|0,0|0,0|0,0|0,0|0,0|0,0|0,0|0,0|0,0|0,0|0,0|0,0|0,0|0,0|0,0|1,0|0,0|1,0|0,0|1,0|0,0|0,0|0,0|0,0|0,0|0,0|0,0|0,0|0,0|0,0|0,4
d72a40a0fc1e1711094224dc8c4e33c490f4d3cf,0|0,0|0,0|0,0|0,0|0,0|0,0|0,0|0,0|0,0|0,0|0,0|0,0|1,0|0,0|0,0|0,0|0,0|0,0|0,0|0,0|0,0|0,0|0,0|0,0|0,0|0,0|0,0|0,0|0,0|0,0|1,0|0,0|1,0|0,0|1,0|0,0|0,0|0,0|0,0|0,0|0,0|0,0|0,0|0,0|0,0|0,4
23a476127624ba19ff410c0f26bddfbd800bface,0|0,0|0,0|0,0|0,0|0,0|0,0|0,0|0,0|0,0|0,0|0,0|0,0|1,0|0,0|0,0|0,0|0,0|0,0|0,0|0,0|0,0|0,0|0,0|0,0|0,0|0,0|0,0|0,0|0,0|0,0|1,0|0,0|1,0|0,0|1,0|0,0|0,0|0,0|0,0|0,0|0,0|0,0|0,0|0,0|0,0|0,4
948c0367f9d4d0c0488b3e91b7129cc10fcca855,0|0,0|0,0|0,0|0,0|0,0|0,0|0,0|0,0|0,0|0,0|0,0|0,0|1,0|0,0|0,0|0,0|0,0|0,0|0,0|0,0|0,0|0,0|0,0|0,0|0,0|0,0|0,0|0,0|0,0|0,0|1,0|0,0|1,0|0,0|1,0|0,0|0,0|0,0|0,0|0,0|0,0|0,0|0,0|0,0|0,0|0,4
8f805a8163d33854d686b3c40bc69f4016494554,0|0,0|0,0|0,0|0,0|0,0|0,0|0,0|0,0|0,0|0,0|0,0|0,0|1,0|0,0|0,0|0,0|0,0|0,0|0,0|0,0|0,0|0,0|0,0|0,0|0,0|0,0|0,0|0,0|0,0|0,0|1,0|0,0|1,0|0,0|1,0|0,0|0,0|0,0|0,0|0,0|0,0|0,0|0,0|0,0|0,0|0,4
f24f68f59d6adf3622dd6f83b94a160f57cf6471,0|0,0|0,0|0,0|0,0|0,0|0,0|0,0|0,0|0,0|0,0|0,0|0,0|1,0|0,0|0,0|0,0|0,0|0,0|0,0|0,0|0,0|0,0|0,0|0,0|0,0|0,0|0,0|0,0|0,0|0,0|1,0|0,0|1,0|0,0|1,0|0,0|0,0|0,0|0,0|0,0|0,0|0,0|0,0|0,0|0,0|0,4
eac3ae9ded11932c786c6adec868e09a8fd7c569,0|0,0|0,0|0,0|0,0|0,0|0,0|0,0|0,0|0,0|0,0|0,0|0,0|1,0|0,0|0,0|0,0|0,0|0,0|0,0|0,0|0,0|0,0|0,0|0,0|0,0|0,0|0,0|0,0|0,0|0,0|1,0|0,0|1,0|0,0|1,0|0,0|0,0|0,0|0,0|0,0|0,0|0,0|0,0|0,0|0,0|0,4
4d27001d1dea11c759d4fa9b5a318e35b412b0c2,0|0,0|0,0|0,0|0,0|0,0|0,0|0,0|0,0|0,0|0,0|0,0|0,0|1,0|0,0|0,0|0,0|0,0|0,0|0,0|0,0|0,0|0,0|0,0|0,0|0,0|0,0|0,0|0,0|0,0|0,0|1,0|0,0|1,0|0,0|1,0|0,0|0,0|0,0|0,0|0,0|0,0|0,0|0,0|0,0|0,0|0,4
bf69321a29699776f24b74e71c5dc3c80ede161b,0|0,0|0,0|0,0|0,0|0,0|0,0|0,0|0,0|0,0|0,0|0,0|0,0|1,0|0,0|0,0|0,0|0,0|0,0|0,0|0,0|0,0|0,0|0,0|0,0|0,0|0,0|0,0|0,0|0,0|0,0|1,0|0,0|1,0|0,0|1,0|0,0|0,0|0,0|0,0|0,0|0,0|0,0|0,0|0,0|0,0|0,4
708d4ea33a4734eba7d3b3738115a2ae7e13ba67,0|0,0|0,0|0,0|0,0|0,0|0,0|0,0|0,0|0,0|0,0|0,0|0,0|1,0|0,0|0,0|0,0|0,0|0,0|0,0|0,0|0,0|0,0|0,0|0,0|0,0|0,0|0,0|0,0|0,0|0,0|1,0|0,0|1,0|0,0|1,0|0,0|0,0|0,0|0,0|0,0|0,0|0,0|0,0|0,0|0,0|0,4
c02574807e65f692ad94f18ba18e12566fa3064a,0|0,0|0,0|0,0|0,0|0,0|0,0|0,0|0,0|0,0|0,0|0,0|0,0|1,0|0,0|0,0|0,0|0,0|0,0|0,0|0,0|0,0|0,0|0,0|0,0|0,0|0,0|0,0|0,0|0,0|0,0|1,0|0,0|1,0|0,0|1,0|0,0|0,0|0,0|0,0|0,0|0,0|0,0|0,0|0,0|0,0|0,4
a2916d2e4c19aff56979b1dafa7edd0c7d3c17fe,0|0,0|0,0|0,0|0,0|0,0|0,0|0,0|0,0|0,0|0,0|0,0|0,0|1,0|0,0|0,0|0,0|0,0|0,0|0,0|0,0|0,0|0,0|0,0|0,0|0,0|0,0|0,0|0,0|0,0|0,0|1,0|0,0|1,0|0,0|1,0|0,0|0,0|0,0|0,0|0,0|0,0|0,0|0,0|0,0|0,0|0,4
3a087e951d96f509c75344ad6791591e10e4f1cd,0|0,0|0,0|0,0|0,0|0,0|0,0|0,0|0,0|0,0|0,0|0,0|0,0|1,0|0,0|0,0|0,0|0,0|0,0|0,0|0,0|0,0|0,0|0,0|0,0|0,0|0,0|0,0|0,0|0,0|0,0|1,0|0,0|1,0|0,0|1,0|0,0|0,0|0,0|0,0|0,0|0,0|0,0|0,0|0,0|0,0|0,4
06f3b079093a202a9565bbd27b6b278dc15f420d,0|0,0|0,0|0,0|0,0|0,0|0,0|0,0|0,0|0,0|0,0|0,0|0,0|1,0|0,0|0,0|0,0|0,0|0,0|0,0|0,0|0,0|0,0|0,0|0,0|0,0|0,0|0,0|0,0|0,0|0,0|1,0|0,0|1,0|0,0|1,0|0,0|0,0|0,0|0,0|0,0|0,0|0,0|0,0|0,0|0,0|0,4
f5545a80f95a90a5219bbb319b346f964b1e1548,0|0,0|0,0|0,0|0,0|0,0|0,0|0,0|0,0|0,0|0,0|0,0|0,0|1,0|0,0|0,0|0,0|0,0|0,0|0,0|0,0|0,0|0,0|0,0|0,0|0,0|0,0|0,0|0,0|0,0|0,0|1,0|0,0|1,0|0,0|1,0|0,0|0,0|0,0|0,0|0,0|0,0|0,0|0,0|0,0|0,0|0,4
552d199d2eb8a9cd42aa9aa84057eaa6f3c57fb4,0|0,0|0,0|0,0|0,0|0,0|0,0|0,0|0,0|0,0|0,0|0,0|0,0|1,0|0,0|0,0|0,0|0,0|0,0|0,0|0,0|0,0|0,0|0,0|0,0|0,0|0,0|0,0|0,0|0,0|0,0|1,0|0,0|1,0|0,0|1,0|0,0|0,0|0,0|0,0|0,0|0,0|0,0|0,0|0,0|0,0|0,4
b080a1c136fadb675c42bb72309e7c479ac7d292,0|0,0|0,0|0,0|0,0|0,0|0,0|0,0|0,0|0,0|0,0|0,0|0,0|1,0|0,0|0,0|0,0|0,0|0,0|0,0|0,0|0,0|0,0|0,0|0,0|0,0|0,0|0,0|0,0|0,0|0,0|1,0|0,0|1,0|0,0|1,0|0,0|0,0|0,0|0,0|0,0|0,0|0,0|0,0|0,0|0,0|0,4
f30fbc321259570bb9458dc10b240b784a1a6d00,0|0,0|0,0|0,0|0,0|0,0|0,0|0,0|0,0|0,0|0,0|0,0|0,0|1,0|0,0|0,0|0,0|0,0|0,0|0,0|0,0|0,0|0,0|0,0|0,0|0,0|0,0|0,0|0,0|0,0|0,0|1,0|0,0|1,0|0,0|1,0|0,0|0,0|0,0|0,0|0,0|0,0|0,0|0,0|0,0|0,0|0,4
d4da3b651641ca74bf1bff1ed29a574288cb846e,0|0,0|0,0|0,0|0,0|0,0|0,0|0,0|0,0|0,0|0,0|0,0|0,0|1,0|0,0|0,0|0,0|0,0|0,0|0,0|0,0|0,0|0,0|0,0|0,0|0,0|0,0|0,0|0,0|0,0|0,0|1,0|0,0|1,0|0,0|1,0|0,0|0,0|0,0|0,0|0,0|0,0|0,0|0,0|0,0|0,0|0,4
1e1cfb89d23c7759f0f84dede7eef9f070f0231d,0|0,0|0,0|0,0|0,0|0,0|0,0|0,0|0,0|0,0|0,0|0,0|0,0|1,0|0,0|0,0|0,0|0,0|0,0|0,0|0,0|0,0|0,0|0,0|0,0|0,0|0,0|0,0|0,0|0,0|0,0|1,0|0,0|1,0|0,0|1,0|0,0|0,0|0,0|0,0|0,0|0,0|0,0|0,0|0,0|0,0|0,4
d59fefd06eb0334fe233a6c2339c50b180ae1f0b,0|0,0|0,0|0,0|0,0|0,0|0,0|0,0|0,0|0,0|0,0|0,0|0,0|1,0|0,0|0,0|0,0|0,0|0,0|0,0|0,0|0,0|0,0|0,0|0,0|0,0|0,0|0,0|0,0|0,0|0,0|1,0|0,0|1,0|0,0|1,0|0,0|0,0|0,0|0,0|0,0|0,0|0,0|0,0|0,0|0,0|0,4
dc60cd09c49f52d2eba6c169f973f757695e4f5a,0|0,0|0,0|0,0|0,0|0,0|0,0|0,0|0,0|0,0|0,0|0,0|0,0|1,0|0,0|0,0|0,0|0,0|0,0|0,0|0,0|0,0|0,0|0,0|0,0|0,0|0,0|0,0|0,0|0,0|0,0|1,0|0,0|1,0|0,0|1,0|0,0|0,0|0,0|0,0|0,0|0,0|0,0|0,0|0,0|0,0|0,4
406ac7e8c825ba05bc6371ed3088226bdef21b02,0|0,0|0,0|0,0|0,0|0,0|0,0|0,0|0,0|0,0|0,0|0,0|0,0|1,0|0,0|0,0|0,0|0,0|0,0|0,0|0,0|0,0|0,0|0,0|0,0|0,0|0,0|0,0|0,0|0,0|0,0|1,0|0,0|1,0|0,0|1,0|0,0|0,0|0,0|0,0|0,0|0,0|0,0|0,0|0,0|0,0|0,4
533b3ab0e3041766e2f085e84c63bbd4d31c4b0b,0|0,0|0,0|0,0|0,0|0,0|0,0|0,0|0,0|0,0|0,0|0,0|0,0|1,0|0,0|0,0|0,0|0,0|0,0|0,0|0,0|0,0|0,0|0,0|0,0|0,0|0,0|0,0|0,0|0,0|0,0|1,0|0,0|1,0|0,0|1,0|0,0|0,0|0,0|0,0|0,0|0,0|0,0|0,0|0,0|0,0|0,4
7f69de0b514082553f3cfaf73afb7d55c626b461,0|0,0|0,0|0,0|0,0|0,0|0,0|0,0|0,0|0,0|0,0|0,0|0,0|1,0|0,0|0,0|0,0|0,0|0,0|0,0|0,0|0,0|0,0|0,0|0,0|0,0|0,0|0,0|0,0|0,0|0,0|1,0|0,0|1,0|0,0|1,0|0,0|0,0|0,0|0,0|0,0|0,0|0,0|0,0|0,0|0,0|0,4
20b5f6d7ccec517cf7455911040d114d8c2eba29,0|0,0|0,0|0,0|0,0|0,0|0,0|0,0|0,0|0,0|0,0|0,0|0,0|1,0|0,0|0,0|0,0|0,0|0,0|0,0|0,0|0,0|0,0|0,0|0,0|0,0|0,0|0,0|0,0|0,0|0,0|1,0|0,0|1,0|0,0|1,0|0,0|0,0|0,0|0,0|0,0|0,0|0,0|0,0|0,0|0,0|0,4
63c44a24b63e9f015ae0f114dcfd821f245c2070,0|0,0|0,0|0,0|0,0|0,0|0,0|0,0|0,0|0,0|0,0|0,0|0,0|1,0|0,0|0,0|0,0|0,0|0,0|0,0|0,0|0,0|0,0|0,0|0,0|0,0|0,0|0,0|0,0|0,0|0,0|1,0|0,0|1,0|0,0|1,0|0,0|0,0|0,0|0,0|0,0|0,0|0,0|0,0|0,0|0,0|0,4
eb5d7b07afae0d1dd8f5b079835d8f1ec66dc160,0|0,0|0,0|0,0|0,0|0,0|0,0|0,0|0,0|0,0|0,0|0,0|0,0|1,0|0,0|0,0|0,0|0,0|0,0|0,0|0,0|0,0|0,0|0,0|0,0|0,0|0,0|0,0|0,0|0,0|0,0|1,0|0,0|1,0|0,0|1,0|0,0|0,0|0,0|0,0|0,0|0,0|0,0|0,0|0,0|0,0|0,4
e46b508a36415b0fc76dbaaf6e65a5d9e425598f,0|0,0|0,0|0,0|0,0|0,0|0,0|0,0|0,0|0,0|0,0|0,0|0,0|1,0|0,0|0,0|0,0|0,0|0,0|0,0|0,0|0,0|0,0|0,0|0,0|0,0|0,0|0,0|0,0|0,0|0,0|1,0|0,0|1,0|0,0|1,0|0,0|0,0|0,0|0,0|0,0|0,0|0,0|0,0|0,0|0,0|0,4
dd325248f1b2eaad902c340f415d1ab76332e79c,0|0,0|0,0|0,0|0,0|0,0|0,0|0,0|0,0|0,0|0,0|0,0|0,0|1,0|0,0|0,0|0,0|0,0|0,0|0,0|0,0|0,0|0,0|0,0|0,0|0,0|0,0|0,0|0,0|0,0|0,0|1,0|0,0|1,0|0,0|1,0|0,0|0,0|0,0|0,0|0,0|0,0|0,0|0,0|0,0|0,0|0,4
42d74171b232686d00157dd6b0dcbb81da7ae620,0|0,0|0,0|0,0|0,0|0,0|0,0|0,0|0,0|0,0|0,0|0,0|0,0|1,0|0,0|0,0|0,0|0,0|0,0|0,0|0,0|0,0|0,0|0,0|0,0|0,0|0,0|0,0|0,0|0,0|0,0|1,0|0,0|1,0|0,0|1,0|0,0|0,0|0,0|0,0|0,0|0,0|0,0|0,0|0,0|0,0|0,4
f3af39ee42b954ec0486986c7cfac9ee44cd63e4,0|0,0|0,0|0,0|0,0|0,0|0,0|0,0|0,0|0,0|0,0|0,0|0,0|1,0|0,0|0,0|0,0|0,0|0,0|0,0|0,0|0,0|0,0|0,0|0,0|0,0|0,0|0,0|0,0|0,0|0,0|1,0|0,0|1,0|0,0|1,0|0,0|0,0|0,0|0,0|0,0|0,0|0,0|0,0|0,0|0,0|0,4
611c753da5e1736ff97fca570d495f0ed2c52c2f,0|0,0|0,0|0,0|0,0|0,0|0,0|0,0|0,0|0,0|0,0|0,0|0,0|1,0|0,0|0,0|0,0|0,0|0,0|0,0|0,0|0,0|0,0|0,0|0,0|0,0|0,0|0,0|0,0|0,0|0,0|1,0|0,0|1,0|0,0|1,0|0,0|0,0|0,0|0,0|0,0|0,0|0,0|0,0|0,0|0,0|0,4
05734f3d314a31facbce61799b98206ccc5963a5,0|0,0|0,0|0,0|0,0|0,0|0,0|0,0|0,0|0,0|0,0|0,0|0,0|1,0|0,0|0,0|0,0|0,0|0,0|0,0|0,0|0,0|0,0|0,0|0,0|0,0|0,0|0,0|0,0|0,0|0,0|1,0|0,0|1,0|0,0|1,0|0,0|0,0|0,0|0,0|0,0|0,0|0,0|0,0|0,0|0,0|0,4
1ff308af0920deb5f14809947887967bdc3848cb,0|0,0|0,0|0,0|0,0|0,0|0,0|0,0|0,0|0,0|0,0|0,0|0,0|1,0|0,0|0,0|0,0|0,0|0,0|0,0|0,0|0,0|0,0|0,0|0,0|0,0|0,0|0,0|0,0|0,0|0,0|1,0|0,0|1,0|0,0|1,0|0,0|0,0|0,0|0,0|0,0|0,0|0,0|0,0|0,0|0,0|0,4
6679453d8601b7116534558097aaffc2bda14963,0|0,0|0,0|0,0|0,0|0,0|0,0|0,0|0,0|0,0|0,0|0,0|0,0|1,0|0,0|0,0|0,0|0,0|0,0|0,0|0,0|0,0|0,0|0,0|0,0|0,0|0,0|0,0|0,0|0,0|0,0|1,0|0,0|1,0|0,0|1,0|0,0|0,0|0,0|0,0|0,0|0,0|0,0|0,0|0,0|0,0|0,4
6877e4627334d7f8778e43b467160617670a7783,0|0,0|0,0|0,0|0,0|0,0|0,0|0,0|0,0|0,0|0,0|0,0|0,0|1,0|0,0|0,0|0,0|0,0|0,0|0,0|0,0|0,0|0,0|0,0|0,0|0,0|0,0|0,0|0,0|0,0|0,0|1,0|0,0|1,0|0,0|1,0|0,0|0,0|0,0|0,0|0,0|0,0|0,0|0,0|0,0|0,0|0,4
d19bd965554c89a61772efaee2636606ceace790,0|0,0|0,0|0,0|0,0|0,0|0,0|0,0|0,0|0,0|0,0|0,0|0,0|1,0|0,0|0,0|0,0|0,0|0,0|0,0|0,0|0,0|0,0|0,0|0,0|0,0|0,0|0,0|0,0|0,0|0,0|1,0|0,0|1,0|0,0|1,0|0,0|0,0|0,0|0,0|0,0|0,0|0,0|0,0|0,0|0,0|0,4
e4a7990a4e4842b4e6f5b10fb51ab288fa340240,0|0,0|0,0|0,0|0,0|0,0|0,0|0,0|0,0|0,0|0,0|0,0|0,0|1,0|0,0|0,0|0,0|0,0|0,0|0,0|0,0|0,0|0,0|0,0|0,0|0,0|0,0|0,0|0,0|0,0|0,0|1,0|0,0|1,0|0,0|1,0|0,0|0,0|0,0|0,0|0,0|0,0|0,0|0,0|0,0|0,0|0,4
c2b7d77784beeae5f86f19e33ba3da5ddce55898,0|0,0|0,0|0,0|0,0|0,0|0,0|0,0|0,0|0,0|0,0|0,0|0,0|1,0|0,0|0,0|0,0|0,0|0,0|0,0|0,0|0,0|0,0|0,0|0,0|0,0|0,0|0,0|0,0|0,0|0,0|1,0|0,0|1,0|0,0|1,0|0,0|0,0|0,0|0,0|0,0|0,0|0,0|0,0|0,0|0,0|0,4
bd036f96f9bf3feb7ef4699b4f9882705b853ed1,0|0,0|0,0|0,0|0,0|0,0|0,0|0,0|0,0|0,0|0,0|0,0|0,0|1,0|0,0|0,0|0,0|0,0|0,0|0,0|0,0|0,0|0,0|0,0|0,0|0,0|0,0|0,0|0,0|0,0|0,0|1,0|0,0|1,0|0,0|1,0|0,0|0,0|0,0|0,0|0,0|0,0|0,0|0,0|0,0|0,0|0,4
9f050fa0a65f3403c1f8296faf5f9d88d4900a8d,0|0,0|0,0|0,0|0,0|0,0|0,0|0,0|0,0|0,0|0,0|0,0|0,0|0,0|0,0|0,0|0,0|0,0|0,0|0,0|0,0|0,0|0,0|0,0|0,0|0,0|0,0|0,0|0,0|0,0|0,0|1,0|0,0|1,0|0,0|1,0|0,0|0,0|0,0|0,0|0,0|0,0|0,0|0,0|0,0|0,0|0,3
9eee257be05a840fd20e7237f23c2be87075dff0,0|0,0|0,0|0,0|0,0|0,0|0,0|0,0|0,0|0,0|0,0|0,0|0,0|0,0|0,0|0,0|0,0|0,0|0,0|0,0|0,0|0,0|0,0|0,0|0,0|0,0|0,0|0,0|0,0|0,0|0,0|1,0|0,0|1,0|0,0|1,0|0,0|0,0|0,0|0,0|0,0|0,0|0,0|0,0|0,0|0,0|0,3
771b6606c8ebdc46dca7d1c128c93c9c5d3ed783,0|0,0|0,0|0,0|0,0|0,0|0,0|0,0|0,0|0,0|0,0|0,0|0,0|0,0|0,0|0,0|0,0|0,0|0,0|0,0|0,0|0,0|0,0|0,0|0,0|0,0|0,0|0,0|0,0|0,0|0,0|1,0|0,0|1,0|0,0|1,0|0,0|0,0|0,0|0,0|0,0|0,0|0,0|0,0|0,0|0,0|0,3
d91477b18d5a69c2951c1c60ca5076978407678f,0|0,0|0,0|0,0|0,0|0,0|0,0|0,0|0,0|0,0|0,0|0,0|0,0|0,0|0,0|0,0|0,0|0,0|0,0|0,0|0,0|0,0|0,0|0,0|0,0|0,0|0,0|0,0|0,0|0,0|0,0|1,0|0,0|1,0|0,0|1,0|0,0|0,0|0,0|0,0|0,0|0,0|0,0|0,0|0,0|0,0|0,3
6f336f83074ef8cd106a0979b43f84e5cf6df565,0|0,0|0,0|0,0|0,0|0,0|0,0|0,0|0,0|0,0|0,0|0,0|0,0|0,0|0,0|0,0|0,0|0,0|0,0|0,0|0,0|0,0|0,0|0,0|0,0|0,0|0,0|0,0|0,0|0,0|0,0|1,0|0,0|1,0|0,0|1,0|0,0|0,0|0,0|0,0|0,0|0,0|0,0|0,0|0,0|0,0|0,3
e16b6a18be1ccc9877995afdc757a77c452da071,0|0,0|0,0|0,0|0,0|0,0|0,0|0,0|0,0|0,0|0,0|0,0|0,0|0,0|0,0|0,0|0,0|0,0|0,0|0,0|0,0|0,0|0,0|0,0|0,0|0,0|0,0|0,0|0,0|0,0|0,0|1,0|0,0|1,0|0,0|1,0|0,0|0,0|0,0|0,0|0,0|0,0|0,0|0,0|0,0|0,0|0,3
a0bb0ab0ca007dc9c2a3d97367157b3d21def485,0|0,0|0,0|0,0|0,0|0,0|0,0|0,0|0,0|0,0|0,0|0,0|0,0|0,0|0,0|0,0|0,0|0,0|0,0|0,0|0,0|0,0|0,0|0,0|0,0|0,0|0,0|0,0|0,0|0,0|0,0|1,0|0,0|1,0|0,0|1,0|0,0|0,0|0,0|0,0|0,0|0,0|0,0|0,0|0,0|0,0|0,3
20b9f01f127a9fe803492440ade44b32981959b7,0|0,0|0,0|0,0|0,0|0,0|0,0|0,0|0,0|0,0|0,0|0,0|0,0|0,0|0,0|0,0|0,0|0,0|0,0|0,0|0,0|0,0|0,0|0,0|0,0|0,0|0,0|0,0|0,0|0,0|0,0|1,0|0,0|1,0|0,0|1,0|0,0|0,0|0,0|0,0|0,0|0,0|0,0|0,0|0,0|0,0|0,3
a8fe74e502461cf6d6d1dee3567a3c39445d301e,0|0,0|0,0|0,0|0,0|0,0|0,0|0,0|0,0|0,0|0,0|0,0|0,0|0,0|0,0|0,0|0,0|0,0|0,0|0,0|0,0|0,0|0,0|0,0|0,0|0,0|0,0|0,0|0,0|0,0|0,0|1,0|0,0|1,0|0,0|1,0|0,0|0,0|0,0|0,0|0,0|0,0|0,0|0,0|0,0|0,0|0,3
b6b4967aa603035af066a4a7a3b5155573a5112f,0|0,0|0,0|0,0|0,0|0,0|0,0|0,0|0,0|0,0|0,0|0,0|0,0|0,0|0,0|0,0|0,0|0,0|0,0|0,0|0,0|0,0|0,0|0,0|0,0|0,0|0,0|0,0|0,0|0,0|0,0|1,0|0,0|1,0|0,0|1,0|0,0|0,0|0,0|0,0|0,0|0,0|0,0|0,0|0,0|0,0|0,3
bbb3b8349fa4f202e97304c9dae61cbe949398c2,0|0,0|0,0|0,0|0,0|0,0|0,0|0,0|0,0|0,0|0,0|0,0|0,0|0,0|0,0|0,0|0,0|0,0|0,0|0,0|0,0|0,0|0,0|0,0|0,0|0,0|0,0|0,0|0,0|0,0|0,0|1,0|0,0|1,0|0,0|1,0|0,0|0,0|0,0|0,0|0,0|0,0|0,0|0,0|0,0|0,0|0,3
14e8808f0351da2f4a4a2a3ce55e42d06c48370a,0|0,0|0,0|0,0|0,0|0,0|0,0|0,0|0,0|0,0|0,0|0,0|0,0|0,0|0,0|0,0|0,0|0,0|0,0|0,0|0,0|0,0|0,0|0,0|0,0|0,0|0,0|0,0|0,0|0,0|0,0|1,0|0,0|1,0|0,0|1,0|0,0|0,0|0,0|0,0|0,0|0,0|0,0|0,0|0,0|0,0|0,3
58a9aff17cec2842b5d232eee5a39c0d58a01a75,0|0,0|0,0|0,0|0,0|0,0|0,0|0,0|0,0|0,0|0,0|0,0|0,0|0,0|0,0|0,0|0,0|0,0|0,0|0,0|0,0|0,0|0,0|0,0|0,0|0,0|0,0|0,0|0,0|0,0|0,0|1,0|0,0|1,0|0,0|1,0|0,0|0,0|0,0|0,0|0,0|0,0|0,0|0,0|0,0|0,0|0,3
81b33f0d06caab9820c074636573fdc697271f8e,0|0,0|0,0|0,0|0,0|0,0|0,0|0,0|0,0|0,0|0,0|0,0|0,0|0,0|0,0|0,0|0,0|0,0|0,0|0,0|0,0|0,0|0,0|0,0|0,0|0,0|0,0|0,0|0,0|0,0|0,0|1,0|0,0|1,0|0,0|1,0|0,0|0,0|0,0|0,0|0,0|0,0|0,0|0,0|0,0|0,0|0,3
2cd0479204301c50c6149706fcd4df3058b2a8cc,0|0,0|0,0|0,0|0,0|0,0|0,0|0,0|0,0|0,0|0,0|0,0|0,0|0,0|0,0|0,0|0,0|0,0|0,0|0,0|0,0|0,0|0,0|0,0|0,0|0,0|0,0|0,0|0,0|0,0|0,0|1,0|0,0|1,0|0,0|1,0|0,0|0,0|0,0|0,0|0,0|0,0|0,0|0,0|0,0|0,0|0,3
6d185c052e1f00967e2557725d0eed11dd1d0158,0|0,0|0,0|0,0|0,0|0,0|0,0|0,0|0,0|0,0|0,0|0,0|0,0|0,0|0,0|0,0|0,0|0,0|0,0|0,0|0,0|0,0|0,0|0,0|0,0|0,0|0,0|0,0|0,0|0,0|0,0|1,0|0,0|1,0|0,0|1,0|0,0|0,0|0,0|0,0|0,0|0,0|0,0|0,0|0,0|0,0|0,3
011ee3ecbd3ee98457fc58b454aa3d549910f280,0|0,0|0,0|0,0|0,0|0,0|0,0|0,0|0,0|0,0|0,0|0,0|0,0|0,0|0,0|0,0|0,0|0,0|0,0|0,0|0,0|0,0|0,0|0,0|0,0|0,0|0,0|0,0|0,0|0,0|0,0|1,0|0,0|1,0|0,0|1,0|0,0|0,0|0,0|0,0|0,0|0,0|0,0|0,0|0,0|0,0|0,3
9dcc4a2334fa10d7d0a3c019ee35dfde4c06e044,0|0,0|0,0|0,0|0,0|0,0|0,0|0,0|0,0|0,0|0,0|0,0|0,0|0,0|0,0|0,0|0,0|0,0|0,0|0,0|0,0|0,0|0,0|0,0|0,0|0,0|0,0|0,0|0,0|0,0|0,0|0,0|0,0|1,0|0,0|1,0|0,0|0,0|0,0|0,0|0,0|0,0|0,0|0,0|0,0|0,0|0,2
c53c82d4823b5a8f856d1375155ac5112b68e8af,0|0,0|0,0|0,0|0,0|0,0|0,0|0,0|0,0|0,0|0,0|0,0|0,0|0,0|0,0|0,0|0,0|0,0|0,0|0,0|0,0|0,0|0,0|0,0|0,0|0,0|0,0|0,0|0,0|0,0|0,0|0,0|0,0|1,0|0,0|1,0|0,0|0,0|0,0|0,0|0,0|0,0|0,0|0,0|0,0|0,0|0,2
7a3aa41afc7cce3b5df2a41678f4c857fd86fb7d,0|0,0|0,0|0,0|0,0|0,0|0,0|0,0|0,0|0,0|0,0|0,0|0,0|0,0|0,0|0,0|0,0|0,0|0,0|0,0|0,0|0,0|0,0|0,0|0,0|0,0|0,0|0,0|0,0|0,0|0,0|0,0|0,0|1,0|0,0|1,0|0,0|0,0|0,0|0,0|0,0|0,0|0,0|0,0|0,0|0,0|0,2
86b97ffb73edc0965ee1784c8182e715c2d932e3,0|0,0|0,0|0,0|0,0|0,0|0,0|0,0|0,0|0,0|0,0|0,0|0,0|0,0|0,0|0,0|0,0|0,0|0,0|0,0|0,0|0,0|0,0|0,0|0,0|0,0|0,0|0,0|0,0|0,0|0,0|0,0|0,0|1,0|0,0|1,0|0,0|0,0|0,0|0,0|0,0|0,0|0,0|0,0|0,0|0,0|0,2
0c70411b1b093279f3d7c09b2b57b491911df84c,0|0,0|0,0|0,0|0,0|0,0|0,0|0,0|0,0|0,0|0,0|0,0|0,0|0,0|0,0|0,0|0,0|0,0|0,0|0,0|0,0|0,0|0,0|0,0|0,0|0,0|0,0|0,0|0,0|0,0|0,0|0,0|0,0|1,0|0,0|1,0|0,0|0,0|0,0|0,0|0,0|0,0|0,0|0,0|0,0|0,0|0,2
9b8679a320c3c210d9e3fda2c1ee8049d2b6c79f,0|0,0|0,0|0,0|0,0|0,0|0,0|0,0|0,0|0,0|0,0|0,0|0,0|0,0|0,0|0,0|0,0|0,0|0,0|0,0|0,0|0,0|0,0|0,0|0,0|0,0|0,0|0,0|0,0|0,0|0,0|0,0|0,0|1,0|0,0|1,0|0,0|0,0|0,0|0,0|0,0|0,0|0,0|0,0|0,0|0,0|0,2
513e386959e0d52c4b37cb704f6b0b7a128cc0e4,0|0,0|0,0|0,0|0,0|0,0|0,0|0,0|0,0|0,0|0,0|0,0|0,0|0,0|0,0|0,0|0,0|0,0|0,0|0,0|0,0|0,0|0,0|0,0|0,0|0,0|0,0|0,0|0,0|0,0|0,0|0,0|0,0|1,0|0,0|1,0|0,0|0,0|0,0|0,0|0,0|0,0|0,0|0,0|0,0|0,0|0,2
f4554218708e390299e0804c4d5d5fda70809b99,0|0,0|0,0|0,0|0,0|0,0|0,0|0,0|0,0|0,0|0,0|0,0|0,0|0,0|0,0|0,0|0,0|0,0|0,0|0,0|0,0|0,0|0,0|0,0|0,0|0,0|0,0|0,0|0,0|0,0|0,0|0,0|0,0|1,0|0,0|1,0|0,0|0,0|0,0|0,0|0,0|0,0|0,0|0,0|0,0|0,0|0,2
5f745ee425be564e8a0987438162713731c4b436,0|0,0|0,0|0,0|0,0|0,0|0,0|0,0|0,0|0,0|0,0|0,0|0,0|0,0|0,0|0,0|0,0|0,0|0,0|0,0|0,0|0,0|0,0|0,0|0,0|0,0|0,0|0,0|0,0|0,0|0,0|0,0|0,0|1,0|0,0|1,0|0,0|0,0|0,0|0,0|0,0|0,0|0,0|0,0|0,0|0,0|0,2
1fdcddb33d105a45061da1ceaefcb6a00542322f,0|0,0|0,0|0,0|0,0|0,0|0,0|0,0|0,0|0,0|0,0|0,0|0,0|0,0|0,0|0,0|0,0|0,0|0,0|0,0|0,0|0,0|0,0|0,0|0,0|0,0|0,0|0,0|0,0|0,0|0,0|0,0|0,0|1,0|0,0|1,0|0,0|0,0|0,0|0,0|0,0|0,0|0,0|0,0|0,0|0,0|0,2
5bb5bec477e1a10a404fd9228ddc0f5041b51123,0|0,0|0,0|0,0|0,0|0,0|0,0|0,0|0,0|0,0|0,0|0,0|0,0|0,0|0,0|0,0|0,0|0,0|0,0|0,0|0,0|0,0|0,0|0,0|0,0|0,0|0,0|0,0|0,0|0,0|0,0|0,0|0,0|1,0|0,0|1,0|0,0|0,0|0,0|0,0|0,0|0,0|0,0|0,0|0,0|0,0|0,2
03cb8efad611f4533b2913390b7a49ff7b2397bf,0|0,0|0,0|0,0|0,0|0,0|0,0|0,0|0,0|0,0|0,0|0,0|0,0|0,0|0,0|0,0|0,0|0,0|0,0|0,0|0,0|0,0|0,0|0,0|0,0|0,0|0,0|0,0|0,0|0,0|0,0|0,0|0,0|1,0|0,0|1,0|0,0|0,0|0,0|0,0|0,0|0,0|0,0|0,0|0,0|0,0|0,2
46bd09393496583ebe32810f57742b4d567ceb40,0|0,0|0,0|0,0|0,0|0,0|0,0|0,0|0,0|0,0|0,0|0,0|0,0|0,0|0,0|0,0|0,0|0,0|0,0|0,0|0,0|0,0|0,0|0,0|0,0|0,0|0,0|0,0|0,0|0,0|0,0|0,0|0,0|1,0|0,0|1,0|0,0|0,0|0,0|0,0|0,0|0,0|0,0|0,0|0,0|0,0|0,2
cd3d720ae36e943a3e9ddd7275b983df6c6652d0,0|0,0|0,0|0,0|0,0|0,0|0,0|0,0|0,0|0,0|0,0|0,0|0,0|0,0|0,0|0,0|0,0|0,0|0,0|0,0|0,0|0,0|0,0|0,0|0,0|0,0|0,0|0,0|0,0|0,0|0,0|0,0|0,0|1,0|0,0|1,0|0,0|0,0|0,0|0,0|0,0|0,0|0,0|0,0|0,0|0,0|0,2
37ff626e78149b4eb877b042672801b58d797100,0|0,0|0,0|0,0|0,0|0,0|0,0|0,0|0,0|0,0|0,0|0,0|0,0|0,0|0,0|0,0|0,0|0,0|0,0|0,0|0,0|0,0|0,0|0,0|0,0|0,0|0,0|0,0|0,0|0,0|0,0|0,0|0,0|1,0|0,0|1,0|0,0|0,0|0,0|0,0|0,0|0,0|0,0|0,0|0,0|0,0|0,2
a96d7eb180db4074e46b0e56ea79e1417fe771f5,0|0,0|0,0|0,0|0,0|0,0|0,0|0,0|0,0|0,0|0,0|0,0|0,0|0,0|0,0|0,0|0,0|0,0|0,0|0,0|0,0|0,0|0,0|0,0|0,0|0,0|0,0|0,0|0,0|0,0|0,0|0,0|0,0|1,0|0,0|1,0|0,0|0,0|0,0|0,0|0,0|0,0|0,0|0,0|0,0|0,0|0,2
ae09e7fb1483f623a4a2c3e181e7cf98b7439780,0|0,0|0,0|0,0|0,0|0,0|0,0|0,0|0,0|0,0|0,0|0,0|0,0|0,0|0,0|0,0|0,0|0,0|0,0|0,0|0,0|0,0|0,0|0,0|0,0|0,0|0,0|0,0|0,0|0,0|0,0|0,0|0,0|1,0|0,0|1,0|0,0|0,0|0,0|0,0|0,0|0,0|0,0|0,0|0,0|0,0|0,2
6975f265ec030bc37c42335a79fb6d82f9bfff30,0|0,0|0,0|0,0|0,0|0,0|0,0|0,0|0,0|0,0|0,0|0,0|0,0|0,0|0,0|0,0|0,0|0,0|0,0|0,0|0,0|0,0|0,0|0,0|0,0|0,0|0,0|0,0|0,0|0,0|0,0|0,0|0,0|1,0|0,0|1,0|0,0|0,0|0,0|0,0|0,0|0,0|0,0|0,0|0,0|0,0|0,2
0dd5ac89f842ac37f4c36ff67620a49b9e7eb76f,0|0,0|0,0|0,0|0,0|0,0|0,0|0,0|0,0|0,0|0,0|0,0|0,0|0,0|0,0|0,0|0,0|0,0|0,0|0,0|0,0|0,0|0,0|0,0|0,0|0,0|0,0|0,0|0,0|0,0|0,0|0,0|0,0|1,0|0,0|1,0|0,0|0,0|0,0|0,0|0,0|0,0|0,0|0,0|0,0|0,0|0,2
7aef27f85e86302130bf8dffaf9809d488856427,0|0,0|0,0|0,0|0,0|0,0|0,0|0,0|0,0|0,0|0,0|0,0|0,0|0,0|0,0|0,0|0,0|0,0|0,0|0,0|0,0|0,0|0,0|0,0|0,0|0,0|0,0|0,0|0,0|0,0|0,0|0,0|0,0|1,0|0,0|1,0|0,0|0,0|0,0|0,0|0,0|0,0|0,0|0,0|0,0|0,0|0,2
c40496eaac6b9475229a0ebfbcc878a0dba126e3,0|0,0|0,0|0,0|0,0|0,0|0,0|0,0|0,0|0,0|0,0|0,0|0,0|0,0|0,0|0,0|0,0|0,0|0,0|0,0|0,0|0,0|0,0|0,0|0,0|0,0|0,0|0,0|0,0|0,0|0,0|0,0|0,0|1,0|0,0|1,0|0,0|0,0|0,0|0,0|0,0|0,0|0,0|0,0|0,0|0,0|0,2
f5035521e8beadd228a304fd8707ba798bc850d2,0|0,0|0,0|0,0|0,0|0,0|0,0|0,0|0,0|0,0|0,0|0,0|0,0|0,0|0,0|0,0|0,0|0,0|0,0|0,0|0,0|0,0|0,0|0,0|0,0|0,0|0,0|0,0|0,0|0,0|0,0|0,0|0,0|1,0|0,0|1,0|0,0|0,0|0,0|0,0|0,0|0,0|0,0|0,0|0,0|0,0|0,2
79968f3245ae7bf277e01d8c5a28349b75d9ac74,0|0,0|0,0|0,0|0,0|0,0|0,0|0,0|0,0|0,0|0,0|0,0|0,0|0,0|0,0|0,0|0,0|0,0|0,0|0,0|0,0|0,0|0,0|0,0|0,0|0,0|0,0|0,0|0,0|0,0|0,0|0,0|0,0|1,0|0,0|1,0|0,0|0,0|0,0|0,0|0,0|0,0|0,0|0,0|0,0|0,0|0,2
ff38d4b98008d3b10dbdee0330e9b8c62a99ce9a,0|0,0|0,0|0,0|0,0|0,0|0,0|0,0|0,0|0,0|0,0|0,0|0,0|0,0|0,0|0,0|0,0|0,0|0,0|0,0|0,0|0,0|0,0|0,0|0,0|0,0|0,0|0,0|0,0|0,0|0,0|0,0|0,0|1,0|0,0|1,0|0,0|0,0|0,0|0,0|0,0|0,0|0,0|0,0|0,0|0,0|0,2
d59f0327a592d6cedfdd29eacb5356abdda9388d,0|0,0|0,0|0,0|0,0|0,0|0,0|0,0|0,0|0,0|0,0|0,0|0,0|0,0|0,0|0,0|0,0|0,0|0,0|0,0|0,0|0,0|0,0|0,0|0,0|0,0|0,0|0,0|0,0|0,0|0,0|0,0|0,0|1,0|0,0|1,0|0,0|0,0|0,0|0,0|0,0|0,0|0,0|0,0|0,0|0,0|0,2
922a7be897b1bc444668cd880f3f926beff4bb10,0|0,0|0,0|0,0|0,0|0,0|0,0|0,0|0,0|0,0|0,0|0,0|0,0|0,0|0,0|0,0|0,0|0,0|0,0|0,0|0,0|0,0|0,0|0,0|0,0|0,0|0,0|0,0|0,0|0,0|0,0|0,0|0,0|1,0|0,0|1,0|0,0|0,0|0,0|0,0|0,0|0,0|0,0|0,0|0,0|0,0|0,2
be5a29ba9d4da849992b7a4b42047e591bde20aa,0|0,0|0,0|0,0|0,0|0,0|0,0|0,0|0,0|0,0|0,0|0,0|0,0|0,0|0,0|0,0|0,0|0,0|0,0|0,0|0,0|0,0|0,0|0,0|0,0|0,0|0,0|0,0|0,0|0,0|0,0|0,0|0,0|1,0|0,0|1,0|0,0|0,0|0,0|0,0|0,0|0,0|0,0|0,0|0,0|0,0|0,2
9838ceb7cd210b748cd236f198e54d846c169fa0,0|0,0|0,0|0,0|0,0|0,0|0,0|0,0|0,0|0,0|0,0|0,0|0,0|0,0|0,0|0,0|0,0|0,0|0,0|0,0|0,0|0,0|0,0|0,0|0,0|0,0|0,0|0,0|0,0|0,0|0,0|0,0|0,0|1,0|0,0|1,0|0,0|0,0|0,0|0,0|0,0|0,0|0,0|0,0|0,0|0,0|0,2
8cc5cb9f767119f7219c918843893bdeaa98d909,0|0,0|0,0|0,0|0,0|0,0|0,0|0,0|0,0|0,0|0,0|0,0|0,0|0,0|0,0|0,0|0,0|0,0|0,0|0,0|0,0|0,0|0,0|0,0|0,0|0,0|0,0|0,0|0,0|0,0|0,0|0,0|0,0|1,0|0,0|1,0|0,0|0,0|0,0|0,0|0,0|0,0|0,0|0,0|0,0|0,0|0,2
a6ff0dd0e3b14e3f7e396a1d5ea125cc2ae9b82f,0|0,0|0,0|0,0|0,0|0,0|0,0|0,0|0,0|0,0|0,0|0,0|0,0|0,0|0,0|0,0|0,0|0,0|0,0|0,0|0,0|0,0|0,0|0,0|0,0|0,0|0,0|0,0|0,0|0,0|0,0|0,0|0,0|1,0|0,0|1,0|0,0|0,0|0,0|0,0|0,0|0,0|0,0|0,0|0,0|0,0|0,2
f229068fd3844cd2fd458e5ae76c20ec059c8d3e,0|0,0|0,0|0,0|0,0|0,0|0,0|0,0|0,0|0,0|0,0|0,0|0,0|0,0|0,0|0,0|0,0|0,0|0,0|0,0|0,0|0,0|0,0|0,0|0,0|0,0|0,0|0,0|0,0|0,0|0,0|0,0|0,0|1,0|0,0|1,0|0,0|0,0|0,0|0,0|0,0|0,0|0,0|0,0|0,0|0,0|0,2
4cf853548c6744af6581ebf6becd37417e164a75,0|0,0|0,0|0,0|0,0|0,0|0,0|0,0|0,0|0,0|0,0|0,0|0,0|0,0|0,0|0,0|0,0|0,0|0,0|0,0|0,0|0,0|0,0|0,0|0,0|0,0|0,0|0,0|0,0|0,0|0,0|0,0|0,0|1,0|0,0|1,0|0,0|0,0|0,0|0,0|0,0|0,0|0,0|0,0|0,0|0,0|0,2
b5eea436ae151c0affeebbb79cd64f309555a3e6,0|0,0|0,0|0,0|0,0|0,0|0,0|0,0|0,0|0,0|0,0|0,0|0,0|0,0|0,0|0,0|0,0|0,0|0,0|0,0|0,0|0,0|0,0|0,0|0,0|0,0|0,0|0,0|0,0|0,0|0,0|0,0|0,0|1,0|0,0|1,0|0,0|0,0|0,0|0,0|0,0|0,0|0,0|0,0|0,0|0,0|0,2
5ddbbf4dd229f92efda087d09c710bf980e7ae42,0|0,0|0,0|0,0|0,0|0,0|0,0|0,0|0,0|0,0|0,0|0,0|0,0|0,0|0,0|0,0|0,0|0,0|0,0|0,0|0,0|0,0|0,0|0,0|0,0|0,0|0,0|0,0|0,0|0,0|0,0|0,0|0,0|1,0|0,0|1,0|0,0|0,0|0,0|0,0|0,0|0,0|0,0|0,0|0,0|0,0|0,2
1431aa3d1c7cc27bf5cd1f08e485c2fd36c653ed,0|0,0|0,0|0,0|0,0|0,0|0,0|0,0|0,0|0,0|0,0|0,0|0,0|0,0|0,0|0,0|0,0|0,0|0,0|0,0|0,0|0,0|0,0|0,0|0,0|0,0|0,0|0,0|0,0|0,0|0,0|0,0|0,0|1,0|0,0|1,0|0,0|0,0|0,0|0,0|0,0|0,0|0,0|0,0|0,0|0,0|0,2
ada7d32c50d8930f1a1a0707cb55b2053e348373,0|0,0|0,0|0,0|0,0|0,0|0,0|0,0|0,0|0,0|0,0|0,0|0,0|0,0|0,0|0,0|0,0|0,0|0,0|0,0|0,0|0,0|0,0|0,0|0,0|0,0|0,0|0,0|0,0|0,0|0,0|0,0|0,0|1,0|0,0|1,0|0,0|0,0|0,0|0,0|0,0|0,0|0,0|0,0|0,0|0,0|0,2
023618c13a2426095cdba73c79c6e74180f345a4,0|0,0|0,0|0,0|0,0|0,0|0,0|0,0|0,0|0,0|0,0|0,0|0,0|0,0|0,0|0,0|0,0|0,0|0,0|0,0|0,0|0,0|0,0|0,0|0,0|0,0|0,0|0,0|0,0|0,0|0,0|0,0|0,0|1,0|0,0|1,0|0,0|0,0|0,0|0,0|0,0|0,0|0,0|0,0|0,0|0,0|0,2
de6905f41bb91e9215c975fbda5fce4d4bc5dc76,0|0,0|0,0|0,0|0,0|0,0|0,0|0,0|0,0|0,0|0,0|0,0|0,0|0,0|0,0|0,0|0,0|0,0|0,0|0,0|0,0|0,0|0,0|0,0|0,0|0,0|0,0|0,0|0,0|0,0|0,0|0,0|0,0|1,0|0,0|1,0|0,0|0,0|0,0|0,0|0,0|0,0|0,0|0,0|0,0|0,0|0,2
c4113ffd7efdc085401fac260c7474ccda949442,0|0,0|0,0|0,0|0,0|0,0|0,0|0,0|0,0|0,0|0,0|0,0|0,0|0,0|0,0|0,0|0,0|0,0|0,0|0,0|0,0|0,0|0,0|0,0|0,0|0,0|0,0|0,0|0,0|0,0|0,0|0,0|0,0|1,0|0,0|1,0|0,0|0,0|0,0|0,0|0,0|0,0|0,0|0,0|0,0|0,0|0,2
92da30f01750a2d10a1db697cefe33e6efed1fd7,0|0,0|0,0|0,0|0,0|0,0|0,0|0,0|0,0|0,0|0,0|0,0|0,0|0,0|0,0|0,0|0,0|0,0|0,0|0,0|0,0|0,0|0,0|0,0|0,0|0,0|0,0|0,0|0,0|0,0|0,0|0,0|0,0|1,0|0,0|1,0|0,0|0,0|0,0|0,0|0,0|0,0|0,0|0,0|0,0|0,0|0,2
8a2a47e62a0d7b1bc8815dc4f09c35b73393454e,0|0,0|0,0|0,0|0,0|0,0|0,0|0,0|0,0|0,0|0,0|0,0|0,0|0,0|0,0|0,0|0,0|0,0|0,0|0,0|0,0|0,0|0,0|0,0|0,0|0,0|0,0|0,0|0,0|0,0|0,0|0,0|0,0|1,0|0,0|1,0|0,0|0,0|0,0|0,0|0,0|0,0|0,0|0,0|0,0|0,0|0,2
a2878af1eed26db8380bf8c29e5bb64a0181f935,0|0,0|0,0|0,0|0,0|0,0|0,0|0,0|0,0|0,0|0,0|0,0|0,0|0,0|0,0|0,0|0,0|0,0|0,0|0,0|0,0|0,0|0,0|0,0|0,0|0,0|0,0|0,0|0,0|0,0|0,0|0,0|0,0|1,0|0,0|1,0|0,0|0,0|0,0|0,0|0,0|0,0|0,0|0,0|0,0|0,0|0,2
f28a3b293e8d103170155bd9137b33a5eddfd6ec,0|0,0|0,0|0,0|0,0|0,0|0,0|0,0|0,0|0,0|0,0|0,0|0,0|0,0|0,0|0,0|0,0|0,0|0,0|0,0|0,0|0,0|0,0|0,0|0,0|0,0|0,0|0,0|0,0|0,0|0,0|0,0|0,0|1,0|0,0|1,0|0,0|0,0|0,0|0,0|0,0|0,0|0,0|0,0|0,0|0,0|0,2
f2411958d7306a0b8b59e1d00d118603074df009,0|0,0|0,0|0,0|0,0|0,0|0,0|0,0|0,0|0,0|0,0|0,0|0,0|0,0|0,0|0,0|0,0|0,0|0,0|0,0|0,0|0,0|0,0|0,0|0,0|0,0|0,0|0,0|0,0|0,0|0,0|0,0|0,0|1,0|0,0|1,0|0,0|0,0|0,0|0,0|0,0|0,0|0,0|0,0|0,0|0,0|0,2
75a53ad064bcb19570847554b72e9303d776b8fd,0|0,0|0,0|0,0|0,0|0,0|0,0|0,0|0,0|0,0|0,0|0,0|0,0|0,0|0,0|0,0|0,0|0,0|0,0|0,0|0,0|0,0|0,0|0,0|0,0|0,0|0,0|0,0|0,0|0,0|0,0|0,0|0,0|1,0|1,0|1,0|0,0|0,0|0,0|0,0|0,0|0,0|0,0|0,0|0,0|0,0|0,3
2f5f445f7229592c9a9a108e39fa5db3dc456dce,0|0,0|0,0|0,0|0,0|0,0|0,0|0,0|0,0|0,0|0,0|0,0|0,0|0,0|0,0|0,0|0,0|0,0|0,0|0,0|0,0|0,0|0,0|0,0|0,0|0,0|0,0|0,0|0,0|0,0|0,0|0,0|0,0|1,0|1,0|1,0|0,0|0,0|0,0|0,0|0,0|0,0|0,0|0,0|0,0|0,0|0,3
59993e294eb20d84db1a42b59cbd0f3be03d1400,0|0,0|0,0|0,0|0,0|0,0|0,0|0,0|0,0|0,0|0,0|0,0|0,0|0,0|0,0|0,0|0,0|0,0|0,0|0,0|0,0|0,0|0,0|0,0|0,0|0,0|0,0|0,0|0,0|0,0|0,0|0,0|0,0|1,0|1,0|1,0|0,0|0,0|0,0|0,0|0,0|0,0|0,0|0,0|0,0|0,0|0,3
6c1accd2bdca957b0979707b7f789ae8b5a63334,0|0,0|0,0|0,0|0,0|0,0|0,0|0,0|0,0|0,0|0,0|0,0|0,0|0,0|0,0|0,0|0,0|0,0|0,0|0,0|0,0|0,0|0,0|0,0|0,0|0,0|0,0|0,0|0,0|0,0|0,0|0,0|0,0|1,0|1,0|1,0|0,0|0,0|0,0|0,0|0,0|0,0|0,0|0,0|0,0|0,0|0,3
fbb9700086eff42ed315be3d41c97860006ae9ae,0|0,0|0,0|0,0|0,0|0,0|0,0|0,0|0,0|0,0|0,0|0,0|0,0|0,0|0,0|0,0|0,0|0,0|0,0|0,0|0,0|0,0|0,0|0,0|0,0|0,0|0,0|0,0|0,0|0,0|0,0|0,0|0,0|1,0|1,0|1,0|0,0|0,0|0,0|0,0|0,0|0,0|0,0|0,0|0,0|0,0|0,3
279779062c5df0ef5780ed3dfadf87b606adaa71,0|0,0|0,0|0,0|0,0|0,0|0,0|0,0|0,0|0,0|0,0|0,0|0,0|0,0|0,0|0,0|0,0|0,0|0,0|0,0|0,0|0,0|0,0|0,0|0,0|0,0|0,0|0,0|0,0|0,0|0,0|0,0|0,0|1,0|1,0|1,0|0,0|0,0|0,0|0,0|0,0|0,0|0,0|0,0|0,0|0,0|0,3
96f8942f75f6f489312779a0c5ec22b7520319ca,0|0,0|0,0|0,0|0,0|0,0|0,0|0,0|0,0|0,0|0,0|0,0|0,0|0,0|0,0|0,0|0,0|0,0|0,0|0,0|0,0|0,0|0,0|0,0|0,0|0,0|0,0|0,0|0,0|0,0|0,0|0,0|0,0|0,0|1,0|1,0|0,0|0,0|0,0|0,0|0,0|0,0|0,0|0,0|0,0|0,0|0,2
d506a0e12f7e491626de27d93f34fbfa9b36530e,0|0,0|0,0|0,0|0,0|0,0|0,0|0,0|0,0|0,0|0,0|0,0|0,0|0,0|0,0|0,0|0,0|0,0|0,0|0,0|0,0|0,0|0,0|0,0|0,0|0,0|0,0|0,0|0,0|0,0|0,0|0,0|0,0|0,0|1,0|1,0|0,0|0,0|0,0|0,0|0,0|0,0|0,0|0,0|0,0|0,0|0,2
34e020ac35a40b9b9440d0064dcd9dcf64fe0cbe,0|0,0|0,0|0,0|0,0|0,0|0,0|0,0|0,0|0,0|0,0|0,0|0,0|0,0|0,0|0,0|0,0|0,0|0,0|0,0|0,0|0,0|0,0|0,0|0,0|0,0|0,0|0,0|0,0|0,0|0,0|0,0|0,0|0,0|1,0|1,0|0,0|0,0|0,0|0,0|0,0|0,0|0,0|0,0|0,0|0,0|0,2
16ed0fd3f80141e1081ac315822abf34cfd61158,0|0,0|0,0|0,0|0,0|0,0|0,0|0,0|0,0|0,0|0,0|0,0|0,0|0,0|0,0|0,0|0,0|0,0|0,0|0,0|0,0|0,0|0,0|0,0|0,0|0,0|0,0|0,0|0,0|0,0|0,0|0,0|0,0|0,0|1,0|1,0|0,0|0,0|0,0|0,0|0,0|0,0|0,0|0,0|0,0|0,0|0,2
f14dcb8344f1cbb1197cdc4f341a6fe4fdcc0cf6,0|0,0|0,0|0,0|0,0|0,0|0,0|0,0|0,0|0,0|0,0|0,0|0,0|0,0|0,0|0,0|0,0|0,0|0,0|0,0|0,0|0,0|0,0|0,0|0,0|0,0|0,0|0,0|0,0|0,0|0,0|0,0|0,0|0,0|1,0|1,0|0,0|0,0|0,0|0,0|0,0|0,0|0,0|0,0|0,0|0,0|0,2
8b062295cc76a60e3905c054ce37bd17669464d1,0|0,0|0,0|0,0|0,0|0,0|0,0|0,0|0,0|0,0|0,0|0,0|0,0|0,0|0,0|0,0|0,0|0,0|0,0|0,0|0,0|0,0|0,0|0,0|0,0|0,0|0,0|0,0|0,0|0,0|0,0|0,0|0,0|0,0|1,0|1,0|0,0|0,0|0,0|0,0|0,0|0,0|0,0|0,0|0,0|0,0|0,2
61a3c2eb5b3cac0f36a1bfadc5261b7694d3bfab,0|0,0|0,0|0,0|0,0|0,0|0,0|0,0|0,0|0,0|0,0|0,0|0,0|0,0|0,0|0,0|0,0|0,0|0,0|0,0|0,0|0,0|0,0|0,0|0,0|0,0|0,0|0,0|0,0|0,0|0,0|0,0|0,0|0,0|1,0|1,0|0,0|0,0|0,0|0,0|0,0|0,0|0,0|0,0|0,0|0,0|0,2
00d9a16b6a7e3c5ca90930e3991ac3476bd48780,0|0,0|0,0|0,0|0,0|0,0|0,0|0,0|0,0|0,0|0,0|0,0|0,0|0,0|0,0|0,0|0,0|0,0|0,0|0,0|0,0|0,0|0,0|0,0|0,0|0,0|0,0|0,0|0,0|0,0|0,0|0,0|0,0|0,0|1,0|1,0|0,0|0,0|0,0|0,0|0,0|0,0|0,0|0,0|0,0|0,0|0,2
c390085f91d569d953ab5e199e95d580a5cf8f63,0|0,0|0,0|0,0|0,0|0,0|0,0|0,0|0,0|0,0|0,0|0,0|0,0|0,0|0,0|0,0|0,0|0,0|0,0|0,0|0,0|0,0|0,0|0,0|0,0|0,0|0,0|0,0|0,0|0,0|0,0|0,0|0,0|0,0|1,0|1,0|0,0|0,0|0,0|0,0|0,0|0,0|0,0|0,0|0,0|0,0|0,2
e193f3713de57a738aae735101f20ff78bd23e8c,0|0,0|0,0|0,0|0,0|0,0|0,0|0,0|0,0|0,0|0,0|0,0|0,0|0,0|0,0|0,0|0,0|0,0|0,0|0,0|0,0|0,0|0,0|0,0|0,0|0,0|0,0|0,0|0,0|0,0|0,0|0,0|0,0|0,0|1,0|1,0|0,0|0,0|0,0|0,0|0,0|0,0|0,0|0,0|0,0|0,0|0,2
1a8a6aa161eded7367b29462d6e7de955e760d7d,0|0,0|0,0|0,0|0,0|0,0|0,0|0,0|0,0|0,0|0,0|0,0|0,0|0,0|0,0|0,0|0,0|0,0|0,0|0,0|0,0|0,0|0,0|0,0|0,0|0,0|0,0|0,0|0,0|0,0|0,0|0,0|0,0|0,0|1,0|1,0|0,0|0,0|0,0|0,0|0,0|0,0|0,0|0,0|0,0|0,0|0,2
7a7e4ee69f272900d6869b8fa07800653c4298a1,0|0,0|0,0|0,0|0,0|0,0|0,0|0,0|0,0|0,0|0,0|0,0|0,0|0,0|0,0|0,0|0,0|0,0|0,0|0,0|0,0|0,0|0,0|0,0|0,0|0,0|0,0|0,0|0,0|0,0|0,0|0,0|0,0|0,0|1,0|1,0|0,0|0,0|0,0|0,0|0,0|0,0|0,0|0,0|0,0|0,0|0,2
736a80f9ce7a73e8c136d3621facb1bdb3637e65,0|0,0|0,0|0,0|0,0|0,0|0,0|0,0|0,0|0,0|0,0|0,0|0,0|0,0|0,0|0,0|0,0|0,0|0,0|0,0|0,0|0,0|0,0|0,0|0,0|0,0|0,0|0,0|0,0|0,0|0,0|0,0|0,0|0,0|1,0|1,0|0,0|0,0|0,0|0,0|0,0|0,0|0,0|0,0|0,0|0,0|0,2
4da1453d904f03c536a6b982217d9785338a7f92,0|0,0|0,0|0,0|0,0|0,0|0,0|0,0|0,0|0,0|0,0|0,0|0,0|0,0|0,0|0,0|0,0|0,0|0,0|0,0|0,0|0,0|0,0|0,0|0,0|0,0|0,0|0,0|0,0|0,0|0,0|0,0|0,0|0,0|1,0|1,0|0,0|0,0|0,0|0,0|0,0|0,0|0,0|0,0|0,0|0,0|0,2
6c4df21238e2002bfea04ac95d39afb36cbc3d37,0|0,0|0,0|0,0|0,0|0,0|0,0|0,0|0,0|0,0|0,0|0,0|0,0|0,0|0,0|0,0|0,0|0,0|0,0|0,0|0,0|0,0|0,0|0,0|0,0|0,0|0,0|0,0|0,0|0,0|0,0|0,0|0,0|0,0|1,0|1,0|0,0|0,0|0,0|0,0|0,0|0,0|0,0|0,0|0,0|0,0|0,2
e8559a4127a75993655a75e0595c76378873ae51,0|0,0|0,0|0,0|0,0|0,0|0,0|0,0|0,0|0,0|0,0|0,0|0,0|0,0|0,0|0,0|0,0|0,0|0,0|0,0|0,0|0,0|0,0|0,0|0,0|0,0|0,0|0,0|0,0|0,0|0,0|0,0|0,0|0,0|1,0|1,0|0,0|0,0|0,0|0,0|0,0|0,0|0,0|0,0|0,0|0,0|0,2
6f431057c5e11ce24dc88a43b681e9ba9aa5a0e1,0|0,0|0,0|0,0|0,0|0,0|0,0|0,0|0,0|0,0|0,0|0,0|0,0|0,0|0,0|0,0|0,0|0,0|0,0|0,0|0,0|0,0|0,0|0,0|0,0|0,0|0,0|0,0|0,0|0,0|0,0|0,0|0,0|0,0|0,0|1,0|0,0|0,0|0,0|0,0|0,0|0,0|0,0|0,0|0,0|0,0|0,1
e23507d3e97ce37bb15be59de5195336595cdb17,0|0,0|0,0|0,0|0,0|0,0|0,0|0,0|0,0|0,0|0,0|0,0|0,0|0,0|0,0|0,0|0,0|0,0|0,0|0,0|0,0|0,0|0,0|0,0|0,0|0,0|0,0|0,0|0,0|0,0|0,0|0,0|0,0|0,0|0,0|1,0|0,0|0,0|0,0|0,0|0,0|0,0|0,0|0,0|0,0|0,0|0,1
cb62dfd24945f5732166ecb4121354adc48cec80,0|0,0|0,0|0,0|0,0|0,0|0,0|0,0|0,0|0,0|0,0|0,0|0,0|0,0|0,0|0,0|0,0|0,0|0,0|0,0|0,0|0,0|0,0|0,0|0,0|0,0|0,0|0,0|0,0|0,0|0,0|0,0|0,0|0,0|0,0|1,0|0,0|0,0|0,0|0,0|0,0|0,0|0,0|0,0|0,0|0,0|0,1
95a3d4fffe699823b1cc9730dd0e4e2827b94845,0|0,0|0,0|0,0|0,0|0,0|0,0|0,0|0,0|0,0|0,0|0,0|0,0|0,0|0,0|0,0|0,0|0,0|0,0|0,0|0,0|0,0|0,0|0,0|0,0|0,0|0,0|0,0|0,0|0,0|0,0|0,0|0,0|0,0|0,0|1,0|0,0|0,0|0,0|0,0|0,0|0,0|0,0|0,0|0,0|0,0|0,1
a173d3e98f78a09db6df503ed853212319d29d45,0|0,0|0,0|0,0|0,0|0,0|0,0|0,0|0,0|0,0|0,0|0,0|0,0|0,0|0,0|0,0|0,0|0,0|0,0|0,0|0,0|0,0|0,0|0,0|0,0|0,0|0,0|0,0|0,0|0,0|0,0|0,0|0,0|0,0|0,0|1,0|0,0|0,0|0,0|0,0|0,0|0,0|0,0|0,0|0,0|0,0|0,1
438f04066bb6333dcb219205a09501ee50fdd993,0|0,0|0,0|0,0|0,0|0,0|0,0|0,0|0,0|0,0|0,0|0,0|0,0|0,0|0,0|0,0|0,0|0,0|0,0|0,0|0,0|0,0|0,0|0,0|0,0|0,0|0,0|0,0|0,0|0,0|0,0|0,0|0,0|0,0|0,0|1,0|0,0|0,0|0,0|0,0|0,0|0,0|0,0|0,0|0,0|0,0|0,1
c345b3c7af89957ef4bc55e2ccf1b1a4bc724f3a,0|0,0|0,0|0,0|0,0|0,0|0,0|0,0|0,0|0,0|0,0|0,0|0,0|0,0|0,0|0,0|0,0|0,0|0,0|0,0|0,0|0,0|0,0|0,0|0,0|0,0|0,0|0,0|0,0|0,0|0,0|0,0|0,0|0,0|0,0|1,0|0,0|0,0|0,0|0,0|0,0|0,0|0,0|0,0|0,0|0,0|0,1
a1451935b8653adc830ee4cb827def3622fb02d6,0|0,0|0,0|0,0|0,0|0,0|0,0|0,0|0,0|0,0|0,0|0,0|0,0|0,0|0,0|0,0|0,0|0,0|0,0|0,0|0,0|0,0|0,0|0,0|0,0|0,0|0,0|0,0|0,0|0,0|0,0|0,0|0,0|0,0|0,0|1,0|0,0|0,0|0,0|0,0|0,0|0,0|0,0|0,0|0,0|0,0|0,1
f91218360b8bce56dd96fac888c83a6a1c6bdc32,0|0,0|0,0|0,0|0,0|0,0|0,0|0,0|0,0|0,0|0,0|0,0|0,0|0,0|0,0|0,0|0,0|0,0|0,0|0,0|0,0|0,0|0,0|0,0|0,0|0,0|0,0|0,0|0,0|0,0|0,0|0,0|0,0|0,0|0,0|1,0|0,0|0,0|0,0|0,0|0,0|0,0|0,0|0,0|0,0|0,0|0,1
269be6c7ef038d2de377546813fbb2bacf80e510,0|0,0|0,0|0,0|0,0|0,0|0,0|0,0|0,0|0,0|0,0|0,0|0,0|0,0|0,0|0,0|0,0|0,0|0,0|0,0|0,0|0,0|0,0|0,0|0,0|0,0|0,0|0,0|0,0|0,0|0,0|0,0|0,0|0,0|0,0|1,0|0,0|0,0|0,0|0,0|0,0|0,0|0,0|0,0|0,0|0,0|0,1
74ae315e36cf206961affa5bd2869c025e4c751f,0|0,0|0,0|0,0|0,0|0,0|0,0|0,0|0,0|0,0|0,0|0,0|0,0|0,0|0,0|0,0|0,0|0,0|0,0|0,0|0,0|0,0|0,0|0,0|0,0|0,0|0,0|0,0|0,0|0,0|0,0|0,0|0,0|0,0|0,0|1,0|0,0|0,0|0,0|0,0|0,0|0,0|0,0|0,0|0,0|0,0|0,1
f646a4bce036edfd26215b5875fe81473dbb175d,0|0,0|0,0|0,0|0,0|0,0|0,0|0,0|0,0|0,0|0,0|0,0|0,0|0,0|0,0|0,0|0,0|0,0|0,0|0,0|0,0|0,0|0,0|0,0|0,0|0,0|0,0|0,0|0,0|0,0|0,0|0,0|0,0|0,0|0,0|1,0|0,0|0,0|0,0|0,0|0,0|0,0|0,0|0,0|0,0|0,0|0,1
7aee856aa063f7861be7e7fe2970ba014391d9bf,0|0,0|0,0|0,0|0,0|0,0|0,0|0,0|0,0|0,0|0,0|0,0|0,0|0,0|0,0|0,0|0,0|0,0|0,0|0,0|0,0|0,0|0,0|0,0|0,0|0,0|0,0|0,0|0,0|0,0|0,0|0,0|0,0|0,0|0,0|1,0|0,0|0,0|0,0|0,0|0,0|0,0|0,0|0,0|0,0|0,0|0,1
b83e9f20e7f01807ad97d62d9a076dba9d5f4b45,0|0,0|0,0|0,0|0,0|0,0|0,0|0,0|0,0|0,0|0,0|0,0|0,0|0,0|0,0|0,0|0,0|0,0|0,0|0,0|0,0|0,0|0,0|0,0|0,0|0,0|0,0|0,0|0,0|0,0|0,0|0,0|0,0|0,0|0,0|1,0|0,0|0,0|0,0|0,0|0,0|0,0|0,0|0,0|0,0|0,0|0,1
9e22c88e0abff87f18fee632495b02255f585c0c,0|0,0|0,0|0,0|0,0|0,0|0,0|0,0|0,0|0,0|0,0|0,0|0,0|0,0|0,0|0,0|0,0|0,0|0,0|0,0|0,0|0,0|0,0|0,0|0,0|0,0|0,0|0,0|0,0|0,0|0,0|0,0|0,0|0,0|0,0|1,0|0,0|0,0|0,0|0,0|0,0|0,0|0,0|0,0|0,0|0,0|0,1
8dd70b7023d9cb6cb082c91fcbcb5629d3a9a6c0,0|0,0|0,0|0,0|0,0|0,0|0,0|0,0|0,0|0,0|0,0|0,0|0,0|0,0|0,0|0,0|0,0|0,0|0,0|0,0|0,0|0,0|0,0|0,0|0,0|0,0|0,0|0,0|0,0|0,0|0,0|0,0|0,0|0,0|0,0|1,0|0,0|0,0|0,0|0,0|0,0|0,0|0,0|0,0|0,0|0,0|0,1
93f723d50f789530ca09dd9c5104e629824e30f4,0|0,0|0,0|0,0|0,0|0,0|0,0|0,0|0,0|0,0|0,0|0,0|0,0|0,0|0,0|0,0|0,0|0,0|0,0|0,0|0,0|0,0|0,0|0,0|0,0|0,0|0,0|0,0|0,0|0,0|0,0|0,0|0,0|0,0|0,0|1,0|0,0|0,0|0,0|0,0|0,0|0,0|0,0|0,0|0,0|0,0|0,1
beef4f997bccc90c545abdf8d387bab600b4af8f,0|0,0|0,0|0,0|0,0|0,0|0,0|0,0|0,0|0,0|0,0|0,0|0,0|0,0|0,0|0,0|0,0|0,0|0,0|0,0|0,0|0,0|0,0|0,0|0,0|0,0|0,0|0,0|0,0|0,0|0,0|0,0|0,0|0,0|0,0|1,0|0,0|0,0|0,0|0,0|0,0|0,0|0,0|0,0|0,0|0,0|0,1
c47d710d8e5281fff2f1f90ff5462c16ac91d50c,0|0,0|0,0|0,0|0,0|0,0|0,0|0,0|0,0|0,0|0,0|0,0|0,0|0,0|0,0|0,0|0,0|0,0|0,0|0,0|0,0|0,0|0,0|0,0|0,0|0,0|0,0|0,0|0,0|0,0|0,0|0,0|0,0|0,0|0,0|1,0|0,0|0,0|0,0|0,0|0,0|0,0|0,0|0,0|0,0|0,0|0,1
1207ea118ac2cc1c045d94d572e69dcb2eae0ffb,0|0,0|0,0|0,0|0,0|0,0|0,0|0,0|0,0|0,0|0,0|0,0|0,0|0,0|0,0|0,0|0,0|0,0|0,0|0,0|0,0|0,0|0,0|0,0|0,0|0,0|0,0|0,0|0,0|0,0|0,0|0,0|0,0|0,0|0,0|1,0|0,0|0,0|0,0|0,0|0,0|0,0|0,0|0,0|0,0|0,0|0,1
c7059db84a90078cc90d94db9d56d86c728b3ec6,0|0,0|0,0|0,0|0,0|0,0|0,0|0,0|0,0|0,0|0,0|0,0|0,0|0,0|0,0|0,0|0,0|0,0|0,0|0,0|0,0|0,0|0,0|0,0|0,0|0,0|0,0|0,0|0,0|0,0|0,0|0,0|0,0|0,0|0,0|1,0|0,0|0,0|0,0|0,0|0,0|0,0|0,0|0,0|0,0|0,0|0,1
bb12837ca75efc2691ecb18fd5f56e2d097ef26b,0|0,0|0,0|0,0|0,0|0,0|0,0|0,0|0,0|0,0|0,0|0,0|0,0|0,0|0,0|0,0|0,0|0,0|0,0|0,0|0,0|0,0|0,0|0,0|0,0|0,0|0,0|0,0|0,0|0,0|0,0|0,0|0,0|0,0|0,0|1,0|0,0|0,0|0,0|0,0|0,0|0,0|0,0|0,0|0,0|0,0|0,1
26df1403e6e8c0f17a5e419d3e614ed4a86e1885,0|0,0|0,0|0,0|0,0|0,0|0,0|0,0|0,0|0,0|0,0|0,0|0,0|0,0|0,0|0,0|0,0|0,0|0,0|0,0|0,0|0,0|0,0|0,0|0,0|0,0|0,0|0,0|0,0|0,0|0,0|0,0|0,0|0,0|0,0|1,0|0,0|0,0|0,0|0,0|0,0|0,0|0,0|0,0|0,0|0,0|0,1
af1d20bca1f6b594f1c2f8eee99df12c08a7e640,0|0,0|0,0|0,0|0,0|0,0|0,0|0,0|0,0|0,0|0,0|0,0|0,0|0,0|0,0|0,0|0,0|0,0|0,0|0,0|0,0|0,0|0,0|0,0|0,0|0,0|0,0|0,0|0,0|0,0|0,0|0,0|0,0|0,0|0,0|1,0|0,0|0,0|0,0|0,0|0,0|0,0|0,0|0,0|0,0|0,0|0,1
aeb5f1f947a25c17c062f33e7f224f021fafe539,0|0,0|0,0|0,0|0,0|0,0|0,0|0,0|0,0|0,0|0,0|0,0|0,0|0,0|0,0|0,0|0,0|0,0|0,0|0,0|0,0|0,0|0,0|0,0|0,0|0,0|0,0|0,0|0,0|0,0|0,0|0,0|0,0|0,0|0,0|1,0|0,0|0,0|0,0|0,0|0,0|0,0|0,0|0,0|0,0|0,0|0,1
856d7d2916369e42111543c54a5f784e1c87b2a2,0|0,0|0,0|0,0|0,0|0,0|0,0|0,0|0,0|0,0|0,0|0,0|0,0|0,0|0,0|0,0|0,0|0,0|0,0|0,0|0,0|0,0|0,0|0,0|0,0|0,0|0,0|0,0|0,0|0,0|0,0|0,0|0,0|0,0|0,0|1,0|0,0|0,0|0,0|0,0|0,0|0,0|0,0|0,0|0,0|0,0|0,1
d668ab4becf446195f3c6cd338d5de2711d7bf4e,0|0,0|0,0|0,0|0,0|0,0|0,0|0,0|0,0|0,0|0,0|0,0|0,0|0,0|0,0|0,0|0,0|0,0|0,0|0,0|0,0|0,0|0,0|0,0|0,0|0,0|0,0|0,0|0,0|0,0|0,0|0,0|0,0|0,0|0,0|1,0|0,0|0,0|0,0|0,0|0,0|0,0|0,0|0,0|0,0|0,0|0,1
4896dabb6b8d3469f87fa8c746ee070b12429024,0|0,0|0,0|0,0|0,0|0,0|0,0|0,0|0,0|0,0|0,0|0,0|0,0|0,0|0,0|0,0|0,0|0,0|0,0|0,0|0,0|0,0|0,0|0,0|0,0|0,0|0,0|0,0|0,0|0,0|0,0|0,0|0,0|0,0|0,0|1,0|0,0|0,0|0,0|0,0|0,0|0,0|0,0|0,0|0,0|0,0|0,1
ec80f1fb3b998569c3714dccf43514547d937def,0|0,0|0,0|0,0|0,0|0,0|0,0|0,0|0,0|0,0|0,0|0,0|0,0|0,0|0,0|0,0|0,0|0,0|0,0|0,0|0,0|0,0|0,0|0,0|0,0|0,0|0,0|0,0|0,0|0,0|0,0|0,0|0,0|0,0|0,0|1,0|0,0|0,0|0,0|0,0|0,0|0,0|0,0|0,0|0,0|0,0|0,1
6acf7a6abeb58547ea85236c044ac0d1b8f80d9d,0|0,0|0,0|0,0|0,0|0,0|0,0|0,0|0,0|0,0|0,0|0,0|0,0|0,0|0,0|0,0|0,0|0,0|0,0|0,0|0,0|0,0|0,0|0,0|0,0|0,0|0,0|0,0|0,0|0,0|0,0|0,0|0,0|0,0|0,0|1,0|0,0|0,0|0,0|0,0|0,0|0,0|0,0|0,0|0,0|0,0|0,1
6bcba118d476d503c73fafe77054ed2e1117e745,0|0,0|0,0|0,0|0,0|0,0|0,0|0,0|0,0|0,0|0,0|0,0|0,0|0,0|0,0|0,0|0,0|0,0|0,0|0,0|0,0|0,0|0,0|0,0|0,0|0,0|0,0|0,0|0,0|0,0|0,0|0,0|0,0|0,0|0,0|1,0|0,0|0,0|0,0|0,0|0,0|0,0|0,0|0,0|0,0|0,0|0,1
4e199abd39e2524d2003b58a752f77344073e9fc,0|0,0|0,0|0,0|0,0|0,0|0,0|0,0|0,0|0,0|0,0|0,0|0,0|0,0|0,0|0,0|0,0|0,0|0,0|0,0|0,0|0,0|0,0|0,0|0,0|0,0|0,0|0,0|0,0|0,0|0,0|0,0|0,0|0,0|0,0|1,0|0,0|0,0|0,0|0,0|0,0|0,0|0,0|0,0|0,0|0,0|0,1
46dc8b5bda05f6d7fee62586abd8881284f71a4f,0|0,0|0,0|0,0|0,0|0,0|0,0|0,0|0,0|0,0|0,0|0,0|0,0|0,0|0,0|0,0|0,0|0,0|0,0|0,0|0,0|0,0|0,0|0,0|0,0|0,0|0,0|0,0|0,0|0,0|0,0|0,0|0,0|0,0|0,0|1,0|0,0|0,0|0,0|0,0|0,0|0,0|0,0|0,0|0,0|0,0|0,1
98a548c642c87acf67365e06e514afaf110fdabf,0|0,0|0,0|0,0|0,0|0,0|0,0|0,0|0,0|0,0|0,0|0,0|0,0|0,0|0,0|0,0|0,0|0,0|0,0|0,0|0,0|0,0|0,0|0,0|0,0|0,0|0,0|0,0|0,0|0,0|0,0|0,0|0,0|0,0|0,0|1,0|0,0|0,0|0,0|0,0|0,0|0,0|0,0|0,0|0,0|0,0|0,1
6677d692c459d936981bdc12877d78d6c46ae2ff,0|0,0|0,0|0,0|0,0|0,0|0,0|0,0|0,0|0,0|0,0|0,0|0,0|0,0|0,0|0,0|0,0|0,0|0,0|0,0|0,0|0,0|0,0|0,0|0,0|0,0|0,0|0,0|0,0|0,0|0,0|0,0|0,0|0,0|0,0|1,0|0,0|0,0|0,0|0,0|0,0|0,0|0,0|0,0|0,0|0,0|0,1
0ff3e77c428d1ffc1cf13ff18a23835509eb2c20,0|0,0|0,0|0,0|0,0|0,0|0,0|0,0|0,0|0,0|0,0|0,0|0,0|0,0|0,0|0,0|0,0|0,0|0,0|0,0|0,0|0,0|0,0|0,0|0,0|0,0|0,0|0,0|0,0|0,0|0,0|0,0|0,0|0,0|0,0|1,0|0,0|0,0|0,0|0,0|0,0|0,0|0,0|0,0|0,0|0,0|0,1
1e8cdd893cd6c7e9378b54ede7a215b761af4e9b,0|0,0|0,0|0,0|0,0|0,0|0,0|0,0|0,0|0,0|0,0|0,0|0,0|0,0|0,0|0,0|0,0|0,0|0,0|0,0|0,0|0,0|0,0|0,0|0,0|0,0|0,0|0,0|0,0|0,0|0,0|0,0|0,0|0,0|0,0|1,0|0,0|0,0|0,0|0,0|0,0|0,0|0,0|0,0|0,0|0,0|0,1
8238e68275037d4e3fddac67dc65b81d8f5d35c7,0|0,0|0,0|0,0|0,0|0,0|0,0|0,0|0,0|0,0|0,0|0,0|0,0|0,0|0,0|0,0|0,0|0,0|0,0|0,0|0,0|0,0|0,0|0,0|0,0|0,0|0,0|0,0|0,0|0,0|0,0|0,0|0,0|0,0|0,0|1,0|0,0|0,0|0,0|0,0|0,0|0,0|0,0|0,0|0,0|0,0|0,1
61bc9815d5e7d5d386e7ac180b0a1fcf1cc3f616,0|0,0|0,0|0,0|0,0|0,0|0,0|0,0|0,0|0,0|0,0|0,0|0,0|0,0|0,0|0,0|0,0|0,0|0,0|0,0|0,0|0,0|0,0|0,0|0,0|0,0|0,0|0,0|0,0|0,0|0,0|0,0|0,0|0,0|0,0|1,0|0,0|0,0|0,0|0,0|0,0|0,0|0,0|0,0|0,0|0,0|0,1
a75d77b536cf2048934082bc9800ef2dc28a360f,0|0,0|0,0|0,0|0,0|0,0|0,0|0,0|0,0|0,0|0,0|0,0|0,0|0,0|0,0|0,0|0,0|0,0|0,0|0,0|0,0|0,0|0,0|0,0|0,0|0,0|0,0|0,0|0,0|0,0|0,0|0,0|0,0|0,0|0,0|1,0|0,0|0,0|0,0|0,0|0,0|0,0|0,0|0,0|0,0|0,0|0,1
6eb5bd88a7a2aaa31eb52ad13512ea742ca1dce4,0|0,0|0,0|0,0|0,0|0,0|0,0|0,0|0,0|0,0|0,0|0,0|0,0|0,0|0,0|0,0|0,0|0,0|0,0|0,0|0,0|0,0|0,0|0,0|0,0|0,0|0,0|0,0|0,0|0,0|0,0|0,0|0,0|0,0|0,0|1,0|0,0|0,0|0,0|0,0|0,0|0,0|0,0|0,0|0,0|0,0|0,1
32a7d4246904470f85ab1298b8d5e01ad920d36b,0|0,0|0,0|0,0|0,0|0,0|0,0|0,0|0,0|0,0|0,0|0,0|0,0|0,0|0,0|0,0|0,0|0,0|0,0|0,0|0,0|0,0|0,0|0,0|0,0|0,0|0,0|0,0|0,0|0,0|0,0|0,0|0,0|0,0|0,0|1,0|0,0|0,0|0,0|0,0|0,0|0,0|0,0|0,0|0,0|0,0|0,1
9f3a6f131b228cd7a8094610e993141a8c8b2fd7,0|0,0|0,0|0,0|0,0|0,0|0,0|0,0|0,0|0,0|0,0|0,0|0,0|0,0|0,0|0,0|0,0|0,0|0,0|0,0|0,0|0,0|0,0|0,0|0,0|0,0|0,0|0,0|0,0|0,0|0,0|0,0|0,0|0,0|0,0|1,0|0,0|0,0|0,0|0,0|0,0|0,0|0,0|0,0|0,0|0,0|0,1
8080b3d14fdc14d7cbeef20cdd686100339d4e46,0|0,0|0,0|0,0|0,0|0,0|0,0|0,0|0,0|0,0|0,0|0,0|0,0|0,0|0,0|0,0|0,0|0,0|0,0|0,0|0,0|0,0|0,0|0,0|0,0|0,0|0,0|0,0|0,0|0,0|0,0|0,0|0,0|0,0|0,0|1,0|0,0|0,0|0,0|0,0|0,0|0,0|0,0|0,0|0,0|0,0|0,1
e0e231756c108179e9c752156a101f69da93e737,0|0,0|0,0|0,0|0,0|0,0|0,0|0,0|0,0|0,0|0,0|0,0|0,0|0,0|0,0|0,0|0,0|0,0|0,0|0,0|0,0|0,0|0,0|0,0|0,0|0,0|0,0|0,0|0,0|0,0|0,0|0,0|0,0|0,0|0,0|1,0|0,0|0,0|0,0|0,0|0,0|0,0|0,0|0,0|0,0|0,0|0,1
19019383f0ca4262c43af30b8de9a96413f9534e,0|0,0|0,0|0,0|0,0|0,0|0,0|0,0|0,0|0,0|0,0|0,0|0,0|0,0|0,0|0,0|0,0|0,0|0,0|0,0|0,0|0,0|0,0|0,0|0,0|0,0|0,0|0,0|0,0|0,0|0,0|0,0|0,0|0,0|0,0|1,0|0,0|0,0|0,0|0,0|0,0|0,0|0,0|0,0|0,0|0,0|0,1
a6e2f4a15a52087ff3f2fa16bb990c998c5215a6,0|0,0|0,0|0,0|0,0|0,0|0,0|0,0|0,0|0,0|0,0|0,0|0,0|0,0|0,0|0,0|0,0|0,0|0,0|0,0|0,0|0,0|0,0|0,0|0,0|0,0|0,0|0,0|0,0|0,0|0,0|0,0|0,0|0,0|0,0|1,0|0,0|0,0|0,0|0,0|0,0|0,0|0,0|0,0|0,0|0,0|0,1
ff993e2f57afbe2ac89f2da135aec37a31ec6832,0|0,0|0,0|0,0|0,0|0,0|0,0|0,0|0,0|0,0|0,0|0,0|0,0|0,0|0,0|0,0|0,0|0,0|0,0|0,0|0,0|0,0|0,0|0,0|0,0|0,0|0,0|0,0|0,0|0,0|0,0|0,0|0,0|0,0|0,0.5|1,0|0,0|0,0|0,0|0,0|0,0|0,0|0,0|0,0|0,0|0,0|0,1
9537788ade8bd34ff150b30a79f1afb5a3123997,0|0,0|0,0|0,0|0,0|0,0|0,0|0,0|0,0|0,0|0,0|0,0|0,0|0,0|0,0|0,0|0,0|0,0|0,0|0,0|0,0|0,0|0,0|0,0|0,0|0,0|0,0|0,0|0,0|0,0|0,0|0,0|0,0|0,0|0,0|1,0|0,0|0,0|0,0|0,0|0,0|0,0|0,0|0,0|0,0|0,0|0,1
713cdd0b13e02d860425a8ddbb7f73481b16d607,0|0,0|0,0|0,0|0,0|0,0|0,0|0,0|0,0|0,0|0,0|0,0|0,0|0,0|0,0|0,0|0,0|0,0|0,0|0,0|0,0|0,0|0,0|0,0|0,0|0,0|0,0|0,0|0,0|0,0|0,0|0,0|0,0|0,0|0,0|1,0|0,0|0,0|0,0|0,0|0,0|0,0|0,0|0,0|0,0|0,0|0,1
e3faecf9de165adececbf77cbe54a8cbe373a91c,0|0,0|0,0|0,0|0,0|0,0|0,0|0,0|0,0|0,0|0,0|0,0|0,0|0,0|0,0|0,0|0,0|0,0|0,0|0,0|0,0|0,0|0,0|0,0|0,0|0,0|0,0|0,0|0,0|0,0|0,0|0,0|0,0|0,0|0,0|1,0|0,0|0,0|0,0|0,0|0,0|0,0|0,0|0,0|0,0|0,0|0,1
06a0abb6fdf8fb7a446ef5aafdf2c7d24608977f,0|0,0|0,0|0,0|0,0|0,0|0,0|0,0|0,0|0,0|0,0|0,0|0,0|0,0|0,0|0,0|0,0|0,0|0,0|0,0|0,0|0,0|0,0|0,0|0,0|0,0|0,0|0,0|0,0|0,0|0,0|0,0|0,0|0,0|0,0|0,0|0,0|0,0|0,0|0,0|0,0|0,0|0,0|0,0|0,0|0,0|0,0
1093aafa5f81aeb39263bc87dc88327f873341ae,0.5|0,0|0,0|0,0|0,0.5|0,0.5|0,0.5|0,0.5|0,0.5|0,0.5|0,0.5|0,0.5|0,0.5|0,0.5|0,0.5|0,0.5|0,0.5|0,0.5|0,0.5|0,0.5|0,0.5|0,0.5|0,0.5|0,0|0,0.5|0,0.5|0,0.5|0,0|0,0.5|0,0.5|0,0.5|0,0.5|0,0.5|0,0.5|0,0.5|0,0.5|0,0.5|0,0.5|0,0.5|0,0.5|1,0.5|0,0.5|0,0.5|0,0.5|0,0.5|0,0|0,1
dfbe863f4e91090c35f69a334e7f74ee8e761143,0.5|0,0|0,0|0,0|0,0.5|0,0.5|0,0.5|0,0.5|0,0.5|0,0.5|0,0.5|0,0.5|0,0.5|0,0.5|0,0.5|0,0.5|0,0.5|0,0.5|0,0.5|0,0.5|0,0.5|0,0.5|0,0.5|0,0|0,0.5|0,0.5|0,0.5|0,0|0,0.5|0,0.5|0,0.5|0,0.5|0,0.5|0,0.5|0,0.5|0,0.5|0,0.5|0,0.5|0,0.5|0,0.5|1,0.5|0,0.5|0,0.5|0,0.5|0,0.5|0,0|0,1
406ac81a3706d13deb7834de64f401c6888e5b13,0.5|0,0|0,0|0,0|0,0.5|0,0.5|0,0.5|0,0.5|0,0.5|0,0.5|0,0.5|0,0.5|0,0.5|0,0.5|0,0.5|0,0.5|0,0.5|0,0.5|0,0.5|0,0.5|0,0.5|0,0.5|0,0.5|0,0|0,0.5|0,0.5|0,0.5|0,0|0,0.5|0,0.5|0,0.5|0,0.5|0,0.5|0,0.5|0,0.5|0,0.5|0,0.5|0,0.5|0,0.5|0,0.5|1,0.5|0,0.5|0,0.5|0,0.5|0,0.5|0,0|0,1
9c1a53f39f9cadb1961621be689545af1eda67e1,0.5|0,0|0,0|0,0|0,0.5|0,0.5|0,0.5|0,0.5|0,0.5|0,0.5|0,0.5|0,0.5|0,0.5|0,0.5|0,0.5|0,0.5|0,0.5|0,0.5|0,0.5|0,0.5|0,0.5|0,0.5|0,0.5|0,0|0,0.5|0,0.5|0,0.5|0,0|0,0.5|0,0.5|0,0.5|0,0.5|0,0.5|0,0.5|0,0.5|0,0.5|0,0.5|0,0.5|0,0.5|0,0.5|1,0.5|0,0.5|0,0.5|0,0.5|0,0.5|0,0|0,1
a9d7cc4841ea098074b3dc0b42b7b6e73d4d8cd9,0.5|0,0|0,0|0,0|0,0.5|0,0.5|0,0.5|0,0.5|0,0.5|0,0.5|0,0.5|0,0.5|0,0.5|0,0.5|0,0.5|0,0.5|0,0.5|0,0.5|0,0.5|0,0.5|0,0.5|0,0.5|0,0.5|0,0|0,0.5|0,0.5|0,0.5|0,0|0,0.5|0,0.5|0,0.5|0,0.5|0,0.5|0,0.5|0,0.5|0,0.5|0,0.5|0,0.5|0,0.5|0,0.5|1,0.5|0,0.5|0,0.5|0,0.5|0,0.5|0,0|0,1
f25deeccb1ccbebd6346271828762fdd8326c32b,0.5|0,0|0,0|0,0|0,0.5|0,0.5|0,0.5|0,0.5|0,0.5|0,0.5|0,0.5|0,0.5|0,0.5|0,0.5|0,0.5|0,0.5|0,0.5|0,0.5|0,0.5|0,0.5|0,0.5|0,0.5|0,0.5|0,0|0,0.5|0,0.5|0,0.5|0,0|0,0.5|0,0.5|0,0.5|0,0.5|0,0.5|0,0.5|0,0.5|0,0.5|1,0.5|1,0.5|0,1|0,0.5|1,0.5|0,0.5|0,0.5|0,0.5|0,0.5|0,0|0,3
1da9f1a36fc2f60d8a2f13fca88a7675d327e3ad,0.5|0,0|0,0|0,0|0,0.5|0,0.5|0,0.5|0,0.5|0,0.5|0,0.5|0,0.5|0,0.5|0,0.5|0,0.5|0,0.5|0,0.5|0,0.5|0,0.5|0,0.5|0,0.5|0,0.5|0,0.5|0,0.5|0,0|0,0.5|0,0.5|0,0.5|0,0|0,0.5|0,0.5|0,0.5|0,0.5|0,0.5|0,0.5|0,0.5|0,0.5|1,0.5|1,0.5|0,0.5|0,0.5|1,0.5|0,0.5|0,0.5|0,0.5|0,0.5|0,0|0,3
897f8314b29cd7de9eeab9af15b3e189ae6724a1,0.5|0,0|0,0|0,0|0,0.5|0,0.5|0,0.5|0,0.5|0,0.5|0,0.5|0,0.5|0,0.5|0,0.5|0,0.5|0,0.5|0,0.5|0,0.5|0,0.5|0,0.5|0,0.5|0,0.5|0,0.5|0,0.5|0,0|0,0.5|0,0.5|0,0.5|0,0|0,0.5|0,0.5|0,0.5|0,0.5|0,0.5|0,0.5|0,0.5|0,0.5|1,0.5|1,0.5|0,0.5|0,0.5|1,0.5|0,0.5|0,0.5|0,0.5|0,0.5|0,0|0,3
3b825fca6dc9faef47a06fc47e38450b7571e90a,0.5|0,0|0,0|0,0|0,0.5|0,0.5|0,0.5|0,0.5|0,0.5|0,0.5|0,0.5|0,0.5|0,0.5|0,0.5|0,0.5|0,0.5|0,0.5|0,0.5|0,0.5|0,0.5|0,0.5|0,0.5|0,0.5|0,0|0,0.5|0,0.5|0,0.5|0,0|0,0.5|0,0.5|0,0.5|0,0.5|0,0.5|0,0.5|0,0.5|0,0.5|1,0.5|1,0.5|0,0.5|0,0.5|1,0.5|0,0.5|0,0.5|0,0.5|0,0.5|0,0|0,3
c4f50b2cdac989cc89930564a88a5caab85c7214,0.5|0,0|0,0|0,0|0,0.5|0,0.5|0,0.5|0,0.5|0,0.5|0,0.5|0,0.5|0,0.5|0,0.5|0,0.5|0,0.5|0,0.5|0,0.5|0,0.5|0,0.5|0,0.5|0,0.5|0,0.5|0,0.5|0,0|0,0.5|0,0.5|0,0.5|0,0|0,0.5|0,0.5|0,0.5|0,0.5|0,0.5|0,0.5|0,0.5|0,0.5|0,0.5|0,0.5|0,0.5|0,0.5|1,0.5|0,0.5|0,0.5|0,0.5|0,0.5|0,0|0,1
32750271c38ff754395e167c5a646172140aaf9f,0.5|0,0|0,0|0,0|0,0.5|0,0.5|0,0.5|0,0.5|0,0.5|0,0.5|0,0.5|0,0.5|0,0.5|0,0.5|0,0.5|0,0.5|0,0.5|0,0.5|0,0.5|0,0.5|0,0.5|0,0.5|0,0.5|0,0|0,0.5|0,0.5|0,0.5|0,0|0,0.5|0,0.5|0,0.5|0,0.5|0,0.5|0,0.5|0,0.5|0,0.5|0,0.5|0,0.5|0,0.5|0,0.5|1,0.5|0,0.5|0,0.5|0,0.5|0,0.5|0,0|0,1
48065d80e989bdf708f7b87283e0625b490f1f19,0.5|0,0|0,0|0,0|0,0.5|0,0.5|0,0.5|0,0.5|0,0.5|0,0.5|0,0.5|0,0.5|0,0.5|0,0.5|0,0.5|0,0.5|0,0.5|0,0.5|0,0.5|0,0.5|0,0.5|0,0.5|0,0.5|0,0|0,0.5|0,0.5|0,0.5|0,0|0,0.5|0,0.5|0,0.5|0,0.5|0,0.5|0,0.5|0,0.5|0,0.5|0,0.5|0,0.5|0,0.5|0,0.5|1,0.5|0,0.5|0,0.5|0,0.5|0,0.5|0,0|0,1
34ede63c1590684919ec101efd4116b46edefac3,0.5|0,0|0,0|0,0|0,0.5|0,0.5|0,0.5|0,0.5|0,0.5|0,0.5|0,0.5|0,0.5|0,0.5|0,0.5|0,0.5|0,0.5|0,0.5|0,0.5|0,0.5|0,0.5|0,0.5|0,0.5|0,0.5|0,0|0,0.5|0,0.5|0,0.5|0,0|0,0.5|0,0.5|0,0.5|0,0.5|0,0.5|0,0.5|0,0.5|0,0.5|0,0.5|0,0.5|0,0.5|0,0.5|1,0.5|0,0.5|0,0.5|0,0.5|0,0.5|0,0|0,1
912b69af60ce2408341fa440374195330fe46439,0.5|0,0|0,0|0,0|0,0.5|0,0.5|0,0.5|0,0.5|0,0.5|0,0.5|0,0.5|0,0.5|0,0.5|0,0.5|0,0.5|0,0.5|0,0.5|0,0.5|0,0.5|0,0.5|0,0.5|0,0.5|0,0.5|0,0|0,0.5|0,0.5|0,0.5|0,0|0,0.5|0,0.5|0,0.5|0,0.5|0,0.5|0,0.5|0,0.5|0,0.5|0,0.5|0,0.5|0,0.5|0,0.5|1,0.5|0,0.5|0,0.5|0,0.5|0,0.5|0,0|0,1
ca115774c9d735dc48a241682efded272011c009,0.5|0,0|0,0|0,0|0,0.5|0,0.5|0,0.5|0,0.5|0,0.5|0,0.5|0,0.5|0,0.5|0,0.5|0,0.5|0,0.5|0,0.5|0,0.5|0,0.5|0,0.5|0,0.5|0,0.5|0,0.5|0,0.5|0,0|0,0.5|0,0.5|0,0.5|0,0|0,0.5|0,0.5|0,0.5|0,0.5|0,0.5|0,0.5|0,0.5|0,0.5|0,0.5|0,0.5|0,0.5|0,0.5|1,0.5|0,0.5|0,0.5|0,0.5|0,0.5|0,0|0,1
00ee364a7e0a0cdbf5d5323889f6e2fd9a84cd61,0.5|0,0|0,0|0,0|0,0.5|0,0.5|0,0.5|0,0.5|0,0.5|0,0.5|0,0.5|0,0.5|0,0.5|0,0.5|0,0.5|0,0.5|0,0.5|0,0.5|0,0.5|0,0.5|0,0.5|0,0.5|0,0.5|0,0|0,0.5|0,0.5|0,0.5|0,0|0,0.5|0,0.5|0,0.5|0,0.5|0,0.5|0,0.5|0,0.5|0,0.5|0,0.5|0,0.5|0,0.5|0,0.5|1,0.5|0,0.5|0,0.5|0,0.5|0,0.5|0,0|0,1
b3bf695723d05513199c5009329059116a2bed15,0.5|0,0|0,0|0,0|0,0.5|0,0.5|0,0.5|0,0.5|0,0.5|0,0.5|0,0.5|0,0.5|0,0.5|0,0.5|0,0.5|0,0.5|0,0.5|0,0.5|0,0.5|0,0.5|0,0.5|0,0.5|0,0.5|0,0|0,0.5|0,0.5|0,0.5|0,0|0,0.5|0,0.5|0,0.5|0,0.5|0,0.5|0,0.5|0,0.5|0,0.5|0,0.5|0,0.5|0,0.5|0,0.5|1,0.5|0,0.5|0,0.5|0,0.5|0,0.5|0,0|0,1
b306a4b8edc35fc2a42344be7276f0b2367c85d2,0.5|0,0|0,0|0,0|0,0.5|0,0.5|0,0.5|0,0.5|0,0.5|0,0.5|0,0.5|0,0.5|0,0.5|0,0.5|0,0.5|0,0.5|0,0.5|0,0.5|0,0.5|0,0.5|0,0.5|0,0.5|0,0.5|0,0|0,0.5|0,0.5|0,0.5|0,0|0,0.5|0,0.5|0,0.5|0,0.5|0,0.5|0,0.5|0,0.5|0,0.5|0,0.5|0,0.5|0,0.5|0,0.5|1,0.5|0,0.5|0,0.5|0,0.5|0,0.5|0,0|0,1
354addd6936a94a9c74a1e1fb42284b6b7f51a80,0.5|0,0|0,0|0,0|0,0.5|0,0.5|0,0.5|0,0.5|0,0.5|0,0.5|0,0.5|0,0.5|0,0.5|0,0.5|0,0.5|0,0.5|0,0.5|0,0.5|0,0.5|0,0.5|0,0.5|0,0.5|0,0.5|0,0|0,0.5|0,0.5|0,0.5|0,0|0,0.5|0,0.5|0,0.5|0,0.5|0,0.5|0,0.5|0,0.5|0,0.5|0,0.5|0,0.5|0,0.5|0,0.5|1,0.5|0,0.5|0,0.5|0,0.5|0,0.5|0,0|0,1
9040bc74c94dbd44cd86b29ec3de40621df53467,0.5|0,0|0,0|0,0|0,0.5|0,0.5|0,0.5|0,0.5|0,0.5|0,0.5|0,0.5|0,0.5|0,0.5|0,0.5|0,0.5|0,0.5|0,0.5|0,0.5|0,0.5|0,0.5|0,0.5|0,0.5|0,0.5|0,0|0,0.5|0,0.5|0,0.5|0,0|0,0.5|0,0.5|0,0.5|0,0.5|0,0.5|0,0.5|0,0.5|0,0.5|0,0.5|0,0.5|0,0.5|0,0.5|1,0.5|0,0.5|0,0.5|0,0.5|0,0.5|0,0|0,1
d8d806c79fb78233210d6416e6c34ae1414d9cf8,0.5|0,0|0,0|0,0|0,0.5|0,0.5|0,0.5|0,0.5|0,0.5|0,0.5|0,0.5|0,0.5|0,0.5|0,0.5|0,0.5|0,0.5|0,0.5|0,0.5|0,0.5|0,0.5|0,0.5|0,0.5|0,0.5|0,0|0,0.5|0,0.5|0,0.5|0,0|0,0.5|0,0.5|0,0.5|0,0.5|0,0.5|0,0.5|0,0.5|0,0.5|0,0.5|0,0.5|0,0.5|0,0.5|1,0.5|0,0.5|0,0.5|0,0.5|0,0.5|0,0|0,1
00c62a7c3cbf9e6dbbdb22fcbb611f9f7cc19980,0.5|0,0|0,0|0,0|0,0.5|0,0.5|0,0.5|0,0.5|0,0.5|0,0.5|0,0.5|0,0.5|0,0.5|0,0.5|0,0.5|0,0.5|0,0.5|0,0.5|0,0.5|0,0.5|0,0.5|0,0.5|0,0.5|0,0|0,0.5|0,0.5|0,0.5|0,0|0,0.5|0,0.5|0,0.5|0,0.5|0,0.5|0,0.5|0,0.5|0,0.5|0,0.5|0,0.5|0,0.5|0,0.5|1,0.5|0,0.5|0,0.5|0,0.5|0,0.5|0,0|0,1
eac11030ac7d413fe9d6fe66dad3d312672ffaca,0.5|0,0|0,0|0,0|0,0.5|0,0.5|0,0.5|0,0.5|0,0.5|0,0.5|0,0.5|0,0.5|0,0.5|0,0.5|0,0.5|0,0.5|0,0.5|0,0.5|0,0.5|0,0.5|0,0.5|0,0.5|0,0.5|0,0|0,0.5|0,0.5|0,0.5|0,0|0,0.5|0,0.5|0,0.5|0,0.5|0,0.5|0,0.5|0,0.5|0,0.5|0,0.5|0,0.5|0,0.5|0,0.5|1,0.5|0,0.5|0,0.5|0,0.5|0,0.5|0,0|0,1
4ff1bf29dfbfa860bb79e34536de7090cc009ddc,0.5|0,0|0,0|0,0|0,0.5|0,0.5|0,0.5|0,0.5|0,0.5|0,0.5|0,0.5|0,0.5|0,0.5|0,0.5|0,0.5|0,0.5|0,0.5|0,0.5|0,0.5|0,0.5|0,0.5|0,0.5|0,0.5|0,0|0,0.5|0,0.5|0,0.5|0,0|0,0.5|0,0.5|0,0.5|0,0.5|0,0.5|0,0.5|0,0.5|0,0.5|0,0.5|0,0.5|0,0.5|0,0.5|1,0.5|0,0.5|0,0.5|0,0.5|0,0.5|0,0|0,1
6149c0f880163b0bebd513fa957ece325c77cb88,0.5|0,0|0,0|0,0|0,0.5|0,0.5|0,0.5|0,0.5|0,0.5|0,0.5|0,0.5|0,0.5|0,0.5|0,0.5|0,0.5|0,0.5|0,0.5|0,0.5|0,0.5|0,0.5|0,0.5|0,0.5|0,0.5|0,0|0,0.5|0,0.5|0,0.5|0,0|0,0.5|0,0.5|0,0.5|0,0.5|0,0.5|0,0.5|0,0.5|0,0.5|0,0.5|0,0.5|0,0.5|0,0.5|1,0.5|0,0.5|0,0.5|0,0.5|0,0.5|0,0|0,1
09fbe0a64a11b08a35435f516e9a19f7e0c20d7c,0.5|0,0|0,0|0,0|0,0.5|0,0.5|0,0.5|0,0.5|0,0.5|0,0.5|0,0.5|0,0.5|0,0.5|0,0.5|0,0.5|0,0.5|0,0.5|0,0.5|0,0.5|0,0.5|0,0.5|0,0.5|0,0.5|0,0|0,0.5|0,0.5|0,0.5|0,0|0,0.5|0,0.5|0,0.5|0,0.5|0,0.5|0,0.5|0,0.5|0,0.5|0,0.5|0,0.5|0,0.5|0,0.5|1,0.5|0,0.5|0,0.5|0,0.5|0,0.5|0,0|0,1
ff8e1e197e900e0d716bca1bb92c44164e66b9ba,0.5|0,0|0,0|0,0|0,0.5|0,0.5|0,0.5|0,0.5|0,0.5|0,0.5|0,0.5|0,0.5|0,0.5|0,0.5|0,0.5|0,0.5|0,0.5|0,0.5|0,0.5|0,0.5|0,0.5|0,0.5|0,0.5|0,0|0,0.5|0,0.5|0,0.5|0,0|0,0.5|0,0.5|0,0.5|0,0.5|0,0.5|0,0.5|0,0.5|0,0.5|0,0.5|0,0.5|0,0.5|0,0.5|1,0.5|0,0.5|0,0.5|0,0.5|0,0.5|0,0|0,1
338427d71290a3df44c9f43b49a8609964ec63a6,0.5|0,0|0,0|0,0|0,0.5|0,0.5|0,0.5|0,0.5|0,0.5|0,0.5|0,0.5|0,0.5|0,0.5|0,0.5|0,0.5|0,0.5|0,0.5|0,0.5|0,0.5|0,0.5|0,0.5|0,0.5|0,0.5|0,0|0,0.5|0,0.5|0,0.5|0,0|0,0.5|0,0.5|0,0.5|0,0.5|0,0.5|0,0.5|0,0.5|0,0.5|0,0.5|0,0.5|0,0.5|0,0.5|1,0.5|0,0.5|0,0.5|0,0.5|0,0.5|0,0|0,1
7419cfee6407ff2dad687733da8eb27edd181ef9,0.5|0,0|0,0|0,0|0,0.5|0,0.5|0,0.5|0,0.5|0,0.5|0,0.5|0,0.5|0,0.5|0,0.5|0,0.5|0,0.5|0,0.5|0,0.5|0,0.5|0,0.5|0,0.5|0,0.5|0,0.5|0,0.5|0,0|0,0.5|0,0.5|0,0.5|0,0|0,0.5|0,0.5|0,0.5|0,0.5|0,0.5|0,0.5|0,0.5|0,0.5|0,0.5|0,0.5|1,0.5|0,0.5|1,0.5|0,0.5|0,0.5|0,0.5|0,0.5|0,0|0,2
b6ae9642d359a536e09796102b9fe6fe173169d5,0.5|0,0|0,0|0,0|0,0.5|0,0.5|0,0.5|0,0.5|0,0.5|0,0.5|0,0.5|0,0.5|0,0.5|0,0.5|0,0.5|0,0.5|0,0.5|0,0.5|0,0.5|0,0.5|0,0.5|0,0.5|0,0.5|0,0|0,0.5|0,0.5|0,0.5|0,0|0,0.5|0,0.5|0,0.5|0,0.5|0,0.5|0,0.5|0,0.5|0,0.5|0,0.5|0,0.5|1,0.5|0,0.5|1,0.5|0,0.5|0,0.5|0,0.5|0,0.5|0,0|0,2
2202365b951e7469ff805baf5bf631a8d9a9ec8a,0.5|0,0|0,0|0,0|0,0.5|0,0.5|0,0.5|0,0.5|0,0.5|0,0.5|0,0.5|0,0.5|0,0.5|0,0.5|0,0.5|0,0.5|0,0.5|0,0.5|0,0.5|0,0.5|0,0.5|0,0.5|0,0.5|0,0|0,0.5|0,0.5|0,0.5|0,0|0,0.5|0,0.5|0,0.5|0,0.5|0,0.5|0,0.5|0,0.5|0,0.5|0,0.5|0,0.5|1,0.5|0,0.5|1,0.5|0,0.5|0,0.5|0,0.5|0,0.5|0,0|0,2
59c084b166c814a4331d91e176e757126f9373e9,0.5|0,0|0,0|0,0|0,0.5|0,0.5|0,0.5|0,0.5|0,0.5|0,0.5|0,0.5|0,0.5|0,0.5|0,0.5|0,0.5|0,0.5|0,0.5|0,0.5|0,0.5|0,0.5|0,0.5|0,0.5|0,0.5|0,0|0,0.5|0,0.5|0,0.5|0,0|0,0.5|0,0.5|0,0.5|0,0.5|0,0.5|0,0.5|0,0.5|0,0.5|0,0.5|0,0.5|1,0.5|0,0.5|1,0.5|0,0.5|0,0.5|0,0.5|0,0.5|0,0|0,2
1d492c9ed843a7372692b6a4c946d794ecb8b8b6,0.5|0,0|0,0|0,0|0,0.5|0,0.5|0,0.5|0,0.5|0,0.5|0,0.5|0,0.5|0,0.5|0,0.5|0,0.5|0,0.5|0,0.5|0,0.5|0,0.5|0,0.5|0,0.5|0,0.5|0,0.5|0,0.5|0,0|0,0.5|0,0.5|0,0.5|0,0|0,0.5|0,0.5|0,0.5|0,0.5|0,0.5|0,0.5|0,0.5|0,0.5|0,0.5|0,0.5|1,0.5|0,0.5|1,0.5|0,0.5|0,0.5|0,0.5|0,0.5|0,0|0,2
0b3f8ed849cdf9971224c49a3958f0904a2bbbb5,0.5|0,0|0,0|0,0|0,0.5|0,0.5|0,0.5|0,0.5|0,0.5|0,0.5|0,0.5|0,0.5|0,0.5|0,0.5|0,0.5|0,0.5|0,0.5|0,0.5|0,0.5|0,0.5|0,0.5|0,0.5|0,0.5|0,0|0,0.5|0,0.5|0,0.5|0,0|0,0.5|0,0.5|0,0.5|0,0.5|0,0.5|0,0.5|0,0.5|0,0.5|0,0.5|0,0.5|1,0.5|0,0.5|1,0.5|0,0.5|0,0.5|0,0.5|0,0.5|0,0|0,2
df78e67518f2048042301e45ee62990b21b8a425,0.5|0,0|0,0|0,0|0,0.5|0,0.5|0,0.5|0,0.5|0,0.5|0,0.5|0,0.5|0,0.5|0,0.5|0,0.5|0,0.5|0,0.5|0,0.5|0,0.5|0,0.5|0,0.5|0,0.5|0,0.5|0,0.5|0,0|0,0.5|0,0.5|0,0.5|0,0|0,0.5|0,0.5|0,0.5|0,0.5|0,0.5|0,0.5|0,0.5|0,0.5|0,0.5|0,0.5|1,0.5|0,0.5|1,0.5|0,0.5|0,0.5|0,0.5|0,0.5|0,0|0,2
938e89ca333db0d39f19c0f759f13a938f4b3014,0.5|0,0|0,0|0,0|0,0.5|0,0.5|0,0.5|0,0.5|0,0.5|0,0.5|0,0.5|0,0.5|0,0.5|0,0.5|0,0.5|0,0.5|0,0.5|0,0.5|0,0.5|0,0.5|0,0.5|0,0.5|0,0.5|0,0|0,0.5|0,0.5|0,0.5|0,0|0,0.5|0,0.5|0,0.5|0,0.5|0,0.5|0,0.5|0,0.5|0,0.5|0,0.5|0,0.5|1,0.5|0,0.5|1,0.5|0,0.5|0,0.5|0,0.5|0,0.5|0,0|0,2
bb3c2e82de91860808ca79e43a3bbe09a1c39298,0.5|0,0|0,0|0,0|0,0.5|0,0.5|0,0.5|0,0.5|0,0.5|0,0.5|0,0.5|0,0.5|0,0.5|0,0.5|0,0.5|0,0.5|0,0.5|0,0.5|0,0.5|0,0.5|0,0.5|0,0.5|0,0.5|0,0|0,0.5|0,0.5|0,0.5|0,0|0,0.5|0,0.5|0,0.5|0,0.5|0,0.5|0,0.5|0,0.5|0,0.5|0,0.5|0,0.5|1,0.5|0,0.5|1,0.5|0,0.5|0,0.5|0,0.5|0,0.5|0,0|0,2
11babc7ea33ff1d088aaeb3a1a196df25cb6b779,0.5|0,0|0,0|0,0|0,0.5|0,0.5|0,0.5|0,0.5|0,0.5|0,0.5|0,0.5|0,0.5|0,0.5|0,0.5|0,0.5|0,0.5|0,0.5|0,0.5|0,0.5|0,0.5|0,0.5|0,0.5|0,0.5|0,0|0,0.5|0,0.5|0,0.5|0,0|0,0.5|0,0.5|0,0.5|0,0.5|0,0.5|0,0.5|0,0.5|0,0.5|0,0.5|0,0.5|1,0.5|0,0.5|1,0.5|0,0.5|0,0.5|0,0.5|0,0.5|0,0|0,2
341f58fd8043649b65df737354b35df56c70ce54,0.5|0,0|0,0|0,0|0,0.5|0,0.5|0,0.5|0,0.5|0,0.5|0,0.5|0,0.5|0,0.5|0,0.5|0,0.5|0,0.5|0,0.5|0,0.5|0,0.5|0,0.5|0,0.5|0,0.5|0,0.5|0,0.5|0,0|0,0.5|0,0.5|0,0.5|0,0|0,0.5|0,0.5|0,0.5|0,0.5|0,0.5|0,0.5|0,0.5|0,0.5|0,0.5|0,0.5|1,0.5|0,0.5|1,0.5|0,0.5|0,0.5|0,0.5|0,0.5|0,0|0,2
df0ff9bcbd62482a08038c3f573e461f93e4c602,0.5|0,0|0,0|0,0|0,0.5|0,0.5|0,0.5|0,0.5|0,0.5|0,0.5|0,0.5|0,0.5|0,0.5|0,0.5|0,0.5|0,0.5|0,0.5|0,0.5|0,0.5|0,0.5|0,0.5|0,0.5|0,0.5|0,0|0,0.5|0,0.5|0,0.5|0,0|0,0.5|0,0.5|0,0.5|0,0.5|0,0.5|0,0.5|0,0.5|0,0.5|0,0.5|0,0.5|1,0.5|0,0.5|1,0.5|0,0.5|0,0.5|0,0.5|0,0.5|0,0|0,2
32428026d6dbcf7ee36aa3c882056b869b593d65,0.5|0,0|0,0|0,0|0,0.5|0,0.5|0,0.5|0,0.5|0,0.5|0,0.5|0,0.5|0,0.5|0,0.5|0,0.5|0,0.5|0,0.5|0,0.5|0,0.5|0,0.5|0,0.5|0,0.5|0,0.5|0,0.5|0,0|0,0.5|0,0.5|0,0.5|0,0|0,0.5|0,0.5|0,0.5|0,0.5|0,0.5|0,0.5|0,0.5|0,0.5|0,0.5|0,0.5|1,0.5|0,0.5|1,0.5|0,0.5|0,0.5|0,0.5|0,0.5|0,0|0,2
cf5873ffd72ba8b530429bda3c8931f9ada33747,0.5|0,0|0,0|0,0|0,0.5|0,0.5|0,0.5|0,0.5|0,0.5|0,0.5|0,0.5|0,0.5|0,0.5|0,0.5|0,0.5|0,0.5|0,0.5|0,0.5|0,0.5|0,0.5|0,0.5|0,0.5|0,0.5|0,0|0,0.5|0,0.5|0,0.5|0,0|0,0.5|0,0.5|0,0.5|0,0.5|0,0.5|0,0.5|0,0.5|0,0.5|0,0.5|0,0.5|1,0.5|0,0.5|1,0.5|0,0.5|0,0.5|0,0.5|0,0.5|0,0|0,2
7a172ce11e0b8ebef5af842fc9bc1be6fc3ecc0c,0.5|0,0|0,0|0,0|0,0.5|0,0.5|0,0.5|0,0.5|0,0.5|0,0.5|0,0.5|0,0.5|0,0.5|0,0.5|0,0.5|0,0.5|0,0.5|0,0.5|0,0.5|0,0.5|0,0.5|0,0.5|0,0.5|0,0|0,0.5|0,0.5|0,0.5|0,0|0,0.5|0,0.5|0,0.5|0,0.5|0,0.5|0,0.5|0,0.5|0,0.5|0,0.5|0,0.5|1,0.5|0,0.5|1,0.5|0,0.5|0,0.5|0,0.5|0,0.5|0,0|0,2
831562c141a01f73676ac67df9df1e2ea1658e0d,0.5|0,0|0,0|0,0|0,0.5|0,0.5|0,0.5|0,0.5|0,0.5|0,0.5|0,0.5|0,0.5|0,0.5|0,0.5|0,0.5|0,0.5|0,0.5|0,0.5|0,0.5|0,0.5|0,0.5|0,0.5|0,0.5|0,0|0,0.5|0,0.5|0,0.5|0,0|0,0.5|0,0.5|0,0.5|0,0.5|0,0.5|0,0.5|0,0.5|0,0.5|0,0.5|0,0.5|1,0.5|0,0.5|1,0.5|0,0.5|0,0.5|0,0.5|0,0.5|0,0|0,2
defe7d7f79276b60d92addd47f904f417c6a8ea9,0.5|0,0|0,0|0,0|0,0.5|0,0.5|0,0.5|0,0.5|0,0.5|0,0.5|0,0.5|0,0.5|0,0.5|0,0.5|0,0.5|0,0.5|0,0.5|0,0.5|0,0.5|0,0.5|0,0.5|0,0.5|0,0.5|0,0|0,0.5|0,0.5|0,0.5|0,0|0,0.5|0,0.5|0,0.5|0,0.5|0,0.5|0,0.5|0,0.5|0,0.5|0,0.5|0,0.5|1,0.5|0,0.5|1,0.5|0,0.5|0,0.5|0,0.5|0,0.5|0,0|0,2
8dcaa5c0e11a7af1b529d0d657f4b37f11e8ec11,0.5|0,0|0,0|0,0|0,0.5|0,0.5|0,0.5|0,0.5|0,0.5|0,0.5|0,0.5|0,0.5|0,0.5|0,0.5|0,0.5|0,0.5|0,0.5|0,0.5|0,0.5|0,0.5|0,0.5|0,0.5|0,0.5|0,0|0,0.5|0,0.5|0,0.5|0,0|0,0.5|0,0.5|0,0.5|0,0.5|0,0.5|0,0.5|0,0.5|0,0.5|0,0.5|0,0.5|1,0.5|0,0.5|1,0.5|0,0.5|0,0.5|0,0.5|0,0.5|0,0|0,2
bdf54d725bb3e751b63af171e08203e3e434c587,0.5|0,0|0,0|0,0|0,0.5|0,0.5|0,0.5|0,0.5|0,0.5|0,0.5|0,0.5|0,0.5|0,0.5|0,0.5|0,0.5|0,0.5|0,0.5|0,0.5|0,0.5|0,0.5|0,0.5|0,0.5|0,0.5|0,0|0,0.5|0,0.5|0,0.5|0,0|0,0.5|0,0.5|0,0.5|0,0.5|0,0.5|0,0.5|0,0.5|0,0.5|0,0.5|0,0.5|0,0.5|0,0.5|1,0.5|0,0.5|0,0.5|0,0.5|0,0.5|0,0|0,1
d1773cc8e364bcc4934c6f577259c1098950c2c0,0.5|0,0|0,0|0,0|0,0.5|0,0.5|0,0.5|0,0.5|0,0.5|0,0.5|0,0.5|0,0.5|0,0.5|0,0.5|0,0.5|0,0.5|0,0.5|0,0.5|0,0.5|0,0.5|0,0.5|0,0.5|0,0.5|0,0|0,0.5|0,0.5|0,0.5|0,0|0,0.5|0,0.5|0,0.5|0,0.5|0,0.5|0,0.5|0,0.5|0,0.5|0,0.5|0,0.5|0,0.5|0,0.5|1,0.5|0,0.5|0,0.5|0,0.5|0,0.5|0,0|0,1
e2cc08bfe56dcd2738b684c44eb478cea352de4f,0.5|0,0|0,0|0,0|0,0.5|0,0.5|0,0.5|0,0.5|0,0.5|0,0.5|0,0.5|0,0.5|0,0.5|0,0.5|0,0.5|0,0.5|0,0.5|0,0.5|0,0.5|0,0.5|0,0.5|0,0.5|0,0.5|0,0|0,0.5|0,0.5|0,0.5|0,0|0,0.5|0,0.5|0,0.5|0,0.5|0,0.5|0,0.5|0,0.5|0,0.5|0,0.5|0,0.5|0,0.5|0,0.5|1,0.5|0,0.5|0,0.5|0,0.5|0,0.5|0,0|0,1
c73a0988cd8d15d435b259f5f51f7f6d3a417dbf,0.5|0,0|0,0|0,0|0,0.5|0,0.5|0,0.5|0,0.5|0,0.5|0,0.5|0,0.5|0,0.5|0,0.5|0,0.5|0,0.5|0,0.5|0,0.5|0,0.5|0,0.5|0,0.5|0,0.5|0,0.5|0,0.5|0,0|0,0.5|0,0.5|0,0.5|0,0|0,0.5|0,0.5|0,0.5|0,0.5|0,0.5|0,0.5|0,0.5|0,0.5|0,0.5|0,0.5|0,0.5|0,0.5|1,0.5|0,0.5|0,0.5|0,0.5|0,0.5|0,0|0,1
c43360f8e65d9caa590070c5fa7211be63e6b408,0.5|0,0|0,0|0,0|0,0.5|0,0.5|0,0.5|0,0.5|0,0.5|0,0.5|0,0.5|0,0.5|0,0.5|0,0.5|0,0.5|0,0.5|0,0.5|0,0.5|0,0.5|0,0.5|0,0.5|0,0.5|0,0.5|0,0|0,0.5|0,0.5|0,0.5|0,0|0,0.5|0,0.5|0,0.5|0,0.5|0,0.5|0,0.5|0,0.5|0,0.5|0,0.5|0,0.5|0,0.5|0,0.5|1,0.5|0,0.5|0,0.5|0,0.5|0,0.5|0,0|0,1
20a29c393f5cff3864a75070b2988fe1be1c6d17,0.5|0,0|0,0|0,0|0,0.5|0,0.5|0,0.5|0,0.5|0,0.5|0,0.5|0,0.5|0,0.5|0,0.5|0,0.5|0,0.5|0,0.5|0,0.5|0,0.5|0,0.5|0,0.5|0,0.5|0,0.5|0,0.5|0,0|0,0.5|0,0.5|0,0.5|0,0|0,0.5|0,0.5|0,0.5|0,0.5|0,0.5|0,0.5|0,0.5|0,0.5|0,0.5|0,0.5|0,0.5|0,0.5|1,0.5|0,0.5|0,0.5|0,0.5|0,0.5|0,0|0,1
9c8b2d63dafc526ff3f0872e8e88e67f72d875d1,0.5|0,0|0,0|0,0|0,0.5|0,0.5|0,0.5|0,0.5|0,0.5|0,0.5|0,0.5|0,0.5|0,0.5|0,0.5|0,0.5|0,0.5|0,0.5|0,0.5|0,0.5|0,0.5|0,0.5|0,0.5|0,0.5|0,0|0,0.5|0,0.5|0,0.5|0,0|0,0.5|0,0.5|0,0.5|0,0.5|0,0.5|0,0.5|0,0.5|0,0.5|0,0.5|0,0.5|0,0.5|0,0.5|1,0.5|0,0.5|0,0.5|0,0.5|0,0.5|0,0|0,1
432de5eb57ace31dfca130300ebdfca9abd363f2,0.5|0,0|0,0|0,0|0,0.5|0,0.5|0,0.5|0,0.5|0,0.5|0,0.5|0,0.5|0,0.5|0,0.5|0,0.5|0,0.5|0,0.5|0,0.5|0,0.5|0,0.5|0,0.5|0,0.5|0,0.5|0,0.5|0,0|0,0.5|0,0.5|0,0.5|0,0|0,0.5|0,0.5|0,0.5|0,0.5|0,0.5|0,0.5|0,0.5|0,0.5|0,0.5|0,0.5|0,0.5|0,0.5|1,0.5|0,0.5|0,0.5|0,0.5|0,0.5|0,0|0,1
6cd8f8cc6dded6e872f8befaf63c18266d5bcabc,0.5|0,0|0,0|0,0|0,0.5|0,0.5|0,0.5|0,0.5|0,0.5|0,0.5|0,0.5|0,0.5|0,0.5|0,0.5|0,0.5|0,0.5|0,0.5|0,0.5|0,0.5|0,0.5|0,0.5|0,0.5|0,0.5|0,0|0,0.5|0,0.5|0,0.5|0,0|0,0.5|0,0.5|0,0.5|0,0.5|0,0.5|0,0.5|0,0.5|0,0.5|0,0.5|0,0.5|0,0.5|0,0.5|1,0.5|0,0.5|0,0.5|0,0.5|0,0.5|0,0|0,1
c287eb835b537ce64d9293a52ca13e670b6d3b0d,0.5|0,0|0,0|0,0|0,0.5|0,0.5|0,0.5|0,0.5|0,0.5|0,0.5|0,0.5|0,0.5|0,0.5|0,0.5|0,0.5|0,0.5|0,0.5|0,0.5|0,0.5|0,0.5|0,0.5|0,0.5|0,0.5|0,0|0,0.5|0,0.5|0,0.5|0,0|0,0.5|0,0.5|0,0.5|0,0.5|0,0.5|0,0.5|0,0.5|0,0.5|0,0.5|0,0.5|0,0.5|0,0.5|1,0.5|0,0.5|0,0.5|0,0.5|0,0.5|0,0|0,1
ab09b8ce2e72c562ad1bfc2ec2cecca9c23fb2a8,0.5|0,0|0,0|0,0|0,0.5|0,0.5|0,0.5|0,0.5|0,0.5|0,0.5|0,0.5|0,0.5|0,0.5|0,0.5|0,0.5|0,0.5|0,0.5|0,0.5|0,0.5|0,0.5|0,0.5|0,0.5|0,0.5|0,0|0,0.5|0,0.5|0,0.5|0,0|0,0.5|0,0.5|0,0.5|0,0.5|0,0.5|0,0.5|0,0.5|0,0.5|0,0.5|0,0.5|0,0.5|0,0.5|1,0.5|0,0.5|0,0.5|0,0.5|0,0.5|0,0|0,1
b2b61011ae888c0d61e623797c24df869187d1d9,0.5|0,0|0,0|0,0|0,0.5|0,0.5|0,0.5|0,0.5|0,0.5|0,0.5|0,0.5|0,0.5|0,0.5|0,0.5|0,0.5|0,0.5|0,0.5|0,0.5|0,0.5|0,0.5|0,0.5|0,0.5|0,0.5|0,0|0,0.5|0,0.5|0,0.5|0,0|0,0.5|0,0.5|0,0.5|0,0.5|0,0.5|0,0.5|0,0.5|0,0.5|0,0.5|0,0.5|0,0.5|0,0.5|1,0.5|0,0.5|0,0.5|0,0.5|0,0.5|0,0|0,1
4296ec969a8a7c7864b710c542be755b4bc467f0,0.5|0,0|0,0|0,0|0,0.5|0,0.5|0,0.5|0,0.5|0,0.5|0,0.5|0,0.5|0,0.5|0,0.5|0,0.5|0,0.5|0,0.5|0,0.5|0,0.5|0,0.5|0,0.5|0,0.5|0,0.5|0,0.5|0,0|0,0.5|0,0.5|0,0.5|0,0|0,0.5|0,0.5|0,0.5|0,0.5|0,0.5|0,0.5|0,0.5|0,0.5|0,0.5|0,0.5|0,0.5|0,0.5|1,0.5|0,0.5|0,0.5|0,0.5|0,0.5|0,0|0,1
227ab5c105cb8066465f948054b6b710d840d3ce,0.5|0,0|0,0|0,0|0,0.5|0,0.5|0,0.5|0,0.5|0,0.5|0,0.5|0,0.5|0,0.5|0,0.5|0,0.5|0,0.5|0,0.5|0,0.5|0,0.5|0,0.5|0,0.5|0,0.5|0,0.5|0,0.5|0,0|0,0.5|0,0.5|0,0.5|0,0|0,0.5|0,0.5|0,0.5|0,0.5|0,0.5|0,0.5|0,0.5|0,0.5|0,0.5|0,0.5|0,0.5|0,0.5|1,0.5|0,0.5|0,0.5|0,0.5|0,0.5|0,0|0,1
d393fb969db617ff73250754a8aea11950758a59,0.5|0,0|0,0|0,0|0,0.5|0,0.5|0,0.5|0,0.5|0,0.5|0,0.5|0,0.5|0,0.5|0,0.5|0,0.5|0,0.5|0,0.5|0,0.5|0,0.5|0,0.5|0,0.5|0,0.5|0,0.5|0,0.5|0,0|0,0.5|0,0.5|0,0.5|0,0|0,0.5|0,0.5|0,0.5|0,0.5|0,0.5|0,0.5|0,0.5|0,0.5|0,0.5|0,0.5|0,0.5|0,0.5|1,0.5|0,0.5|0,0.5|0,0.5|0,0.5|0,0|0,1
5f1caeb54ee31973f5ba952f1c0beb0eed3d6523,0.5|0,0|0,0|0,0|0,0.5|0,0.5|0,0.5|0,0.5|0,0.5|0,0.5|0,0.5|0,0.5|0,0.5|0,0.5|0,0.5|0,0.5|0,0.5|0,0.5|0,0.5|0,0.5|0,0.5|0,0.5|0,0.5|0,0|0,0.5|0,0.5|0,0.5|0,0|0,0.5|0,0.5|0,0.5|0,0.5|0,0.5|0,0.5|0,0.5|0,0.5|0,0.5|0,0.5|0,0.5|0,0.5|1,0.5|0,0.5|0,0.5|0,0.5|0,0.5|0,0|0,1
c96f4512fa4bbc0266c1bba43812f76361190699,0.5|0,0|0,0|0,0|0,0.5|0,0.5|0,0.5|0,0.5|0,0.5|0,0.5|0,0.5|0,0.5|0,0.5|0,0.5|0,0.5|0,0.5|0,0.5|0,0.5|0,0.5|0,0.5|0,0.5|0,0.5|0,0.5|0,0|0,0.5|0,0.5|0,0.5|0,0|0,0.5|0,0.5|0,0.5|0,0.5|0,0.5|0,0.5|0,0.5|0,0.5|0,0.5|0,0.5|0,0.5|0,0.5|1,0.5|0,0.5|0,0.5|0,0.5|0,0.5|0,0|0,1
6cf78382959b32150e21086043345f9792f704c8,0.5|0,0|0,0|0,0|0,0.5|0,0.5|0,0.5|0,0.5|0,0.5|0,0.5|0,0.5|0,0.5|0,0.5|0,0.5|0,0.5|0,0.5|0,0.5|0,0.5|0,0.5|0,0.5|0,0.5|0,0.5|0,0.5|0,0|0,0.5|0,0.5|0,0.5|0,0|0,0.5|0,0.5|0,0.5|0,0.5|0,0.5|0,0.5|0,0.5|0,0.5|0,0.5|0,0.5|0,0.5|0,0.5|1,0.5|0,0.5|0,0.5|0,0.5|0,0.5|0,0|0,1
8f6a006e36eef0ae386f7e663d3ebecfad6a2dc9,0.5|0,0|0,0|0,0|0,0.5|0,0.5|0,0.5|0,0.5|0,0.5|0,0.5|0,0.5|0,0.5|0,0.5|0,0.5|0,0.5|0,0.5|0,0.5|0,0.5|0,0.5|0,0.5|0,0.5|0,0.5|0,0.5|0,0|0,0.5|0,0.5|0,0.5|0,0|0,0.5|0,0.5|0,0.5|0,0.5|0,0.5|0,0.5|0,0.5|0,0.5|0,0.5|0,0.5|0,0.5|0,0.5|1,0.5|0,0.5|0,0.5|0,0.5|0,0.5|0,0|0,1
bb72aa476733b9bec738bae87e1f6a5a664da897,0.5|0,0|0,0|0,0|0,0.5|0,0.5|0,0.5|0,0.5|0,0.5|0,0.5|0,0.5|0,0.5|0,0.5|0,0.5|0,0.5|0,0.5|0,0.5|0,0.5|0,0.5|0,0.5|0,0.5|0,0.5|0,0.5|0,0|0,0.5|0,0.5|0,0.5|0,0|0,0.5|0,0.5|0,0.5|0,0.5|0,0.5|0,0.5|0,0.5|0,0.5|0,0.5|0,0.5|0,0.5|0,0.5|1,0.5|0,0.5|0,0.5|0,0.5|0,0.5|0,0|0,1
008a1790e4eda1db5c298693780c3eb1aba87a0b,0.5|0,0|0,0|0,0|0,0.5|0,0.5|0,0.5|0,0.5|0,0.5|0,0.5|0,0.5|0,0.5|0,0.5|0,0.5|0,0.5|0,0.5|0,0.5|0,0.5|0,0.5|0,0.5|0,0.5|0,0.5|0,0.5|0,0|0,0.5|0,0.5|0,0.5|0,0|0,0.5|0,0.5|0,0.5|0,0.5|0,0.5|0,0.5|0,0.5|0,0.5|0,0.5|0,0.5|0,0.5|0,0.5|1,0.5|0,0.5|0,0.5|0,0.5|0,0.5|0,0|0,1
7c5c811eb0a58150045dccff612574820b02a628,0.5|0,0|0,0|0,0|0,0.5|0,0.5|0,0.5|0,0.5|0,0.5|0,0.5|0,0.5|0,0.5|0,0.5|0,0.5|0,0.5|0,0.5|0,0.5|0,0.5|0,0.5|0,0.5|0,0.5|0,0.5|0,0.5|0,0|0,0.5|0,0.5|0,0.5|0,0|0,0.5|0,0.5|0,0.5|0,0.5|0,0.5|0,0.5|0,0.5|0,0.5|0,0.5|0,0.5|0,0.5|0,0.5|1,0.5|0,0.5|0,0.5|0,0.5|0,0.5|0,0|0,1
59b00b00a72a2f393be03f1e8fcfc07c8b90187b,0.5|0,0|0,0|0,0|0,0.5|0,0.5|0,0.5|0,0.5|0,0.5|0,0.5|0,0.5|0,0.5|0,0.5|0,0.5|0,0.5|0,0.5|0,0.5|0,0.5|0,0.5|0,0.5|0,0.5|0,0.5|0,0.5|0,0|0,0.5|0,0.5|0,0.5|0,0|0,0.5|0,0.5|0,0.5|0,0.5|0,0.5|0,0.5|0,0.5|0,0.5|0,0.5|0,0.5|0,0.5|0,0.5|1,0.5|0,0.5|0,0.5|0,0.5|0,0.5|0,0|0,1
5ca82ad84b9622a94655cb33797dd952e81b6e9b,0.5|0,0|0,0|0,0|0,0.5|0,0.5|0,0.5|0,0.5|0,0.5|0,0.5|0,0.5|0,0.5|0,0.5|0,0.5|0,0.5|0,0.5|0,0.5|0,0.5|0,0.5|0,0.5|0,0.5|0,0.5|0,0.5|0,0|0,0.5|0,0.5|0,0.5|0,0|0,0.5|0,0.5|0,0.5|0,0.5|0,0.5|0,0.5|0,0.5|0,0.5|0,0.5|0,0.5|0,0.5|0,0.5|1,0.5|0,0.5|0,0.5|0,0.5|0,0.5|0,0|0,1
1a01e8dc687df706ef775122a5bc31baa07f12d4,0.5|0,0|0,0|0,0|0,0.5|0,0.5|0,0.5|0,0.5|0,0.5|0,0.5|0,0.5|0,0.5|0,0.5|0,0.5|0,0.5|0,0.5|0,0.5|0,0.5|0,0.5|0,0.5|0,0.5|0,0.5|0,0.5|0,0|0,0.5|0,0.5|0,0.5|0,0|0,0.5|0,0.5|0,0.5|0,0.5|0,0.5|0,0.5|0,0.5|0,0.5|0,0.5|0,0.5|0,0.5|0,0.5|1,0.5|0,0.5|0,0.5|0,0.5|0,0.5|0,0|0,1
f2d1edbedf4b36eafb6869ffd5684d2558c1d355,0.5|0,0|0,0|0,0|0,0.5|0,0.5|0,0.5|0,0.5|0,0.5|0,0.5|0,0.5|0,0.5|0,0.5|0,0.5|0,0.5|0,0.5|0,0.5|0,0.5|0,0.5|0,0.5|0,0.5|0,0.5|0,0.5|0,0|0,0.5|0,0.5|0,0.5|0,0|0,0.5|0,0.5|0,0.5|0,0.5|0,0.5|0,0.5|0,0.5|0,0.5|0,0.5|0,0.5|0,0.5|0,0.5|1,0.5|0,0.5|0,0.5|0,0.5|0,0.5|0,0|0,1
69ccb39741a99999db07bb56e01fc53774b69621,0.5|0,0|0,0|0,0|0,0.5|0,0.5|0,0.5|0,0.5|0,0.5|0,0.5|0,0.5|0,0.5|0,0.5|0,0.5|0,0.5|0,0.5|0,0.5|0,0.5|0,0.5|0,0.5|0,0.5|0,0.5|0,0.5|0,0|0,0.5|0,0.5|0,0.5|0,0|0,0.5|0,0.5|0,0.5|0,0.5|0,0.5|0,0.5|0,0.5|0,0.5|0,0.5|0,0.5|0,0.5|0,0.5|1,0.5|0,0.5|0,0.5|0,0.5|0,0.5|0,0|0,1
5f6fa6d1642184ebcff9efee84ca4c90b156796f,0.5|0,0|0,0|0,0|0,0.5|0,0.5|0,0.5|0,0.5|0,0.5|0,0.5|0,0.5|0,0.5|0,0.5|0,0.5|0,0.5|0,0.5|0,0.5|0,0.5|0,0.5|0,0.5|0,0.5|0,0.5|0,0.5|0,0|0,0.5|0,0.5|0,0.5|0,0|0,0.5|0,0.5|0,0.5|0,0.5|0,0.5|0,0.5|0,0.5|0,0.5|0,0.5|0,0.5|0,0.5|0,0.5|1,0.5|0,0.5|0,0.5|0,0.5|0,0.5|0,0|0,1
5fe60876866661183b1a917838c1176c356de90c,0.5|0,0|0,0|0,0|0,0.5|0,0.5|0,0.5|0,0.5|0,0.5|0,0.5|0,0.5|0,0.5|0,0.5|0,0.5|0,0.5|0,0.5|0,0.5|0,0.5|0,0.5|0,0.5|0,0.5|0,0.5|0,0.5|0,0|0,0.5|0,0.5|0,0.5|0,0|0,0.5|0,0.5|0,0.5|0,0.5|0,0.5|0,0.5|0,0.5|0,0.5|0,0.5|0,0.5|0,0.5|0,0.5|1,0.5|0,0.5|0,0.5|0,0.5|0,0.5|0,0|0,1
fdb1649a49ee376853eace751002ef422f06623c,0.5|0,0|0,0|0,0|0,0.5|0,0.5|0,0.5|0,0.5|0,0.5|0,0.5|0,0.5|0,0.5|0,0.5|0,0.5|0,0.5|0,0.5|0,0.5|0,0.5|0,0.5|0,0.5|0,0.5|0,0.5|0,0.5|0,0|0,0.5|0,0.5|0,0.5|0,0|0,0.5|0,0.5|0,0.5|0,0.5|0,0.5|0,0.5|0,0.5|0,0.5|0,0.5|0,0.5|0,0.5|0,0.5|1,0.5|0,0.5|0,0.5|0,0.5|0,0.5|0,0|0,1
060e894d5b7822bdb4c1a2d565490c7c1de80c0c,0.5|0,0|0,0|0,0|0,0.5|0,0.5|0,0.5|0,0.5|0,0.5|0,0.5|0,0.5|0,0.5|0,0.5|0,0.5|0,0.5|0,0.5|0,0.5|0,0.5|0,0.5|0,0.5|0,0.5|0,0.5|0,0.5|0,0|0,0.5|0,0.5|0,0.5|0,0|0,0.5|0,0.5|0,0.5|0,0.5|0,0.5|0,0.5|0,0.5|0,0.5|0,0.5|0,0.5|0,0.5|0,0.5|1,0.5|0,0.5|0,0.5|0,0.5|0,0.5|0,0|0,1
77ac58e553fd4efa311522ca349f939fb1212c94,0.5|0,0|0,0|0,0|0,0.5|0,0.5|0,0.5|0,0.5|0,0.5|0,0.5|0,0.5|0,0.5|0,0.5|0,0.5|0,0.5|0,0.5|0,0.5|0,0.5|0,0.5|0,0.5|0,0.5|0,0.5|0,0.5|0,0|0,0.5|0,0.5|0,0.5|0,0|0,0.5|0,0.5|0,0.5|0,0.5|0,0.5|0,0.5|0,0.5|0,0.5|0,0.5|0,0.5|0,0.5|0,0.5|1,0.5|0,0.5|0,0.5|0,0.5|0,0.5|0,0|0,1
eed47acfc8532486a830404268def82cb0794f77,0.5|0,0|0,0|0,0|0,0.5|0,0.5|0,0.5|0,0.5|0,0.5|0,0.5|0,0.5|0,0.5|0,0.5|0,0.5|0,0.5|0,0.5|0,0.5|0,0.5|0,0.5|0,0.5|0,0.5|0,0.5|0,0.5|0,0|0,0.5|0,0.5|0,0.5|0,0|0,0.5|0,0.5|0,0.5|0,0.5|0,0.5|0,0.5|0,0.5|0,0.5|0,0.5|0,0.5|0,0.5|0,0.5|1,0.5|0,0.5|0,0.5|0,0.5|0,0.5|0,0|0,1
422d0025421565f56be4e75d1217fb96fcf41dc8,0.5|0,0|0,0|0,0|0,0.5|0,0.5|0,0.5|0,0.5|0,0.5|0,0.5|0,0.5|0,0.5|0,0.5|0,0.5|0,0.5|0,0.5|0,0.5|0,0.5|0,0.5|0,0.5|0,0.5|0,0.5|0,0.5|0,0|0,0.5|0,0.5|0,0.5|0,0|0,0.5|0,0.5|0,0.5|0,0.5|0,0.5|0,0.5|0,0.5|0,0.5|0,0.5|0,0.5|0,0.5|0,0.5|1,0.5|0,0.5|0,0.5|0,0.5|0,0.5|0,0|0,1
b5fb2066cb9dc71669d38d5a03bd1a6d1992a112,0.5|0,0|0,0|0,0|0,0.5|0,0.5|0,0.5|0,0.5|0,0.5|0,0.5|0,0.5|0,0.5|0,0.5|0,0.5|0,0.5|0,0.5|0,0.5|0,0.5|0,0.5|0,0.5|0,0.5|0,0.5|0,0.5|0,0|0,0.5|0,0.5|0,0.5|0,0|0,0.5|0,0.5|0,0.5|0,0.5|0,0.5|0,0.5|0,0.5|0,0.5|0,0.5|0,0.5|0,0.5|0,0.5|1,0.5|0,0.5|0,0.5|0,0.5|0,0.5|0,0|0,1
50c0212df1a11b62d870d9be25d64d03b8e957cb,0.5|0,0|0,0|0,0|0,0.5|0,0.5|0,0.5|0,0.5|0,0.5|0,0.5|0,0.5|0,0.5|0,0.5|0,0.5|0,0.5|0,0.5|0,0.5|0,0.5|0,0.5|0,0.5|0,0.5|0,0.5|0,0.5|0,0|0,0.5|0,0.5|0,0.5|0,0|0,0.5|0,0.5|0,0.5|0,0.5|0,0.5|0,0.5|0,0.5|0,0.5|0,0.5|0,0.5|0,0.5|0,0.5|1,0.5|0,0.5|0,0.5|0,0.5|0,0.5|0,0|0,1
faaff58620feabe3221c75ef9b503e1c459b795a,0.5|0,0|0,0|0,0|0,0.5|0,0.5|0,0.5|0,0.5|0,0.5|0,0.5|0,0.5|0,0.5|0,0.5|0,0.5|0,0.5|0,0.5|0,0.5|0,0.5|0,0.5|0,0.5|0,0.5|0,0.5|0,0.5|0,0|0,0.5|0,0.5|0,0.5|0,0|0,0.5|0,0.5|0,0.5|0,0.5|0,0.5|0,0.5|0,0.5|0,0.5|0,0.5|0,0.5|0,0.5|0,0.5|1,0.5|0,0.5|0,0.5|0,0.5|0,0.5|0,0|0,1
a74fc089c4df8161feddf8c1bf5aabfb0e271b7d,0.5|0,0|0,0|0,0|0,0.5|0,0.5|0,0.5|0,0.5|0,0.5|0,0.5|0,0.5|0,0.5|0,0.5|0,0.5|0,0.5|0,0.5|0,0.5|0,0.5|0,0.5|0,0.5|0,0.5|0,0.5|0,0.5|0,0|0,0.5|0,0.5|0,0.5|0,0|0,0.5|0,0.5|0,0.5|0,0.5|0,0.5|0,0.5|0,0.5|0,0.5|0,0.5|0,0.5|0,0.5|0,0.5|1,0.5|0,0.5|0,0.5|0,0.5|0,0.5|0,0|0,1
192a32207c09af0d9eea34bfa3a1198583dabb3e,0.5|0,0|0,0|0,0|0,0.5|0,0.5|0,0.5|0,0.5|0,0.5|0,0.5|0,0.5|0,0.5|0,0.5|0,0.5|0,0.5|0,0.5|0,0.5|0,0.5|0,0.5|0,0.5|0,0.5|0,0.5|0,0.5|0,0|0,0.5|0,0.5|0,0.5|0,0|0,0.5|0,0.5|0,0.5|0,0.5|0,0.5|0,0.5|0,0.5|0,0.5|0,0.5|0,0.5|0,0.5|0,0.5|1,0.5|0,0.5|0,0.5|0,0.5|0,0.5|0,0|0,1
75f7da5c2670cd8ff169bf8249d3147b055900a1,0.5|0,0|0,0|0,0|0,0.5|0,0.5|0,0.5|0,0.5|0,0.5|0,0.5|0,0.5|0,0.5|0,0.5|0,0.5|0,0.5|0,0.5|0,0.5|0,0.5|0,0.5|0,0.5|0,0.5|0,0.5|0,0.5|0,0|0,0.5|0,0.5|0,0.5|0,0|0,0.5|0,0.5|0,0.5|0,0.5|0,0.5|0,0.5|0,0.5|0,0.5|0,0.5|0,0.5|0,0.5|0,0.5|1,0.5|0,0.5|0,0.5|0,0.5|0,0.5|0,0|0,1
a1de0285ebfd13236b3488a6ee5b82963b946b1b,0.5|0,0|0,0|0,0|0,0.5|0,0.5|0,0.5|0,0.5|0,0.5|0,0.5|0,0.5|0,0.5|0,0.5|0,0.5|0,0.5|0,0.5|0,0.5|0,0.5|0,0.5|0,0.5|0,0.5|0,0.5|0,0.5|0,0|0,0.5|0,0.5|0,0.5|0,0|0,0.5|0,0.5|0,0.5|0,0.5|0,0.5|0,0.5|0,0.5|0,0.5|0,0.5|0,0.5|0,0.5|0,0.5|1,0.5|0,0.5|0,0.5|0,0.5|0,0.5|0,0|0,1
44459895889042e8d4e434c2f2b5cdece15a5728,0.5|0,0|0,0|0,0|0,0.5|0,0.5|0,0.5|0,0.5|0,0.5|0,0.5|0,0.5|0,0.5|0,0.5|0,0.5|0,0.5|0,0.5|0,0.5|0,0.5|0,0.5|0,0.5|0,0.5|0,0.5|0,0.5|0,0|0,0.5|0,0.5|0,0.5|0,0|0,0.5|0,0.5|0,0.5|0,0.5|0,0.5|0,0.5|0,0.5|0,0.5|0,0.5|0,0.5|0,0.5|0,0.5|1,0.5|0,0.5|0,0.5|0,0.5|0,0.5|0,0|0,1
5aa3d9126f913d022f8a8ea44c34c9b0d471bb47,0.5|0,0|0,0|0,0|0,0.5|0,0.5|0,0.5|0,0.5|0,0.5|0,0.5|0,0.5|0,0.5|0,0.5|0,0.5|0,0.5|0,0.5|0,0.5|0,0.5|0,0.5|0,0.5|0,0.5|0,0.5|0,0.5|0,0|0,0.5|0,0.5|0,0.5|0,0|0,0.5|0,0.5|0,0.5|0,0.5|0,0.5|0,0.5|0,0.5|0,0.5|0,0.5|0,0.5|0,0.5|0,0.5|1,0.5|0,0.5|0,0.5|0,0.5|0,0.5|0,0|0,1
4ff8aa48b2a58a29411ffab1c81c76ff0aae6f30,0.5|0,0|0,0|0,0|0,0.5|0,0.5|0,0.5|0,0.5|0,0.5|0,0.5|0,0.5|0,0.5|0,0.5|0,0.5|0,0.5|0,0.5|0,0.5|0,0.5|0,0.5|0,0.5|0,0.5|0,0.5|0,0.5|0,0|0,0.5|0,0.5|0,0.5|0,0|0,0.5|0,0.5|0,0.5|0,0.5|0,0.5|0,0.5|0,0.5|0,0.5|0,0.5|0,0.5|0,0.5|0,0.5|1,0.5|0,0.5|0,0.5|0,0.5|0,0.5|0,0|0,1
b3d3e3b2101b176499ef716fa993bd82f194790f,0.5|0,0|0,0|0,0|0,0.5|0,0.5|0,0.5|0,0.5|0,0.5|0,0.5|0,0.5|0,0.5|0,0.5|0,0.5|0,0.5|0,0.5|0,0.5|0,0.5|0,0.5|0,0.5|0,0.5|0,0.5|0,0.5|0,0|0,0.5|0,0.5|0,0.5|0,0|0,0.5|0,0.5|0,0.5|0,0.5|0,0.5|0,0.5|0,0.5|0,0.5|0,0.5|0,0.5|0,0.5|0,0.5|1,0.5|0,0.5|0,0.5|0,0.5|0,0.5|0,0|0,1
b3ab66020fe45745200b0f8d48f0c8de65100ed0,0.5|0,0|0,0|0,0|0,0.5|0,0.5|0,0.5|0,0.5|0,0.5|0,0.5|0,0.5|0,0.5|0,0.5|0,0.5|0,0.5|0,0.5|0,0.5|0,0.5|0,0.5|0,0.5|0,0.5|0,0.5|0,0.5|0,0|0,0.5|0,0.5|0,0.5|0,0|0,0.5|0,0.5|0,0.5|0,0.5|0,0.5|0,0.5|0,0.5|0,0.5|0,0.5|0,0.5|0,0.5|0,0.5|1,0.5|0,0.5|0,0.5|0,0.5|0,0.5|0,0|0,1
8ff286060115765474618f79a82cc6a04c5928de,0.5|0,0|0,0|0,0|0,0.5|0,0.5|0,0.5|0,0.5|0,0.5|0,0.5|0,0.5|0,0.5|0,0.5|0,0.5|0,0.5|0,0.5|0,0.5|0,0.5|0,0.5|0,0.5|0,0.5|0,0.5|0,0.5|0,0|0,0.5|0,0.5|0,0.5|0,0|0,0.5|0,0.5|0,0.5|0,0.5|0,0.5|0,0.5|0,0.5|0,0.5|0,0.5|0,0.5|0,0.5|0,0.5|1,0.5|0,0.5|0,0.5|0,0.5|0,0.5|0,0|0,1
e7a5eaecde866a028fce78ccfa5bcf8fda558036,0.5|0,0|0,0|0,0|0,0.5|0,0.5|0,0.5|0,0.5|0,0.5|0,0.5|0,0.5|0,0.5|0,0.5|0,0.5|0,0.5|0,0.5|0,0.5|0,0.5|0,0.5|0,0.5|0,0.5|0,0.5|0,0.5|0,0|0,0.5|0,0.5|0,0.5|0,0|0,0.5|0,0.5|0,0.5|0,0.5|0,0.5|0,0.5|0,0.5|0,0.5|0,0.5|0,0.5|0,0.5|0,0.5|1,0.5|0,0.5|0,0.5|0,0.5|0,0.5|0,0|0,1
461589517e50c201bf063c7d4dbb3639e43f4268,0.5|0,0|0,0|0,0|0,0.5|0,0.5|0,0.5|0,0.5|0,0.5|0,0.5|0,0.5|0,0.5|0,0.5|0,0.5|0,0.5|0,0.5|0,0.5|0,0.5|0,0.5|0,0.5|0,0.5|0,0.5|0,0.5|0,0|0,0.5|0,0.5|0,0.5|0,0|0,0.5|0,0.5|0,0.5|0,0.5|0,0.5|0,0.5|0,0.5|0,0.5|0,0.5|0,0.5|0,0.5|0,0.5|1,0.5|0,0.5|0,0.5|0,0.5|0,0.5|0,0|0,1
7fa8d882d83577334c7c91843eb40c2ebae8bf74,0.5|0,0|0,0|0,0|0,0.5|0,0.5|0,0.5|0,0.5|0,0.5|0,0.5|0,0.5|0,0.5|0,0.5|0,0.5|0,0.5|0,0.5|0,0.5|0,0.5|0,0.5|0,0.5|0,0.5|0,0.5|0,0.5|0,0|0,0.5|0,0.5|0,0.5|0,0|0,0.5|0,0.5|0,0.5|0,0.5|0,0.5|0,0.5|0,0.5|0,0.5|0,0.5|0,0.5|0,0.5|0,0.5|1,0.5|0,0.5|0,0.5|0,0.5|0,0.5|0,0|0,1
388dfb8e1309d1998aa9e16a85b33041f9008035,0.5|0,0|0,0|0,0|0,0.5|0,0.5|0,0.5|0,0.5|0,0.5|0,0.5|0,0.5|0,0.5|0,0.5|0,0.5|0,0.5|0,0.5|0,0.5|0,0.5|0,0.5|0,0.5|0,0.5|0,0.5|0,0.5|0,0|0,0.5|0,0.5|0,0.5|0,0|0,0.5|0,0.5|0,0.5|0,0.5|0,0.5|0,0.5|0,0.5|0,0.5|0,0.5|0,0.5|0,0.5|0,0.5|1,0.5|0,0.5|0,0.5|0,0.5|0,0.5|0,0|0,1
f4a1739f9c950963f94915916d0a9f088a803abc,0.5|0,0|0,0|0,0|0,0.5|0,0.5|0,0.5|0,0.5|0,0.5|0,0.5|0,0.5|0,0.5|0,0.5|0,0.5|0,0.5|0,0.5|0,0.5|0,0.5|0,0.5|0,0.5|0,0.5|0,0.5|0,0.5|0,0|0,0.5|0,0.5|0,0.5|0,0|0,0.5|0,0.5|0,0.5|0,0.5|0,0.5|0,0.5|0,0.5|0,0.5|0,0.5|0,0.5|0,0.5|0,0.5|1,0.5|0,0.5|0,0.5|0,0.5|0,0.5|0,0|0,1
52d987b603f49d996b4060f43265d1cf43c3c482,0|0,0|0,0|0,0|0,0|0,0|0,0|0,0|0,0|0,0|0,0|0,0|0,0|0,0|0,0|0,0|0,0|0,0|0,0|0,0|0,0|0,0|0,0|0,0|0,0|0,0|0,0|0,0|0,0|0,0|0,0|0,0|0,0|0,0|0,0|0,0|0,0|0,0|0,0|0,0|1,0|0,0|0,0|0,0|0,0|0,0|0,1
76459094605efd46bd71ce28ce9616280f4a440d,0|0,0|0,0|0,0|0,0|0,0|0,0|0,0|0,0|0,0|0,0|0,0|0,0|0,0|0,0|0,0|0,0|0,0|0,0|0,0|0,0|0,0|0,0|0,0|0,0|0,0|0,0|0,0|0,0|0,0|0,0|0,0|0,0|0,0|0,0|0,0|0,0|0,0|0,0|0,0|1,0|0,0|0,0|0,0|0,0|0,0|0,1
c019946f601bf3b55f64f78841a0d696e6c0bfc5,0.5|0,0|0,0|0,0|0,0.5|0,0.5|0,0.5|0,0.5|0,0.5|0,0.5|0,0.5|0,0.5|0,0.5|0,0.5|0,0.5|0,0.5|0,0.5|0,0.5|0,0.5|0,0.5|0,0.5|0,0.5|0,0.5|0,0|0,0.5|0,0.5|0,0.5|0,0|0,0.5|0,0.5|0,0.5|0,0.5|0,0.5|0,0.5|0,0.5|0,0.5|0,0.5|0,0.5|0,0.5|0,0.5|1,0.5|0,0.5|0,0.5|0,0.5|0,0.5|0,0|0,1
175f863665ce9850398a415fc35ec4ee848b096f,0.5|0,0|0,0|0,0|0,0.5|0,0.5|0,0.5|0,0.5|0,0.5|0,0.5|0,0.5|0,0.5|0,0.5|0,0.5|0,0.5|0,0.5|0,0.5|0,0.5|0,0.5|0,0.5|0,0.5|0,0.5|0,0.5|0,0|0,0.5|0,0.5|0,0.5|0,0|0,0.5|0,0.5|0,0.5|0,0.5|0,0.5|0,0.5|0,0.5|0,0.5|0,0.5|0,0.5|0,0.5|0,0.5|1,0.5|0,0.5|0,0.5|0,0.5|0,0.5|0,0|0,1
814f9cd21e6220dc3ef298b3432e908697f6b220,0.5|0,0|0,0|0,0|0,0.5|0,0.5|0,0.5|0,0.5|0,0.5|0,0.5|0,0.5|0,0.5|0,0.5|0,0.5|0,0.5|0,0.5|0,0.5|0,0.5|0,0.5|0,0.5|0,0.5|0,0.5|0,0.5|0,0|0,0.5|0,0.5|0,0.5|0,0|0,0.5|0,0.5|0,0.5|0,0.5|0,0.5|0,0.5|0,0.5|0,0.5|0,0.5|0,0.5|0,0.5|0,0.5|1,0.5|0,0.5|0,0.5|0,0.5|0,0.5|0,0|0,1
a1c3d05a74af8a278909d486e331a00c178a38a1,0.5|0,0|0,0|0,0|0,0.5|0,0.5|0,0.5|0,0.5|0,0.5|0,0.5|0,0.5|0,0.5|0,0.5|0,0.5|0,0.5|0,0.5|0,0.5|0,0.5|0,0.5|0,0.5|0,0.5|0,0.5|0,0.5|0,0|0,0.5|0,0.5|0,0.5|0,0|0,0.5|0,0.5|0,0.5|0,0.5|0,0.5|0,0.5|0,0.5|0,0.5|0,0.5|0,0.5|0,0.5|0,0.5|1,0.5|0,0.5|0,0.5|0,0.5|0,0.5|0,0|0,1
105f661e46803a3eb3543dd9bddd251622e878d4,0.5|0,0|0,0|0,0|0,0.5|0,0.5|0,0.5|0,0.5|0,0.5|0,0.5|0,0.5|0,0.5|0,0.5|0,0.5|0,0.5|0,0.5|0,0.5|0,0.5|0,0.5|0,0.5|0,0.5|0,0.5|0,0.5|0,0|0,0.5|0,0.5|0,0.5|0,0|0,0.5|0,0.5|0,0.5|0,0.5|0,0.5|0,0.5|0,0.5|0,0.5|0,0.5|0,0.5|0,0.5|0,0.5|1,0.5|0,0.5|0,0.5|0,0.5|0,0.5|0,0|0,1
15042870f94d19d824e5f80c6274690711f72ef7,0.5|0,0|0,0|0,0|0,0.5|0,0.5|0,0.5|0,0.5|0,0.5|0,0.5|0,0.5|0,0.5|0,0.5|0,0.5|0,0.5|0,0.5|0,0.5|0,0.5|0,0.5|0,0.5|0,0.5|0,0.5|0,0.5|0,0|0,0.5|0,0.5|0,0.5|0,0|0,0.5|0,0.5|0,0.5|0,0.5|0,0.5|0,0.5|0,0.5|0,0.5|0,0.5|0,0.5|0,0.5|0,0.5|1,0.5|0,0.5|0,0.5|0,0.5|0,0.5|0,0|0,1
a31e79fc3c728acb01f03547197cccb95aa2265a,0.5|0,0|0,0|0,0|0,0.5|0,0.5|0,0.5|0,0.5|0,0.5|0,0.5|0,0.5|0,0.5|0,0.5|0,0.5|0,0.5|0,0.5|0,0.5|0,0.5|0,0.5|0,0.5|0,0.5|0,0.5|0,0.5|0,0|0,0.5|0,0.5|0,0.5|0,0|0,0.5|0,0.5|0,0.5|0,0.5|0,0.5|0,0.5|0,0.5|0,0.5|0,0.5|0,0.5|0,0.5|0,0.5|1,0.5|0,0.5|0,0.5|0,0.5|0,0.5|0,0|0,1
2636c07571ecc19f832c81b71544a0ef2a69a3a6,0.5|0,0|0,0|0,0|0,0.5|0,0.5|0,0.5|0,0.5|0,0.5|0,0.5|0,0.5|0,0.5|0,0.5|0,0.5|0,0.5|0,0.5|0,0.5|0,0.5|0,0.5|0,0.5|0,0.5|0,0.5|0,0.5|0,0|0,0.5|0,0.5|0,0.5|0,0|0,0.5|0,0.5|0,0.5|0,0.5|0,0.5|0,0.5|0,0.5|0,0.5|0,0.5|0,0.5|0,0.5|0,0.5|1,0.5|0,0.5|0,0.5|0,0.5|0,0.5|0,0|0,1
056e742304dc408e10753f5929ded5a20aead601,0.5|0,0|0,0|0,0|0,0.5|0,0.5|0,0.5|0,0.5|0,0.5|0,0.5|0,0.5|0,0.5|0,0.5|0,0.5|0,0.5|0,0.5|0,0.5|0,0.5|0,0.5|0,0.5|0,0.5|0,0.5|0,0.5|0,0|0,0.5|0,0.5|0,0.5|0,0|0,0.5|0,0.5|0,0.5|0,0.5|0,0.5|0,0.5|0,0.5|0,0.5|0,0.5|0,0.5|0,0.5|0,0.5|1,0.5|0,0.5|0,0.5|0,0.5|0,0.5|0,0|0,1
feaa1df1ed69123af9c44420a5db1ae096631fa0,0.5|0,0|0,0|0,0|0,0.5|0,0.5|0,0.5|0,0.5|0,0.5|0,0.5|0,0.5|0,0.5|0,0.5|0,0.5|0,0.5|0,0.5|0,0.5|0,0.5|0,0.5|0,0.5|0,0.5|0,0.5|0,0.5|0,0|0,0.5|0,0.5|0,0.5|0,0|0,0.5|0,0.5|0,0.5|0,0.5|0,0.5|0,0.5|0,0.5|0,0.5|0,0.5|0,0.5|0,0.5|0,0.5|1,0.5|0,0.5|0,0.5|0,0.5|0,0.5|0,0|0,1
d254ae54f3af143ff34c2657c028cda4198e9e9c,0.5|0,0|0,0|0,0|0,0.5|0,0.5|0,0.5|0,0.5|0,0.5|0,0.5|0,0.5|0,0.5|0,0.5|0,0.5|0,0.5|0,0.5|0,0.5|0,0.5|0,0.5|0,0.5|0,0.5|0,0.5|0,0.5|0,0|0,0.5|0,0.5|0,0.5|0,0|0,0.5|0,0.5|0,0.5|0,0.5|0,0.5|0,0.5|0,0.5|0,0.5|0,0.5|0,0.5|0,0.5|0,0.5|1,0.5|0,0.5|0,0.5|0,0.5|0,0.5|0,0|0,1
ff4e010501ff057e353c7f1d9785b5caadceade3,0.5|0,0|0,0|0,0|0,0.5|0,0.5|0,0.5|0,0.5|0,0.5|0,0.5|0,0.5|0,0.5|0,0.5|0,0.5|0,0.5|0,0.5|0,0.5|0,0.5|0,0.5|0,0.5|0,0.5|0,0.5|0,0.5|0,0|0,0.5|0,0.5|0,0.5|0,0|0,0.5|0,0.5|0,0.5|0,0.5|0,0.5|0,0.5|0,0.5|0,0.5|0,0.5|0,0.5|0,0.5|0,0.5|1,0.5|0,0.5|0,0.5|0,0.5|0,0.5|0,0|0,1
f8076e3a58e628d6761d16acdb4c8c7220a260ec,0.5|0,0|0,0|0,0|0,0.5|0,0.5|0,0.5|0,0.5|0,0.5|0,0.5|0,0.5|0,0.5|0,0.5|0,0.5|0,0.5|0,0.5|0,0.5|0,0.5|0,0.5|0,0.5|0,0.5|0,0.5|0,0.5|0,0|0,0.5|0,0.5|0,0.5|0,0|0,0.5|0,0.5|0,0.5|0,0.5|0,0.5|0,0.5|0,0.5|0,0.5|0,0.5|0,0.5|0,0.5|0,0.5|1,0.5|0,0.5|0,0.5|0,0.5|0,0.5|0,0|0,1
9b958769738c2b63f195d1ee2d112206704cce7e,0.5|0,0|0,0|0,0|0,0.5|0,0.5|0,0.5|0,0.5|0,0.5|0,0.5|0,0.5|0,0.5|0,0.5|0,0.5|0,0.5|0,0.5|0,0.5|0,0.5|0,0.5|0,0.5|0,0.5|0,0.5|0,0.5|0,0|0,0.5|0,0.5|0,0.5|0,0|0,0.5|0,0.5|0,0.5|0,0.5|0,0.5|0,0.5|0,0.5|0,0.5|0,0.5|0,0.5|0,0.5|0,0.5|1,0.5|0,0.5|0,0.5|0,0.5|0,0.5|0,0|0,1
510517126a63f828754826b5bcfc4b4d1d3791d4,0.5|0,0|0,0|0,0|0,0.5|0,0.5|0,0.5|0,0.5|0,0.5|0,0.5|0,0.5|0,0.5|0,0.5|0,0.5|0,0.5|0,0.5|0,0.5|0,0.5|0,0.5|0,0.5|0,0.5|0,0.5|0,0.5|0,0|0,0.5|0,0.5|0,0.5|0,0|0,0.5|0,0.5|0,0.5|0,0.5|0,0.5|0,0.5|0,0.5|0,0.5|0,0.5|0,0.5|0,0.5|0,0.5|1,0.5|0,0.5|0,0.5|0,0.5|0,0.5|0,0|0,1
dfe6557e181afc5d4fb4d01241760920fd4b7b69,0.5|0,0|0,0|0,0|0,0.5|0,0.5|0,0.5|0,0.5|0,0.5|0,0.5|0,0.5|0,0.5|0,0.5|0,0.5|0,0.5|0,0.5|0,0.5|0,0.5|0,0.5|0,0.5|0,0.5|0,0.5|0,0.5|0,0|0,0.5|0,0.5|0,0.5|0,0|0,0.5|0,0.5|0,0.5|0,0.5|0,0.5|0,0.5|0,0.5|0,0.5|0,0.5|0,0.5|0,0.5|0,0.5|1,0.5|0,0.5|0,0.5|0,0.5|0,0.5|0,0|0,1
997dce0f04816b4d8440f1cfa924a89e7cee4846,0.5|0,0|0,0|0,0|0,0.5|0,0.5|0,0.5|0,0.5|0,0.5|0,0.5|0,0.5|0,0.5|0,0.5|0,0.5|0,0.5|0,0.5|0,0.5|0,0.5|0,0.5|0,0.5|0,0.5|0,0.5|0,0.5|0,0|0,0.5|0,0.5|0,0.5|0,0|0,0.5|0,0.5|0,0.5|0,0.5|0,0.5|0,0.5|0,0.5|0,0.5|0,0.5|0,0.5|0,0.5|0,0.5|1,0.5|0,0.5|0,0.5|0,0.5|0,0.5|0,0|0,1
2edfaeba4ada90ca8771a44132d2b9cc85e45570,0.5|0,0|0,0|0,0|0,0.5|0,0.5|0,0.5|0,0.5|0,0.5|0,0.5|0,0.5|0,0.5|0,0.5|0,0.5|0,0.5|0,0.5|0,0.5|0,0.5|0,0.5|0,0.5|0,0.5|0,0.5|0,0.5|0,0|0,0.5|0,0.5|0,0.5|0,0|0,0.5|0,0.5|0,0.5|0,0.5|0,0.5|0,0.5|0,0.5|0,0.5|0,0.5|0,0.5|0,0.5|0,0.5|1,0.5|0,0.5|0,0.5|0,0.5|0,0.5|0,0|0,1
1fcd03a6b6b7dcf0b6306ab1b1112290d4351d65,0.5|0,0|0,0|0,0|0,0.5|0,0.5|0,0.5|0,0.5|0,0.5|0,0.5|0,0.5|0,0.5|0,0.5|0,0.5|0,0.5|0,0.5|0,0.5|0,0.5|0,0.5|0,0.5|0,0.5|0,0.5|0,0.5|0,0|0,0.5|0,0.5|0,0.5|0,0|0,0.5|0,0.5|0,0.5|0,0.5|0,0.5|0,0.5|0,0.5|0,0.5|0,0.5|0,0.5|0,0.5|0,0.5|1,0.5|0,0.5|0,0.5|0,0.5|0,0.5|0,0|0,1
df599e5effaf1a76a89a014a1f488b27fa88cc52,0.5|0,0|0,0|0,0|0,0.5|0,0.5|0,0.5|0,0.5|0,0.5|0,0.5|0,0.5|0,0.5|0,0.5|0,0.5|0,0.5|0,0.5|0,0.5|0,0.5|0,0.5|0,0.5|0,0.5|0,0.5|0,0.5|0,0|0,0.5|0,0.5|0,0.5|0,0|0,0.5|0,0.5|0,0.5|0,0.5|0,0.5|0,0.5|0,0.5|0,0.5|0,0.5|0,0.5|0,0.5|0,0.5|1,0.5|0,0.5|0,0.5|0,0.5|0,0.5|0,0|0,1
b4cb14ec1922b16a52c24324792f2bd7819f04a7,0.5|0,0|0,0|0,0|0,0.5|0,0.5|0,0.5|0,0.5|0,0.5|0,0.5|0,0.5|0,0.5|0,0.5|0,0.5|0,0.5|0,0.5|0,0.5|0,0.5|0,0.5|0,0.5|0,0.5|0,0.5|0,0.5|0,0|0,0.5|0,0.5|0,0.5|0,0|0,0.5|0,0.5|0,0.5|0,0.5|0,0.5|0,0.5|0,0.5|0,0.5|0,0.5|0,0.5|0,0.5|0,0.5|1,0.5|0,0.5|0,0.5|0,0.5|0,0.5|0,0|0,1
cba2d12051aa39ce59ba4dfdb24c6ef8d98d3a7b,0.5|0,0|0,0|0,0|0,0.5|0,0.5|0,0.5|0,0.5|0,0.5|0,0.5|0,0.5|0,0.5|0,0.5|0,0.5|0,0.5|0,0.5|0,0.5|0,0.5|0,0.5|0,0.5|0,0.5|0,0.5|0,0.5|0,0|0,0.5|0,0.5|0,0.5|0,0|0,0.5|0,0.5|0,0.5|0,0.5|0,0.5|0,0.5|0,0.5|0,0.5|0,0.5|0,0.5|0,0.5|0,0.5|1,0.5|0,0.5|0,0.5|0,0.5|0,0.5|0,0|0,1
9c235796af60977ba316c612d4a02014896127f8,0.5|0,0|0,0|0,0|0,0.5|0,0.5|0,0.5|0,0.5|0,0.5|0,0.5|0,0.5|0,0.5|0,0.5|0,0.5|0,0.5|0,0.5|0,0.5|0,0.5|0,0.5|0,0.5|0,0.5|0,0.5|0,0.5|0,0|0,0.5|0,0.5|0,0.5|0,0|0,0.5|0,0.5|0,0.5|0,0.5|0,0.5|0,0.5|0,0.5|0,0.5|0,0.5|0,0.5|0,0.5|0,0.5|1,0.5|0,0.5|0,0.5|0,0.5|0,0.5|0,0|0,1
407155755da29734e9b8a8e7a6960c568b1d3188,0.5|0,0|0,0|0,0|0,0.5|0,0.5|0,0.5|0,0.5|0,0.5|0,0.5|0,0.5|0,0.5|0,0.5|0,0.5|0,0.5|0,0.5|0,0.5|0,0.5|0,0.5|0,0.5|0,0.5|0,0.5|0,0.5|0,0|0,0.5|0,0.5|0,0.5|0,0|0,0.5|0,0.5|0,0.5|0,0.5|0,0.5|0,0.5|0,0.5|0,0.5|0,0.5|0,0.5|0,0.5|0,0.5|1,0.5|0,0.5|0,0.5|0,0.5|0,0.5|0,0|0,1
ae2bedce3aa151d55e7bce46188d206f9fe0abec,0.5|0,0|0,0|0,0|0,0.5|0,0.5|0,0.5|0,0.5|0,0.5|0,0.5|0,0.5|0,0.5|0,0.5|0,0.5|0,0.5|0,0.5|0,0.5|0,0.5|0,0.5|0,0.5|0,0.5|0,0.5|0,0.5|0,0|0,0.5|0,0.5|0,0.5|0,0|0,0.5|0,0.5|0,0.5|0,0.5|0,0.5|0,0.5|0,0.5|0,0.5|0,0.5|0,0.5|0,0.5|0,0.5|1,0.5|0,0.5|0,0.5|0,0.5|0,0.5|0,0|0,1
7c19de49047a5731f3107ff17854e9afe839cc61,0.5|0,0|0,0|0,0|0,0.5|0,0.5|0,0.5|0,0.5|0,0.5|0,0.5|0,0.5|0,0.5|0,0.5|0,0.5|0,0.5|0,0.5|0,0.5|0,0.5|0,0.5|0,0.5|0,0.5|0,0.5|0,0.5|0,0|0,0.5|0,0.5|0,0.5|0,0|0,0.5|0,0.5|0,0.5|0,0.5|0,0.5|0,0.5|0,0.5|0,0.5|0,0.5|0,0.5|0,0.5|0,0.5|1,0.5|0,0.5|0,0.5|0,0.5|0,0.5|0,0|0,1
842e0a36485e873d2e39702cf3caa3f64a7f7b0c,0.5|0,0|0,0|0,0|0,0.5|0,0.5|0,0.5|0,0.5|0,0.5|0,0.5|0,0.5|0,0.5|0,0.5|0,0.5|0,0.5|0,0.5|0,0.5|0,0.5|0,0.5|0,0.5|0,0.5|0,0.5|0,0.5|0,0|0,0.5|0,0.5|0,0.5|0,0|0,0.5|0,0.5|0,0.5|0,0.5|0,0.5|0,0.5|0,0.5|0,0.5|0,0.5|0,0.5|0,0.5|0,0.5|1,0.5|0,0.5|0,0.5|0,0.5|0,0.5|0,0|0,1
b80218a0e45f9c18a0492c4e6679ba8ebc5ca22c,0.5|0,0|0,0|0,0|0,0.5|0,0.5|0,0.5|0,0.5|0,0.5|0,0.5|0,0.5|0,0.5|0,0.5|0,0.5|0,0.5|0,0.5|0,0.5|0,0.5|0,0.5|0,0.5|0,0.5|0,0.5|0,0.5|0,0|0,0.5|0,0.5|0,0.5|0,0|0,0.5|0,0.5|0,0.5|0,0.5|0,0.5|0,0.5|0,0.5|0,0.5|0,0.5|0,0.5|0,0.5|0,0.5|1,0.5|0,0.5|0,0.5|0,0.5|0,0.5|0,0|0,1
be1ac1b430c7e6b601bf75b91943161cef5cd5df,0.5|0,0|0,0|0,0|0,0.5|0,0.5|0,0.5|0,0.5|0,0.5|0,0.5|0,0.5|0,0.5|0,0.5|0,0.5|0,0.5|0,0.5|0,0.5|0,0.5|0,0.5|0,0.5|0,0.5|0,0.5|0,0.5|0,0|0,0.5|0,0.5|0,0.5|0,0|0,0.5|0,0.5|0,0.5|0,0.5|0,0.5|0,0.5|0,0.5|0,0.5|0,0.5|0,0.5|0,0.5|0,0.5|1,0.5|0,0.5|0,0.5|0,0.5|0,0.5|0,0|0,1
ac1113b9acf8f8e6087eb474648bceb8c88adc75,0.5|0,0|0,0|0,0|0,0.5|0,0.5|0,0.5|0,0.5|0,0.5|0,0.5|0,0.5|0,0.5|0,0.5|0,0.5|0,0.5|0,0.5|0,0.5|0,0.5|0,0.5|0,0.5|0,0.5|0,0.5|0,0.5|0,0|0,0.5|0,0.5|0,0.5|0,0|0,0.5|0,0.5|0,0.5|0,0.5|0,0.5|0,0.5|0,0.5|0,0.5|0,0.5|0,0.5|0,0.5|0,0.5|1,0.5|0,0.5|0,0.5|0,0.5|0,0.5|0,0|0,1
b472a492712dc63cdd8cfc6db5f0b8ff49e960cb,0.5|0,0|0,0|0,0|0,0.5|0,0.5|0,0.5|0,0.5|0,0.5|0,0.5|0,0.5|0,0.5|0,0.5|0,0.5|0,0.5|0,0.5|0,0.5|0,0.5|0,0.5|0,0.5|0,0.5|0,0.5|0,0.5|0,0|0,0.5|0,0.5|0,0.5|0,0|0,0.5|0,0.5|0,0.5|0,0.5|0,0.5|0,0.5|0,0.5|0,0.5|0,0.5|0,0.5|0,0.5|0,0.5|1,0.5|0,0.5|0,0.5|0,0.5|0,0.5|0,0|0,1
c72660d7d3d406382a298e5ae4a5c11442f09099,0.5|0,0|0,0|0,0|0,0.5|0,0.5|0,0.5|0,0.5|0,0.5|0,0.5|0,0.5|0,0.5|0,0.5|0,0.5|0,0.5|0,0.5|0,0.5|0,0.5|0,0.5|0,0.5|0,0.5|0,0.5|0,0.5|0,0|0,0.5|0,0.5|0,0.5|0,0|0,0.5|0,0.5|0,0.5|0,0.5|0,0.5|0,0.5|0,0.5|0,0.5|0,0.5|0,0.5|0,0.5|0,0.5|1,0.5|0,0.5|0,0.5|0,0.5|0,0.5|0,0|0,1
5702c6fb0827042a16ce2fc61efa18d35ad4c3da,0.5|0,0|0,0|0,0|0,0.5|0,0.5|0,0.5|0,0.5|0,0.5|0,0.5|0,0.5|0,0.5|0,0.5|0,0.5|0,0.5|0,0.5|0,0.5|0,0.5|0,0.5|0,0.5|0,0.5|0,0.5|0,0.5|0,0|0,0.5|0,0.5|0,0.5|0,0|0,0.5|0,0.5|0,0.5|0,0.5|0,0.5|0,0.5|0,0.5|0,0.5|0,0.5|0,0.5|0,0.5|0,0.5|1,0.5|0,0.5|0,0.5|0,0.5|0,0.5|0,0|0,1
e1edb08f06c0ed153167cfe0f43a17247d3b0c2c,0.5|0,0|0,0|0,0|0,0.5|0,0.5|0,0.5|0,0.5|0,0.5|0,0.5|0,0.5|0,0.5|0,0.5|0,0.5|0,0.5|0,0.5|0,0.5|0,0.5|0,0.5|0,0.5|0,0.5|0,0.5|0,0.5|0,0|0,0.5|0,0.5|0,0.5|0,0|0,0.5|0,0.5|0,0.5|0,0.5|0,0.5|0,0.5|0,0.5|0,0.5|0,0.5|0,0.5|0,0.5|0,0.5|1,0.5|0,0.5|0,0.5|0,0.5|0,0.5|0,0|0,1
a9204eb9365432d3ea26b4ca930dfb380b68b4ad,0.5|0,0|0,0|0,0|0,0.5|0,0.5|0,0.5|0,0.5|0,0.5|0,0.5|0,0.5|0,0.5|0,0.5|0,0.5|0,0.5|0,0.5|0,0.5|0,0.5|0,0.5|0,0.5|0,0.5|0,0.5|0,0.5|0,0|0,0.5|0,0.5|0,0.5|0,0|0,0.5|0,0.5|0,0.5|0,0.5|0,0.5|0,0.5|0,0.5|0,0.5|0,0.5|0,0.5|0,0.5|0,0.5|1,0.5|0,0.5|0,0.5|0,0.5|0,0.5|0,0|0,1
d66aa49787cea811a8fcb585b939ce3ca5c6852e,0.5|0,0|0,0|0,0|0,0.5|0,0.5|0,0.5|0,0.5|0,0.5|0,0.5|0,0.5|0,0.5|0,0.5|0,0.5|0,0.5|0,0.5|0,0.5|0,0.5|0,0.5|0,0.5|0,0.5|0,0.5|0,0.5|0,0|0,0.5|0,0.5|0,0.5|0,0|0,0.5|0,0.5|0,0.5|0,0.5|0,0.5|0,0.5|0,0.5|0,0.5|0,0.5|0,0.5|0,0.5|0,0.5|1,0.5|0,0.5|0,0.5|0,0.5|0,0.5|0,0|0,1
00eb2393f40790ffea13f24a2dd0be7424894982,0.5|0,0|0,0|0,0|0,0.5|0,0.5|0,0.5|0,0.5|0,0.5|0,0.5|0,0.5|0,0.5|0,0.5|0,0.5|0,0.5|0,0.5|0,0.5|0,0.5|0,0.5|0,0.5|0,0.5|0,0.5|0,0.5|0,0|0,0.5|0,0.5|0,0.5|0,0|0,0.5|0,0.5|0,0.5|0,0.5|0,0.5|0,0.5|0,0.5|0,0.5|0,0.5|0,0.5|0,0.5|0,0.5|1,0.5|0,0.5|0,0.5|0,0.5|0,0.5|0,0|0,1
e85d6d7db79b560b2d9f9759b632c02e4188d8af,0.5|0,0|0,0|0,0|0,0.5|0,0.5|0,0.5|0,0.5|0,0.5|0,0.5|0,0.5|0,0.5|0,0.5|0,0.5|0,0.5|0,0.5|0,0.5|0,0.5|0,0.5|0,0.5|0,0.5|0,0.5|0,0.5|0,0|0,0.5|0,0.5|0,0.5|0,0|0,0.5|0,0.5|0,0.5|0,0.5|0,0.5|0,0.5|0,0.5|0,0.5|0,0.5|0,0.5|0,0.5|0,0.5|1,0.5|0,0.5|0,0.5|0,0.5|0,0.5|0,0|0,1
ce6f11840d1ae7a9f1e1537d004c4814842fa305,0.5|0,0|0,0|0,0|0,0.5|0,0.5|0,0.5|0,0.5|0,0.5|0,0.5|0,0.5|0,0.5|0,0.5|0,0.5|0,0.5|0,0.5|0,0.5|0,0.5|0,0.5|0,0.5|0,0.5|0,0.5|0,0.5|0,0|0,0.5|0,0.5|0,0.5|0,0|0,0.5|0,0.5|0,0.5|0,0.5|0,0.5|0,0.5|0,0.5|0,0.5|0,0.5|0,0.5|0,0.5|0,0.5|1,0.5|0,0.5|0,0.5|0,0.5|0,0.5|0,0|0,1
52005e88ed9730c605db23573f63ba6a17cd45e5,0.5|0,0|0,0|0,0|0,0.5|0,0.5|0,0.5|0,0.5|0,0.5|0,0.5|0,0.5|0,0.5|0,0.5|0,0.5|0,0.5|0,0.5|0,0.5|0,0.5|0,0.5|0,0.5|0,0.5|0,0.5|0,0.5|0,0|0,0.5|0,0.5|0,0.5|0,0|0,0.5|0,0.5|0,0.5|0,0.5|0,0.5|0,0.5|0,0.5|0,0.5|0,0.5|0,0.5|0,0.5|0,0.5|1,0.5|0,0.5|0,0.5|0,0.5|0,0.5|0,0|0,1
9d040f63170951266da688551f65b353c8145072,0.5|0,0|0,0|0,0|0,0.5|0,0.5|0,0.5|0,0.5|0,0.5|0,0.5|0,0.5|0,0.5|0,0.5|0,0.5|0,0.5|0,0.5|0,0.5|0,0.5|0,0.5|0,0.5|0,0.5|0,0.5|0,0.5|0,0|0,0.5|0,0.5|0,0.5|0,0|0,0.5|0,0.5|0,0.5|0,0.5|0,0.5|0,0.5|0,0.5|0,0.5|0,0.5|0,0.5|0,0.5|0,0.5|1,0.5|0,0.5|0,0.5|0,0.5|0,0.5|0,0|0,1
40d7354dd7cedb80bcf1eb5a0480c7efc85eafc1,0.5|0,0|0,0|0,0|0,0.5|0,0.5|0,0.5|0,0.5|0,0.5|0,0.5|0,0.5|0,0.5|0,0.5|0,0.5|0,0.5|0,0.5|0,0.5|0,0.5|0,0.5|0,0.5|0,0.5|0,0.5|0,0.5|0,0|0,0.5|0,0.5|0,0.5|0,0|0,0.5|0,0.5|0,0.5|0,0.5|0,0.5|0,0.5|0,0.5|0,0.5|0,0.5|0,0.5|0,0.5|0,0.5|1,0.5|0,0.5|0,0.5|0,0.5|0,0.5|0,0|0,1
a25b2a7e37f03a187854f88412e09ca68c63810e,0.5|0,0|0,0|0,0|0,0.5|0,0.5|0,0.5|0,0.5|0,0.5|0,0.5|0,0.5|0,0.5|0,0.5|0,0.5|0,0.5|0,0.5|0,0.5|0,0.5|0,0.5|0,0.5|0,0.5|0,0.5|0,0.5|0,0|0,0.5|0,0.5|0,0.5|0,0|0,0.5|0,0.5|0,0.5|0,0.5|0,0.5|0,0.5|0,0.5|0,0.5|0,0.5|0,0.5|0,0.5|0,0.5|1,0.5|0,0.5|0,0.5|0,0.5|0,0.5|0,0|0,1
523f22b942b1649272e7b89000d25db6278aa1b0,0.5|0,0|0,0|0,0|0,0.5|0,0.5|0,0.5|0,0.5|0,0.5|0,0.5|0,0.5|0,0.5|0,0.5|0,0.5|0,0.5|0,0.5|0,0.5|0,0.5|0,0.5|0,0.5|0,0.5|0,0.5|0,0.5|0,0|0,0.5|0,0.5|0,0.5|0,0|0,0.5|0,0.5|0,0.5|0,0.5|0,0.5|0,0.5|0,0.5|0,0.5|0,0.5|0,0.5|0,0.5|0,0.5|1,0.5|0,0.5|0,0.5|0,0.5|0,0.5|0,0|0,1
e6b332aa4a1399e33df68998cf8351bccaee3fc4,0.5|0,0|0,0|0,0|0,0.5|0,0.5|0,0.5|0,0.5|0,0.5|0,0.5|0,0.5|0,0.5|0,0.5|0,0.5|0,0.5|0,0.5|0,0.5|0,0.5|0,0.5|0,0.5|0,0.5|0,0.5|0,0.5|0,0|0,0.5|0,0.5|0,0.5|0,0|0,0.5|0,0.5|0,0.5|0,0.5|0,0.5|0,0.5|0,0.5|0,0.5|0,0.5|0,0.5|0,0.5|0,0.5|1,0.5|0,0.5|0,0.5|0,0.5|0,0.5|0,0|0,1
86a3e4c8c331773156283d365aa6a9b103ca44ff,0.5|0,0|0,0|0,0|0,0.5|0,0.5|0,0.5|0,0.5|0,0.5|0,0.5|0,0.5|0,0.5|0,0.5|0,0.5|0,0.5|0,0.5|0,0.5|0,0.5|0,0.5|0,0.5|0,0.5|0,0.5|0,0.5|0,0|0,0.5|0,0.5|0,0.5|0,0|0,0.5|0,0.5|0,0.5|0,0.5|0,0.5|0,0.5|0,0.5|0,0.5|0,0.5|0,0.5|0,0.5|0,0.5|1,0.5|0,0.5|0,0.5|0,0.5|0,0.5|0,0|0,1
b190dab6bc23bcacf127f1f8d93df257f40bb898,0.5|0,0|0,0|0,0|0,0.5|0,0.5|0,0.5|0,0.5|0,0.5|0,0.5|0,0.5|0,0.5|0,0.5|0,0.5|0,0.5|0,0.5|0,0.5|0,0.5|0,0.5|0,0.5|0,0.5|0,0.5|0,0.5|0,0|0,0.5|0,0.5|0,0.5|0,0|0,0.5|0,0.5|0,0.5|0,0.5|0,0.5|0,0.5|0,0.5|0,0.5|0,0.5|0,0.5|0,0.5|0,0.5|1,0.5|0,0.5|0,0.5|0,0.5|0,0.5|0,0|0,1
ab3a678ad423fcd431037093220a145925f64148,0.5|0,0|0,0|0,0|0,0.5|0,0.5|0,0.5|0,0.5|0,0.5|0,0.5|0,0.5|0,0.5|0,0.5|0,0.5|0,0.5|0,0.5|0,0.5|0,0.5|0,0.5|0,0.5|0,0.5|0,0.5|0,0.5|0,0|0,0.5|0,0.5|0,0.5|0,0|0,0.5|0,0.5|0,0.5|0,0.5|0,0.5|0,0.5|0,0.5|0,0.5|0,0.5|0,0.5|0,0.5|0,0.5|1,0.5|0,0.5|0,0.5|0,0.5|0,0.5|0,0|0,1
d8d525fff2dc34db62de2598767046de813e4f0d,0.5|0,0|0,0|0,0|0,0.5|0,0.5|0,0.5|0,0.5|0,0.5|0,0.5|0,0.5|0,0.5|0,0.5|0,0.5|0,0.5|0,0.5|0,0.5|0,0.5|0,0.5|0,0.5|0,0.5|0,0.5|0,0.5|0,0|0,0.5|0,0.5|0,0.5|0,0|0,0.5|0,0.5|0,0.5|0,0.5|0,0.5|0,0.5|0,0.5|0,0.5|0,0.5|0,0.5|0,0.5|0,0.5|1,0.5|0,0.5|0,0.5|0,0.5|0,0.5|0,0|0,1
172e698bb8239d0060d9d494adfba928507f95b2,0.5|0,0|0,0|0,0|0,0.5|0,0.5|0,0.5|0,0.5|0,0.5|0,0.5|0,0.5|0,0.5|0,0.5|0,0.5|0,0.5|0,0.5|0,0.5|0,0.5|0,0.5|0,0.5|0,0.5|0,0.5|0,0.5|0,0|0,0.5|0,0.5|0,0.5|0,0|0,0.5|0,0.5|0,0.5|0,0.5|0,0.5|0,0.5|0,0.5|0,0.5|0,0.5|0,0.5|0,0.5|0,0.5|1,0.5|0,0.5|0,0.5|0,0.5|0,0.5|0,0|0,1
95e16872fadfc98256fdcf729f267237c727e4c3,0.5|0,0|0,0|0,0|0,0.5|0,0.5|0,0.5|0,0.5|0,0.5|0,0.5|0,0.5|0,0.5|0,0.5|0,0.5|0,0.5|0,0.5|0,0.5|0,0.5|0,0.5|0,0.5|0,0.5|0,0.5|0,0.5|0,0|0,0.5|0,0.5|0,0.5|0,0|0,0.5|0,0.5|0,0.5|0,0.5|0,0.5|0,0.5|0,0.5|0,0.5|0,0.5|0,0.5|0,0.5|0,0.5|1,0.5|0,0.5|0,0.5|0,0.5|0,0.5|0,0|0,1
bb83899985c25097341b947c2c535f56254a075c,0.5|0,0|0,0|0,0|0,0.5|0,0.5|0,0.5|0,0.5|0,0.5|0,0.5|0,0.5|0,0.5|0,0.5|0,0.5|0,0.5|0,0.5|0,0.5|0,0.5|0,0.5|0,0.5|0,0.5|0,0.5|0,0.5|0,0|0,0.5|0,0.5|0,0.5|0,0|0,0.5|0,0.5|0,0.5|0,0.5|0,0.5|0,0.5|0,0.5|0,0.5|0,0.5|0,0.5|0,0.5|0,0.5|1,0.5|0,0.5|0,0.5|0,0.5|0,0.5|0,0|0,1
df2e11ef51ea34f595d79e526ab6f3ac89cb6462,0.5|0,0|0,0|0,0|0,0.5|0,0.5|0,0.5|0,0.5|0,0.5|0,0.5|0,0.5|0,0.5|0,0.5|0,0.5|0,0.5|0,0.5|0,0.5|0,0.5|0,0.5|0,0.5|0,0.5|0,0.5|0,0.5|0,0|0,0.5|0,0.5|0,0.5|0,0|0,0.5|0,0.5|0,0.5|0,0.5|0,0.5|0,0.5|0,0.5|0,0.5|0,0.5|0,0.5|0,0.5|0,0.5|1,0.5|0,0.5|0,0.5|0,0.5|0,0.5|0,0|0,1
405a52ed65c0b641b26f0571bf6a6c369c5251d7,0.5|0,0|0,0|0,0|0,0.5|0,0.5|0,0.5|0,0.5|0,0.5|0,0.5|0,0.5|0,0.5|0,0.5|0,0.5|0,0.5|0,0.5|0,0.5|0,0.5|0,0.5|0,0.5|0,0.5|0,0.5|0,0.5|0,0|0,0.5|0,0.5|0,0.5|0,0|0,0.5|0,0.5|0,0.5|0,0.5|0,0.5|0,0.5|0,0.5|0,0.5|0,0.5|0,0.5|0,0.5|0,0.5|1,0.5|0,0.5|0,0.5|0,0.5|0,0.5|0,0|0,1
ed4f106a0d6ba2d644e95354891b4b68f927c535,0.5|0,0|0,0|0,0|0,0.5|0,0.5|0,0.5|0,0.5|0,0.5|0,0.5|0,0.5|0,0.5|0,0.5|0,0.5|0,0.5|0,0.5|0,0.5|0,0.5|0,0.5|0,0.5|0,0.5|0,0.5|0,0.5|0,0|0,0.5|0,0.5|0,0.5|0,0|0,0.5|0,0.5|0,0.5|0,0.5|0,0.5|0,0.5|0,0.5|0,0.5|0,0.5|0,0.5|0,0.5|0,0.5|1,0.5|0,0.5|0,0.5|0,0.5|0,0.5|0,0|0,1
8402bd68ad95f486f3dc12984cb39ffd8351ea1d,0.5|0,0|0,0|0,0|0,0.5|0,0.5|0,0.5|0,0.5|0,0.5|0,0.5|0,0.5|0,0.5|0,0.5|0,0.5|0,0.5|0,0.5|0,0.5|0,0.5|0,0.5|0,0.5|0,0.5|0,0.5|0,0.5|0,0|0,0.5|0,0.5|0,0.5|0,0|0,0.5|0,0.5|0,0.5|0,0.5|0,0.5|0,0.5|0,0.5|0,0.5|0,0.5|0,0.5|0,0.5|0,0.5|1,0.5|0,0.5|0,0.5|0,0.5|0,0.5|0,0|0,1
d54d5083b3682b4223e1b8fb0b033b5c293174d5,0.5|0,0|0,0|0,0|0,0.5|0,0.5|0,0.5|0,0.5|0,0.5|0,0.5|0,0.5|0,0.5|0,0.5|0,0.5|0,0.5|0,0.5|0,0.5|0,0.5|0,0.5|0,0.5|0,0.5|0,0.5|0,0.5|0,0|0,0.5|0,0.5|0,0.5|0,0|0,0.5|0,0.5|0,0.5|0,0.5|0,0.5|0,0.5|0,0.5|0,0.5|0,0.5|0,0.5|0,0.5|0,0.5|1,0.5|0,0.5|0,0.5|0,0.5|0,0.5|0,0|0,1
8b6a00f84bff9c998643d823502ae9f924fce528,0.5|0,0|0,0|0,0|0,0.5|0,0.5|0,0.5|0,0.5|0,0.5|0,0.5|0,0.5|0,0.5|0,0.5|0,0.5|0,0.5|0,0.5|0,0.5|0,0.5|0,0.5|0,0.5|0,0.5|0,0.5|0,0.5|0,0|0,0.5|0,0.5|0,0.5|0,0|0,0.5|0,0.5|0,0.5|0,0.5|0,0.5|0,0.5|0,0.5|0,0.5|0,0.5|0,0.5|0,0.5|0,0.5|1,0.5|0,0.5|0,0.5|0,0.5|0,0.5|0,0|0,1
2a596c79e6df7f78dea6ee3b581b4ed99d48bd7b,0.5|0,0|0,0|0,0|0,0.5|0,0.5|0,0.5|0,0.5|0,0.5|0,0.5|0,0.5|0,0.5|0,0.5|0,0.5|0,0.5|0,0.5|0,0.5|0,0.5|0,0.5|0,0.5|0,0.5|0,0.5|0,0.5|0,0|0,0.5|0,0.5|0,0.5|0,0|0,0.5|0,0.5|0,0.5|0,0.5|0,0.5|0,0.5|0,0.5|0,0.5|0,0.5|0,0.5|0,0.5|0,0.5|1,0.5|0,0.5|0,0.5|0,0.5|0,0.5|0,0|0,1
013212c67c2b9f9c227e1c0db0becea040af2b6b,0.5|0,0|0,0|0,0|0,0.5|0,0.5|0,0.5|0,0.5|0,0.5|0,0.5|0,0.5|0,0.5|0,0.5|0,0.5|0,0.5|0,0.5|0,0.5|0,0.5|0,0.5|0,0.5|0,0.5|0,0.5|0,0.5|0,0|0,0.5|0,0.5|0,0.5|0,0|0,0.5|0,0.5|0,0.5|0,0.5|0,0.5|0,0.5|0,0.5|0,0.5|0,0.5|0,0.5|0,0.5|0,0.5|1,0.5|0,0.5|0,0.5|0,0.5|0,0.5|0,0|0,1
26aafd931c1a25a631a564ab8f468466344bc731,0.5|0,0|0,0|0,0|0,0.5|0,0.5|0,0.5|0,0.5|0,0.5|0,0.5|0,0.5|0,0.5|0,0.5|0,0.5|0,0.5|0,0.5|0,0.5|0,0.5|0,0.5|0,0.5|0,0.5|0,0.5|0,0.5|0,0|0,0.5|0,0.5|0,0.5|0,0|0,0.5|0,0.5|0,0.5|0,0.5|0,0.5|0,0.5|0,0.5|0,0.5|0,0.5|0,0.5|0,0.5|0,0.5|1,0.5|0,0.5|0,0.5|0,0.5|0,0.5|0,0|0,1
b3e722e5a8164900a0bfb510ebaafaf5080c4511,0|0,0|0,0|0,0|0,0|0,0|0,0|0,0|0,0|0,0|0,0|0,0|0,0|0,0|0,0|0,0|0,0|0,0|0,0|0,0|0,0|0,0|0,0|0,0|0,0|0,0|0,0|0,0|0,0|0,0|0,0|0,0|0,0|0,0|0,0|0,0|0,0|0,0|0,0|0,0.5|1,0|0,0|0,0|0,0|0,0|0,0|0,1
154d6a5069551bfb2ba34c06f5772cb65fdbc681,0|0,0|0,0|0,0|0,0|0,0|0,0|0,0|0,0|0,0|0,0|0,0|0,0|0,0|0,0|0,0|0,0|0,0|0,0|0,0|0,0|0,0|0,0|0,0|0,0|0,0|0,0|0,0|0,0|0,0|0,0|0,0|0,0|0,0|0,0|0,0|0,0|0,0|0,0|0,0.5|1,0|0,0|0,0|0,0|0,0|0,0|0,1
63fe4b4306e0f9bd1d3121931b1b5595faa72df5,0|0,0|0,0|0,0|0,0|0,0|0,0|0,0|0,0|0,0|0,0|0,0|0,0|0,0|0,0|0,0|0,0|0,0|0,0|0,0|0,0|0,0|0,0|0,0|0,0|0,0|0,0|0,0|0,0|0,0|0,0|0,0|0,0|0,0|0,0|0,0|0,0|0,0|0,0|0,0.5|1,0|0,0|0,0|0,0|0,0|0,0|0,1
c3c73e7bff903ec6ea939b61890d4b4214569198,0|0,0|0,0|0,0|0,0|0,0|0,0|0,0|0,0|0,0|0,0|0,0|0,0|0,0|0,0|0,0|0,0|0,0|0,0|0,0|0,0|0,0|0,0|0,0|0,0|0,0|0,0|0,0|0,0|0,0|0,0|0,0|0,0|0,0|0,0|0,0|0,0|0,0|0,0|0,0.5|1,0|0,0|0,0|0,0|0,0|0,0|0,1
ac24b35b1fa36f8df6d586742200a0dc2d54f59e,0|0,0|0,0|0,0|0,0|0,0|0,0|0,0|0,0|0,0|0,0|0,0|0,0|0,0|0,0|0,0|0,0|0,0|0,0|0,0|0,0|0,0|0,0|0,0|0,0|0,0|0,0|0,0|0,0|0,0|0,0|0,0|0,0|0,0|0,0|0,0|0,0|0,0|0,0|0,0.5|1,0|0,0|0,0|0,0|0,0|0,0|0,1
bcf7f1713c844f51d3014a6f7b1c71cbd1d83157,0|0,0|0,0|0,0|0,0|0,0|0,0|0,0|0,0|0,0|0,0|0,0|0,0|0,0|0,0|0,0|0,0|0,0|0,0|0,0|0,0|0,0|0,0|0,0|0,0|0,0|0,0|0,0|0,0|0,0|0,0|0,0|0,0|0,0|0,0|0,0|0,0|0,0|0,0|0,0.5|1,0|0,0|0,0|0,0|0,0|0,0|0,1
9fb11c909e4439504d39631bb9ace803866afc5f,0|0,0|0,0|0,0|0,0|0,0|0,0|0,0|0,0|0,0|0,0|0,0|0,0|0,0|0,0|0,0|0,0|0,0|0,0|0,0|0,0|0,0|0,0|0,0|0,0|0,0|0,0|0,0|0,0|0,0|0,0|0,0|0,0|0,0|0,0|0,0|0,0|0,0|0,0|0,0.5|1,0|0,0|0,0|0,0|0,0|0,0|0,1
10f283b467c36cc76185217214ae3411a75b594f,0|0,0|0,0|0,0|0,0|0,0|0,0|0,0|0,0|0,0|0,0|0,0|0,0|0,0|0,0|0,0|0,0|0,0|0,0|0,0|0,0|0,0|0,0|0,0|0,0|0,0|0,0|0,0|0,0|0,0|0,0|0,0|0,0|0,0|0,0|0,0|0,0|0,0|0,0|0,0.5|1,0|0,0|0,0|0,0|0,0|0,0|0,1
346e274a1b1d713aedfc341f7d1300009f9f0e1a,0|0,0|0,0|0,0|0,0|0,0|0,0|0,0|0,0|0,0|0,0|0,0|0,0|0,0|0,0|0,0|0,0|0,0|0,0|0,0|0,0|0,0|0,0|0,0|0,0|0,0|0,0|0,0|0,0|0,0|0,0|0,0|0,0|0,0|0,0|0,0|0,0|0,0|0,0|0,0.5|1,0|0,0|0,0|0,0|0,0|0,0|0,1
c0732eda45884de91e0c221e9dd23eeec364bf68,0|0,0|0,0|0,0|0,0|0,0|0,0|0,0|0,0|0,0|0,0|0,0|0,0|0,0|0,0|0,0|0,0|0,0|0,0|0,0|0,0|0,0|0,0|0,0|0,0|0,0|0,0|0,0|0,0|0,0|0,0|0,0|0,0|0,0|0,0|0,0|0,0|0,0|0,1|1,0.5|1,0|0,0|0,0|0,0|0,0|0,0|0,2
1d4e27c4739f74ccef19fde7e6008d725ea93a69,0|0,0|0,0|0,0|0,0|0,0|0,0|0,0|0,0|0,0|0,0|0,0|0,0|0,0|0,0|0,0|0,0|0,0|0,0|0,0|0,0|0,0|0,0|0,0|0,0|0,0|0,0|0,0|0,0|0,0|0,0|0,0|0,0|0,0|0,0|0,0|0,0|0,0|0,1|1,0.5|1,0|0,0|0,0|0,0|0,0|0,0|0,2
120e01566a32e1aa4c7c8179165d035c1864cfb3,0|0,0|0,0|0,0|0,0|0,0|0,0|0,0|0,0|0,0|0,0|0,0|0,0|0,0|0,0|0,0|0,0|0,0|0,0|0,0|0,0|0,0|0,0|0,0|0,0|0,0|0,0|0,0|0,0|0,0|0,0|0,0|0,0|0,0|0,0|0,0|0,0|0,0|0,1|1,0.5|1,0|0,0|0,0|0,0|0,0|0,0|0,2
523360001e4c9e64d875febd9f024daa2691c31a,0|0,0|0,0|0,0|0,0|0,0|0,0|0,0|0,0|0,0|0,0|0,0|0,0|0,0|0,0|0,0|0,0|0,0|0,0|0,0|0,0|0,0|0,0|0,0|0,0|0,0|0,0|0,0|0,0|0,0|0,0|0,0|0,0|0,0|0,0|0,0|0,0|0,0|0,1|1,0.5|1,0|0,0|0,0|0,0|0,0|0,0|0,2
2e25c36396654cade3919dc4df36da2072096bb1,0|0,0|0,0|0,0|0,0|0,0|0,0|0,0|0,0|0,0|0,0|0,0|0,0|0,0|0,0|0,0|0,0|0,0|0,0|0,0|0,0|0,0|0,0|0,0|0,0|0,0|0,0|0,0|0,0|0,0|0,0|0,0|0,0|0,0|0,0|0,0|0,0|0,0|0,1|1,0.5|1,0|0,0|0,0|0,0|0,0|0,0|0,2
59a9bdeb55fb5a712b51141bfa4492a897cda5c8,0|0,0|0,0|0,0|0,0|0,0|0,0|0,0|0,0|0,0|0,0|0,0|0,0|0,0|0,0|0,0|0,0|0,0|0,0|0,0|0,0|0,0|0,0|0,0|0,0|0,0|0,0|0,0|0,0|0,0|0,0|0,0|0,0|0,0|0,0|0,0|0,0|0,0|0,1|1,0.5|1,0|0,0|0,0|0,0|0,0|0,0|0,2
540848c254ab4f8f89b6cfab03269ed8dc4dc887,0|0,0|0,0|0,0|0,0|0,0|0,0|0,0|0,0|0,0|0,0|0,0|0,0|0,0|0,0|0,0|0,0|0,0|0,0|0,0|0,0|0,0|0,0|0,0|0,0|0,0|0,0|0,0|0,0|0,0|0,0|0,0|0,0|0,0|0,0|0,0|0,0|0,0|0,0|0,0.5|1,0|0,0|0,0|0,0|0,0|0,0|0,1
5915bc88283f270567c1e29d8243ee0a65152adf,0|0,0|0,0|0,0|0,0|0,0|0,0|0,0|0,0|0,0|0,0|0,0|0,0|0,0|0,0|0,0|0,0|0,0|0,0|0,0|0,0|0,0|0,0|0,0|0,0|0,0|0,0|0,0|0,0|0,0|0,0|0,0|0,0|0,0|0,0|0,0|0,0|0,0|0,0|0,0.5|1,0|0,0|0,0|0,0|0,0|0,0|0,1
743d046f6fc000f3fe5fb355bbf1d918ba5de520,0|0,0|0,0|0,0|0,0|0,0|0,0|0,0|0,0|0,0|0,0|0,0|0,0|0,0|0,0|0,0|0,0|0,0|0,0|0,0|0,0|0,0|0,0|0,0|0,0|0,0|0,0|0,0|0,0|0,0|0,0|0,0|0,0|0,0|0,0|0,0|0,0|0,0|0,0|0,0.5|1,0|0,0|0,0|0,0|0,0|0,0|0,1
780cbf5f760df3b52a62362d184b8d6df3eef2df,0|0,0|0,0|0,0|0,0|0,0|0,0|0,0|0,0|0,0|0,0|0,0|0,0|0,0|0,0|0,0|0,0|0,0|0,0|0,0|0,0|0,0|0,0|0,0|0,0|0,0|0,0|0,0|0,0|0,0|0,0|0,0|0,0|0,0|0,0|0,0|0,0|0,0|0,0|0,0.5|1,0|0,0|0,0|0,0|0,0|0,0|0,1
4a843709fa70022f4f0d54b5915b4905d318cb71,0|0,0|0,0|0,0|0,0|0,0|0,0|0,0|0,0|0,0|0,0|0,0|0,0|0,0|0,0|0,0|0,0|0,0|0,0|0,0|0,0|0,0|0,0|0,0|0,0|0,0|0,0|0,0|0,0|0,0|0,0|0,0|0,0|0,0|0,0|0,0|0,0|0,0|0,0|0,0.5|1,0|0,0|0,0|0,0|0,0|0,0|0,1
82c83ef75e3a6a88dcfb9a9ad1bc1b888d893751,0|0,0|0,0|0,0|0,0|0,0|0,0|0,0|0,0|0,0|0,0|0,0|0,0|0,0|0,0|0,0|0,0|0,0|0,0|0,0|0,0|0,0|0,0|0,0|0,0|0,0|0,0|0,0|0,0|0,0|0,0|0,0|0,0|0,0|0,0|0,0|0,0|0,0|0,0|0,0.5|1,0|0,0|0,0|0,0|0,0|0,0|0,1
a53f4765858285f520b8a2645da80aed2b1487b1,0|0,0|0,0|0,0|0,0|0,0|0,0|0,0|0,0|0,0|0,0|0,0|0,0|0,0|0,0|0,0|0,0|0,0|0,0|0,0|0,0|0,0|0,0|0,0|0,0|0,0|0,0|0,0|0,0|0,0|0,0|0,0|0,0|0,0|0,0|0,0|0,0|0,0|0,0|0,0.5|1,0|0,0|0,0|0,0|0,0|0,0|0,1
ac0d7ccb7e6ee1a9b67f07822dad66617d5ff75b,0|0,0|0,0|0,0|0,0|0,0|0,0|0,0|0,0|0,0|0,0|0,0|0,0|0,0|0,0|0,0|0,0|0,0|0,0|0,0|0,0|0,0|0,0|0,0|0,0|0,0|0,0|0,0|0,0|0,0|0,0|0,0|0,0|0,0|0,0|0,0|0,0|0,0|0,0|0,0|1,0|0,0|0,0|0,0|0,0|0,0|0,1
93d65ed6503b32865b5453238c159e603bb37cb8,0|0,0|0,0|0,0|0,0|0,0|0,0|0,0|0,0|0,0|0,0|0,0|0,0|0,0|0,0|0,0|0,0|0,0|0,0|0,0|0,0|0,0|0,0|0,0|0,0|0,0|0,0|0,0|0,0|0,0|0,0|0,0|0,0|0,0|0,0|0,0|0,0|0,0|0,0|0,0.5|1,0|0,0|0,0|0,0|0,0|0,0|0,1
93a80a1c4b31d0c8b23e92b7005f92597b42268b,0|0,0|0,0|0,0|0,0|0,0|0,0|0,0|0,0|0,0|0,0|0,0|0,0|0,0|0,0|0,0|0,0|0,0|0,0|0,0|0,0|0,0|0,0|0,0|0,0|0,0|0,0|0,0|0,0|0,0|0,0|0,0|0,0|0,0|0,0|0,0|0,0|0,0|0,0|0,0.5|1,0|0,0|0,0|0,0|0,0|0,0|0,1
30730e95e5a270cb70dd5509fa6e481a7ed4e074,0|0,0|0,0|0,0|0,0|0,0|0,0|0,0|0,0|0,0|0,0|0,0|0,0|0,0|0,0|0,0|0,0|0,0|0,0|0,0|0,0|0,0|0,0|0,0|0,0|0,0|0,0|0,0|0,0|0,0|0,0|0,0|0,0|0,0|0,0|0,0|0,0|0,0|0,0|0,0.5|1,0|0,0|0,0|0,0|0,0|0,0|0,1
e135c1c5e3a6b202f4b29374426bbc9808978045,0|0,0|0,0|0,0|0,0|0,0|0,0|0,0|0,0|0,0|0,0|0,0|0,0|0,0|0,0|0,0|0,0|0,0|0,0|0,0|0,0|0,0|0,0|0,0|0,0|0,0|0,0|0,0|0,0|0,0|0,0|0,0|0,0|0,0|0,0|0,0|0,0|0,0|0,0|0,0|0,0|0,0|0,0|0,0|0,0|0,0|0,0
199c86e3df8da0b4734193df8424cd4a62768ae8,0|0,0|0,0|0,0|0,0|0,0|0,0|0,0|0,0|0,0|0,0|0,0|0,0|0,0|0,0|0,0|0,0|0,0|0,0|0,0|0,0|0,0|0,0|0,0|0,0|0,0|0,0|0,0|0,0|0,0|0,0|0,0.5|1,0|0,0|0,0|0,0|0,0|0,0|0,0|0,0|0,0|0,0|0,0|0,0|0,0|0,0|0,1
fba926d6a441396baf65e7ff29cfbf76eff4d8df,0|0,0|0,0|0,0|0,0|0,0|0,0|0,0|0,0|0,0|0,0|0,0|0,0|0,0|0,0|0,0|0,0|0,0|0,0|0,0|0,0|0,0|0,0|0,0|0,0|0,0|0,0|0,0|0,0|0,0|0,0|0,0.5|1,0|0,0|0,0|0,0|0,0|0,0|0,0|0,0|0,0|0,0|0,0|0,0|0,0|0,0|0,1
3c0021d6036532a6fdff9196b7ee7a614bdbd525,0|0,0|0,0|0,0|0,0|0,0|0,0|0,0|0,0|0,0|0,0|0,0|0,0|0,0|0,0|0,0|0,0|0,0|0,0|0,0|0,0|0,0|0,0|0,0|0,0|0,0|0,0|0,0|0,0|0,0|0,0|0,0.5|1,0|0,0|0,0|0,0|0,0|0,0|0,0|0,0|0,0|0,0|0,0|0,0|0,0|0,0|0,1
c4fb2a590e2648ee52641b3afe22157d2e9173d3,0|0,0|0,0|0,0|0,0|0,0|0,0|0,0|0,0|0,0|0,0|0,0|0,0|0,0|0,0|0,0|0,0|0,0|0,0|0,0|0,0|0,0|0,0|0,0|0,0|0,0|0,0|0,0|0,0|0,0|0,0|0,0|0,0|0,0|0,0|0,0|0,0|0,0|0,0|0,0|0,0|0,0|0,0|0,0|0,0|0,0|0,0
470eaa6ff388435d7233ff2680e3ea013068d1fe,0|0,0|0,0|0,0|0,0|0,0|0,0|0,0|0,0|0,0|0,0|0,0|0,0|0,0|0,0|0,0|0,0|0,0|0,0|0,0|0,0|0,0|0,0|0,0|0,0|0,0|0,0|0,0|0,0|0,0|0,0|0,0|0,0|0,0|0,0|0,0|0,0|0,0|0,0|0,0|0,0|0,0.5|1,0|0,0|0,0|0,0|0,1
ccc5a207100831df07c2dc9733837e731de86938,0|0,0|0,0|0,0|0,0|0,0|0,0|0,0|0,0|0,0|0,0|0,0|0,0|0,0|0,0|0,0|0,0|0,0|0,0|0,0|0,0|0,0|0,0|0,0|0,0|0,0|0,0|0,0|0,0|0,0|0,0|0,0|0,0|0,0|0,0|0,0|0,0|0,0|0,0|0,0|0,0|0,0.5|1,0|0,0|0,0|0,0|0,1
97014c53f3855b657ad876df2d1e5954ae52a075,0|0,0|0,0|0,0|0,0|0,0|0,0|0,0|0,0|0,0|0,0|0,0|0,0|0,0|0,0|0,0|0,0|0,0|0,0|0,0|0,0|0,0|0,0|0,0|0,0|0,0|0,0|0,0|0,0|0,0|0,0|0,0|0,0|0,0|0,0|0,0|0,0|0,0|0,0|0,0|0,0|0,0.5|1,0|0,0|0,0|0,0|0,1
de24206adccf2347addc05d6d62b3bf743fef411,0|0,0|0,0|0,0|0,0|0,0|0,0|0,0|0,0|0,0|0,0|0,0|0,0|0,0|0,0|0,0|0,0|0,0|0,0|0,0|0,0|0,0|0,0|0,0|0,0|0,0|0,0|0,0|0,0|0,0|0,0|0,0|0,0|0,0|0,0|0,0|0,0|0,0|0,0|0,0|0,0|0,0.5|1,0|0,0|0,0|0,0|0,1
1b98bec0abb61fb86180a13869434da8519bd261,0|0,0|0,0|0,0|0,0|0,0|0,0|0,0|0,0|0,0|0,0|0,0|0,0|0,0|0,0|0,0|0,0|0,0|0,0|0,0|0,0|0,0|0,0|0,0|0,0|0,0|0,0|0,0|0,0|0,0|0,0|0,0|0,0|0,0|0,0|0,0|0,0|0,0|0,0|0,0|0,0|0,0.5|1,0|0,0|0,0|0,0|0,1
02f52207bef439f3a1b2b3223a2b7821700b94cb,0|0,0|0,0|0,0|0,0|0,0|0,0|0,0|0,0|0,0|0,0|0,0|0,0|0,0|0,0|0,0|0,0|0,0|0,0|0,0|0,0|0,0|0,0|0,0|0,0|0,0|0,0|0,0|0,0|0,0|0,0|0,0|0,0|0,0|0,0|0,0|0,0|0,0|0,0|0,0|0,0|0,0.5|1,0|0,0|0,0|0,0|0,1
bc443345995927d5a1a1697d7dd33a07f3b33ef2,0|0,0|0,0|0,0|0,0|0,0|0,0|0,0|0,0|0,0|0,0|0,0|0,0|0,0|0,0|0,0|0,0|0,0|0,0|0,0|0,0|0,0|0,0|0,0|0,0|0,0|0,0|0,0|0,0|0,0|0,0|0,0|0,0|0,0|0,0|0,0|0,0|0,0|0,0|0,0|0,0|0,0.5|1,0|0,0|0,0|0,0|0,1
edb8165ab9b70cf8c152b6a3dfbec9c8a4853eef,0|0,0|0,0|0,0|0,0|0,0|0,0|0,0|0,0|0,0|0,0|0,0|0,0|0,0|0,0|0,0|0,0|0,0|0,0|0,0|0,0|0,0|0,0|0,0|0,0|0,0|0,0|0,0|0,0|0,0|0,0|0,0|0,0|0,0|0,0|0,0|0,0|0,0|0,0|0,0|0,0|0,0.5|1,0|0,0|0,0|0,0|0,1
f95bdaf625a540cbd040508bfbb8808223f97aed,0|0,0|0,0|0,0|0,0|0,0|0,0|0,0|0,0|0,0|0,0|0,0|0,0|0,0|0,0|0,0|0,0|0,0|0,0|0,0|0,0|0,0|0,0|0,0|0,0|0,0|0,0|0,0|0,0|0,0|0,0|0,0|0,0|0,0|0,0|0,0|0,0|0,0|0,0|0,0|0,0|0,0|0,0|0,0|0,0|0,0|0,0
0b0f255cc2b4ef18b9c1b51cf71e86de5b2c462b,0|0,0|0,0|0,0|0,0|0,0|0,0|0,0|0,0|0,0|0,0|0,0|0,0|0,0|0,0|0,0|0,0|0,0|0,0|0,0|0,0|0,0|0,0|0,0|0,0|0,0|0,0|0,0|0,0|0,0|0,0|0,0|0,0|0,0|0,0|0,0|0,0|0,0|0,0|0,0|0,0|0,0|0,1|1,0|0,0|0,0|0,1
b1d25193d221be8fd6c0a51059b06a8d313774f7,0|0,0|0,0|0,0|0,0|0,0|0,0|0,0|0,0|0,0|0,0|0,0|0,0|0,0|0,0|0,0|0,0|0,0|0,0|0,0|0,0|0,0|0,0|0,0|0,0|0,0|0,0|0,0|0,0|0,0|0,0|0,0|0,0|0,0|0,0|0,0|0,0|0,0|0,0|0,0|0,0|0,0|0,1|1,0|0,0|0,0|0,1
669a02cd7662c5d353ae6a5aed90eabf9551338b,0|0,0|0,0|0,0|0,0|0,0|0,0|0,0|0,0|0,0|0,0|0,0|0,0|0,0|0,0|0,0|0,0|0,0|0,0|0,0|0,0|0,0|0,0|0,0|0,0|0,0|0,0|0,0|0,0|0,0|0,0|0,0|0,0|0,0|0,0|0,0|0,0|0,0|0,0|0,0|0,0|0,0|0,1|1,0|0,0|0,0|0,1
5e6a8c0c1f4d964c9689808d5996c4dd3cd2d5b1,0|0,0|0,0|0,0|0,0|0,0|0,0|0,0|0,0|0,0|0,0|0,0|0,0|0,0|0,0|0,0|0,0|0,0|0,0|0,0|0,0|0,0|0,0|0,0|0,0|0,0|0,0|0,0|0,0|0,0|0,0|0,0|0,0|0,0|0,0|0,0|0,0|0,0|0,0|0,0|0,0|0,0|0,1|1,0|0,0|0,0|0,1
0c5a17accb509ff950829d50c2af0b031bcbe3a5,0|0,0|0,0|0,0|0,0|0,0|0,0|0,0|0,0|0,0|0,0|0,0|0,0|0,0|0,0|0,0|0,0|0,0|0,0|0,0|0,0|0,0|0,0|0,0|0,0|0,0|0,0|0,0|0,0|0,0|0,0|0,0|0,0|0,0|0,0|0,0|0,0|0,0|0,0|0,0|0,0|0,0|0,1|1,0|0,0|0,0|0,1
bd0fcb2e62e5fa1fb3f4342e605e15f1f4920efc,0|0,0|0,0|0,0|0,0|0,0|0,0|0,0|0,0|0,0|0,0|0,0|0,0|0,0|0,0|0,0|0,0|0,0|0,0|0,0|0,0|0,0|0,0|0,0|0,0|0,0|0,0|0,0|0,0|0,0|0,0|0,0|0,0|0,0|0,0|0,0|0,0|0,0|0,0|0,0|0,0|0,0|0,1|1,0|0,0|0,0|0,1
1f55dc511f9eb4e2bc8f880f1599f01c527a6397,0|0,0|0,0|0,0|0,0|0,0|0,0|0,0|0,0|0,0|0,0|0,0|0,0|0,0|0,0|0,0|0,0|0,0|0,0|0,0|0,0|0,0|0,0|0,0|0,0|0,0|0,0|0,0|0,0|0,0|0,0|0,0|0,0|0,0|0,0|0,0|0,0|0,0|0,0|0,0|0,0|0,0|0,1|1,0|0,0|0,0|0,1
33c42f9830521596f9aaa3847048426c77604c1b,0|0,0|0,0|0,0|0,0|0,0|0,0|0,0|0,0|0,0|0,0|0,0|0,0|0,0|0,0|0,0|0,0|0,0|0,0|0,0|0,0|0,0|0,0|0,0|0,0|0,0|0,0|0,0|0,0|0,0|0,0|0,0|0,0|0,0|0,0|0,0|0,0|0,0|0,0|0,0|0,0|0,0|0,1|1,0|0,0|0,0|0,1
bfbbd187576cc6b80a97488b647305236936debe,0|0,0|0,0|0,0|0,0|0,0|0,0|0,0|0,0|0,0|0,0|0,0|0,0|0,0|0,0|0,0|0,0|0,0|0,0|0,0|0,0|0,0|0,0|0,0|0,0|0,0|0,0|0,0|0,0|0,0|0,0|0,0|0,0|0,0|0,0|0,0|0,0|0,0|0,0|0,0|0,0|0,0|0,1|1,0|0,0|0,0|0,1
0dd1ee5656e94e42e919d88d2d783b7e53e246a5,0|0,0|0,0|0,0|0,0|0,0|0,0|0,0|0,0|0,0|0,0|0,0|0,0|0,0|0,0|0,0|0,0|0,0|0,0|0,0|0,0|0,0|0,0|0,0|0,0|0,0|0,0|0,0|0,0|0,0|0,0|0,0|0,0|0,0|0,0|0,0|0,0|0,0|0,0|0,0|0,0|0,0|0,1|1,0|0,0|0,0|0,1
abee1a2a6f1d8375831901e49ace85eaea0650e3,0|0,0|0,0|0,0|0,0|0,0|0,0|0,0|0,0|0,0|0,0|0,0|0,0|0,0|0,0|0,0|0,0|0,0|0,0|0,0|0,0|0,0|0,0|0,0|0,0|0,0|0,0|0,0|0,0|0,0|0,0|0,0|0,0|0,0|0,0|0,0|0,0|0,0|0,0|0,0|0,0|0,0|0,1|1,0|0,0|0,0|0,1
fea09e825b8c3872ea54c8361242a9eff538222c,0|0,0|0,0|0,0|0,0|0,0|0,0|0,0|0,0|0,0|0,0|0,0|0,0|0,0|0,0|0,0|0,0|0,0|0,0|0,0|0,0|0,0|0,0|0,0|0,0|0,0|0,0|0,0|0,0|0,0|0,0|0,0|0,0|0,0|0,0|0,0|0,0|0,0|0,0|0,0|0,0|0,0|0,0|0,0|0,0|0,0|0,0
cbea1b2203647e3ee819d8d1d93411e8a8f9e116,0.5|0,0|0,0|0,0|0,0.5|0,0.5|0,0.5|0,0.5|0,0.5|0,0.5|0,0.5|0,0.5|0,0.5|0,0.5|0,0.5|0,0.5|0,0.5|0,0.5|0,0.5|0,0.5|0,0.5|0,0.5|0,0.5|0,0|0,0.5|0,0.5|0,0.5|0,0|0,0.5|0,0.5|0,0.5|0,0.5|0,0.5|0,0.5|0,0.5|0,0.5|0,0.5|0,0.5|0,0.5|0,0.5|0,0.5|1,0.5|0,0.5|0,0.5|0,0.5|0,0|0,1
53b9ae23e8fb82425a9c4f696d5e49617eab5a6b,0.5|0,0|0,0|0,0|0,0.5|0,0.5|0,0.5|0,0.5|0,0.5|0,0.5|0,0.5|0,0.5|0,0.5|0,0.5|0,0.5|0,0.5|0,0.5|0,0.5|0,0.5|0,0.5|0,0.5|0,0.5|0,0.5|0,0|0,0.5|0,0.5|0,0.5|0,0|0,0.5|0,0.5|0,0.5|0,0.5|0,0.5|0,0.5|0,0.5|0,0.5|0,0.5|0,0.5|0,0.5|0,0.5|0,0.5|1,0.5|0,0.5|0,0.5|0,0.5|0,0|0,1
7c4be6d07779034711d5b4a1d08b537be18932e4,0.5|0,0|0,0|0,0|0,0.5|0,0.5|0,0.5|0,0.5|0,0.5|0,0.5|0,0.5|0,0.5|0,0.5|0,0.5|0,0.5|0,0.5|0,0.5|0,0.5|0,0.5|0,0.5|0,0.5|0,0.5|0,0.5|0,0|0,0.5|0,0.5|0,0.5|0,0|0,0.5|0,0.5|0,0.5|0,0.5|0,0.5|0,0.5|0,0.5|0,0.5|0,0.5|0,0.5|0,0.5|0,0.5|0,0.5|1,0.5|0,0.5|0,0.5|0,0.5|0,0|0,1
5c7200f2bb763bfcd4e0636aebb88573e97bbcf3,0.5|0,0|0,0|0,0|0,0.5|0,0.5|0,0.5|0,0.5|0,0.5|0,0.5|0,0.5|0,0.5|0,0.5|0,0.5|0,0.5|0,0.5|0,0.5|0,0.5|0,0.5|0,0.5|0,0.5|0,0.5|0,0.5|0,0|0,0.5|0,0.5|0,0.5|0,0|0,0.5|0,0.5|0,0.5|0,0.5|0,0.5|0,0.5|0,0.5|0,0.5|0,0.5|0,0.5|0,0.5|0,0.5|0,0.5|1,0.5|0,0.5|0,0.5|0,0.5|0,0|0,1
caa223d2baefb3ffb0bfcec6230791e0e39ef23d,0|0,0|0,0|0,0|0,0|0,0|0,0|0,0|0,0|0,0|0,0|0,0|0,0|0,0|0,0|0,0|0,0|0,0|0,0|0,0|0,0|0,0|0,0|0,0|0,0|0,0|0,0|0,0|0,0|0,0|0,0|0,0|0,0|0,0|0,0|0,0|0,0|0,0|0,0|0,0|0,0|1,0|0,0|0,0|0,0|0,0|0,1
f2be9722242880fb9bff3be31d59dae6a25a8690,0.5|0,0|0,0|0,0|0,0.5|0,0.5|0,0.5|0,0.5|0,0.5|0,0.5|0,0.5|0,0.5|0,0.5|0,0.5|0,0.5|0,0.5|0,0.5|0,0.5|0,0.5|0,0.5|0,0.5|0,0.5|0,0.5|0,0|0,0.5|0,0.5|0,0.5|0,0|0,0.5|0,0.5|0,0.5|0,0.5|0,0.5|0,0.5|0,0.5|0,0.5|0,0.5|0,0.5|0,0.5|0,0.5|0,0.5|0,0.5|0,0.5|0,0.5|0,0.5|0,0|0,0
0d36d9c8c2d02a8d2e93f5419925140674bbeead,0.5|0,0|0,0|0,0|0,0.5|0,0.5|0,0.5|0,0.5|0,0.5|0,0.5|0,0.5|0,0.5|0,0.5|0,0.5|0,0.5|0,0.5|0,0.5|0,0.5|0,0.5|0,0.5|0,0.5|0,0.5|0,0.5|0,0|0,0.5|0,0.5|0,0.5|0,0|0,0.5|0,0.5|0,0.5|0,0.5|0,0.5|0,0.5|0,0.5|0,0.5|0,0.5|0,0.5|0,0.5|0,0.5|0,0.5|0,0.5|0,0.5|0,0.5|1,0.5|0,0|0,1
ae36648c6cc08a5ef170a719a4476fe16e3a0e37,0.5|0,0|0,0|0,0|0,0.5|0,0.5|0,0.5|0,0.5|0,0.5|0,0.5|0,0.5|0,0.5|0,0.5|0,0.5|0,0.5|0,0.5|0,0.5|0,0.5|0,0.5|0,0.5|0,0.5|0,0.5|0,0.5|0,0|0,0.5|0,0.5|0,0.5|0,0|0,0.5|0,0.5|0,0.5|0,0.5|0,0.5|0,0.5|0,0.5|0,0.5|0,0.5|0,0.5|0,0.5|0,0.5|0,0.5|0,0.5|0,0.5|0,0.5|1,0.5|0,0|0,1
e93bcfd6196e76246fa33ed3122bf64689e2ce9a,0.5|0,0|0,0|0,0|0,0.5|0,0.5|0,0.5|0,0.5|0,0.5|0,0.5|0,0.5|0,0.5|0,0.5|0,0.5|0,0.5|0,0.5|0,0.5|0,0.5|0,0.5|0,0.5|0,0.5|0,0.5|0,0.5|0,0|0,0.5|0,0.5|0,0.5|0,0|0,0.5|0,0.5|0,0.5|0,0.5|0,0.5|0,0.5|0,0.5|0,0.5|0,0.5|0,0.5|0,0.5|0,0.5|0,0.5|0,0.5|0,0.5|0,0.5|1,0.5|0,0|0,1
d1aed7b39101414de004a54ee1d769f7ce0d1e2d,0.5|0,0|0,0|0,0|0,0.5|0,0.5|0,0.5|0,0.5|0,0.5|0,0.5|0,0.5|0,0.5|0,0.5|0,0.5|0,0.5|0,0.5|0,0.5|0,0.5|0,0.5|0,0.5|0,0.5|0,0.5|0,0.5|0,0|0,0.5|0,0.5|0,0.5|0,0|0,0.5|0,0.5|0,0.5|0,0.5|0,0.5|0,0.5|0,0.5|0,0.5|0,0.5|0,0.5|0,0.5|0,0.5|0,0.5|0,0.5|0,0.5|0,0.5|1,0.5|0,0|0,1
23536ff77a5175797d419470755d3904997927ab,0.5|0,0|0,0|0,0|0,0.5|0,0.5|0,0.5|0,0.5|0,0.5|0,0.5|0,0.5|0,0.5|0,0.5|0,0.5|0,0.5|0,0.5|0,0.5|0,0.5|0,0.5|0,0.5|0,0.5|0,0.5|0,0.5|0,0|0,0.5|0,0.5|0,0.5|0,0|0,0.5|0,0.5|0,0.5|0,0.5|0,0.5|0,0.5|0,0.5|0,0.5|0,0.5|0,0.5|0,0.5|0,0.5|0,0.5|0,0.5|0,0.5|0,0.5|1,0.5|0,0|0,1
ffd6c3edee4a089d46b84fe66bf360c3500f34a8,0.5|0,0|0,0|0,0|0,0.5|0,0.5|0,0.5|0,0.5|0,0.5|0,0.5|0,0.5|0,0.5|0,0.5|0,0.5|0,0.5|0,0.5|0,0.5|0,0.5|0,0.5|0,0.5|0,0.5|0,0.5|0,0.5|0,0|0,0.5|0,0.5|0,0.5|0,0|0,0.5|0,0.5|0,0.5|0,0.5|0,0.5|0,0.5|0,0.5|0,0.5|0,0.5|0,0.5|0,0.5|0,0.5|0,0.5|0,0.5|0,0.5|0,0.5|1,0.5|0,0|0,1
2f814c526b75ae9beb23e409376705f130f0228e,0.5|0,0|0,0|0,0|0,0.5|0,0.5|0,0.5|0,0.5|0,0.5|0,0.5|0,0.5|0,0.5|0,0.5|0,0.5|0,0.5|0,0.5|0,0.5|0,0.5|0,0.5|0,0.5|0,0.5|0,0.5|0,0.5|0,0|0,0.5|0,0.5|0,0.5|0,0|0,0.5|0,0.5|0,0.5|0,0.5|0,0.5|0,0.5|0,0.5|0,0.5|0,0.5|0,0.5|0,0.5|0,0.5|0,0.5|0,0.5|0,0.5|0,0.5|1,0.5|0,0|0,1
12e142565ea9b42260808a5269c3cf8bf1978721,0.5|0,0|0,0|0,0|0,0.5|0,0.5|0,0.5|0,0.5|0,0.5|0,0.5|0,0.5|0,0.5|0,0.5|0,0.5|0,0.5|0,0.5|0,0.5|0,0.5|0,0.5|0,0.5|0,0.5|0,0.5|0,0.5|0,0|0,0.5|0,0.5|0,0.5|0,0|0,0.5|0,0.5|0,0.5|0,0.5|0,0.5|0,0.5|0,0.5|0,0.5|0,0.5|0,0.5|0,0.5|0,0.5|0,0.5|0,0.5|0,0.5|0,0.5|1,0.5|0,0|0,1
a1280a2fd11919ef68545330249a1d82db069768,0.5|0,0|0,0|0,0|0,0.5|0,0.5|0,0.5|0,0.5|0,0.5|0,0.5|0,0.5|0,0.5|0,0.5|0,0.5|0,0.5|0,0.5|0,0.5|0,0.5|0,0.5|0,0.5|0,0.5|0,0.5|0,0.5|0,0|0,0.5|0,0.5|0,0.5|0,0|0,0.5|0,0.5|0,0.5|0,0.5|0,0.5|0,0.5|0,0.5|0,0.5|0,0.5|0,0.5|0,0.5|0,0.5|0,0.5|0,0.5|0,0.5|0,0.5|1,0.5|0,0|0,1
4f2e642fbe52b6152f72545878b518e9d02d4e11,0.5|0,0|0,0|0,0|0,0.5|0,0.5|0,0.5|0,0.5|0,0.5|0,0.5|0,0.5|0,0.5|0,0.5|0,0.5|0,0.5|0,0.5|0,0.5|0,0.5|0,0.5|0,0.5|0,0.5|0,0.5|0,0.5|0,0|0,0.5|0,0.5|0,0.5|0,0|0,0.5|0,0.5|0,0.5|0,0.5|0,0.5|0,0.5|0,0.5|0,0.5|0,0.5|0,0.5|0,0.5|0,0.5|0,0.5|0,0.5|0,0.5|0,0.5|1,0.5|0,0|0,1
66b6e2b3f281087c69f065db5c655bfe1c334636,0.5|0,0|0,0|0,0|0,0.5|0,0.5|0,0.5|0,0.5|0,0.5|0,0.5|0,0.5|0,0.5|0,0.5|0,0.5|0,0.5|0,0.5|0,0.5|0,0.5|0,0.5|0,0.5|0,0.5|0,0.5|0,0.5|0,0|0,0.5|0,0.5|0,0.5|0,0|0,0.5|0,0.5|0,0.5|0,0.5|0,0.5|0,0.5|0,0.5|0,0.5|0,0.5|0,0.5|0,0.5|0,0.5|0,0.5|0,0.5|0,0.5|0,0.5|1,0.5|0,0|0,1
2399abd27292774821525c0bd3e27c8cdee26551,0.5|0,0|0,0|0,0|0,0.5|0,0.5|0,0.5|0,0.5|0,0.5|0,0.5|0,0.5|0,0.5|0,0.5|0,0.5|0,0.5|0,0.5|0,0.5|0,0.5|0,0.5|0,0.5|0,0.5|0,0.5|0,0.5|0,0|0,0.5|0,0.5|0,0.5|0,0|0,0.5|0,0.5|0,0.5|0,0.5|0,0.5|0,0.5|0,0.5|0,0.5|0,0.5|0,0.5|0,0.5|0,0.5|0,0.5|0,0.5|0,0.5|0,0.5|1,0.5|0,0|0,1
31c706c3dbbf0afc4c8e0a6d0bb6f20796296549,0.5|0,0|0,0|0,0|0,0.5|0,0.5|0,0.5|0,0.5|0,0.5|0,0.5|0,0.5|0,0.5|0,0.5|0,0.5|0,0.5|0,0.5|0,0.5|0,0.5|0,0.5|0,0.5|0,0.5|0,0.5|0,0.5|0,0|0,0.5|0,0.5|0,0.5|0,0|0,0.5|0,0.5|0,0.5|0,0.5|0,0.5|0,0.5|0,0.5|0,0.5|0,0.5|0,0.5|0,0.5|0,0.5|0,0.5|0,0.5|0,0.5|0,0.5|1,0.5|0,0|0,1
bfb21dc09bc3da92fbbbff41eea9560385772252,0.5|0,0|0,0|0,0|0,0.5|0,0.5|0,0.5|0,0.5|0,0.5|0,0.5|0,0.5|0,0.5|0,0.5|0,0.5|0,0.5|0,0.5|0,0.5|0,0.5|0,0.5|0,0.5|0,0.5|0,0.5|0,0.5|0,0|0,0.5|0,0.5|0,0.5|0,0|0,0.5|0,0.5|0,0.5|0,0.5|0,0.5|0,0.5|0,0.5|0,0.5|0,0.5|0,0.5|0,0.5|0,0.5|0,0.5|0,0.5|0,0.5|0,0.5|1,0.5|0,0|0,1
75485e177ccc4fafcc62dd46c6917d5b735cf7d2,0.5|0,0|0,0|0,0|0,0.5|0,0.5|0,0.5|0,0.5|0,0.5|0,0.5|0,0.5|0,0.5|0,0.5|0,0.5|0,0.5|0,0.5|0,0.5|0,0.5|0,0.5|0,0.5|0,0.5|0,0.5|0,0.5|0,0|0,0.5|0,0.5|0,0.5|0,0|0,0.5|0,0.5|0,0.5|0,0.5|0,0.5|0,0.5|0,0.5|0,0.5|0,0.5|0,0.5|0,0.5|0,0.5|0,0.5|0,0.5|0,0.5|0,0.5|1,0.5|0,0|0,1
71b7afccf50e3832c4ee08274d324cd8861eea90,0.5|0,0|0,0|0,0|0,0.5|0,0.5|0,0.5|0,0.5|0,0.5|0,0.5|0,0.5|0,0.5|0,0.5|0,0.5|0,0.5|0,0.5|0,0.5|0,0.5|0,0.5|0,0.5|0,0.5|0,0.5|0,0.5|0,0|0,0.5|0,0.5|0,0.5|0,0|0,0.5|0,0.5|0,0.5|0,0.5|0,0.5|0,0.5|0,0.5|0,0.5|0,0.5|0,0.5|0,0.5|0,0.5|0,0.5|0,0.5|0,0.5|0,0.5|1,0.5|0,0|0,1
c95e8c184e7e28915bf37aa623e4886fd720aba0,0.5|0,0|0,0|0,0|0,0.5|0,0.5|0,0.5|0,0.5|0,0.5|0,0.5|0,0.5|0,0.5|0,0.5|0,0.5|0,0.5|0,0.5|0,0.5|0,0.5|0,0.5|0,0.5|0,0.5|0,0.5|0,0.5|0,0|0,0.5|0,0.5|0,0.5|0,0|0,0.5|0,0.5|0,0.5|0,0.5|0,0.5|0,0.5|0,0.5|0,0.5|0,0.5|0,0.5|0,0.5|0,0.5|0,0.5|0,0.5|0,0.5|0,0.5|1,0.5|0,0|0,1
ed5ba179f6461fff2a586e3f1a95e5e392c5b540,0.5|0,0|0,0|0,0|0,0.5|0,0.5|0,0.5|0,0.5|0,0.5|0,0.5|0,0.5|0,0.5|0,0.5|0,0.5|0,0.5|0,0.5|0,0.5|0,0.5|0,0.5|0,0.5|0,0.5|0,0.5|0,0.5|0,0|0,0.5|0,0.5|0,0.5|0,0|0,0.5|0,0.5|0,0.5|0,0.5|0,0.5|0,0.5|0,0.5|0,0.5|0,0.5|0,0.5|0,0.5|0,0.5|0,0.5|0,0.5|0,0.5|0,0.5|1,0.5|0,0|0,1
478c31b6c941368f4bcc89783bda9780a621d4f0,0.5|0,0|0,0|0,0|0,0.5|0,0.5|0,0.5|0,0.5|0,0.5|0,0.5|0,0.5|0,0.5|0,0.5|0,0.5|0,0.5|0,0.5|0,0.5|0,0.5|0,0.5|0,0.5|0,0.5|0,0.5|0,0.5|0,0|0,0.5|0,0.5|0,0.5|0,0|0,0.5|0,0.5|0,0.5|0,0.5|0,0.5|0,0.5|0,0.5|0,0.5|0,0.5|0,0.5|0,0.5|0,0.5|0,0.5|0,0.5|0,0.5|0,0.5|1,0.5|0,0|0,1
b287d6ec855defe8669449df7e9322c8860b9eab,0.5|0,0|0,0|0,0|0,0.5|0,0.5|0,0.5|0,0.5|0,0.5|0,0.5|0,0.5|0,0.5|0,0.5|0,0.5|0,0.5|0,0.5|0,0.5|0,0.5|0,0.5|0,0.5|0,0.5|0,0.5|0,0.5|0,0|0,0.5|0,0.5|0,0.5|0,0|0,0.5|0,0.5|0,0.5|0,0.5|0,0.5|0,0.5|0,0.5|0,0.5|0,0.5|0,0.5|0,0.5|0,0.5|0,0.5|0,0.5|0,0.5|0,0.5|1,0.5|0,0|0,1
c2b5b48fc8b57fb97c83ef0ceda72985c81edce4,0.5|0,0|0,0|0,0|0,0.5|0,0.5|0,0.5|0,0.5|0,0.5|0,0.5|0,0.5|0,0.5|0,0.5|0,0.5|0,0.5|0,0.5|0,0.5|0,0.5|0,0.5|0,0.5|0,0.5|0,0.5|0,0.5|0,0|0,0.5|0,0.5|0,0.5|0,0|0,0.5|0,0.5|0,0.5|0,0.5|0,0.5|0,0.5|0,0.5|0,0.5|0,0.5|0,0.5|0,0.5|0,0.5|0,0.5|0,0.5|0,0.5|0,0.5|1,0.5|0,0|0,1
f2e3c7fb90a73f1307dcba8d7ea48f39d59f6603,0.5|0,0|0,0|0,0|0,0.5|0,0.5|0,0.5|0,0.5|0,0.5|0,0.5|0,0.5|0,0.5|0,0.5|0,0.5|0,0.5|0,0.5|0,0.5|0,0.5|0,0.5|0,0.5|0,0.5|0,0.5|0,0.5|0,0|0,0.5|0,0.5|0,0.5|0,0|0,0.5|0,0.5|0,0.5|0,0.5|0,0.5|0,0.5|0,0.5|0,0.5|0,0.5|0,0.5|0,0.5|0,0.5|0,0.5|0,0.5|0,0.5|0,0.5|1,0.5|0,0|0,1
e0587fe75ec942bffaccc01d123c2c994e08e223,0.5|0,0|0,0|0,0|0,0.5|0,0.5|0,0.5|0,0.5|0,0.5|0,0.5|0,0.5|0,0.5|0,0.5|0,0.5|0,0.5|0,0.5|0,0.5|0,0.5|0,0.5|0,0.5|0,0.5|0,0.5|0,0.5|0,0|0,0.5|0,0.5|0,0.5|0,0|0,0.5|0,0.5|0,0.5|0,0.5|0,0.5|0,0.5|0,0.5|0,0.5|0,0.5|0,0.5|0,0.5|0,0.5|0,0.5|0,0.5|0,0.5|0,0.5|1,0.5|0,0|0,1
70aae6e998f45e7226017fd3e3c46dc6a738089a,0.5|0,0|0,0|0,0|0,0.5|0,0.5|0,0.5|0,0.5|0,0.5|0,0.5|0,0.5|0,0.5|0,0.5|0,0.5|0,0.5|0,0.5|0,0.5|0,0.5|0,0.5|0,0.5|0,0.5|0,0.5|0,0.5|0,0|0,0.5|0,0.5|0,0.5|0,0|0,0.5|0,0.5|0,0.5|0,0.5|0,0.5|0,0.5|0,0.5|0,0.5|0,0.5|0,0.5|0,0.5|0,0.5|0,0.5|0,0.5|0,0.5|0,0.5|1,0.5|0,0|0,1
58fdc9fafb04ed66ae06aa4bb32cfeb8932df200,0.5|0,0|0,0|0,0|0,0.5|0,0.5|0,0.5|0,0.5|0,0.5|0,0.5|0,0.5|0,0.5|0,0.5|0,0.5|0,0.5|0,0.5|0,0.5|0,0.5|0,0.5|0,0.5|0,0.5|0,0.5|0,0.5|0,0|0,0.5|0,0.5|0,0.5|0,0|0,0.5|0,0.5|0,0.5|0,0.5|0,0.5|0,0.5|0,0.5|0,0.5|0,0.5|0,0.5|0,0.5|0,0.5|0,0.5|0,0.5|0,0.5|0,0.5|1,0.5|0,0|0,1
e7f1946ae72121c0f0c03cdbf12248464239c73c,0.5|0,0|0,0|0,0|0,0.5|0,0.5|0,0.5|0,0.5|0,0.5|0,0.5|0,0.5|0,0.5|0,0.5|0,0.5|0,0.5|0,0.5|0,0.5|0,0.5|0,0.5|0,0.5|0,0.5|0,0.5|0,0.5|0,0|0,0.5|0,0.5|0,0.5|0,0|0,0.5|0,0.5|0,0.5|0,0.5|0,0.5|0,0.5|0,0.5|0,0.5|0,0.5|0,0.5|0,0.5|0,0.5|0,0.5|0,0.5|0,0.5|0,0.5|1,0.5|0,0|0,1
65b9ad88a964cfed149185914f6ffb494665027a,0.5|0,0|0,0|0,0|0,0.5|0,0.5|0,0.5|0,0.5|0,0.5|0,0.5|0,0.5|0,0.5|0,0.5|0,0.5|0,0.5|0,0.5|0,0.5|0,0.5|0,0.5|0,0.5|0,0.5|0,0.5|0,0.5|0,0|0,0.5|0,0.5|0,0.5|0,0|0,0.5|0,0.5|0,0.5|0,0.5|0,0.5|0,0.5|0,0.5|0,0.5|0,0.5|0,0.5|0,0.5|0,0.5|0,0.5|0,0.5|0,0.5|0,0.5|1,0.5|0,0|0,1
8f63a1173539a79c1fa1bb5c618fe561175a1ab5,0.5|0,0|0,0|0,0|0,0.5|0,0.5|0,0.5|0,0.5|0,0.5|0,0.5|0,0.5|0,0.5|0,0.5|0,0.5|0,0.5|0,0.5|0,0.5|0,0.5|0,0.5|0,0.5|0,0.5|0,0.5|0,0.5|0,0|0,0.5|0,0.5|0,0.5|0,0|0,0.5|0,0.5|0,0.5|0,0.5|0,0.5|0,0.5|0,0.5|0,0.5|0,0.5|0,0.5|0,0.5|0,0.5|0,0.5|0,0.5|0,0.5|0,0.5|1,0.5|0,0|0,1
21da53d3a03cad32dffa8447d9c4ae5bae62a3a2,0.5|0,0|0,0|0,0|0,0.5|0,0.5|0,0.5|0,0.5|0,0.5|0,0.5|0,0.5|0,0.5|0,0.5|0,0.5|0,0.5|0,0.5|0,0.5|0,0.5|0,0.5|0,0.5|0,0.5|0,0.5|0,0.5|0,0|0,0.5|0,0.5|0,0.5|0,0|0,0.5|0,0.5|0,0.5|0,0.5|0,0.5|0,0.5|0,0.5|0,0.5|0,0.5|0,0.5|0,0.5|0,0.5|0,0.5|0,0.5|0,0.5|0,0.5|1,0.5|0,0|0,1
e2949048e0c5b2390a0a0f22e44ed29448f32dfe,0.5|0,0|0,0|0,0|0,0.5|0,0.5|0,0.5|0,0.5|0,0.5|0,0.5|0,0.5|0,0.5|0,0.5|0,0.5|0,0.5|0,0.5|0,0.5|0,0.5|0,0.5|0,0.5|0,0.5|0,0.5|0,0.5|0,0|0,0.5|0,0.5|0,0.5|0,0|0,0.5|0,0.5|0,0.5|0,0.5|0,0.5|0,0.5|0,0.5|0,0.5|0,0.5|0,0.5|0,0.5|0,0.5|0,0.5|0,0.5|0,0.5|0,0.5|1,0.5|0,0|0,1
1fb4719e594026db87fc06f38524d05f9ec0bb43,0.5|0,0|0,0|0,0|0,0.5|0,0.5|0,0.5|0,0.5|0,0.5|0,0.5|0,0.5|0,0.5|0,0.5|0,0.5|0,0.5|0,0.5|0,0.5|0,0.5|0,0.5|0,0.5|0,0.5|0,0.5|0,0.5|0,0|0,0.5|0,0.5|0,0.5|0,0|0,0.5|0,0.5|0,0.5|0,0.5|0,0.5|0,0.5|0,0.5|0,0.5|0,0.5|0,0.5|0,0.5|0,0.5|0,0.5|0,0.5|0,0.5|0,0.5|1,0.5|0,0|0,1
c09b4dacdf179e5f69f2fd72a97b9095881fcc75,0.5|0,0|0,0|0,0|0,0.5|0,0.5|0,0.5|0,0.5|0,0.5|0,0.5|0,0.5|0,0.5|0,0.5|0,0.5|0,0.5|0,0.5|0,0.5|0,0.5|0,0.5|0,0.5|0,0.5|0,0.5|0,0.5|0,0|0,0.5|0,0.5|0,0.5|0,0|0,0.5|0,0.5|0,0.5|0,0.5|0,0.5|0,0.5|0,0.5|0,0.5|0,0.5|0,0.5|0,0.5|0,0.5|0,0.5|0,0.5|0,0.5|0,0.5|1,0.5|0,0|0,1
56ce228a8b172d67eaad9cbf5dc7df66a8591d54,0.5|0,0|0,0|0,0|0,0.5|0,0.5|0,0.5|0,0.5|0,0.5|0,0.5|0,0.5|0,0.5|0,0.5|0,0.5|0,0.5|0,0.5|0,0.5|0,0.5|0,0.5|0,0.5|0,0.5|0,0.5|0,0.5|0,0|0,0.5|0,0.5|0,0.5|0,0|0,0.5|0,0.5|0,0.5|0,0.5|0,0.5|0,0.5|0,0.5|0,0.5|0,0.5|0,0.5|0,0.5|0,0.5|0,0.5|0,0.5|0,0.5|0,0.5|1,0.5|0,0|0,1
6152d595e8a9e9c0f366367e33af36dd69e512aa,0.5|0,0|0,0|0,0|0,0.5|0,0.5|0,0.5|0,0.5|0,0.5|0,0.5|0,0.5|0,0.5|0,0.5|0,0.5|0,0.5|0,0.5|0,0.5|0,0.5|0,0.5|0,0.5|0,0.5|0,0.5|0,0.5|0,0|0,0.5|0,0.5|0,0.5|0,0|0,0.5|0,0.5|0,0.5|0,0.5|0,0.5|0,0.5|0,0.5|0,0.5|0,0.5|0,0.5|0,0.5|0,0.5|0,0.5|0,0.5|0,0.5|0,0.5|1,0.5|0,0|0,1
1aedbefffa715e2baf20a1ea8b6a3ac533a1ca41,0.5|0,0|0,0|0,0|0,0.5|0,0.5|0,0.5|0,0.5|0,0.5|0,0.5|0,0.5|0,0.5|0,0.5|0,0.5|0,0.5|0,0.5|0,0.5|0,0.5|0,0.5|0,0.5|0,0.5|0,0.5|0,0.5|0,0|0,0.5|0,0.5|0,0.5|0,0|0,0.5|0,0.5|0,0.5|0,0.5|0,0.5|0,0.5|0,0.5|0,0.5|0,0.5|0,0.5|0,0.5|0,0.5|0,0.5|0,0.5|0,0.5|0,0.5|1,0.5|0,0|0,1
4102c8df7256a8031f76c8e02713d6e063cba6b9,0.5|0,0|0,0|0,0|0,0.5|0,0.5|0,0.5|0,0.5|0,0.5|0,0.5|0,0.5|0,0.5|0,0.5|0,0.5|0,0.5|0,0.5|0,0.5|0,0.5|0,0.5|0,0.5|0,0.5|0,0.5|0,0.5|0,0|0,0.5|0,0.5|0,0.5|0,0|0,0.5|0,0.5|0,0.5|0,0.5|0,0.5|0,0.5|0,0.5|0,0.5|0,0.5|0,0.5|0,0.5|0,0.5|0,0.5|0,0.5|0,0.5|0,0.5|1,0.5|0,0|0,1
8fad77991dcf1cc86cbc0100c258d24d0383a462,0.5|0,0|0,0|0,0|0,0.5|0,0.5|0,0.5|0,0.5|0,0.5|0,0.5|0,0.5|0,0.5|0,0.5|0,0.5|0,0.5|0,0.5|0,0.5|0,0.5|0,0.5|0,0.5|0,0.5|0,0.5|0,0.5|0,0|0,0.5|0,0.5|0,0.5|0,0|0,0.5|0,0.5|0,0.5|0,0.5|0,0.5|0,0.5|0,0.5|0,0.5|0,0.5|0,0.5|0,0.5|0,0.5|0,0.5|0,0.5|0,0.5|0,0.5|1,0.5|0,0|0,1
25c145f26d3e67dc280d439eceb71a6b321b8c68,0.5|0,0|0,0|0,0|0,0.5|0,0.5|0,0.5|0,0.5|0,0.5|0,0.5|0,0.5|0,0.5|0,0.5|0,0.5|0,0.5|0,0.5|0,0.5|0,0.5|0,0.5|0,0.5|0,0.5|0,0.5|0,0.5|0,0|0,0.5|0,0.5|0,0.5|0,0|0,0.5|0,0.5|0,0.5|0,0.5|0,0.5|0,0.5|0,0.5|0,0.5|0,0.5|0,0.5|0,0.5|0,0.5|0,0.5|0,0.5|0,0.5|0,0.5|1,0.5|0,0|0,1
37ddf02e635c98d528a2ff3978f1f98bc926af26,0.5|0,0|0,0|0,0|0,0.5|0,0.5|0,0.5|0,0.5|0,0.5|0,0.5|0,0.5|0,0.5|0,0.5|0,0.5|0,0.5|0,0.5|0,0.5|0,0.5|0,0.5|0,0.5|0,0.5|0,0.5|0,0.5|0,0|0,0.5|0,0.5|0,0.5|0,0|0,0.5|0,0.5|0,0.5|0,0.5|0,0.5|0,0.5|0,0.5|0,0.5|0,0.5|0,0.5|0,0.5|0,0.5|0,0.5|0,0.5|0,0.5|0,0.5|1,0.5|0,0|0,1
97fae6e00ad5b529ecc94a0bde2328da43426080,0.5|0,0|0,0|0,0|0,0.5|0,0.5|0,0.5|0,0.5|0,0.5|0,0.5|0,0.5|0,0.5|0,0.5|0,0.5|0,0.5|0,0.5|0,0.5|0,0.5|0,0.5|0,0.5|0,0.5|0,0.5|0,0.5|0,0|0,0.5|0,0.5|0,0.5|0,0|0,0.5|0,0.5|0,0.5|0,0.5|0,0.5|0,0.5|0,0.5|0,0.5|0,0.5|0,0.5|0,0.5|0,0.5|0,0.5|0,0.5|0,0.5|0,0.5|1,0.5|0,0|0,1
231748bb0e6f274eb91824bf1e3b1693370ec0de,0.5|0,0|0,0|0,0|0,0.5|0,0.5|0,0.5|0,0.5|0,0.5|0,0.5|0,0.5|0,0.5|0,0.5|0,0.5|0,0.5|0,0.5|0,0.5|0,0.5|0,0.5|0,0.5|0,0.5|0,0.5|0,0.5|0,0|0,0.5|0,0.5|0,0.5|0,0|0,0.5|0,0.5|0,0.5|0,0.5|0,0.5|0,0.5|0,0.5|0,0.5|0,0.5|0,0.5|0,0.5|0,0.5|0,0.5|0,0.5|0,0.5|0,0.5|1,0.5|0,0|0,1
15f61e7abee4ba3957108ae7927dac19658e8e52,0.5|0,0|0,0|0,0|0,0.5|0,0.5|0,0.5|0,0.5|0,0.5|0,0.5|0,0.5|0,0.5|0,0.5|0,0.5|0,0.5|0,0.5|0,0.5|0,0.5|0,0.5|0,0.5|0,0.5|0,0.5|0,0.5|0,0|0,0.5|0,0.5|0,0.5|0,0|0,0.5|0,0.5|0,0.5|0,0.5|0,0.5|0,0.5|0,0.5|0,0.5|0,0.5|0,0.5|0,0.5|0,0.5|0,0.5|0,0.5|0,0.5|0,0.5|1,0.5|0,0|0,1
e6474d835ff65211edf63177613d5e483e4877df,0.5|0,0|0,0|0,0|0,0.5|0,0.5|0,0.5|0,0.5|0,0.5|0,0.5|0,0.5|0,0.5|0,0.5|0,0.5|0,0.5|0,0.5|0,0.5|0,0.5|0,0.5|0,0.5|0,0.5|0,0.5|0,0.5|0,0|0,0.5|0,0.5|0,0.5|0,0|0,0.5|0,0.5|0,0.5|0,0.5|0,0.5|0,0.5|0,0.5|0,0.5|0,0.5|0,0.5|0,0.5|0,0.5|0,0.5|0,0.5|0,0.5|0,0.5|1,0.5|0,0|0,1
dabf29ea61538e06b969d22b04e62530332218ca,0.5|0,0|0,0|0,0|0,0.5|0,0.5|0,0.5|0,0.5|0,0.5|0,0.5|0,0.5|0,0.5|0,0.5|0,0.5|0,0.5|0,0.5|0,0.5|0,0.5|0,0.5|0,0.5|0,0.5|0,0.5|0,0.5|0,0|0,0.5|0,0.5|0,0.5|0,0|0,0.5|0,0.5|0,0.5|0,0.5|0,0.5|0,0.5|0,0.5|0,0.5|0,0.5|0,0.5|0,0.5|0,0.5|0,0.5|0,0.5|0,0.5|0,0.5|1,0.5|0,0|0,1
58894dd788f21419e57dd71131608d404bd4c973,0.5|0,0|0,0|0,0|0,0.5|0,0.5|0,0.5|0,0.5|0,0.5|0,0.5|0,0.5|0,0.5|0,0.5|0,0.5|0,0.5|0,0.5|0,0.5|0,0.5|0,0.5|0,0.5|0,0.5|0,0.5|0,0.5|0,0|0,0.5|0,0.5|0,0.5|0,0|0,0.5|0,0.5|0,0.5|0,0.5|0,0.5|0,0.5|0,0.5|0,0.5|0,0.5|0,0.5|0,0.5|0,0.5|0,0.5|0,0.5|0,0.5|0,0.5|1,0.5|0,0|0,1
ee87c4bc66bba569c2142fb2c53d6c8cf6969b77,0.5|0,0|0,0|0,0|0,0.5|0,0.5|0,0.5|0,0.5|0,0.5|0,0.5|0,0.5|0,0.5|0,0.5|0,0.5|0,0.5|0,0.5|0,0.5|0,0.5|0,0.5|0,0.5|0,0.5|0,0.5|0,0.5|0,0|0,0.5|0,0.5|0,0.5|0,0|0,0.5|0,0.5|0,0.5|0,0.5|0,0.5|0,0.5|0,0.5|0,0.5|0,0.5|0,0.5|0,0.5|0,0.5|0,0.5|0,0.5|0,0.5|0,0.5|1,0.5|0,0|0,1
f758f3605a25a9e4618f3b7773b4baab3783674b,0.5|0,0|0,0|0,0|0,0.5|0,0.5|0,0.5|0,0.5|0,0.5|0,0.5|0,0.5|0,0.5|0,0.5|0,0.5|0,0.5|0,0.5|0,0.5|0,0.5|0,0.5|0,0.5|0,0.5|0,0.5|0,0.5|0,0|0,0.5|0,0.5|0,0.5|0,0|0,0.5|0,0.5|0,0.5|0,0.5|0,0.5|0,0.5|0,0.5|0,0.5|0,0.5|0,0.5|0,0.5|0,0.5|0,0.5|0,0.5|0,0.5|0,0.5|1,0.5|0,0|0,1
5ccf41739ba67b87a1abf01217407429f944510f,0.5|0,0|0,0|0,0|0,0.5|0,0.5|0,0.5|0,0.5|0,0.5|0,0.5|0,0.5|0,0.5|0,0.5|0,0.5|0,0.5|0,0.5|0,0.5|0,0.5|0,0.5|0,0.5|0,0.5|0,0.5|0,0.5|0,0|0,0.5|0,0.5|0,0.5|0,0|0,0.5|0,0.5|0,0.5|0,0.5|0,0.5|0,0.5|0,0.5|0,0.5|0,0.5|0,0.5|0,0.5|0,0.5|0,0.5|0,0.5|0,0.5|0,0.5|1,0.5|0,0|0,1
15a80527c6392a35d5f074fbc39a1a90ee2353b6,0.5|0,0|0,0|0,0|0,0.5|0,0.5|0,0.5|0,0.5|0,0.5|0,0.5|0,0.5|0,0.5|0,0.5|0,0.5|0,0.5|0,0.5|0,0.5|0,0.5|0,0.5|0,0.5|0,0.5|0,0.5|0,0.5|0,0|0,0.5|0,0.5|0,0.5|0,0|0,0.5|0,0.5|0,0.5|0,0.5|0,0.5|0,0.5|0,0.5|0,0.5|0,0.5|0,0.5|0,0.5|0,0.5|0,0.5|0,0.5|0,0.5|0,0.5|1,0.5|0,0|0,1
27f9ca9d045b318bb97e55a9a180ce838db9f90d,0.5|0,0|0,0|0,0|0,0.5|0,0.5|0,0.5|0,0.5|0,0.5|0,0.5|0,0.5|0,0.5|0,0.5|0,0.5|0,0.5|0,0.5|0,0.5|0,0.5|0,0.5|0,0.5|0,0.5|0,0.5|0,0.5|0,0|0,0.5|0,0.5|0,0.5|0,0|0,0.5|0,0.5|0,0.5|0,0.5|0,0.5|0,0.5|0,0.5|0,0.5|0,0.5|0,0.5|0,0.5|0,0.5|0,0.5|0,0.5|0,0.5|0,0.5|1,0.5|0,0|0,1
be0fd7444ff714f3c654aca08b3bf151ac801bbf,0.5|0,0|0,0|0,0|0,0.5|0,0.5|0,0.5|0,0.5|0,0.5|0,0.5|0,0.5|0,0.5|0,0.5|0,0.5|0,0.5|0,0.5|0,0.5|0,0.5|0,0.5|0,0.5|0,0.5|0,0.5|0,0.5|0,0|0,0.5|0,0.5|0,0.5|0,0|0,0.5|0,0.5|0,0.5|0,0.5|0,0.5|0,0.5|0,0.5|0,0.5|0,0.5|0,0.5|0,0.5|0,0.5|0,0.5|0,0.5|0,0.5|0,0.5|1,0.5|0,0|0,1
51f5fc714015c312622ed4ee1820518d26edee65,0.5|0,0|0,0|0,0|0,0.5|0,0.5|0,0.5|0,0.5|0,0.5|0,0.5|0,0.5|0,0.5|0,0.5|0,0.5|0,0.5|0,0.5|0,0.5|0,0.5|0,0.5|0,0.5|0,0.5|0,0.5|0,0.5|0,0|0,0.5|0,0.5|0,0.5|0,0|0,0.5|0,0.5|0,0.5|0,0.5|0,0.5|0,0.5|0,0.5|0,0.5|0,0.5|0,0.5|0,0.5|0,0.5|0,0.5|0,0.5|0,0.5|0,0.5|1,0.5|0,0|0,1
5b32c98a21b3d3c4d7ef60501bd2801061a0e6b7,0.5|0,0|0,0|0,0|0,0.5|0,0.5|0,0.5|0,0.5|0,0.5|0,0.5|0,0.5|0,0.5|0,0.5|0,0.5|0,0.5|0,0.5|0,0.5|0,0.5|0,0.5|0,0.5|0,0.5|0,0.5|0,0.5|0,0|0,0.5|0,0.5|0,0.5|0,0|0,0.5|0,0.5|0,0.5|0,0.5|0,0.5|0,0.5|0,0.5|0,0.5|0,0.5|0,0.5|0,0.5|0,0.5|0,0.5|0,0.5|0,0.5|0,0.5|1,0.5|0,0|0,1
599cc0f4b83a96c247a92aaaa3f39acfec9e1dbe,0.5|0,0|0,0|0,0|0,0.5|0,0.5|0,0.5|0,0.5|0,0.5|0,0.5|0,0.5|0,0.5|0,0.5|0,0.5|0,0.5|0,0.5|0,0.5|0,0.5|0,0.5|0,0.5|0,0.5|0,0.5|0,0.5|0,0|0,0.5|0,0.5|0,0.5|0,0|0,0.5|0,0.5|0,0.5|0,0.5|0,0.5|0,0.5|0,0.5|0,0.5|0,0.5|0,0.5|0,0.5|0,0.5|0,0.5|0,0.5|0,0.5|0,0.5|1,0.5|0,0|0,1
b5e8bc22147d37011621ae62b680742c8fa105dc,0.5|0,0|0,0|0,0|0,0.5|0,0.5|0,0.5|0,0.5|0,0.5|0,0.5|0,0.5|0,0.5|0,0.5|0,0.5|0,0.5|0,0.5|0,0.5|0,0.5|0,0.5|0,0.5|0,0.5|0,0.5|0,0.5|0,0|0,0.5|0,0.5|0,0.5|0,0|0,0.5|0,0.5|0,0.5|0,0.5|0,0.5|0,0.5|0,0.5|0,0.5|0,0.5|0,0.5|0,0.5|0,0.5|0,0.5|0,0.5|0,0.5|0,0.5|1,0.5|0,0|0,1
41eef9246c6a3055e3876e3dd7aeaadecb4b76c0,0.5|0,0|0,0|0,0|0,0.5|0,0.5|0,0.5|0,0.5|0,0.5|0,0.5|0,0.5|0,0.5|0,0.5|0,0.5|0,0.5|0,0.5|0,0.5|0,0.5|0,0.5|0,0.5|0,0.5|0,0.5|0,0.5|0,0|0,0.5|0,0.5|0,0.5|0,0|0,0.5|0,0.5|0,0.5|0,0.5|0,0.5|0,0.5|0,0.5|0,0.5|0,0.5|0,0.5|0,0.5|0,0.5|0,0.5|0,0.5|0,0.5|0,0.5|1,0.5|0,0|0,1
1acc9ee3965c4f88a62dbd2f5cbad75c21f59be0,0.5|0,0|0,0|0,0|0,0.5|0,0.5|0,0.5|0,0.5|0,0.5|0,0.5|0,0.5|0,0.5|0,0.5|0,0.5|0,0.5|0,0.5|0,0.5|0,0.5|0,0.5|0,0.5|0,0.5|0,0.5|0,0.5|0,0|0,0.5|0,0.5|0,0.5|0,0|0,0.5|0,0.5|0,0.5|0,0.5|0,0.5|0,0.5|0,0.5|0,0.5|0,0.5|0,0.5|0,0.5|0,0.5|0,0.5|0,0.5|0,0.5|0,0.5|1,0.5|0,0|0,1
225ff7f8a4ecb2b55b164a4d5544736a43f1fbf4,0.5|0,0|0,0|0,0|0,0.5|0,0.5|0,0.5|0,0.5|0,0.5|0,0.5|0,0.5|0,0.5|0,0.5|0,0.5|0,0.5|0,0.5|0,0.5|0,0.5|0,0.5|0,0.5|0,0.5|0,0.5|0,0.5|0,0|0,0.5|0,0.5|0,0.5|0,0|0,0.5|0,0.5|0,0.5|0,0.5|0,0.5|0,0.5|0,0.5|0,0.5|0,0.5|0,0.5|0,0.5|0,0.5|0,0.5|0,0.5|0,0.5|0,0.5|1,0.5|0,0|0,1
aacbc9e91868082f7751ddb79b4683efde6e0723,0.5|0,0|0,0|0,0|0,0.5|0,0.5|0,0.5|0,0.5|0,0.5|0,0.5|0,0.5|0,0.5|0,0.5|0,0.5|0,0.5|0,0.5|0,0.5|0,0.5|0,0.5|0,0.5|0,0.5|0,0.5|0,0.5|0,0|0,0.5|0,0.5|0,0.5|0,0|0,0.5|0,0.5|0,0.5|0,0.5|0,0.5|0,0.5|0,0.5|0,0.5|0,0.5|0,0.5|0,0.5|0,0.5|0,0.5|0,0.5|0,0.5|0,0.5|1,0.5|0,0|0,1
9185c2ccc402d3368fc28ac90ab281b4f951719e,0|0,0|0,0|0,0|0,0|0,0|0,0|0,0|0,0|0,0|0,0|0,0|0,0|0,0|0,0|0,0|0,0|0,0|0,0|0,0|0,0|0,0|0,0|0,0|0,0|0,0|0,0|0,0|0,0|0,0|0,0|0,0|0,0|0,0|0,0|0,0|0,0|0,0|0,0|0,0|0,0|0,0|0,0|0,0|1,0|0,0|0,1
6917acffda2ac2b3d5ded8b821b6d4a564e40e09,0|0,0|0,0|0,0|0,0|0,0|0,0|0,0|0,0|0,0|0,0|0,0|0,0|0,0|0,0|0,0|0,0|0,0|0,0|0,0|0,0|0,0|0,0|0,0|0,0|0,0|0,0|0,0|0,0|0,0|0,0|0,0|0,0|0,0|0,0|0,0|0,0|0,0|0,0|0,0|0,0|0,0|0,0|0,0|1,0|0,0|0,1
dface63157f53a0a22b7e98f6a9bb0aaba30972e,0.5|0,0|0,0|0,0|0,0.5|0,0.5|0,0.5|0,0.5|0,0.5|0,0.5|0,0.5|0,0.5|0,0.5|0,0.5|0,0.5|0,0.5|0,0.5|0,0.5|0,0.5|0,0.5|0,0.5|0,0.5|0,0.5|0,0|0,0.5|0,0.5|0,0.5|0,0|0,0.5|0,0.5|0,0.5|0,0.5|0,0.5|0,0.5|0,0.5|0,0.5|0,0.5|0,0.5|0,0.5|0,0.5|0,0.5|0,0.5|0,0.5|0,0.5|1,0.5|0,0|0,1
6e61368cd609899048560405ad792705fffb1f1a,0.5|0,0|0,0|0,0|0,0.5|0,0.5|0,0.5|0,0.5|0,0.5|0,0.5|0,0.5|0,0.5|0,0.5|0,0.5|0,0.5|0,0.5|0,0.5|0,0.5|0,0.5|0,0.5|0,0.5|0,0.5|0,0.5|0,0|0,0.5|0,0.5|0,0.5|0,0|0,0.5|0,0.5|0,0.5|0,0.5|0,0.5|0,0.5|0,0.5|0,0.5|0,0.5|0,0.5|0,0.5|0,0.5|0,0.5|0,0.5|0,0.5|0,0.5|1,0.5|0,0|0,1
c0d3f8a92eb229a42c99373864059558483e7fbd,0.5|0,0|0,0|0,0|0,0.5|0,0.5|0,0.5|0,0.5|0,0.5|0,0.5|0,0.5|0,0.5|0,0.5|0,0.5|0,0.5|0,0.5|0,0.5|0,0.5|0,0.5|0,0.5|0,0.5|0,0.5|0,0.5|0,0|0,0.5|0,0.5|0,0.5|0,0|0,0.5|0,0.5|0,0.5|0,0.5|0,0.5|0,0.5|0,0.5|0,0.5|0,0.5|0,0.5|0,0.5|0,0.5|0,0.5|0,0.5|0,0.5|0,0.5|1,0.5|0,0|0,1
df29e12f5efbe84306c1ee7c011a197caec6de50,0.5|0,0|0,0|0,0|0,0.5|0,0.5|0,0.5|0,0.5|0,0.5|0,0.5|0,0.5|0,0.5|0,0.5|0,0.5|0,0.5|0,0.5|0,0.5|0,0.5|0,0.5|0,0.5|0,0.5|0,0.5|0,0.5|0,0|0,0.5|0,0.5|0,0.5|0,0|0,0.5|0,0.5|0,0.5|0,0.5|0,0.5|0,0.5|0,0.5|0,0.5|0,0.5|0,0.5|0,0.5|0,0.5|0,0.5|0,0.5|0,0.5|0,0.5|1,0.5|0,0|0,1
ead9aa72da848cea78ecdedd5fc411ed2a73cc78,0.5|0,0|0,0|0,0|0,0.5|0,0.5|0,0.5|0,0.5|0,0.5|0,0.5|0,0.5|0,0.5|0,0.5|0,0.5|0,0.5|0,0.5|0,0.5|0,0.5|0,0.5|0,0.5|0,0.5|0,0.5|0,0.5|0,0|0,0.5|0,0.5|0,0.5|0,0|0,0.5|0,0.5|0,0.5|0,0.5|0,0.5|0,0.5|0,0.5|0,0.5|0,0.5|0,0.5|0,0.5|0,0.5|0,0.5|0,0.5|0,0.5|0,0.5|1,0.5|0,0|0,1
09bb383437c11ef55e926ed15cdf986c0d426827,0.5|0,0|0,0|0,0|0,0.5|0,0.5|0,0.5|0,0.5|0,0.5|0,0.5|0,0.5|0,0.5|0,0.5|0,0.5|0,0.5|0,0.5|0,0.5|0,0.5|0,0.5|0,0.5|0,0.5|0,0.5|0,0.5|0,0|0,0.5|0,0.5|0,0.5|0,0|0,0.5|0,0.5|0,0.5|0,0.5|0,0.5|0,0.5|0,0.5|0,0.5|0,0.5|0,0.5|0,0.5|0,0.5|0,0.5|0,0.5|0,0.5|0,0.5|1,0.5|0,0|0,1
99e521eaf8b79ef38764edc204ae588f15ea2291,0.5|0,0|0,0|0,0|0,0.5|0,0.5|0,0.5|0,0.5|0,0.5|0,0.5|0,0.5|0,0.5|0,0.5|0,0.5|0,0.5|0,0.5|0,0.5|0,0.5|0,0.5|0,0.5|0,0.5|0,0.5|0,0.5|0,0|0,0.5|0,0.5|0,0.5|0,0|0,0.5|0,0.5|0,0.5|0,0.5|0,0.5|0,0.5|0,0.5|0,0.5|0,0.5|0,0.5|0,0.5|0,0.5|0,0.5|0,0.5|0,0.5|0,0.5|1,0.5|0,0|0,1
0f77f49b770a379bf54870a17462c73ae4db0dca,0.5|0,0|0,0|0,0|0,0.5|0,0.5|0,0.5|0,0.5|0,0.5|0,0.5|0,0.5|0,0.5|0,0.5|0,0.5|0,0.5|0,0.5|0,0.5|0,0.5|0,0.5|0,0.5|0,0.5|0,0.5|0,0.5|0,0|0,0.5|0,0.5|0,0.5|0,0|0,0.5|0,0.5|0,0.5|0,0.5|0,0.5|0,0.5|0,0.5|0,0.5|0,0.5|0,0.5|0,0.5|0,0.5|0,0.5|0,0.5|0,0.5|0,0.5|1,0.5|0,0|0,1
700637a162ba0d3350cff0ff16331ffaa6c2f841,0.5|0,0|0,0|0,0|0,0.5|0,0.5|0,0.5|0,0.5|0,0.5|0,0.5|0,0.5|0,0.5|0,0.5|0,0.5|0,0.5|0,0.5|0,0.5|0,0.5|0,0.5|0,0.5|0,0.5|0,0.5|0,0.5|0,0|0,0.5|0,0.5|0,0.5|0,0|0,0.5|0,0.5|0,0.5|0,0.5|0,0.5|0,0.5|0,0.5|0,0.5|0,0.5|0,0.5|0,0.5|0,0.5|0,0.5|0,0.5|0,0.5|0,0.5|1,0.5|0,0|0,1
b535033674b1cd6d2d6397bc7c7d803521791bf3,0.5|0,0|0,0|0,0|0,0.5|0,0.5|0,0.5|0,0.5|0,0.5|0,0.5|0,0.5|0,0.5|0,0.5|0,0.5|0,0.5|0,0.5|0,0.5|0,0.5|0,0.5|0,0.5|0,0.5|0,0.5|0,0.5|0,0|0,0.5|0,0.5|0,0.5|0,0|0,0.5|0,0.5|0,0.5|0,0.5|0,0.5|0,0.5|0,0.5|0,0.5|0,0.5|0,0.5|0,0.5|0,0.5|0,0.5|0,0.5|0,0.5|0,0.5|1,0.5|0,0|0,1
727e72d1f1be27365ce339001ab7f12abef3c577,0.5|0,0|0,0|0,0|0,0.5|0,0.5|0,0.5|0,0.5|0,0.5|0,0.5|0,0.5|0,0.5|0,0.5|0,0.5|0,0.5|0,0.5|0,0.5|0,0.5|0,0.5|0,0.5|0,0.5|0,0.5|0,0.5|0,0|0,0.5|0,0.5|0,0.5|0,0|0,0.5|0,0.5|0,0.5|0,0.5|0,0.5|0,0.5|0,0.5|0,0.5|0,0.5|0,0.5|0,0.5|0,0.5|0,0.5|0,0.5|0,0.5|0,0.5|1,0.5|0,0|0,1
a5d45253c417dff3cf7c91edd65b45d6d1a6c761,0.5|0,0|0,0|0,0|0,0.5|0,0.5|0,0.5|0,0.5|0,0.5|0,0.5|0,0.5|0,0.5|0,0.5|0,0.5|0,0.5|0,0.5|0,0.5|0,0.5|0,0.5|0,0.5|0,0.5|0,0.5|0,0.5|0,0|0,0.5|0,0.5|0,0.5|0,0|0,0.5|0,0.5|0,0.5|0,0.5|0,0.5|0,0.5|0,0.5|0,0.5|0,0.5|0,0.5|0,0.5|0,0.5|0,0.5|0,0.5|0,0.5|0,0.5|1,0.5|0,0|0,1
f5905a62c7fc1922d0b49e9399d56e8cfee69516,0.5|0,0|0,0|0,0|0,0.5|0,0.5|0,0.5|0,0.5|0,0.5|0,0.5|0,0.5|0,0.5|0,0.5|0,0.5|0,0.5|0,0.5|0,0.5|0,0.5|0,0.5|0,0.5|0,0.5|0,0.5|0,0.5|0,0|0,0.5|0,0.5|0,0.5|0,0|0,0.5|0,0.5|0,0.5|0,0.5|0,0.5|0,0.5|0,0.5|0,0.5|0,0.5|0,0.5|0,0.5|0,0.5|0,0.5|0,0.5|0,0.5|0,0.5|1,0.5|0,0|0,1
1b3ef7d7b2dde9d58cb217d3d7fb6b14d6281153,0.5|0,0|0,0|0,0|0,0.5|0,0.5|0,0.5|0,0.5|0,0.5|0,0.5|0,0.5|0,0.5|0,0.5|0,0.5|0,0.5|0,0.5|0,0.5|0,0.5|0,0.5|0,0.5|0,0.5|0,0.5|0,0.5|0,0|0,0.5|0,0.5|0,0.5|0,0|0,0.5|0,0.5|0,0.5|0,0.5|0,0.5|0,0.5|0,0.5|0,0.5|0,0.5|0,0.5|0,0.5|0,0.5|0,0.5|0,0.5|0,0.5|0,0.5|1,0.5|0,0|0,1
48b0f8e2c107dd48c1049b57fc3934ec96257b03,0.5|0,0|0,0|0,0|0,0.5|0,0.5|0,0.5|0,0.5|0,0.5|0,0.5|0,0.5|0,0.5|0,0.5|0,0.5|0,0.5|0,0.5|0,0.5|0,0.5|0,0.5|0,0.5|0,0.5|0,0.5|0,0.5|0,0|0,0.5|0,0.5|0,0.5|0,0|0,0.5|0,0.5|0,0.5|0,0.5|0,0.5|0,0.5|0,0.5|0,0.5|0,0.5|0,0.5|0,0.5|0,0.5|0,0.5|0,0.5|0,0.5|0,0.5|1,0.5|0,0|0,1
98bf0e243e77de85058f66da0a60c6485a859135,0.5|0,0|0,0|0,0|0,0.5|0,0.5|0,0.5|0,0.5|0,0.5|0,0.5|0,0.5|0,0.5|0,0.5|0,0.5|0,0.5|0,0.5|0,0.5|0,0.5|0,0.5|0,0.5|0,0.5|0,0.5|0,0.5|0,0|0,0.5|0,0.5|0,0.5|0,0|0,0.5|0,0.5|0,0.5|0,0.5|0,0.5|0,0.5|0,0.5|0,0.5|0,0.5|0,0.5|0,0.5|0,0.5|0,0.5|0,0.5|0,0.5|0,0.5|1,0.5|0,0|0,1
00a360f30a89fd479465db64d7e92e761645c101,0.5|0,0|0,0|0,0|0,0.5|0,0.5|0,0.5|0,0.5|0,0.5|0,0.5|0,0.5|0,0.5|0,0.5|0,0.5|0,0.5|0,0.5|0,0.5|0,0.5|0,0.5|0,0.5|0,0.5|0,0.5|0,0.5|0,0|0,0.5|0,0.5|0,0.5|0,0|0,0.5|0,0.5|0,0.5|0,0.5|0,0.5|0,0.5|0,0.5|0,0.5|0,0.5|0,0.5|0,0.5|0,0.5|0,0.5|0,0.5|0,0.5|0,0.5|1,0.5|0,0|0,1
bd2968dcd36e78adcef0570550277332d164fc2d,0.5|0,0|0,0|0,0|0,0.5|0,0.5|0,0.5|0,0.5|0,0.5|0,0.5|0,0.5|0,0.5|0,0.5|0,0.5|0,0.5|0,0.5|0,0.5|0,0.5|0,0.5|0,0.5|0,0.5|0,0.5|0,0.5|0,0|0,0.5|0,0.5|0,0.5|0,0|0,0.5|0,0.5|0,0.5|0,0.5|0,0.5|0,0.5|0,0.5|0,0.5|0,0.5|0,0.5|0,0.5|0,0.5|0,0.5|0,0.5|0,0.5|0,0.5|1,0.5|0,0|0,1
54517d8e04f2ae07f338d09d7fea3db5e26b8fbc,0.5|0,0|0,0|0,0|0,0.5|0,0.5|0,0.5|0,0.5|0,0.5|0,0.5|0,0.5|0,0.5|0,0.5|0,0.5|0,0.5|0,0.5|0,0.5|0,0.5|0,0.5|0,0.5|0,0.5|0,0.5|0,0.5|0,0|0,0.5|0,0.5|0,0.5|0,0|0,0.5|0,0.5|0,0.5|0,0.5|0,0.5|0,0.5|0,0.5|0,0.5|0,0.5|0,0.5|0,0.5|0,0.5|0,0.5|0,0.5|0,0.5|0,0.5|1,0.5|0,0|0,1
1d0be6c4f4a87e7c6d29aa35e383f7f2ba62a967,0.5|0,0|0,0|0,0|0,0.5|0,0.5|0,0.5|0,0.5|0,0.5|0,0.5|0,0.5|0,0.5|0,0.5|0,0.5|0,0.5|0,0.5|0,0.5|0,0.5|0,0.5|0,0.5|0,0.5|0,0.5|0,0.5|0,0|0,0.5|0,0.5|0,0.5|0,0|0,0.5|0,0.5|0,0.5|0,0.5|0,0.5|0,0.5|0,0.5|0,0.5|0,0.5|0,0.5|0,0.5|0,0.5|0,0.5|0,0.5|0,0.5|0,0.5|1,0.5|0,0|0,1
142c8f5afb90629762920db6703831826513e00b,0.5|0,0|0,0|0,0|0,0.5|0,0.5|0,0.5|0,0.5|0,0.5|0,0.5|0,0.5|0,0.5|0,0.5|0,0.5|0,0.5|0,0.5|0,0.5|0,0.5|0,0.5|0,0.5|0,0.5|0,0.5|0,0.5|0,0|0,0.5|0,0.5|0,0.5|0,0|0,0.5|0,0.5|0,0.5|0,0.5|0,0.5|0,0.5|0,0.5|0,0.5|0,0.5|0,0.5|0,0.5|0,0.5|0,0.5|0,0.5|0,0.5|0,0.5|1,0.5|0,0|0,1
9ff4bece33bc5e8601208e59ecb2f8bc66b4daaa,0.5|0,0|0,0|0,0|0,0.5|0,0.5|0,0.5|0,0.5|0,0.5|0,0.5|0,0.5|0,0.5|0,0.5|0,0.5|0,0.5|0,0.5|0,0.5|0,0.5|0,0.5|0,0.5|0,0.5|0,0.5|0,0.5|0,0|0,0.5|0,0.5|0,0.5|0,0|0,0.5|0,0.5|0,0.5|0,0.5|0,0.5|0,0.5|0,0.5|0,0.5|0,0.5|0,0.5|0,0.5|0,0.5|0,0.5|0,0.5|0,0.5|0,0.5|1,0.5|0,0|0,1
8b4fdbc0fb90d32dc159ff9e9d0ceb18eeb91ede,0.5|0,0|0,0|0,0|0,0.5|0,0.5|0,0.5|0,0.5|0,0.5|0,0.5|0,0.5|0,0.5|0,0.5|0,0.5|0,0.5|0,0.5|0,0.5|0,0.5|0,0.5|0,0.5|0,0.5|0,0.5|0,0.5|0,0|0,0.5|0,0.5|0,0.5|0,0|0,0.5|0,0.5|0,0.5|0,0.5|0,0.5|0,0.5|0,0.5|0,0.5|0,0.5|0,0.5|0,0.5|0,0.5|0,0.5|0,0.5|0,0.5|0,0.5|1,0.5|0,0|0,1
39a5d234fdbb1ca80f387c184d30b3bc29df56c1,0.5|0,0|0,0|0,0|0,0.5|0,0.5|0,0.5|0,0.5|0,0.5|0,0.5|0,0.5|0,0.5|0,0.5|0,0.5|0,0.5|0,0.5|0,0.5|0,0.5|0,0.5|0,0.5|0,0.5|0,0.5|0,0.5|0,0|0,0.5|0,0.5|0,0.5|0,0|0,0.5|0,0.5|0,0.5|0,0.5|0,0.5|0,0.5|0,0.5|0,0.5|0,0.5|0,0.5|0,0.5|0,0.5|0,0.5|0,0.5|0,0.5|0,0.5|1,0.5|0,0|0,1
fd2838e9a1d0d00dee10cb21b0d812ef037b546c,0.5|0,0|0,0|0,0|0,0.5|0,0.5|0,0.5|0,0.5|0,0.5|0,0.5|0,0.5|0,0.5|0,0.5|0,0.5|0,0.5|0,0.5|0,0.5|0,0.5|0,0.5|0,0.5|0,0.5|0,0.5|0,0.5|0,0|0,0.5|0,0.5|0,0.5|0,0|0,0.5|0,0.5|0,0.5|0,0.5|0,0.5|0,0.5|0,0.5|0,0.5|0,0.5|0,0.5|0,0.5|0,0.5|0,0.5|0,0.5|0,0.5|0,0.5|1,0.5|0,0|0,1
17965c8852c2c5a2ee5c27cc5a544489deb1956a,0.5|0,0|0,0|0,0|0,0.5|0,0.5|0,0.5|0,0.5|0,0.5|0,0.5|0,0.5|0,0.5|0,0.5|0,0.5|0,0.5|0,0.5|0,0.5|0,0.5|0,0.5|0,0.5|0,0.5|0,0.5|0,0.5|0,0|0,0.5|0,0.5|0,0.5|0,0|0,0.5|0,0.5|0,0.5|0,0.5|0,0.5|0,0.5|0,0.5|0,0.5|0,0.5|0,0.5|0,0.5|0,0.5|0,0.5|0,0.5|0,0.5|0,0.5|1,0.5|0,0|0,1
a8507c330870fc5c73df5430d5198d5d1c74d787,0.5|0,0|0,0|0,0|0,0.5|0,0.5|0,0.5|0,0.5|0,0.5|0,0.5|0,0.5|0,0.5|0,0.5|0,0.5|0,0.5|0,0.5|0,0.5|0,0.5|0,0.5|0,0.5|0,0.5|0,0.5|0,0.5|0,0|0,0.5|0,0.5|0,0.5|0,0|0,0.5|0,0.5|0,0.5|0,0.5|0,0.5|0,0.5|0,0.5|0,0.5|0,0.5|0,0.5|0,0.5|0,0.5|0,0.5|0,0.5|0,0.5|0,0.5|1,0.5|0,0|0,1
082b00ede7e107d409585228580c93f7691875c2,0.5|0,0|0,0|0,0|0,0.5|0,0.5|0,0.5|0,0.5|0,0.5|0,0.5|0,0.5|0,0.5|0,0.5|0,0.5|0,0.5|0,0.5|0,0.5|0,0.5|0,0.5|0,0.5|0,0.5|0,0.5|0,0.5|0,0|0,0.5|0,0.5|0,0.5|0,0|0,0.5|0,0.5|0,0.5|0,0.5|0,0.5|0,0.5|0,0.5|0,0.5|0,0.5|0,0.5|0,0.5|0,0.5|0,0.5|0,0.5|0,0.5|0,0.5|1,0.5|0,0|0,1
65fef09ff2f8c4422f391c4296a4ebb5879ca47f,0.5|0,0|0,0|0,0|0,0.5|0,0.5|0,0.5|0,0.5|0,0.5|0,0.5|0,0.5|0,0.5|0,0.5|0,0.5|0,0.5|0,0.5|0,0.5|0,0.5|0,0.5|0,0.5|0,0.5|0,0.5|0,0.5|0,0|0,0.5|0,0.5|0,0.5|0,0|0,0.5|0,0.5|0,0.5|0,0.5|0,0.5|0,0.5|0,0.5|0,0.5|0,0.5|0,0.5|0,0.5|0,0.5|0,0.5|0,0.5|0,0.5|0,0.5|1,0.5|0,0|0,1
93f02ee507d050eedc88a8b9d66b20c97917e476,0.5|0,0|0,0|0,0|0,0.5|0,0.5|0,0.5|0,0.5|0,0.5|0,0.5|0,0.5|0,0.5|0,0.5|0,0.5|0,0.5|0,0.5|0,0.5|0,0.5|0,0.5|0,0.5|0,0.5|0,0.5|0,0.5|0,0|0,0.5|0,0.5|0,0.5|0,0|0,0.5|0,0.5|0,0.5|0,0.5|0,0.5|0,0.5|0,0.5|0,0.5|0,0.5|0,0.5|0,0.5|0,0.5|0,0.5|0,0.5|0,0.5|0,0.5|1,0.5|0,0|0,1
c63697205be7ff027860b03d0fcddf40503b43d6,0.5|0,0|0,0|0,0|0,0.5|0,0.5|0,0.5|0,0.5|0,0.5|0,0.5|0,0.5|0,0.5|0,0.5|0,0.5|0,0.5|0,0.5|0,0.5|0,0.5|0,0.5|0,0.5|0,0.5|0,0.5|0,0.5|0,0|0,0.5|0,0.5|0,0.5|0,0|0,0.5|0,0.5|0,0.5|0,0.5|0,0.5|0,0.5|0,0.5|0,0.5|0,0.5|0,0.5|0,0.5|0,0.5|0,0.5|0,0.5|0,0.5|0,0.5|1,0.5|0,0|0,1
31de94ba1209c95c856236c15fd2765aa4db8f3f,0.5|0,0|0,0|0,0|0,0.5|0,0.5|0,0.5|0,0.5|0,0.5|0,0.5|0,0.5|0,0.5|0,0.5|0,0.5|0,0.5|0,0.5|0,0.5|0,0.5|0,0.5|0,0.5|0,0.5|0,0.5|0,0.5|0,0|0,0.5|0,0.5|0,0.5|0,0|0,0.5|0,0.5|0,0.5|0,0.5|0,0.5|0,0.5|0,0.5|0,0.5|0,0.5|0,0.5|0,0.5|0,0.5|0,0.5|0,0.5|0,0.5|0,0.5|1,0.5|0,0|0,1
b83eb7c7a2af62eee3187ca92b6f403f21b8d9c0,0|0,0|0,0|0,0|0,0|0,0|0,0|0,0|0,0|0,0|0,0|0,0|0,0|0,0|0,0|0,0|0,0|0,0|0,0|0,0|0,0|0,0|0,0|0,0|0,0|0,0|0,0|0,0|0,0|0,0|0,0|0,0|0,0|0,0|0,0|0,0|0,0|0,0|0,0|0,0|0,0|0,0|0,0|0,0|1,0|0,0|0,1
bb4fccd2cf7ce543b1d2d3244cf392ee08b7f2d7,0|0,0|0,0|0,0|0,0|0,0|0,0|0,0|0,0|0,0|0,0|0,0|0,0|0,0|0,0|0,0|0,0|0,0|0,0|0,0|0,0|0,0|0,0|0,0|0,0|0,0|0,0|0,0|0,0|0,0|0,0|0,0|0,0|0,0|0,0|0,0|0,0|0,0|0,0|0,0|0,0|0,0|0,0|0,0|1,0|0,0|0,1
0535e54484467861a6f5a98ad36c980e9c24ee23,0.5|0,0|0,0|0,0|0,0.5|0,0.5|0,0.5|0,0.5|0,0.5|0,0.5|0,0.5|0,0.5|0,0.5|0,0.5|0,0.5|0,0.5|0,0.5|0,0.5|0,0.5|0,0.5|0,0.5|0,0.5|0,0.5|0,0|0,0.5|0,0.5|0,0.5|0,0|0,0.5|0,0.5|0,0.5|0,0.5|0,0.5|0,0.5|0,0.5|0,0.5|0,0.5|0,0.5|0,0.5|0,0.5|0,0.5|0,0.5|0,0.5|0,0.5|1,0.5|0,0|0,1
f51dfc69730a2e123b9a48d378d4685b981324a4,0.5|0,0|0,0|0,0|0,0.5|0,0.5|0,0.5|0,0.5|0,0.5|0,0.5|0,0.5|0,0.5|0,0.5|0,0.5|0,0.5|0,0.5|0,0.5|0,0.5|0,0.5|0,0.5|0,0.5|0,0.5|0,0.5|0,0|0,0.5|0,0.5|0,0.5|0,0|0,0.5|0,0.5|0,0.5|0,0.5|0,0.5|0,0.5|0,0.5|0,0.5|0,0.5|0,0.5|0,0.5|0,0.5|0,0.5|0,0.5|0,0.5|0,0.5|1,0.5|0,0|0,1
8edb2f133c2df808e5fa65052bc6734bdca655c1,0.5|0,0|0,0|0,0|0,0.5|0,0.5|0,0.5|0,0.5|0,0.5|0,0.5|0,0.5|0,0.5|0,0.5|0,0.5|0,0.5|0,0.5|0,0.5|0,0.5|0,0.5|0,0.5|0,0.5|0,0.5|0,0.5|0,0|0,0.5|0,0.5|0,0.5|0,0|0,0.5|0,0.5|0,0.5|0,0.5|0,0.5|0,0.5|0,0.5|0,0.5|0,0.5|0,0.5|0,0.5|0,0.5|0,0.5|0,0.5|0,0.5|0,0.5|1,0.5|0,0|0,1
06f48140859f197e2730b573eb1bd6fad1a8f74a,0.5|0,0|0,0|0,0|0,0.5|0,0.5|0,0.5|0,0.5|0,0.5|0,0.5|0,0.5|0,0.5|0,0.5|0,0.5|0,0.5|0,0.5|0,0.5|0,0.5|0,0.5|0,0.5|0,0.5|0,0.5|0,0.5|0,0|0,0.5|0,0.5|0,0.5|0,0|0,0.5|0,0.5|0,0.5|0,0.5|0,0.5|0,0.5|0,0.5|0,0.5|0,0.5|0,0.5|0,0.5|0,0.5|0,0.5|0,0.5|0,0.5|0,0.5|1,0.5|0,0|0,1
d97afd6efd0a6946dd546dacdd4cb3e753d74298,0.5|0,0|0,0|0,0|0,0.5|0,0.5|0,0.5|0,0.5|0,0.5|0,0.5|0,0.5|0,0.5|0,0.5|0,0.5|0,0.5|0,0.5|0,0.5|0,0.5|0,0.5|0,0.5|0,0.5|0,0.5|0,0.5|0,0|0,0.5|0,0.5|0,0.5|0,0|0,0.5|0,0.5|0,0.5|0,0.5|0,0.5|0,0.5|0,0.5|0,0.5|0,0.5|0,0.5|0,0.5|0,0.5|0,0.5|0,0.5|0,0.5|0,0.5|1,0.5|0,0|0,1
95897c64362c1529c7f8e884920159fedeb160d5,0.5|0,0|0,0|0,0|0,0.5|0,0.5|0,0.5|0,0.5|0,0.5|0,0.5|0,0.5|0,0.5|0,0.5|0,0.5|0,0.5|0,0.5|0,0.5|0,0.5|0,0.5|0,0.5|0,0.5|0,0.5|0,0.5|0,0|0,0.5|0,0.5|0,0.5|0,0|0,0.5|0,0.5|0,0.5|0,0.5|0,0.5|0,0.5|0,0.5|0,0.5|0,0.5|0,0.5|0,0.5|0,0.5|0,0.5|0,0.5|0,0.5|0,0.5|1,0.5|0,0|0,1
108b8331d5b345e110c9ef110a6aa95a2767a640,0.5|0,0|0,0|0,0|0,0.5|0,0.5|0,0.5|0,0.5|0,0.5|0,0.5|0,0.5|0,0.5|0,0.5|0,0.5|0,0.5|0,0.5|0,0.5|0,0.5|0,0.5|0,0.5|0,0.5|0,0.5|0,0.5|0,0|0,0.5|0,0.5|0,0.5|0,0|0,0.5|0,0.5|0,0.5|0,0.5|0,0.5|0,0.5|0,0.5|0,0.5|0,0.5|0,0.5|0,0.5|0,0.5|0,0.5|0,0.5|0,0.5|0,0.5|1,0.5|0,0|0,1
ad117bfaabd3bc75dc70d0ddbc4ba18c86c40dbd,0.5|0,0|0,0|0,0|0,0.5|0,0.5|0,0.5|0,0.5|0,0.5|0,0.5|0,0.5|0,0.5|0,0.5|0,0.5|0,0.5|0,0.5|0,0.5|0,0.5|0,0.5|0,0.5|0,0.5|0,0.5|0,0.5|0,0|0,0.5|0,0.5|0,0.5|0,0|0,0.5|0,0.5|0,0.5|0,0.5|0,0.5|0,0.5|0,0.5|0,0.5|0,0.5|0,0.5|0,0.5|0,0.5|0,0.5|0,0.5|0,0.5|0,0.5|1,0.5|0,0|0,1
e75d7a620e60fd35385793f09209f8a857d4b325,0.5|0,0|0,0|0,0|0,0.5|0,0.5|0,0.5|0,0.5|0,0.5|0,0.5|0,0.5|0,0.5|0,0.5|0,0.5|0,0.5|0,0.5|0,0.5|0,0.5|0,0.5|0,0.5|0,0.5|0,0.5|0,0.5|0,0|0,0.5|0,0.5|0,0.5|0,0|0,0.5|0,0.5|0,0.5|0,0.5|0,0.5|0,0.5|0,0.5|0,0.5|0,0.5|0,0.5|0,0.5|0,0.5|0,0.5|0,0.5|0,0.5|0,0.5|1,0.5|0,0|0,1
1b2e2cd968876ff4e7a772bf8df2517d583d9956,0.5|0,0|0,0|0,0|0,0.5|0,0.5|0,0.5|0,0.5|0,0.5|0,0.5|0,0.5|0,0.5|0,0.5|0,0.5|0,0.5|0,0.5|0,0.5|0,0.5|0,0.5|0,0.5|0,0.5|0,0.5|0,0.5|0,0|0,0.5|0,0.5|0,0.5|0,0|0,0.5|0,0.5|0,0.5|0,0.5|0,0.5|0,0.5|0,0.5|0,0.5|0,0.5|0,0.5|0,0.5|0,0.5|0,0.5|0,0.5|0,0.5|0,0.5|1,0.5|0,0|0,1
905120588bf2a1bb56b280d9accd89e7265b8364,0.5|0,0|0,0|0,0|0,0.5|0,0.5|0,0.5|0,0.5|0,0.5|0,0.5|0,0.5|0,0.5|0,0.5|0,0.5|0,0.5|0,0.5|0,0.5|0,0.5|0,0.5|0,0.5|0,0.5|0,0.5|0,0.5|0,0|0,0.5|0,0.5|0,0.5|0,0|0,0.5|0,0.5|0,0.5|0,0.5|0,0.5|0,0.5|0,0.5|0,0.5|0,0.5|0,0.5|0,0.5|0,0.5|0,0.5|0,0.5|0,0.5|0,0.5|1,0.5|0,0|0,1
ef891834699db2b0ed16e32fc2d352e8a8419945,0.5|0,0|0,0|0,0|0,0.5|0,0.5|0,0.5|0,0.5|0,0.5|0,0.5|0,0.5|0,0.5|0,0.5|0,0.5|0,0.5|0,0.5|0,0.5|0,0.5|0,0.5|0,0.5|0,0.5|0,0.5|0,0.5|0,0|0,0.5|0,0.5|0,0.5|0,0|0,0.5|0,0.5|0,0.5|0,0.5|0,0.5|0,0.5|0,0.5|0,0.5|0,0.5|0,0.5|0,0.5|0,0.5|0,0.5|0,0.5|0,0.5|0,0.5|1,0.5|0,0|0,1
95f4d0b85217724aea7b4d688bbdba2d6ca9775c,0.5|0,0|0,0|0,0|0,0.5|0,0.5|0,0.5|0,0.5|0,0.5|0,0.5|0,0.5|0,0.5|0,0.5|0,0.5|0,0.5|0,0.5|0,0.5|0,0.5|0,0.5|0,0.5|0,0.5|0,0.5|0,0.5|0,0|0,0.5|0,0.5|0,0.5|0,0|0,0.5|0,0.5|0,0.5|0,0.5|0,0.5|0,0.5|0,0.5|0,0.5|0,0.5|0,0.5|0,0.5|0,0.5|0,0.5|0,0.5|0,0.5|0,0.5|1,0.5|0,0|0,1
246e972f9c1bf2780c348ae43030119ad417c153,0.5|0,0|0,0|0,0|0,0.5|0,0.5|0,0.5|0,0.5|0,0.5|0,0.5|0,0.5|0,0.5|0,0.5|0,0.5|0,0.5|0,0.5|0,0.5|0,0.5|0,0.5|0,0.5|0,0.5|0,0.5|0,0.5|0,0|0,0.5|0,0.5|0,0.5|0,0|0,0.5|0,0.5|0,0.5|0,0.5|0,0.5|0,0.5|0,0.5|0,0.5|0,0.5|0,0.5|0,0.5|0,0.5|0,0.5|0,0.5|0,0.5|0,0.5|1,0.5|0,0|0,1
f494bdd653fcac1bd428bbf39eafd138f6f53d2a,0.5|0,0|0,0|0,0|0,0.5|0,0.5|0,0.5|0,0.5|0,0.5|0,0.5|0,0.5|0,0.5|0,0.5|0,0.5|0,0.5|0,0.5|0,0.5|0,0.5|0,0.5|0,0.5|0,0.5|0,0.5|0,0.5|0,0|0,0.5|0,0.5|0,0.5|0,0|0,0.5|0,0.5|0,0.5|0,0.5|0,0.5|0,0.5|0,0.5|0,0.5|0,0.5|0,0.5|0,0.5|0,0.5|0,0.5|0,0.5|0,0.5|0,0.5|1,0.5|0,0|0,1
a62679952c4fe51fead86f38c76eee8fbdd1f694,0.5|0,0|0,0|0,0|0,0.5|0,0.5|0,0.5|0,0.5|0,0.5|0,0.5|0,0.5|0,0.5|0,0.5|0,0.5|0,0.5|0,0.5|0,0.5|0,0.5|0,0.5|0,0.5|0,0.5|0,0.5|0,0.5|0,0|0,0.5|0,0.5|0,0.5|0,0|0,0.5|0,0.5|0,0.5|0,0.5|0,0.5|0,0.5|0,0.5|0,0.5|0,0.5|0,0.5|0,0.5|0,0.5|0,0.5|0,0.5|0,0.5|0,0.5|1,0.5|0,0|0,1
abc7e430e2c1d6afc8dc7e86b40c1089309822d1,0.5|0,0|0,0|0,0|0,0.5|0,0.5|0,0.5|0,0.5|0,0.5|0,0.5|0,0.5|0,0.5|0,0.5|0,0.5|0,0.5|0,0.5|0,0.5|0,0.5|0,0.5|0,0.5|0,0.5|0,0.5|0,0.5|0,0|0,0.5|0,0.5|0,0.5|0,0|0,0.5|0,0.5|0,0.5|0,0.5|0,0.5|0,0.5|0,0.5|0,0.5|0,0.5|0,0.5|0,0.5|0,0.5|0,0.5|0,0.5|0,0.5|0,0.5|1,0.5|0,0|0,1
fd388845d5b2c5e9ffa69fbd2784aaaf7ec6c132,0.5|0,0|0,0|0,0|0,0.5|0,0.5|0,0.5|0,0.5|0,0.5|0,0.5|0,0.5|0,0.5|0,0.5|0,0.5|0,0.5|0,0.5|0,0.5|0,0.5|0,0.5|0,0.5|0,0.5|0,0.5|0,0.5|0,0|0,0.5|0,0.5|0,0.5|0,0|0,0.5|0,0.5|0,0.5|0,0.5|0,0.5|0,0.5|0,0.5|0,0.5|0,0.5|0,0.5|0,0.5|0,0.5|0,0.5|0,0.5|0,0.5|0,0.5|1,0.5|0,0|0,1
66036a14f471f582779ce8023344740fbb65daff,0.5|0,0|0,0|0,0|0,0.5|0,0.5|0,0.5|0,0.5|0,0.5|0,0.5|0,0.5|0,0.5|0,0.5|0,0.5|0,0.5|0,0.5|0,0.5|0,0.5|0,0.5|0,0.5|0,0.5|0,0.5|0,0.5|0,0|0,0.5|0,0.5|0,0.5|0,0|0,0.5|0,0.5|0,0.5|0,0.5|0,0.5|0,0.5|0,0.5|0,0.5|0,0.5|0,0.5|0,0.5|0,0.5|0,0.5|0,0.5|0,0.5|0,0.5|1,0.5|0,0|0,1
7040847eed6b73a5d77bd2effdc2c0c5773e62d1,0.5|0,0|0,0|0,0|0,0.5|0,0.5|0,0.5|0,0.5|0,0.5|0,0.5|0,0.5|0,0.5|0,0.5|0,0.5|0,0.5|0,0.5|0,0.5|0,0.5|0,0.5|0,0.5|0,0.5|0,0.5|0,0.5|0,0|0,0.5|0,0.5|0,0.5|0,0|0,0.5|0,0.5|0,0.5|0,0.5|0,0.5|0,0.5|0,0.5|0,0.5|0,0.5|0,0.5|0,0.5|0,0.5|0,0.5|0,0.5|0,0.5|0,0.5|1,0.5|0,0|0,1
d5bda47efea4613ee572655a412e28cd40695dab,0.5|0,0|0,0|0,0|0,0.5|0,0.5|0,0.5|0,0.5|0,0.5|0,0.5|0,0.5|0,0.5|0,0.5|0,0.5|0,0.5|0,0.5|0,0.5|0,0.5|0,0.5|0,0.5|0,0.5|0,0.5|0,0.5|0,0|0,0.5|0,0.5|0,0.5|0,0|0,0.5|0,0.5|0,0.5|0,0.5|0,0.5|0,0.5|0,0.5|0,0.5|0,0.5|0,0.5|0,0.5|0,0.5|0,0.5|0,0.5|0,0.5|0,0.5|1,0.5|0,0|0,1
9e549ba781a87cb0131c439939e27fd5fd050f10,0.5|0,0|0,0|0,0|0,0.5|0,0.5|0,0.5|0,0.5|0,0.5|0,0.5|0,0.5|0,0.5|0,0.5|0,0.5|0,0.5|0,0.5|0,0.5|0,0.5|0,0.5|0,0.5|0,0.5|0,0.5|0,0.5|0,0|0,0.5|0,0.5|0,0.5|0,0|0,0.5|0,0.5|0,0.5|0,0.5|0,0.5|0,0.5|0,0.5|0,0.5|0,0.5|0,0.5|0,0.5|0,0.5|0,0.5|0,0.5|0,0.5|0,0.5|1,0.5|0,0|0,1
af955169e186a1d1611f0f32c33596225ea6cba3,0.5|0,0|0,0|0,0|0,0.5|0,0.5|0,0.5|0,0.5|0,0.5|0,0.5|0,0.5|0,0.5|0,0.5|0,0.5|0,0.5|0,0.5|0,0.5|0,0.5|0,0.5|0,0.5|0,0.5|0,0.5|0,0.5|0,0|0,0.5|0,0.5|0,0.5|0,0|0,0.5|0,0.5|0,0.5|0,0.5|0,0.5|0,0.5|0,0.5|0,0.5|0,0.5|0,0.5|0,0.5|0,0.5|0,0.5|0,0.5|0,0.5|0,0.5|1,0.5|0,0|0,1
66133d1501144c38c580c0a2e04b06fc9463db72,0.5|0,0|0,0|0,0|0,0.5|0,0.5|0,0.5|0,0.5|0,0.5|0,0.5|0,0.5|0,0.5|0,0.5|0,0.5|0,0.5|0,0.5|0,0.5|0,0.5|0,0.5|0,0.5|0,0.5|0,0.5|0,0.5|0,0|0,0.5|0,0.5|0,0.5|0,0|0,0.5|0,0.5|0,0.5|0,0.5|0,0.5|0,0.5|0,0.5|0,0.5|0,0.5|0,0.5|0,0.5|0,0.5|0,0.5|0,0.5|0,0.5|0,0.5|1,0.5|0,0|0,1
57ecbf38c04d4522a534c47846e46c7e8c932eac,0.5|0,0|0,0|0,0|0,0.5|0,0.5|0,0.5|0,0.5|0,0.5|0,0.5|0,0.5|0,0.5|0,0.5|0,0.5|0,0.5|0,0.5|0,0.5|0,0.5|0,0.5|0,0.5|0,0.5|0,0.5|0,0.5|0,0|0,0.5|0,0.5|0,0.5|0,0|0,0.5|0,0.5|0,0.5|0,0.5|0,0.5|0,0.5|0,0.5|0,0.5|0,0.5|0,0.5|0,0.5|0,0.5|0,0.5|0,0.5|0,0.5|0,0.5|1,0.5|0,0|0,1
a6fd981fcf40a8cff5a6dd7c1af57e50053186b6,0.5|0,0|0,0|0,0|0,0.5|0,0.5|0,0.5|0,0.5|0,0.5|0,0.5|0,0.5|0,0.5|0,0.5|0,0.5|0,0.5|0,0.5|0,0.5|0,0.5|0,0.5|0,0.5|0,0.5|0,0.5|0,0.5|0,0|0,0.5|0,0.5|0,0.5|0,0|0,0.5|0,0.5|0,0.5|0,0.5|0,0.5|0,0.5|0,0.5|0,0.5|0,0.5|0,0.5|0,0.5|0,0.5|0,0.5|0,0.5|0,0.5|0,0.5|1,0.5|0,0|0,1
a1845da3594c080bc59318ea9b465e15f0c5012c,0.5|0,0|0,0|0,0|0,0.5|0,0.5|0,0.5|0,0.5|0,0.5|0,0.5|0,0.5|0,0.5|0,0.5|0,0.5|0,0.5|0,0.5|0,0.5|0,0.5|0,0.5|0,0.5|0,0.5|0,0.5|0,0.5|0,0|0,0.5|0,0.5|0,0.5|0,0|0,0.5|0,0.5|0,0.5|0,0.5|0,0.5|0,0.5|0,0.5|0,0.5|0,0.5|0,0.5|0,0.5|0,0.5|0,0.5|0,0.5|0,0.5|0,0.5|1,0.5|0,0|0,1
266af0275241b96346372bbae936cd3dd1a35159,0.5|0,0|0,0|0,0|0,0.5|0,0.5|0,0.5|0,0.5|0,0.5|0,0.5|0,0.5|0,0.5|0,0.5|0,0.5|0,0.5|0,0.5|0,0.5|0,0.5|0,0.5|0,0.5|0,0.5|0,0.5|0,0.5|0,0|0,0.5|0,0.5|0,0.5|0,0|0,0.5|0,0.5|0,0.5|0,0.5|0,0.5|0,0.5|0,0.5|0,0.5|0,0.5|0,0.5|0,0.5|0,0.5|0,0.5|0,0.5|0,0.5|0,0.5|1,0.5|0,0|0,1
e31ef00715581c56d429d7a0ea849db74a1fa956,0.5|0,0|0,0|0,0|0,0.5|0,0.5|0,0.5|0,0.5|0,0.5|0,0.5|0,0.5|0,0.5|0,0.5|0,0.5|0,0.5|0,0.5|0,0.5|0,0.5|0,0.5|0,0.5|0,0.5|0,0.5|0,0.5|0,0|0,0.5|0,0.5|0,0.5|0,0|0,0.5|0,0.5|0,0.5|0,0.5|0,0.5|0,0.5|0,0.5|0,0.5|0,0.5|0,0.5|0,0.5|0,0.5|0,0.5|0,0.5|0,0.5|0,0.5|1,0.5|0,0|0,1
b7d77972bceb250e888139319d64d125112ee502,0.5|0,0|0,0|0,0|0,0.5|0,0.5|0,0.5|0,0.5|0,0.5|0,0.5|0,0.5|0,0.5|0,0.5|0,0.5|0,0.5|0,0.5|0,0.5|0,0.5|0,0.5|0,0.5|0,0.5|0,0.5|0,0.5|0,0|0,0.5|0,0.5|0,0.5|0,0|0,0.5|0,0.5|0,0.5|0,0.5|0,0.5|0,0.5|0,0.5|0,0.5|0,0.5|0,0.5|0,0.5|0,0.5|0,0.5|0,0.5|0,0.5|0,0.5|1,0.5|0,0|0,1
95fe21015d295632c45c40cabffebd7509eab7b6,0.5|0,0|0,0|0,0|0,0.5|0,0.5|0,0.5|0,0.5|0,0.5|0,0.5|0,0.5|0,0.5|0,0.5|0,0.5|0,0.5|0,0.5|0,0.5|0,0.5|0,0.5|0,0.5|0,0.5|0,0.5|0,0.5|0,0|0,0.5|0,0.5|0,0.5|0,0|0,0.5|0,0.5|0,0.5|0,0.5|0,0.5|0,0.5|0,0.5|0,0.5|0,0.5|0,0.5|0,0.5|0,0.5|0,0.5|0,0.5|0,0.5|0,0.5|1,0.5|0,0|0,1
1773d7ff2d5b3463ac65fe0d9773ce6239528390,0.5|0,0|0,0|0,0|0,0.5|0,0.5|0,0.5|0,0.5|0,0.5|0,0.5|0,0.5|0,0.5|0,0.5|0,0.5|0,0.5|0,0.5|0,0.5|0,0.5|0,0.5|0,0.5|0,0.5|0,0.5|0,0.5|0,0|0,0.5|0,0.5|0,0.5|0,0|0,0.5|0,0.5|0,0.5|0,0.5|0,0.5|0,0.5|0,0.5|0,0.5|0,0.5|0,0.5|0,0.5|0,0.5|0,0.5|0,0.5|0,0.5|0,0.5|1,0.5|0,0|0,1
6195dbad76a5a63fdcce477bbfeaa41ce73028f3,0.5|0,0|0,0|0,0|0,0.5|0,0.5|0,0.5|0,0.5|0,0.5|0,0.5|0,0.5|0,0.5|0,0.5|0,0.5|0,0.5|0,0.5|0,0.5|0,0.5|0,0.5|0,0.5|0,0.5|0,0.5|0,0.5|0,0|0,0.5|0,0.5|0,0.5|0,0|0,0.5|0,0.5|0,0.5|0,0.5|0,0.5|0,0.5|0,0.5|0,0.5|0,0.5|0,0.5|0,0.5|0,0.5|0,0.5|0,0.5|0,0.5|0,0.5|1,0.5|0,0|0,1
0d495294bfdd5b4ba13a78de2c76f3682b20c888,0.5|0,0|0,0|0,0|0,0.5|0,0.5|0,0.5|0,0.5|0,0.5|0,0.5|0,0.5|0,0.5|0,0.5|0,0.5|0,0.5|0,0.5|0,0.5|0,0.5|0,0.5|0,0.5|0,0.5|0,0.5|0,0.5|0,0|0,0.5|0,0.5|0,0.5|0,0|0,0.5|0,0.5|0,0.5|0,0.5|0,0.5|0,0.5|0,0.5|0,0.5|0,0.5|0,0.5|0,0.5|0,0.5|0,0.5|0,0.5|0,0.5|0,0.5|1,0.5|0,0|0,1
3d2b611ea678da93fbefb5c9d40b1d062b8e490e,0.5|0,0|0,0|0,0|0,0.5|0,0.5|0,0.5|0,0.5|0,0.5|0,0.5|0,0.5|0,0.5|0,0.5|0,0.5|0,0.5|0,0.5|0,0.5|0,0.5|0,0.5|0,0.5|0,0.5|0,0.5|0,0.5|0,0|0,0.5|0,0.5|0,0.5|0,0|0,0.5|0,0.5|0,0.5|0,0.5|0,0.5|0,0.5|0,0.5|0,0.5|0,0.5|0,0.5|0,0.5|0,0.5|0,0.5|0,0.5|0,0.5|0,0.5|1,0.5|0,0|0,1
5f8ad0527d20567c40311d0b04bf71ccdc1e5f2c,0.5|0,0|0,0|0,0|0,0.5|0,0.5|0,0.5|0,0.5|0,0.5|0,0.5|0,0.5|0,0.5|0,0.5|0,0.5|0,0.5|0,0.5|0,0.5|0,0.5|0,0.5|0,0.5|0,0.5|0,0.5|0,0.5|0,0|0,0.5|0,0.5|0,0.5|0,0|0,0.5|0,0.5|0,0.5|0,0.5|0,0.5|0,0.5|0,0.5|0,0.5|0,0.5|0,0.5|0,0.5|0,0.5|0,0.5|0,0.5|0,0.5|0,0.5|1,0.5|0,0|0,1
2b4e2f9c9a5befc011c5743fee29dafa273ad6cb,0.5|0,0|0,0|0,0|0,0.5|0,0.5|0,0.5|0,0.5|0,0.5|0,0.5|0,0.5|0,0.5|0,0.5|0,0.5|0,0.5|0,0.5|0,0.5|0,0.5|0,0.5|0,0.5|0,0.5|0,0.5|0,0.5|0,0|0,0.5|0,0.5|0,0.5|0,0|0,0.5|0,0.5|0,0.5|0,0.5|0,0.5|0,0.5|0,0.5|0,0.5|0,0.5|0,0.5|0,0.5|0,0.5|0,0.5|0,0.5|0,0.5|0,0.5|1,0.5|0,0|0,1
e9dc035c5ca8e8e9012c76d5e2bdb9c085d6664a,0.5|0,0|0,0|0,0|0,0.5|0,0.5|0,0.5|0,0.5|0,0.5|0,0.5|0,0.5|0,0.5|0,0.5|0,0.5|0,0.5|0,0.5|0,0.5|0,0.5|0,0.5|0,0.5|0,0.5|0,0.5|0,0.5|0,0|0,0.5|0,0.5|0,0.5|0,0|0,0.5|0,0.5|0,0.5|0,0.5|0,0.5|0,0.5|0,0.5|0,0.5|0,0.5|0,0.5|0,0.5|0,0.5|0,0.5|0,0.5|0,0.5|0,0.5|1,0.5|0,0|0,1
7c6910d9e5d5b08a164a22db5db9969e20cbc232,0.5|0,0|0,0|0,0|0,0.5|0,0.5|0,0.5|0,0.5|0,0.5|0,0.5|0,0.5|0,0.5|0,0.5|0,0.5|0,0.5|0,0.5|0,0.5|0,0.5|0,0.5|0,0.5|0,0.5|0,0.5|0,0.5|0,0|0,0.5|0,0.5|0,0.5|0,0|0,0.5|0,0.5|0,0.5|0,0.5|0,0.5|0,0.5|0,0.5|0,0.5|0,0.5|0,0.5|0,0.5|0,0.5|0,0.5|0,0.5|0,0.5|0,0.5|1,0.5|0,0|0,1
b65a755e8569d428732f54bc72f7da3ffb94a3ff,0.5|0,0|0,0|0,0|0,0.5|0,0.5|0,0.5|0,0.5|0,0.5|0,0.5|0,0.5|0,0.5|0,0.5|0,0.5|0,0.5|0,0.5|0,0.5|0,0.5|0,0.5|0,0.5|0,0.5|0,0.5|0,0.5|0,0|0,0.5|0,0.5|0,0.5|0,0|0,0.5|0,0.5|0,0.5|0,0.5|0,0.5|0,0.5|0,0.5|0,0.5|0,0.5|0,0.5|0,0.5|0,0.5|0,0.5|0,0.5|0,0.5|0,0.5|1,0.5|0,0|0,1
18e03a26ca781490f06bfdbd34628614fcb65ca9,0.5|0,0|0,0|0,0|0,0.5|0,0.5|0,0.5|0,0.5|0,0.5|0,0.5|0,0.5|0,0.5|0,0.5|0,0.5|0,0.5|0,0.5|0,0.5|0,0.5|0,0.5|0,0.5|0,0.5|0,0.5|0,0.5|0,0|0,0.5|0,0.5|0,0.5|0,0|0,0.5|0,0.5|0,0.5|0,0.5|0,0.5|0,0.5|0,0.5|0,0.5|0,0.5|0,0.5|0,0.5|0,0.5|0,0.5|0,0.5|0,0.5|0,0.5|1,0.5|0,0|0,1
2e7fc82e55d0f6c84745da993864ad81423bc5ea,0.5|0,0|0,0|0,0|0,0.5|0,0.5|0,0.5|0,0.5|0,0.5|0,0.5|0,0.5|0,0.5|0,0.5|0,0.5|0,0.5|0,0.5|0,0.5|0,0.5|0,0.5|0,0.5|0,0.5|0,0.5|0,0.5|0,0|0,0.5|0,0.5|0,0.5|0,0|0,0.5|0,0.5|0,0.5|0,0.5|0,0.5|0,0.5|0,0.5|0,0.5|0,0.5|0,0.5|0,0.5|0,0.5|0,0.5|0,0.5|0,0.5|0,0.5|1,0.5|0,0|0,1
e4fd6e47a323923cf320880c2dd3bb1d149c4fbe,0.5|0,0|0,0|0,0|0,0.5|0,0.5|0,0.5|0,0.5|0,0.5|0,0.5|0,0.5|0,0.5|0,0.5|0,0.5|0,0.5|0,0.5|0,0.5|0,0.5|0,0.5|0,0.5|0,0.5|0,0.5|0,0.5|0,0|0,0.5|0,0.5|0,0.5|0,0|0,0.5|0,0.5|0,0.5|0,0.5|0,0.5|0,0.5|0,0.5|0,0.5|0,0.5|0,0.5|0,0.5|0,0.5|0,0.5|0,0.5|0,0.5|0,0.5|1,0.5|0,0|0,1
d4650f0f817c8d1663284b7dd225df802104a60b,0.5|0,0|0,0|0,0|0,0.5|0,0.5|0,0.5|0,0.5|0,0.5|0,0.5|0,0.5|0,0.5|0,0.5|0,0.5|0,0.5|0,0.5|0,0.5|0,0.5|0,0.5|0,0.5|0,0.5|0,0.5|0,0.5|0,0|0,0.5|0,0.5|0,0.5|0,0|0,0.5|0,0.5|0,0.5|0,0.5|0,0.5|0,0.5|0,0.5|0,0.5|0,0.5|0,0.5|0,0.5|0,0.5|0,0.5|0,0.5|0,0.5|0,0.5|1,0.5|0,0|0,1
6bbae9a70a2b346968406d582f411447c9cbbd00,0.5|0,0|0,0|0,0|0,0.5|0,0.5|0,0.5|0,0.5|0,0.5|0,0.5|0,0.5|0,0.5|0,0.5|0,0.5|0,0.5|0,0.5|0,0.5|0,0.5|0,0.5|0,0.5|0,0.5|0,0.5|0,0.5|0,0|0,0.5|0,0.5|0,0.5|0,0|0,0.5|0,0.5|0,0.5|0,0.5|0,0.5|0,0.5|0,0.5|0,0.5|0,0.5|0,0.5|0,0.5|0,0.5|0,0.5|0,0.5|0,0.5|0,0.5|1,0.5|0,0|0,1
4b4b358562a80b546d10f779dba8c56c5d0c6502,0.5|0,0|0,0|0,0|0,0.5|0,0.5|0,0.5|0,0.5|0,0.5|0,0.5|0,0.5|0,0.5|0,0.5|0,0.5|0,0.5|0,0.5|0,0.5|0,0.5|0,0.5|0,0.5|0,0.5|0,0.5|0,0.5|0,0|0,0.5|0,0.5|0,0.5|0,0|0,0.5|0,0.5|0,0.5|0,0.5|0,0.5|0,0.5|0,0.5|0,0.5|0,0.5|0,0.5|0,0.5|0,0.5|0,0.5|0,0.5|0,0.5|0,0.5|1,0.5|0,0|0,1
a813121e0a7021cdbfd64630960b330a23b1a4d2,0.5|0,0|0,0|0,0|0,0.5|0,0.5|0,0.5|0,0.5|0,0.5|0,0.5|0,0.5|0,0.5|0,0.5|0,0.5|0,0.5|0,0.5|0,0.5|0,0.5|0,0.5|0,0.5|0,0.5|0,0.5|0,0.5|0,0|0,0.5|0,0.5|0,0.5|0,0|0,0.5|0,0.5|0,0.5|0,0.5|0,0.5|0,0.5|0,0.5|0,0.5|0,0.5|0,0.5|0,0.5|0,0.5|0,0.5|0,0.5|0,0.5|0,0.5|1,0.5|0,0|0,1
b116456fc5c10b3fe196da4b071faec4abbfec31,0.5|0,0|0,0|0,0|0,0.5|0,0.5|0,0.5|0,0.5|0,0.5|0,0.5|0,0.5|0,0.5|0,0.5|0,0.5|0,0.5|0,0.5|0,0.5|0,0.5|0,0.5|0,0.5|0,0.5|0,0.5|0,0.5|0,0|0,0.5|0,0.5|0,0.5|0,0|0,0.5|0,0.5|0,0.5|0,0.5|0,0.5|0,0.5|0,0.5|0,0.5|0,0.5|0,0.5|0,0.5|0,0.5|0,0.5|0,0.5|0,0.5|0,0.5|1,0.5|0,0|0,1
70c4920184f98d0e17339520fcdbbd93638799b9,0.5|0,0|0,0|0,0|0,0.5|0,0.5|0,0.5|0,0.5|0,0.5|0,0.5|0,0.5|0,0.5|0,0.5|0,0.5|0,0.5|0,0.5|0,0.5|0,0.5|0,0.5|0,0.5|0,0.5|0,0.5|0,0.5|0,0|0,0.5|0,0.5|0,0.5|0,0|0,0.5|0,0.5|0,0.5|0,0.5|0,0.5|0,0.5|0,0.5|0,0.5|0,0.5|0,0.5|0,0.5|0,0.5|0,0.5|0,0.5|0,0.5|0,0.5|1,0.5|0,0|0,1
8c5e6e9761e2cd490245fddf6327440bf8cff135,0.5|0,0|0,0|0,0|0,0.5|0,0.5|0,0.5|0,0.5|0,0.5|0,0.5|0,0.5|0,0.5|0,0.5|0,0.5|0,0.5|0,0.5|0,0.5|0,0.5|0,0.5|0,0.5|0,0.5|0,0.5|0,0.5|0,0|0,0.5|0,0.5|0,0.5|0,0|0,0.5|0,0.5|0,0.5|0,0.5|0,0.5|0,0.5|0,0.5|0,0.5|0,0.5|0,0.5|0,0.5|0,0.5|0,0.5|0,0.5|0,0.5|0,0.5|1,0.5|0,0|0,1
2d33431948ce6fb75ee7117544b887f34c495444,0.5|0,0|0,0|0,0|0,0.5|0,0.5|0,0.5|0,0.5|0,0.5|0,0.5|0,0.5|0,0.5|0,0.5|0,0.5|0,0.5|0,0.5|0,0.5|0,0.5|0,0.5|0,0.5|0,0.5|0,0.5|0,0.5|0,0|0,0.5|0,0.5|0,0.5|0,0|0,0.5|0,0.5|0,0.5|0,0.5|0,0.5|0,0.5|0,0.5|0,0.5|0,0.5|0,0.5|0,0.5|0,0.5|0,0.5|0,0.5|0,0.5|0,0.5|1,0.5|0,0|0,1
a064261e854317bcc48aab31f86f3cbee67855c3,0.5|0,0|0,0|0,0|0,0.5|0,0.5|0,0.5|0,0.5|0,0.5|0,0.5|0,0.5|0,0.5|0,0.5|0,0.5|0,0.5|0,0.5|0,0.5|0,0.5|0,0.5|0,0.5|0,0.5|0,0.5|0,0.5|0,0|0,0.5|0,0.5|0,0.5|0,0|0,0.5|0,0.5|0,0.5|0,0.5|0,0.5|0,0.5|0,0.5|0,0.5|0,0.5|0,0.5|0,0.5|0,0.5|0,0.5|0,0.5|0,0.5|0,0.5|1,0.5|0,0|0,1
0110623b4ed94e49f2821073146d705856ed149f,0.5|0,0|0,0|0,0|0,0.5|0,0.5|0,0.5|0,0.5|0,0.5|0,0.5|0,0.5|0,0.5|0,0.5|0,0.5|0,0.5|0,0.5|0,0.5|0,0.5|0,0.5|0,0.5|0,0.5|0,0.5|0,0.5|0,0|0,0.5|0,0.5|0,0.5|0,0|0,0.5|0,0.5|0,0.5|0,0.5|0,0.5|0,0.5|0,0.5|0,0.5|0,0.5|0,0.5|0,0.5|0,0.5|0,0.5|0,0.5|0,0.5|0,0.5|1,0.5|0,0|0,1
d6b1c24079640c37e24191898e2f05cf4deac125,0.5|0,0|0,0|0,0|0,0.5|0,0.5|0,0.5|0,0.5|0,0.5|0,0.5|0,0.5|0,0.5|0,0.5|0,0.5|0,0.5|0,0.5|0,0.5|0,0.5|0,0.5|0,0.5|0,0.5|0,0.5|0,0.5|0,0|0,0.5|0,0.5|0,0.5|0,0|0,0.5|0,0.5|0,0.5|0,0.5|0,0.5|0,0.5|0,0.5|0,0.5|0,0.5|0,0.5|0,0.5|0,0.5|0,0.5|0,0.5|0,0.5|0,0.5|1,0.5|0,0|0,1
3d1da00d8d04522e6391dd817528b90609bc9367,0.5|0,0|0,0|0,0|0,0.5|0,0.5|0,0.5|0,0.5|0,0.5|0,0.5|0,0.5|0,0.5|0,0.5|0,0.5|0,0.5|0,0.5|0,0.5|0,0.5|0,0.5|0,0.5|0,0.5|0,0.5|0,0.5|0,0|0,0.5|0,0.5|0,0.5|0,0|0,0.5|0,0.5|0,0.5|0,0.5|0,0.5|0,0.5|0,0.5|0,0.5|0,0.5|0,0.5|0,0.5|0,0.5|0,0.5|0,0.5|0,0.5|0,0.5|1,0.5|0,0|0,1
33d3d254acf20fcdb1db106cdf8161e73b9e747a,0.5|0,0|0,0|0,0|0,0.5|0,0.5|0,0.5|0,0.5|0,0.5|0,0.5|0,0.5|0,0.5|0,0.5|0,0.5|0,0.5|0,0.5|0,0.5|0,0.5|0,0.5|0,0.5|0,0.5|0,0.5|0,0.5|0,0|0,0.5|0,0.5|0,0.5|0,0|0,0.5|0,0.5|0,0.5|0,0.5|0,0.5|0,0.5|0,0.5|0,0.5|0,0.5|0,0.5|0,0.5|0,0.5|0,0.5|0,0.5|0,0.5|0,0.5|1,0.5|0,0|0,1
c63446e59220efd3b133bccbbd44ed97c86c78f1,0|0,0|0,0|0,0|0,0|0,0|0,0|0,0|0,0|0,0|0,0|0,0|0,0|0,0|0,0|0,0|0,0|0,0|0,0|0,0|0,0|0,0|0,0|0,0|0,0|0,0|0,0|0,0|0,0|0,0|0,0|0,0|0,0|0,0|0,0|0,0|0,0|0,0|0,0|0,0|0,0|0,0|0,0|0,0|1,0|0,0|0,1
42dba2e4afd12ab77073cc21df1d56d0ef02b232,0|0,0|0,0|0,0|0,0|0,0|0,0|0,0|0,0|0,0|0,0|0,0|0,0|0,0|0,0|0,0|0,0|0,0|0,0|0,0|0,0|0,0|0,0|0,0|0,0|0,0|0,0|0,0|0,0|0,0|0,0|0,0|0,0|0,0|0,0|0,0|0,0|0,0|0,0|0,0|0,0|0,0|0,0|0,0|1,0|0,0|0,1
2093ac5bf6444db290cdf1c7d64cf4b80f415d2f,0|0,0|0,0|0,0|0,0|0,0|0,0|0,0|0,0|0,0|0,0|0,0|0,0|0,0|0,0|0,0|0,0|0,0|0,0|0,0|0,0|0,0|0,0|0,0|0,0|0,0|0,0|0,0|0,0|0,0|0,0|0,0|0,0|0,0|0,0|0,0|0,0|0,0|0,0|0,0|0,0|0,0|0,0|0,0|1,0|0,0|0,1
399be12585f83302178175396bcaf4487ffd57a9,0.5|0,0|0,0|0,0|0,0.5|0,0.5|0,0.5|0,0.5|0,0.5|0,0.5|0,0.5|0,0.5|0,0.5|0,0.5|0,0.5|0,0.5|0,0.5|0,0.5|0,0.5|0,0.5|0,0.5|0,0.5|0,0.5|0,0|0,0.5|0,0.5|0,0.5|0,0|0,0.5|0,0.5|0,0.5|0,0.5|0,0.5|0,0.5|0,0.5|0,0.5|0,0.5|0,0.5|0,0.5|0,0.5|0,0.5|0,0.5|0,0.5|0,0.5|1,0.5|0,0|0,1
bc8bc69beb7c6ee26c97e9a57aff4124f064d9ac,0.5|0,0|0,0|0,0|0,0.5|0,0.5|0,0.5|0,0.5|0,0.5|0,0.5|0,0.5|0,0.5|0,0.5|0,0.5|0,0.5|0,0.5|0,0.5|0,0.5|0,0.5|0,0.5|0,0.5|0,0.5|0,0.5|0,0|0,0.5|0,0.5|0,0.5|0,0|0,0.5|0,0.5|0,0.5|0,0.5|0,0.5|0,0.5|0,0.5|0,0.5|0,0.5|0,0.5|0,0.5|0,0.5|0,0.5|0,0.5|0,0.5|0,0.5|1,0.5|0,0|0,1
0109014f2c640106bd970dc7559fb0f15cc51271,0.5|0,0|0,0|0,0|0,0.5|0,0.5|0,0.5|0,0.5|0,0.5|0,0.5|0,0.5|0,0.5|0,0.5|0,0.5|0,0.5|0,0.5|0,0.5|0,0.5|0,0.5|0,0.5|0,0.5|0,0.5|0,0.5|0,0|0,0.5|0,0.5|0,0.5|0,0|0,0.5|0,0.5|0,0.5|0,0.5|0,0.5|0,0.5|0,0.5|0,0.5|0,0.5|0,0.5|0,0.5|0,0.5|0,0.5|0,0.5|0,0.5|0,0.5|1,0.5|0,0|0,1
83840f1bb9e8825bb8000025ef7331a1d2e68ac4,0.5|0,0|0,0|0,0|0,0.5|0,0.5|0,0.5|0,0.5|0,0.5|0,0.5|0,0.5|0,0.5|0,0.5|0,0.5|0,0.5|0,0.5|0,0.5|0,0.5|0,0.5|0,0.5|0,0.5|0,0.5|0,0.5|0,0|0,0.5|0,0.5|0,0.5|0,0|0,0.5|0,0.5|0,0.5|0,0.5|0,0.5|0,0.5|0,0.5|0,0.5|0,0.5|0,0.5|0,0.5|0,0.5|0,0.5|0,0.5|0,0.5|0,0.5|1,0.5|0,0|0,1
3639d2045baa6cc048c82bfd6cc3f910a69b1457,0.5|0,0|0,0|0,0|0,0.5|0,0.5|0,0.5|0,0.5|0,0.5|0,0.5|0,0.5|0,0.5|0,0.5|0,0.5|0,0.5|0,0.5|0,0.5|0,0.5|0,0.5|0,0.5|0,0.5|0,0.5|0,0.5|0,0|0,0.5|0,0.5|0,0.5|0,0|0,0.5|0,0.5|0,0.5|0,0.5|0,0.5|0,0.5|0,0.5|0,0.5|0,0.5|0,0.5|0,0.5|0,0.5|0,0.5|0,0.5|0,0.5|0,0.5|1,0.5|0,0|0,1
fd02baa13ae35ce01f334f5c79fa0d6884c4f131,0.5|0,0|0,0|0,0|0,0.5|0,0.5|0,0.5|0,0.5|0,0.5|0,0.5|0,0.5|0,0.5|0,0.5|0,0.5|0,0.5|0,0.5|0,0.5|0,0.5|0,0.5|0,0.5|0,0.5|0,0.5|0,0.5|0,0|0,0.5|0,0.5|0,0.5|0,0|0,0.5|0,0.5|0,0.5|0,0.5|0,0.5|0,0.5|0,0.5|0,0.5|0,0.5|0,0.5|0,0.5|0,0.5|0,0.5|0,0.5|0,0.5|0,0.5|1,0.5|0,0|0,1
5a25f89ab364078dd1478f56da4d3e2154784f1a,0.5|0,0|0,0|0,0|0,0.5|0,0.5|0,0.5|0,0.5|0,0.5|0,0.5|0,0.5|0,0.5|0,0.5|0,0.5|0,0.5|0,0.5|0,0.5|0,0.5|0,0.5|0,0.5|0,0.5|0,0.5|0,0.5|0,0|0,0.5|0,0.5|0,0.5|0,0|0,0.5|0,0.5|0,0.5|0,0.5|0,0.5|0,0.5|0,0.5|0,0.5|0,0.5|0,0.5|0,0.5|0,0.5|0,0.5|0,0.5|0,0.5|0,0.5|1,0.5|0,0|0,1
15643547fed19d8aa28ffcc7ea083092d199d499,0.5|0,0|0,0|0,0|0,0.5|0,0.5|0,0.5|0,0.5|0,0.5|0,0.5|0,0.5|0,0.5|0,0.5|0,0.5|0,0.5|0,0.5|0,0.5|0,0.5|0,0.5|0,0.5|0,0.5|0,0.5|0,0.5|0,0|0,0.5|0,0.5|0,0.5|0,0|0,0.5|0,0.5|0,0.5|0,0.5|0,0.5|0,0.5|0,0.5|0,0.5|0,0.5|0,0.5|0,0.5|0,0.5|0,0.5|0,0.5|0,0.5|0,0.5|1,0.5|0,0|0,1
74d3843ebe0d181072acc6700e6c41595ce75f0d,0.5|0,0|0,0|0,0|0,0.5|0,0.5|0,0.5|0,0.5|0,0.5|0,0.5|0,0.5|0,0.5|0,0.5|0,0.5|0,0.5|0,0.5|0,0.5|0,0.5|0,0.5|0,0.5|0,0.5|0,0.5|0,0.5|0,0|0,0.5|0,0.5|0,0.5|0,0|0,0.5|0,0.5|0,0.5|0,0.5|0,0.5|0,0.5|0,0.5|0,0.5|0,0.5|0,0.5|0,0.5|0,0.5|0,0.5|0,0.5|0,0.5|0,0.5|1,0.5|0,0|0,1
44a290286b298a461b3a88a0bfdc4e0361a247f3,0.5|0,0|0,0|0,0|0,0.5|0,0.5|0,0.5|0,0.5|0,0.5|0,0.5|0,0.5|0,0.5|0,0.5|0,0.5|0,0.5|0,0.5|0,0.5|0,0.5|0,0.5|0,0.5|0,0.5|0,0.5|0,0.5|0,0|0,0.5|0,0.5|0,0.5|0,0|0,0.5|0,0.5|0,0.5|0,0.5|0,0.5|0,0.5|0,0.5|0,0.5|0,0.5|0,0.5|0,0.5|0,0.5|0,0.5|0,0.5|0,0.5|0,0.5|1,0.5|0,0|0,1
521ce609c8a052e9dc65f950cec7955f5f36fac4,0.5|0,0|0,0|0,0|0,0.5|0,0.5|0,0.5|0,0.5|0,0.5|0,0.5|0,0.5|0,0.5|0,0.5|0,0.5|0,0.5|0,0.5|0,0.5|0,0.5|0,0.5|0,0.5|0,0.5|0,0.5|0,0.5|0,0|0,0.5|0,0.5|0,0.5|0,0|0,0.5|0,0.5|0,0.5|0,0.5|0,0.5|0,0.5|0,0.5|0,0.5|0,0.5|0,0.5|0,0.5|0,0.5|0,0.5|0,0.5|0,0.5|0,0.5|1,0.5|0,0|0,1
41050af5b5c4d3a5b26ace485f02be6764525eb5,0.5|0,0|0,0|0,0|0,0.5|0,0.5|0,0.5|0,0.5|0,0.5|0,0.5|0,0.5|0,0.5|0,0.5|0,0.5|0,0.5|0,0.5|0,0.5|0,0.5|0,0.5|0,0.5|0,0.5|0,0.5|0,0.5|0,0|0,0.5|0,0.5|0,0.5|0,0|0,0.5|0,0.5|0,0.5|0,0.5|0,0.5|0,0.5|0,0.5|0,0.5|0,0.5|0,0.5|0,0.5|0,0.5|0,0.5|0,0.5|0,0.5|0,0.5|1,0.5|0,0|0,1
d1a59c030879fe03da6a0795686dd31c973f201b,0.5|0,0|0,0|0,0|0,0.5|0,0.5|0,0.5|0,0.5|0,0.5|0,0.5|0,0.5|0,0.5|0,0.5|0,0.5|0,0.5|0,0.5|0,0.5|0,0.5|0,0.5|0,0.5|0,0.5|0,0.5|0,0.5|0,0|0,0.5|0,0.5|0,0.5|0,0|0,0.5|0,0.5|0,0.5|0,0.5|0,0.5|0,0.5|0,0.5|0,0.5|0,0.5|0,0.5|0,0.5|0,0.5|0,0.5|0,0.5|0,0.5|0,0.5|1,0.5|0,0|0,1
abce6d4023c2b76f23e75deff446121687abe5d9,0.5|0,0|0,0|0,0|0,0.5|0,0.5|0,0.5|0,0.5|0,0.5|0,0.5|0,0.5|0,0.5|0,0.5|0,0.5|0,0.5|0,0.5|0,0.5|0,0.5|0,0.5|0,0.5|0,0.5|0,0.5|0,0.5|0,0|0,0.5|0,0.5|0,0.5|0,0|0,0.5|0,0.5|0,0.5|0,0.5|0,0.5|0,0.5|0,0.5|0,0.5|0,0.5|0,0.5|0,0.5|0,0.5|0,0.5|0,0.5|0,0.5|0,0.5|1,0.5|0,0|0,1
25f8964a235a6da1f3b4ebb5f883640a039ece79,0.5|0,0|0,0|0,0|0,0.5|0,0.5|0,0.5|0,0.5|0,0.5|0,0.5|0,0.5|0,0.5|0,0.5|0,0.5|0,0.5|0,0.5|0,0.5|0,0.5|0,0.5|0,0.5|0,0.5|0,0.5|0,0.5|0,0|0,0.5|0,0.5|0,0.5|0,0|0,0.5|0,0.5|0,0.5|0,0.5|0,0.5|0,0.5|0,0.5|0,0.5|0,0.5|0,0.5|0,0.5|0,0.5|0,0.5|0,0.5|0,0.5|0,0.5|1,0.5|0,0|0,1
80171dbcf3865e8b02f136b0dc4b088033fd9054,0.5|0,0|0,0|0,0|0,0.5|0,0.5|0,0.5|0,0.5|0,0.5|0,0.5|0,0.5|0,0.5|0,0.5|0,0.5|0,0.5|0,0.5|0,0.5|0,0.5|0,0.5|0,0.5|0,0.5|0,0.5|0,0.5|0,0|0,0.5|0,0.5|0,0.5|0,0|0,0.5|0,0.5|0,0.5|0,0.5|0,0.5|0,0.5|0,0.5|0,0.5|0,0.5|0,0.5|0,0.5|0,0.5|0,0.5|0,0.5|0,0.5|0,0.5|1,0.5|0,0|0,1
6127e04900d14682f524cca5b5720b2fb9f0e283,0.5|0,0|0,0|0,0|0,0.5|0,0.5|0,0.5|0,0.5|0,0.5|0,0.5|0,0.5|0,0.5|0,0.5|0,0.5|0,0.5|0,0.5|0,0.5|0,0.5|0,0.5|0,0.5|0,0.5|0,0.5|0,0.5|0,0|0,0.5|0,0.5|0,0.5|0,0|0,0.5|0,0.5|0,0.5|0,0.5|0,0.5|0,0.5|0,0.5|0,0.5|0,0.5|0,0.5|0,0.5|0,0.5|0,0.5|0,0.5|0,0.5|0,0.5|1,0.5|0,0|0,1
81e42b748e46666158596cc22224b0ec11d85be0,0.5|0,0|0,0|0,0|0,0.5|0,0.5|0,0.5|0,0.5|0,0.5|0,0.5|0,0.5|0,0.5|0,0.5|0,0.5|0,0.5|0,0.5|0,0.5|0,0.5|0,0.5|0,0.5|0,0.5|0,0.5|0,0.5|0,0|0,0.5|0,0.5|0,0.5|0,0|0,0.5|0,0.5|0,0.5|0,0.5|0,0.5|0,0.5|0,0.5|0,0.5|0,0.5|0,0.5|0,0.5|0,0.5|0,0.5|0,0.5|0,0.5|0,0.5|1,0.5|0,0|0,1
85587a8f9871f59a931634651fc3df52ca3e9aad,0.5|0,0|0,0|0,0|0,0.5|0,0.5|0,0.5|0,0.5|0,0.5|0,0.5|0,0.5|0,0.5|0,0.5|0,0.5|0,0.5|0,0.5|0,0.5|0,0.5|0,0.5|0,0.5|0,0.5|0,0.5|0,0.5|0,0|0,0.5|0,0.5|0,0.5|0,0|0,0.5|0,0.5|0,0.5|0,0.5|0,0.5|0,0.5|0,0.5|0,0.5|0,0.5|0,0.5|0,0.5|0,0.5|0,0.5|0,0.5|0,0.5|0,0.5|1,0.5|0,0|0,1
7be482f5b153530315232f721ef2bcab581256ef,0.5|0,0|0,0|0,0|0,0.5|0,0.5|0,0.5|0,0.5|0,0.5|0,0.5|0,0.5|0,0.5|0,0.5|0,0.5|0,0.5|0,0.5|0,0.5|0,0.5|0,0.5|0,0.5|0,0.5|0,0.5|0,0.5|0,0|0,0.5|0,0.5|0,0.5|0,0|0,0.5|0,0.5|0,0.5|0,0.5|0,0.5|0,0.5|0,0.5|0,0.5|0,0.5|0,0.5|0,0.5|0,0.5|0,0.5|0,0.5|0,0.5|0,0.5|1,0.5|0,0|0,1
6a9d4b1ab64d85d6070205f7bc00c1d14b88de11,0.5|0,0|0,0|0,0|0,0.5|0,0.5|0,0.5|0,0.5|0,0.5|0,0.5|0,0.5|0,0.5|0,0.5|0,0.5|0,0.5|0,0.5|0,0.5|0,0.5|0,0.5|0,0.5|0,0.5|0,0.5|0,0.5|0,0|0,0.5|0,0.5|0,0.5|0,0|0,0.5|0,0.5|0,0.5|0,0.5|0,0.5|0,0.5|0,0.5|0,0.5|0,0.5|0,0.5|0,0.5|0,0.5|0,0.5|0,0.5|0,0.5|0,0.5|1,0.5|0,0|0,1
b6beeef62352f0537e5f546f1061e92215597b97,0.5|0,0|0,0|0,0|0,0.5|0,0.5|0,0.5|0,0.5|0,0.5|0,0.5|0,0.5|0,0.5|0,0.5|0,0.5|0,0.5|0,0.5|0,0.5|0,0.5|0,0.5|0,0.5|0,0.5|0,0.5|0,0.5|0,0|0,0.5|0,0.5|0,0.5|0,0|0,0.5|0,0.5|0,0.5|0,0.5|0,0.5|0,0.5|0,0.5|0,0.5|0,0.5|0,0.5|0,0.5|0,0.5|0,0.5|0,0.5|0,0.5|0,0.5|1,0.5|0,0|0,1
619005c5b22f85479201a60002fe92373232f59b,0.5|0,0|0,0|0,0|0,0.5|0,0.5|0,0.5|0,0.5|0,0.5|0,0.5|0,0.5|0,0.5|0,0.5|0,0.5|0,0.5|0,0.5|0,0.5|0,0.5|0,0.5|0,0.5|0,0.5|0,0.5|0,0.5|0,0|0,0.5|0,0.5|0,0.5|0,0|0,0.5|0,0.5|0,0.5|0,0.5|0,0.5|0,0.5|0,0.5|0,0.5|0,0.5|0,0.5|0,0.5|0,0.5|0,0.5|0,0.5|0,0.5|0,0.5|1,0.5|0,0|0,1
070a0908b30c055bf0590fb0d10557c1acf70401,0.5|0,0|0,0|0,0|0,0.5|0,0.5|0,0.5|0,0.5|0,0.5|0,0.5|0,0.5|0,0.5|0,0.5|0,0.5|0,0.5|0,0.5|0,0.5|0,0.5|0,0.5|0,0.5|0,0.5|0,0.5|0,0.5|0,0|0,0.5|0,0.5|0,0.5|0,0|0,0.5|0,0.5|0,0.5|0,0.5|0,0.5|0,0.5|0,0.5|0,0.5|0,0.5|0,0.5|0,0.5|0,0.5|0,0.5|0,0.5|0,0.5|0,0.5|1,0.5|1,0|0,2
b90d39c4ac039464798a323ef96dc92262504852,0.5|0,0|0,0|0,0|0,0.5|0,0.5|0,0.5|0,0.5|0,0.5|0,0.5|0,0.5|0,0.5|0,0.5|0,0.5|0,0.5|0,0.5|0,0.5|0,0.5|0,0.5|0,0.5|0,0.5|0,0.5|0,0.5|0,0|0,0.5|0,0.5|0,0.5|0,0|0,0.5|0,0.5|0,0.5|0,0.5|0,0.5|0,0.5|0,0.5|0,0.5|0,0.5|0,0.5|0,0.5|0,0.5|0,0.5|0,0.5|0,0.5|0,0.5|1,0.5|1,0|0,2
aee2c81f76842c6968e98f343adb46082eb3fb85,0.5|0,0|0,0|0,0|0,0.5|0,0.5|0,0.5|0,0.5|0,0.5|0,0.5|0,0.5|0,0.5|0,0.5|0,0.5|0,0.5|0,0.5|0,0.5|0,0.5|0,0.5|0,0.5|0,0.5|0,0.5|0,0.5|0,0|0,0.5|0,0.5|0,0.5|0,0|0,0.5|0,0.5|0,0.5|0,0.5|0,0.5|0,0.5|0,0.5|0,0.5|0,0.5|0,0.5|0,0.5|0,0.5|0,0.5|0,0.5|0,0.5|0,0.5|1,0.5|1,0|0,2
312dc424bdf93f6680562e7f925e782c766383e6,0.5|0,0|0,0|0,0|0,0.5|0,0.5|0,0.5|0,0.5|0,0.5|0,0.5|0,0.5|0,0.5|0,0.5|0,0.5|0,0.5|0,0.5|0,0.5|0,0.5|0,0.5|0,0.5|0,0.5|0,0.5|0,0.5|0,0|0,0.5|0,0.5|0,0.5|0,0|0,0.5|0,0.5|0,0.5|0,0.5|0,0.5|0,0.5|0,0.5|0,0.5|0,0.5|0,0.5|0,0.5|0,0.5|0,0.5|0,0.5|0,0.5|0,0.5|1,0.5|0,0|0,1
7c7c375b451ba506134f426f71e065c66c9200dc,0.5|0,0|0,0|0,0|0,0.5|0,0.5|0,0.5|0,0.5|0,0.5|0,0.5|0,0.5|0,0.5|0,0.5|0,0.5|0,0.5|0,0.5|0,0.5|0,0.5|0,0.5|0,0.5|0,0.5|0,0.5|0,0.5|0,0|0,0.5|0,0.5|0,0.5|0,0|0,0.5|0,0.5|0,0.5|0,0.5|0,0.5|0,0.5|0,0.5|0,0.5|0,0.5|0,0.5|0,0.5|0,0.5|0,0.5|0,0.5|0,0.5|0,0.5|1,0.5|0,0|0,1
f796c943753b3125950d75a64dee7e869d21d775,0.5|0,0|0,0|0,0|0,0.5|0,0.5|0,0.5|0,0.5|0,0.5|0,0.5|0,0.5|0,0.5|0,0.5|0,0.5|0,0.5|0,0.5|0,0.5|0,0.5|0,0.5|0,0.5|0,0.5|0,0.5|0,0.5|0,0|0,0.5|0,0.5|0,0.5|0,0|0,0.5|0,0.5|0,0.5|0,0.5|0,0.5|0,0.5|0,0.5|0,0.5|0,0.5|0,0.5|0,0.5|0,0.5|0,0.5|0,0.5|0,0.5|0,0.5|1,0.5|0,0|0,1
2bedd14aae1294528bafbe03b9307a4eacb09bcb,0.5|0,0|0,0|0,0|0,0.5|0,0.5|0,0.5|0,0.5|0,0.5|0,0.5|0,0.5|0,0.5|0,0.5|0,0.5|0,0.5|0,0.5|0,0.5|0,0.5|0,0.5|0,0.5|0,0.5|0,0.5|0,0.5|0,0|0,0.5|0,0.5|0,0.5|0,0|0,0.5|0,0.5|0,0.5|0,0.5|0,0.5|0,0.5|0,0.5|0,0.5|0,0.5|0,0.5|0,0.5|0,0.5|0,0.5|0,0.5|0,0.5|0,0.5|1,0.5|0,0|0,1
526cf6f2919398e1c9c5698b1b5783f18ed41fff,0.5|0,0|0,0|0,0|0,0.5|0,0.5|0,0.5|0,0.5|0,0.5|0,0.5|0,0.5|0,0.5|0,0.5|0,0.5|0,0.5|0,0.5|0,0.5|0,0.5|0,0.5|0,0.5|0,0.5|0,0.5|0,0.5|0,0|0,0.5|0,0.5|0,0.5|0,0|0,0.5|0,0.5|0,0.5|0,0.5|0,0.5|0,0.5|0,0.5|0,0.5|0,0.5|0,0.5|0,0.5|0,0.5|0,0.5|0,0.5|0,0.5|0,0.5|1,0.5|0,0|0,1
bbe52da5cfaaab9d67c189fbf56970bdcb0de389,0.5|0,0|0,0|0,0|0,0.5|0,0.5|0,0.5|0,0.5|0,0.5|0,0.5|0,0.5|0,0.5|0,0.5|0,0.5|0,0.5|0,0.5|0,0.5|0,0.5|0,0.5|0,0.5|0,0.5|0,0.5|0,0.5|0,0|0,0.5|0,0.5|0,0.5|0,0|0,0.5|0,0.5|0,0.5|0,0.5|0,0.5|0,0.5|0,0.5|0,0.5|0,0.5|0,0.5|0,0.5|0,0.5|0,0.5|0,0.5|0,0.5|0,0.5|1,0.5|0,0|0,1
8fd649ab1ed4ed5dce676d907843196c32c34a89,0.5|0,0|0,0|0,0|0,0.5|0,0.5|0,0.5|0,0.5|0,0.5|0,0.5|0,0.5|0,0.5|0,0.5|0,0.5|0,0.5|0,0.5|0,0.5|0,0.5|0,0.5|0,0.5|0,0.5|0,0.5|0,0.5|0,0|0,0.5|0,0.5|0,0.5|0,0|0,0.5|0,0.5|0,0.5|0,0.5|0,0.5|0,0.5|0,0.5|0,0.5|0,0.5|0,0.5|0,0.5|0,0.5|0,0.5|0,0.5|0,0.5|0,0.5|1,0.5|0,0|0,1
a35fae6b75924394ddbf7df4fc5a6eb114cf76d6,0.5|0,0|0,0|0,0|0,0.5|0,0.5|0,0.5|0,0.5|0,0.5|0,0.5|0,0.5|0,0.5|0,0.5|0,0.5|0,0.5|0,0.5|0,0.5|0,0.5|0,0.5|0,0.5|0,0.5|0,0.5|0,0.5|0,0|0,0.5|0,0.5|0,0.5|0,0|0,0.5|0,0.5|0,0.5|0,0.5|0,0.5|0,0.5|0,0.5|0,0.5|0,0.5|0,0.5|0,0.5|0,0.5|0,0.5|0,0.5|0,0.5|0,0.5|1,0.5|0,0|0,1
26cc1f131f2576a49a3b9c43cd4b787b067b3f5a,0.5|0,0|0,0|0,0|0,0.5|0,0.5|0,0.5|0,0.5|0,0.5|0,0.5|0,0.5|0,0.5|0,0.5|0,0.5|0,0.5|0,0.5|0,0.5|0,0.5|0,0.5|0,0.5|0,0.5|0,0.5|0,0.5|0,0|0,0.5|0,0.5|0,0.5|0,0|0,0.5|0,0.5|0,0.5|0,0.5|0,0.5|0,0.5|0,0.5|0,0.5|0,0.5|0,0.5|0,0.5|0,0.5|0,0.5|0,0.5|0,0.5|0,0.5|1,0.5|0,0|0,1
9feede9a14e6a9669a8c5f490d7cc22583779f32,0.5|0,0|0,0|0,0|0,0.5|0,0.5|0,0.5|0,0.5|0,0.5|0,0.5|0,0.5|0,0.5|0,0.5|0,0.5|0,0.5|0,0.5|0,0.5|0,0.5|0,0.5|0,0.5|0,0.5|0,0.5|0,0.5|0,0|0,0.5|0,0.5|0,0.5|0,0|0,0.5|0,0.5|0,0.5|0,0.5|0,0.5|0,0.5|0,0.5|0,0.5|0,0.5|0,0.5|0,0.5|0,0.5|0,0.5|0,0.5|0,0.5|0,0.5|1,0.5|0,0|0,1
aa1d7247d1dc6572a63c02fa5cd0ef5e8692c8c9,0.5|0,0|0,0|0,0|0,0.5|0,0.5|0,0.5|0,0.5|0,0.5|0,0.5|0,0.5|0,0.5|0,0.5|0,0.5|0,0.5|0,0.5|0,0.5|0,0.5|0,0.5|0,0.5|0,0.5|0,0.5|0,0.5|0,0|0,0.5|0,0.5|0,0.5|0,0|0,0.5|0,0.5|0,0.5|0,0.5|0,0.5|0,0.5|0,0.5|0,0.5|0,0.5|0,0.5|0,0.5|0,0.5|0,0.5|0,0.5|0,0.5|0,0.5|1,0.5|0,0|0,1
e92568e4bb4de356707abd179516c04c9ce5f533,0.5|0,0|0,0|0,0|0,0.5|0,0.5|0,0.5|0,0.5|0,0.5|0,0.5|0,0.5|0,0.5|0,0.5|0,0.5|0,0.5|0,0.5|0,0.5|0,0.5|0,0.5|0,0.5|0,0.5|0,0.5|0,0.5|0,0|0,0.5|0,0.5|0,0.5|0,0|0,0.5|0,0.5|0,0.5|0,0.5|0,0.5|0,0.5|0,0.5|0,0.5|0,0.5|0,0.5|0,0.5|0,0.5|0,0.5|0,0.5|0,0.5|0,0.5|1,0.5|0,0|0,1
46e450456b441b28bb5d0f293464cd4a6b7902cc,0.5|0,0|0,0|0,0|0,0.5|0,0.5|0,0.5|0,0.5|0,0.5|0,0.5|0,0.5|0,0.5|0,0.5|0,0.5|0,0.5|0,0.5|0,0.5|0,0.5|0,0.5|0,0.5|0,0.5|0,0.5|0,0.5|0,0|0,0.5|0,0.5|0,0.5|0,0|0,0.5|0,0.5|0,0.5|0,0.5|0,0.5|0,0.5|0,0.5|0,0.5|0,0.5|0,0.5|0,0.5|0,0.5|0,0.5|0,0.5|0,0.5|0,0.5|1,0.5|0,0|0,1
2daab3f24852ace8ad8d8f1a722bea0a62b9bcc4,0.5|0,0|0,0|0,0|0,0.5|0,0.5|0,0.5|0,0.5|0,0.5|0,0.5|0,0.5|0,0.5|0,0.5|0,0.5|0,0.5|0,0.5|0,0.5|0,0.5|0,0.5|0,0.5|0,0.5|0,0.5|0,0.5|0,0|0,0.5|0,0.5|0,0.5|0,0|0,0.5|0,0.5|0,0.5|0,0.5|0,0.5|0,0.5|0,0.5|0,0.5|0,0.5|0,0.5|0,0.5|0,0.5|0,0.5|0,0.5|0,0.5|0,0.5|1,0.5|0,0|0,1
b5afa165f0e799257a4e341e278290ff6c3568db,0.5|0,0|0,0|0,0|0,0.5|0,0.5|0,0.5|0,0.5|0,0.5|0,0.5|0,0.5|0,0.5|0,0.5|0,0.5|0,0.5|0,0.5|0,0.5|0,0.5|0,0.5|0,0.5|0,0.5|0,0.5|0,0.5|0,0|0,0.5|0,0.5|0,0.5|0,0|0,0.5|0,0.5|0,0.5|0,0.5|0,0.5|0,0.5|0,0.5|0,0.5|0,0.5|0,0.5|0,0.5|0,0.5|0,0.5|0,0.5|0,0.5|0,0.5|1,0.5|0,0|0,1
3f0ea18866ee4e3ab5cc1b3530365828c8b2f655,0.5|0,0|0,0|0,0|0,0.5|0,0.5|0,0.5|0,0.5|0,0.5|0,0.5|0,0.5|0,0.5|0,0.5|0,0.5|0,0.5|0,0.5|0,0.5|0,0.5|0,0.5|0,0.5|0,0.5|0,0.5|0,0.5|0,0|0,0.5|0,0.5|0,0.5|0,0|0,0.5|0,0.5|0,0.5|0,0.5|0,0.5|0,0.5|0,0.5|0,0.5|0,0.5|0,0.5|0,0.5|0,0.5|0,0.5|0,0.5|0,0.5|0,0.5|1,0.5|0,0|0,1
f44832cc51400f7ede9343cb1847f4c242c5ddc9,0.5|0,0|0,0|0,0|0,0.5|0,0.5|0,0.5|0,0.5|0,0.5|0,0.5|0,0.5|0,0.5|0,0.5|0,0.5|0,0.5|0,0.5|0,0.5|0,0.5|0,0.5|0,0.5|0,0.5|0,0.5|0,0.5|0,0|0,0.5|0,0.5|0,0.5|0,0|0,0.5|0,0.5|0,0.5|0,0.5|0,0.5|0,0.5|0,0.5|0,0.5|0,0.5|0,0.5|0,0.5|0,0.5|0,0.5|0,0.5|0,0.5|0,0.5|1,0.5|0,0|0,1
556f892a56d57e1afadb91fd5a12078cb3e2e5dc,0.5|0,0|0,0|0,0|0,0.5|0,0.5|0,0.5|0,0.5|0,0.5|0,0.5|0,0.5|0,0.5|0,0.5|0,0.5|0,0.5|0,0.5|0,0.5|0,0.5|0,0.5|0,0.5|0,0.5|0,0.5|0,0.5|0,0|0,0.5|0,0.5|0,0.5|0,0|0,0.5|0,0.5|0,0.5|0,0.5|0,0.5|0,0.5|0,0.5|0,0.5|0,0.5|0,0.5|0,0.5|0,0.5|0,0.5|0,0.5|0,0.5|0,0.5|1,0.5|0,0|0,1
8f6f73505d34574c090e5ee59ee0c33c0c9732de,0.5|0,0|0,0|0,0|0,0.5|0,0.5|0,0.5|0,0.5|0,0.5|0,0.5|0,0.5|0,0.5|0,0.5|0,0.5|0,0.5|0,0.5|0,0.5|0,0.5|0,0.5|0,0.5|0,0.5|0,0.5|0,0.5|0,0|0,0.5|0,0.5|0,0.5|0,0|0,0.5|0,0.5|0,0.5|0,0.5|0,0.5|0,0.5|0,0.5|0,0.5|0,0.5|0,0.5|0,0.5|0,0.5|0,0.5|0,0.5|0,0.5|0,0.5|1,0.5|0,0|0,1
83e6e753af1a6123805a4777691da1f8821c01d0,0.5|0,0|0,0|0,0|0,0.5|0,0.5|0,0.5|0,0.5|0,0.5|0,0.5|0,0.5|0,0.5|0,0.5|0,0.5|0,0.5|0,0.5|0,0.5|0,0.5|0,0.5|0,0.5|0,0.5|0,0.5|0,0.5|0,0|0,0.5|0,0.5|0,0.5|0,0|0,0.5|0,0.5|0,0.5|0,0.5|0,0.5|0,0.5|0,0.5|0,0.5|0,0.5|0,0.5|0,0.5|0,0.5|0,0.5|0,0.5|0,0.5|0,0.5|1,0.5|0,0|0,1
ebcea42e2b39a58c9dfa395e1992114fc0baa5ef,0.5|0,0|0,0|0,0|0,0.5|0,0.5|0,0.5|0,0.5|0,0.5|0,0.5|0,0.5|0,0.5|0,0.5|0,0.5|0,0.5|0,0.5|0,0.5|0,0.5|0,0.5|0,0.5|0,0.5|0,0.5|0,0.5|0,0|0,0.5|0,0.5|0,0.5|0,0|0,0.5|0,0.5|0,0.5|0,0.5|0,0.5|0,0.5|0,0.5|0,0.5|0,0.5|0,0.5|0,0.5|0,0.5|0,0.5|0,0.5|0,0.5|0,0.5|1,0.5|0,0|0,1
2009623762e3a4411f47f422d2c8e12e813c67ac,0.5|0,0|0,0|0,0|0,0.5|0,0.5|0,0.5|0,0.5|0,0.5|0,0.5|0,0.5|0,0.5|0,0.5|0,0.5|0,0.5|0,0.5|0,0.5|0,0.5|0,0.5|0,0.5|0,0.5|0,0.5|0,0.5|0,0|0,0.5|0,0.5|0,0.5|0,0|0,0.5|0,0.5|0,0.5|0,0.5|0,0.5|0,0.5|0,0.5|0,0.5|0,0.5|0,0.5|0,0.5|0,0.5|0,0.5|0,0.5|0,0.5|0,0.5|1,0.5|0,0|0,1
4f05d214413d120909a84e224dd30499ef005da6,0.5|0,0|0,0|0,0|0,0.5|0,0.5|0,0.5|0,0.5|0,0.5|0,0.5|0,0.5|0,0.5|0,0.5|0,0.5|0,0.5|0,0.5|0,0.5|0,0.5|0,0.5|0,0.5|0,0.5|0,0.5|0,0.5|0,0|0,0.5|0,0.5|0,0.5|0,0|0,0.5|0,0.5|0,0.5|0,0.5|0,0.5|0,0.5|0,0.5|0,0.5|0,0.5|0,0.5|0,0.5|0,0.5|0,0.5|0,0.5|0,0.5|0,0.5|1,0.5|0,0|0,1
fc334d56c4e571c831ce9ddd64f40c04ecf25fce,0.5|0,0|0,0|0,0|0,0.5|0,0.5|0,0.5|0,0.5|0,0.5|0,0.5|0,0.5|0,0.5|0,0.5|0,0.5|0,0.5|0,0.5|0,0.5|0,0.5|0,0.5|0,0.5|0,0.5|0,0.5|0,0.5|0,0|0,0.5|0,0.5|0,0.5|0,0|0,0.5|0,0.5|0,0.5|0,0.5|0,0.5|0,0.5|0,0.5|0,0.5|0,0.5|0,0.5|0,0.5|0,0.5|0,0.5|0,0.5|0,0.5|0,0.5|1,0.5|0,0|0,1
731b75b44c23dbd10913109338858ef9fc4d2eb6,0.5|0,0|0,0|0,0|0,0.5|0,0.5|0,0.5|0,0.5|0,0.5|0,0.5|0,0.5|0,0.5|0,0.5|0,0.5|0,0.5|0,0.5|0,0.5|0,0.5|0,0.5|0,0.5|0,0.5|0,0.5|0,0.5|0,0|0,0.5|0,0.5|0,0.5|0,0|0,0.5|0,0.5|0,0.5|0,0.5|0,0.5|0,0.5|0,0.5|0,0.5|0,0.5|0,0.5|0,0.5|0,0.5|0,0.5|0,0.5|0,0.5|0,0.5|1,0.5|0,0|0,1
dab8d3056ec4571a0343bd7fc3cdce9c4d944719,0.5|0,0|0,0|0,0|0,0.5|0,0.5|0,0.5|0,0.5|0,0.5|0,0.5|0,0.5|0,0.5|0,0.5|0,0.5|0,0.5|0,0.5|0,0.5|0,0.5|0,0.5|0,0.5|0,0.5|0,0.5|0,0.5|0,0|0,0.5|0,0.5|0,0.5|0,0|0,0.5|0,0.5|0,0.5|0,0.5|0,0.5|0,0.5|0,0.5|0,0.5|0,0.5|0,0.5|0,0.5|0,0.5|0,0.5|0,0.5|0,0.5|0,0.5|1,0.5|0,0|0,1
d42f0e6ab35ee0a196ff6a0fff76cfe8ea00afb9,0.5|0,0|0,0|0,0|0,0.5|0,0.5|0,0.5|0,0.5|0,0.5|0,0.5|0,0.5|0,0.5|0,0.5|0,0.5|0,0.5|0,0.5|0,0.5|0,0.5|0,0.5|0,0.5|0,0.5|0,0.5|0,0.5|0,0|0,0.5|0,0.5|0,0.5|0,0|0,0.5|0,0.5|0,0.5|0,0.5|0,0.5|0,0.5|0,0.5|0,0.5|0,0.5|0,0.5|0,0.5|0,0.5|0,0.5|0,0.5|0,0.5|0,0.5|1,0.5|0,0|0,1
1e411e98faf3eb1c427c62ed6ea0f95d3c646947,0.5|0,0|0,0|0,0|0,0.5|0,0.5|0,0.5|0,0.5|0,0.5|0,0.5|0,0.5|0,0.5|0,0.5|0,0.5|0,0.5|0,0.5|0,0.5|0,0.5|0,0.5|0,0.5|0,0.5|0,0.5|0,0.5|0,0|0,0.5|0,0.5|0,0.5|0,0|0,0.5|0,0.5|0,0.5|0,0.5|0,0.5|0,0.5|0,0.5|0,0.5|0,0.5|0,0.5|0,0.5|0,0.5|0,0.5|0,0.5|0,0.5|0,0.5|1,0.5|0,0|0,1
e5661337d07fb1f7b2d55318bfef0929e3ca6e61,0.5|0,0|0,0|0,0|0,0.5|0,0.5|0,0.5|0,0.5|0,0.5|0,0.5|0,0.5|0,0.5|0,0.5|0,0.5|0,0.5|0,0.5|0,0.5|0,0.5|0,0.5|0,0.5|0,0.5|0,0.5|0,0.5|0,0|0,0.5|0,0.5|0,0.5|0,0|0,0.5|0,0.5|0,0.5|0,0.5|0,0.5|0,0.5|0,0.5|0,0.5|0,0.5|0,0.5|0,0.5|0,0.5|0,0.5|0,0.5|0,0.5|0,0.5|1,0.5|0,0|0,1
843e4872706b07b9e78418986d35fc86bc156d60,0.5|0,0|0,0|0,0|0,0.5|0,0.5|0,0.5|0,0.5|0,0.5|0,0.5|0,0.5|0,0.5|0,0.5|0,0.5|0,0.5|0,0.5|0,0.5|0,0.5|0,0.5|0,0.5|0,0.5|0,0.5|0,0.5|0,0|0,0.5|0,0.5|0,0.5|0,0|0,0.5|0,0.5|0,0.5|0,0.5|0,0.5|0,0.5|0,0.5|0,0.5|0,0.5|0,0.5|0,0.5|0,0.5|0,0.5|0,0.5|0,0.5|0,0.5|1,0.5|0,0|0,1
456f0fd4279ae727831a80c506a343b8a9aedd90,0.5|0,0|0,0|0,0|0,0.5|0,0.5|0,0.5|0,0.5|0,0.5|0,0.5|0,0.5|0,0.5|0,0.5|0,0.5|0,0.5|0,0.5|0,0.5|0,0.5|0,0.5|0,0.5|0,0.5|0,0.5|0,0.5|0,0|0,0.5|0,0.5|0,0.5|0,0|0,0.5|0,0.5|0,0.5|0,0.5|0,0.5|0,0.5|0,0.5|0,0.5|0,0.5|0,0.5|0,0.5|0,0.5|0,0.5|0,0.5|0,0.5|0,0.5|1,0.5|0,0|0,1
c3ba65311e2cf4aba8b51cdb6800a5654ef1d060,0.5|0,0|0,0|0,0|0,0.5|0,0.5|0,0.5|0,0.5|0,0.5|0,0.5|0,0.5|0,0.5|0,0.5|0,0.5|0,0.5|0,0.5|0,0.5|0,0.5|0,0.5|0,0.5|0,0.5|0,0.5|0,0.5|0,0|0,0.5|0,0.5|0,0.5|0,0|0,0.5|0,0.5|0,0.5|0,0.5|0,0.5|0,0.5|0,0.5|0,0.5|0,0.5|0,0.5|0,0.5|0,0.5|0,0.5|0,0.5|0,0.5|0,0.5|1,0.5|0,0|0,1
f8e32bc75b3274daf3d9024449bbf0574436eda7,0.5|0,0|0,0|0,0|0,0.5|0,0.5|0,0.5|0,0.5|0,0.5|0,0.5|0,0.5|0,0.5|0,0.5|0,0.5|0,0.5|0,0.5|0,0.5|0,0.5|0,0.5|0,0.5|0,0.5|0,0.5|0,0.5|0,0|0,0.5|0,0.5|0,0.5|0,0|0,0.5|0,0.5|0,0.5|0,0.5|0,0.5|0,0.5|0,0.5|0,0.5|0,0.5|0,0.5|0,0.5|0,0.5|0,0.5|0,0.5|0,0.5|0,0.5|1,0.5|0,0|0,1
e059daa0f16f73f27dbdb232ede037d1a43f1fee,0.5|0,0|0,0|0,0|0,0.5|0,0.5|0,0.5|0,0.5|0,0.5|0,0.5|0,0.5|0,0.5|0,0.5|0,0.5|0,0.5|0,0.5|0,0.5|0,0.5|0,0.5|0,0.5|0,0.5|0,0.5|0,0.5|0,0|0,0.5|0,0.5|0,0.5|0,0|0,0.5|0,0.5|0,0.5|0,0.5|0,0.5|0,0.5|0,0.5|0,0.5|0,0.5|0,0.5|0,0.5|0,0.5|0,0.5|0,0.5|0,0.5|0,0.5|1,0.5|0,0|0,1
2f66a6a3e1829b764d2acabf8745a525c68ccfb6,0.5|0,0|0,0|0,0|0,0.5|0,0.5|0,0.5|0,0.5|0,0.5|0,0.5|0,0.5|0,0.5|0,0.5|0,0.5|0,0.5|0,0.5|0,0.5|0,0.5|0,0.5|0,0.5|0,0.5|0,0.5|0,0.5|0,0|0,0.5|0,0.5|0,0.5|0,0|0,0.5|0,0.5|0,0.5|0,0.5|0,0.5|0,0.5|0,0.5|0,0.5|0,0.5|0,0.5|0,0.5|0,0.5|0,0.5|0,0.5|0,0.5|0,0.5|1,0.5|0,0|0,1
996cddbd184d98f006ac7320a1afd1db373036cd,0.5|0,0|0,0|0,0|0,0.5|0,0.5|0,0.5|0,0.5|0,0.5|0,0.5|0,0.5|0,0.5|0,0.5|0,0.5|0,0.5|0,0.5|0,0.5|0,0.5|0,0.5|0,0.5|0,0.5|0,0.5|0,0.5|0,0|0,0.5|0,0.5|0,0.5|0,0|0,0.5|0,0.5|0,0.5|0,0.5|0,0.5|0,0.5|0,0.5|0,0.5|0,0.5|0,0.5|0,0.5|0,0.5|0,0.5|0,0.5|0,0.5|0,0.5|1,0.5|0,0|0,1
c3fff5264697bb9d107ba2f1300905753ff2f4b7,0.5|0,0|0,0|0,0|0,0.5|0,0.5|0,0.5|0,0.5|0,0.5|0,0.5|0,0.5|0,0.5|0,0.5|0,0.5|0,0.5|0,0.5|0,0.5|0,0.5|0,0.5|0,0.5|0,0.5|0,0.5|0,0.5|0,0|0,0.5|0,0.5|0,0.5|0,0|0,0.5|0,0.5|0,0.5|0,0.5|0,0.5|0,0.5|0,0.5|0,0.5|0,0.5|0,0.5|0,0.5|0,0.5|0,0.5|0,0.5|0,0.5|0,0.5|1,0.5|0,0|0,1
989dde1a40f9303f0e6331141f6433fd1b4ef5d9,0.5|0,0|0,0|0,0|0,0.5|0,0.5|0,0.5|0,0.5|0,0.5|0,0.5|0,0.5|0,0.5|0,0.5|0,0.5|0,0.5|0,0.5|0,0.5|0,0.5|0,0.5|0,0.5|0,0.5|0,0.5|0,0.5|0,0|0,0.5|0,0.5|0,0.5|0,0|0,0.5|0,0.5|0,0.5|0,0.5|0,0.5|0,0.5|0,0.5|0,0.5|0,0.5|0,0.5|0,0.5|0,0.5|0,0.5|0,0.5|0,0.5|0,0.5|1,0.5|0,0|0,1
0a3a82680d6171a005fa944916ef551b4c3aafa7,0.5|0,0|0,0|0,0|0,0.5|0,0.5|0,0.5|0,0.5|0,0.5|0,0.5|0,0.5|0,0.5|0,0.5|0,0.5|0,0.5|0,0.5|0,0.5|0,0.5|0,0.5|0,0.5|0,0.5|0,0.5|0,0.5|0,0|0,0.5|0,0.5|0,0.5|0,0|0,0.5|0,0.5|0,0.5|0,0.5|0,0.5|0,0.5|0,0.5|0,0.5|0,0.5|0,0.5|0,0.5|0,0.5|0,0.5|0,0.5|0,0.5|0,0.5|1,0.5|0,0|0,1
86b67e6687d460a0eaaaa84f4f95c47aa4b95082,0.5|0,0|0,0|0,0|0,0.5|0,0.5|0,0.5|0,0.5|0,0.5|0,0.5|0,0.5|0,0.5|0,0.5|0,0.5|0,0.5|0,0.5|0,0.5|0,0.5|0,0.5|0,0.5|0,0.5|0,0.5|0,0.5|0,0|0,0.5|0,0.5|0,0.5|0,0|0,0.5|0,0.5|0,0.5|0,0.5|0,0.5|0,0.5|0,0.5|0,0.5|0,0.5|0,0.5|0,0.5|0,0.5|0,0.5|0,0.5|0,0.5|0,0.5|1,0.5|0,0|0,1
6a77a891a8d7581f0419235e61ada89c40a80ca7,0.5|0,0|0,0|0,0|0,0.5|0,0.5|0,0.5|0,0.5|0,0.5|0,0.5|0,0.5|0,0.5|0,0.5|0,0.5|0,0.5|0,0.5|0,0.5|0,0.5|0,0.5|0,0.5|0,0.5|0,0.5|0,0.5|0,0|0,0.5|0,0.5|0,0.5|0,0|0,0.5|0,0.5|0,0.5|0,0.5|0,0.5|0,0.5|0,0.5|0,0.5|0,0.5|0,0.5|0,0.5|0,0.5|0,0.5|0,0.5|0,0.5|0,0.5|1,0.5|0,0|0,1
ca429669ac5b8f0101d0933ff20ee5f152c518b1,0.5|0,0|0,0|0,0|0,0.5|0,0.5|0,0.5|0,0.5|0,0.5|0,0.5|0,0.5|0,0.5|0,0.5|0,0.5|0,0.5|0,0.5|0,0.5|0,0.5|0,0.5|0,0.5|0,0.5|0,0.5|0,0.5|0,0|0,0.5|0,0.5|0,0.5|0,0|0,0.5|0,0.5|0,0.5|0,0.5|0,0.5|0,0.5|0,0.5|0,0.5|0,0.5|0,0.5|0,0.5|0,0.5|0,0.5|0,0.5|0,0.5|0,0.5|1,0.5|0,0|0,1
c35a5ca087bdace26d454dd73337a63f04f23e20,0.5|0,0|0,0|0,0|0,0.5|0,0.5|0,0.5|0,0.5|0,0.5|0,0.5|0,0.5|0,0.5|0,0.5|0,0.5|0,0.5|0,0.5|0,0.5|0,0.5|0,0.5|0,0.5|0,0.5|0,0.5|0,0.5|0,0|0,0.5|0,0.5|0,0.5|0,0|0,0.5|0,0.5|0,0.5|0,0.5|0,0.5|0,0.5|0,0.5|0,0.5|0,0.5|0,0.5|0,0.5|0,0.5|0,0.5|0,0.5|0,0.5|0,0.5|1,0.5|0,0|0,1
92d0b8d91f6a88f1be350ed21c863a17ba433825,0.5|0,0|0,0|0,0|0,0.5|0,0.5|0,0.5|0,0.5|0,0.5|0,0.5|0,0.5|0,0.5|0,0.5|0,0.5|0,0.5|0,0.5|0,0.5|0,0.5|0,0.5|0,0.5|0,0.5|0,0.5|0,0.5|0,0|0,0.5|0,0.5|0,0.5|0,0|0,0.5|0,0.5|0,0.5|0,0.5|0,0.5|0,0.5|0,0.5|0,0.5|0,0.5|0,0.5|0,0.5|0,0.5|0,0.5|0,0.5|0,0.5|0,0.5|1,0.5|0,0|0,1
be0b2c2d904efca17fa8f266ec48321268e64271,0.5|0,0|0,0|0,0|0,0.5|0,0.5|0,0.5|0,0.5|0,0.5|0,0.5|0,0.5|0,0.5|0,0.5|0,0.5|0,0.5|0,0.5|0,0.5|0,0.5|0,0.5|0,0.5|0,0.5|0,0.5|0,0.5|0,0|0,0.5|0,0.5|0,0.5|0,0|0,0.5|0,0.5|0,0.5|0,0.5|0,0.5|0,0.5|0,0.5|0,0.5|0,0.5|0,0.5|0,0.5|0,0.5|0,0.5|0,0.5|0,0.5|0,0.5|1,0.5|0,0|0,1
2a3f4dc8b400e078b7fd2ec0f802200dfece8c94,0.5|0,0|0,0|0,0|0,0.5|0,0.5|0,0.5|0,0.5|0,0.5|0,0.5|0,0.5|0,0.5|0,0.5|0,0.5|0,0.5|0,0.5|0,0.5|0,0.5|0,0.5|0,0.5|0,0.5|0,0.5|0,0.5|0,0|0,0.5|0,0.5|0,0.5|0,0|0,0.5|0,0.5|0,0.5|0,0.5|0,0.5|0,0.5|0,0.5|0,0.5|0,0.5|0,0.5|0,0.5|0,0.5|0,0.5|0,0.5|0,0.5|0,0.5|1,0.5|0,0|0,1
67f5cdafc0a704275d5f51a86b6a01fa36a69389,0.5|0,0|0,0|0,0|0,0.5|0,0.5|0,0.5|0,0.5|0,0.5|0,0.5|0,0.5|0,0.5|0,0.5|0,0.5|0,0.5|0,0.5|0,0.5|0,0.5|0,0.5|0,0.5|0,0.5|0,0.5|0,0.5|0,0|0,0.5|0,0.5|0,0.5|0,0|0,0.5|0,0.5|0,0.5|0,0.5|0,0.5|0,0.5|0,0.5|0,0.5|0,0.5|0,0.5|0,0.5|0,0.5|0,0.5|0,0.5|0,0.5|0,0.5|1,0.5|0,0|0,1
65e31b0ea34c1b73639dd0d36af3674223b2af2f,0.5|0,0|0,0|0,0|0,0.5|0,0.5|0,0.5|0,0.5|0,0.5|0,0.5|0,0.5|0,0.5|0,0.5|0,0.5|0,0.5|0,0.5|0,0.5|0,0.5|0,0.5|0,0.5|0,0.5|0,0.5|0,0.5|0,0|0,0.5|0,0.5|0,0.5|0,0|0,0.5|0,0.5|0,0.5|0,0.5|0,0.5|0,0.5|0,0.5|0,0.5|0,0.5|0,0.5|0,0.5|0,0.5|0,0.5|0,0.5|0,0.5|0,0.5|1,0.5|0,0|0,1
b15337a32bcff7a0b0734cb60c6984229f07a7e5,0.5|0,0|0,0|0,0|0,0.5|0,0.5|0,0.5|0,0.5|0,0.5|0,0.5|0,0.5|0,0.5|0,0.5|0,0.5|0,0.5|0,0.5|0,0.5|0,0.5|0,0.5|0,0.5|0,0.5|0,0.5|0,0.5|0,0|0,0.5|0,0.5|0,0.5|0,0|0,0.5|0,0.5|0,0.5|0,0.5|0,0.5|0,0.5|0,0.5|0,0.5|0,0.5|0,0.5|0,0.5|0,0.5|0,0.5|0,0.5|0,0.5|0,0.5|1,0.5|0,0|0,1
85501c9aaabf207b04e3fe961825385f9519f633,0.5|0,0|0,0|0,0|0,0.5|0,0.5|0,0.5|0,0.5|0,0.5|0,0.5|0,0.5|0,0.5|0,0.5|0,0.5|0,0.5|0,0.5|0,0.5|0,0.5|0,0.5|0,0.5|0,0.5|0,0.5|0,0.5|0,0|0,0.5|0,0.5|0,0.5|0,0|0,0.5|0,0.5|0,0.5|0,0.5|0,0.5|0,0.5|0,0.5|0,0.5|0,0.5|0,0.5|0,0.5|0,0.5|0,0.5|0,0.5|0,0.5|0,0.5|1,0.5|0,0|0,1
f3ea8ca6bee3b7a6c7d393c1768f636bdaf7b63d,0.5|0,0|0,0|0,0|0,0.5|0,0.5|0,0.5|0,0.5|0,0.5|0,0.5|0,0.5|0,0.5|0,0.5|0,0.5|0,0.5|0,0.5|0,0.5|0,0.5|0,0.5|0,0.5|0,0.5|0,0.5|0,0.5|0,0|0,0.5|0,0.5|0,0.5|0,0|0,0.5|0,0.5|0,0.5|0,0.5|0,0.5|0,0.5|0,0.5|0,0.5|0,0.5|0,0.5|0,0.5|0,0.5|0,0.5|0,0.5|0,0.5|0,0.5|1,0.5|0,0|0,1
c2b657f0c4a0f000028eaaa897765395296d4c89,0.5|0,0|0,0|0,0|0,0.5|0,0.5|0,0.5|0,0.5|0,0.5|0,0.5|0,0.5|0,0.5|0,0.5|0,0.5|0,0.5|0,0.5|0,0.5|0,0.5|0,0.5|0,0.5|0,0.5|0,0.5|0,0.5|0,0|0,0.5|0,0.5|0,0.5|0,0|0,0.5|0,0.5|0,0.5|0,0.5|0,0.5|0,0.5|0,0.5|0,0.5|0,0.5|0,0.5|0,0.5|0,0.5|0,0.5|0,0.5|0,0.5|0,0.5|1,0.5|0,0|0,1
dbfeb06e26bb91769b870a1694f85fb6f44e2499,0.5|0,0|0,0|0,0|0,0.5|0,0.5|0,0.5|0,0.5|0,0.5|0,0.5|0,0.5|0,0.5|0,0.5|0,0.5|0,0.5|0,0.5|0,0.5|0,0.5|0,0.5|0,0.5|0,0.5|0,0.5|0,0.5|0,0|0,0.5|0,0.5|0,0.5|0,0|0,0.5|0,0.5|0,0.5|0,0.5|0,0.5|0,0.5|0,0.5|0,0.5|0,0.5|0,0.5|0,0.5|0,0.5|0,0.5|0,0.5|0,0.5|0,0.5|1,0.5|0,0|0,1
2740a4f4e3d56f992b37e1fa273b6e0f3490868e,0.5|0,0|0,0|0,0|0,0.5|0,0.5|0,0.5|0,0.5|0,0.5|0,0.5|0,0.5|0,0.5|0,0.5|0,0.5|0,0.5|0,0.5|0,0.5|0,0.5|0,0.5|0,0.5|0,0.5|0,0.5|0,0.5|0,0|0,0.5|0,0.5|0,0.5|0,0|0,0.5|0,0.5|0,0.5|0,0.5|0,0.5|0,0.5|0,0.5|0,0.5|0,0.5|0,0.5|0,0.5|0,0.5|0,0.5|0,0.5|0,0.5|0,0.5|1,0.5|0,0|0,1
2afda4ab57a6d73d63a30645c47f5222b976a307,0.5|0,0|0,0|0,0|0,0.5|0,0.5|0,0.5|0,0.5|0,0.5|0,0.5|0,0.5|0,0.5|0,0.5|0,0.5|0,0.5|0,0.5|0,0.5|0,0.5|0,0.5|0,0.5|0,0.5|0,0.5|0,0.5|0,0|0,0.5|0,0.5|0,0.5|0,0|0,0.5|0,0.5|0,0.5|0,0.5|0,0.5|0,0.5|0,0.5|0,0.5|0,0.5|0,0.5|0,0.5|0,0.5|0,0.5|0,0.5|0,0.5|0,0.5|1,0.5|0,0|0,1
af0320a1fac8513dffdb7c1a1843ddd4a445da48,0.5|0,0|0,0|0,0|0,0.5|0,0.5|0,0.5|0,0.5|0,0.5|0,0.5|0,0.5|0,0.5|0,0.5|0,0.5|0,0.5|0,0.5|0,0.5|0,0.5|0,0.5|0,0.5|0,0.5|0,0.5|0,0.5|0,0|0,0.5|0,0.5|0,0.5|0,0|0,0.5|0,0.5|0,0.5|0,0.5|0,0.5|0,0.5|0,0.5|0,0.5|0,0.5|0,0.5|0,0.5|0,0.5|0,0.5|0,0.5|0,0.5|0,0.5|1,0.5|0,0|0,1
653175e72421822aeb7a60af14c07004dc6368e4,0.5|0,0|0,0|0,0|0,0.5|0,0.5|0,0.5|0,0.5|0,0.5|0,0.5|0,0.5|0,0.5|0,0.5|0,0.5|0,0.5|0,0.5|0,0.5|0,0.5|0,0.5|0,0.5|0,0.5|0,0.5|0,0.5|0,0|0,0.5|0,0.5|0,0.5|0,0|0,0.5|0,0.5|0,0.5|0,0.5|0,0.5|0,0.5|0,0.5|0,0.5|0,0.5|0,0.5|0,0.5|0,0.5|0,0.5|0,0.5|0,0.5|0,0.5|1,0.5|0,0|0,1
fc4fb4d409c43af8b9bdbd9d0cf8d9b742408f26,0.5|0,0|0,0|0,0|0,0.5|0,0.5|0,0.5|0,0.5|0,0.5|0,0.5|0,0.5|0,0.5|0,0.5|0,0.5|0,0.5|0,0.5|0,0.5|0,0.5|0,0.5|0,0.5|0,0.5|0,0.5|0,0.5|0,0|0,0.5|0,0.5|0,0.5|0,0|0,0.5|0,0.5|0,0.5|0,0.5|0,0.5|0,0.5|0,0.5|0,0.5|0,0.5|0,0.5|0,0.5|0,0.5|0,0.5|0,0.5|0,0.5|0,0.5|1,0.5|0,0|0,1
5d33312be7352e005f5f91491d3bb1e8feaea52b,0.5|0,0|0,0|0,0|0,0.5|0,0.5|0,0.5|0,0.5|0,0.5|0,0.5|0,0.5|0,0.5|0,0.5|0,0.5|0,0.5|0,0.5|0,0.5|0,0.5|0,0.5|0,0.5|0,0.5|0,0.5|0,0.5|0,0|0,0.5|0,0.5|0,0.5|0,0|0,0.5|0,0.5|0,0.5|0,0.5|0,0.5|0,0.5|0,0.5|0,0.5|0,0.5|0,0.5|0,0.5|0,0.5|0,0.5|0,0.5|0,0.5|0,0.5|1,0.5|0,0|0,1
5610145c6c2f0aebd6adee7717145ab44c29f848,0.5|0,0|0,0|0,0|0,0.5|0,0.5|0,0.5|0,0.5|0,0.5|0,0.5|0,0.5|0,0.5|0,0.5|0,0.5|0,0.5|0,0.5|0,0.5|0,0.5|0,0.5|0,0.5|0,0.5|0,0.5|0,0.5|0,0|0,0.5|0,0.5|0,0.5|0,0|0,0.5|0,0.5|0,0.5|0,0.5|0,0.5|0,0.5|0,0.5|0,0.5|0,0.5|0,0.5|0,0.5|0,0.5|0,0.5|0,0.5|0,0.5|0,0.5|1,0.5|0,0|0,1
d6bde4bcd90291351833be09fd0bb0eccc75824b,0.5|0,0|0,0|0,0|0,0.5|0,0.5|0,0.5|0,0.5|0,0.5|0,0.5|0,0.5|0,0.5|0,0.5|0,0.5|0,0.5|0,0.5|0,0.5|0,0.5|0,0.5|0,0.5|0,0.5|0,0.5|0,0.5|0,0|0,0.5|0,0.5|0,0.5|0,0|0,0.5|0,0.5|0,0.5|0,0.5|0,0.5|0,0.5|0,0.5|0,0.5|0,0.5|0,0.5|0,0.5|0,0.5|0,0.5|0,0.5|0,0.5|0,0.5|1,0.5|0,0|0,1
e72255445c5654d1d1f932583fbf5f01c187e946,0.5|0,0|0,0|0,0|0,0.5|0,0.5|0,0.5|0,0.5|0,0.5|0,0.5|0,0.5|0,0.5|0,0.5|0,0.5|0,0.5|0,0.5|0,0.5|0,0.5|0,0.5|0,0.5|0,0.5|0,0.5|0,0.5|0,0|0,0.5|0,0.5|0,0.5|0,0|0,0.5|0,0.5|0,0.5|0,0.5|0,0.5|0,0.5|0,0.5|0,0.5|0,0.5|0,0.5|0,0.5|0,0.5|0,0.5|0,0.5|0,0.5|0,0.5|1,0.5|0,0|0,1
9b1736aa8960170d32eac7c954194eff9436fbbc,0.5|0,0|0,0|0,0|0,0.5|0,0.5|0,0.5|0,0.5|0,0.5|0,0.5|0,0.5|0,0.5|0,0.5|0,0.5|0,0.5|0,0.5|0,0.5|0,0.5|0,0.5|0,0.5|0,0.5|0,0.5|0,0.5|0,0|0,0.5|0,0.5|0,0.5|0,0|0,0.5|0,0.5|0,0.5|0,0.5|0,0.5|0,0.5|0,0.5|0,0.5|0,0.5|0,0.5|0,0.5|0,0.5|0,0.5|0,0.5|0,0.5|0,0.5|1,0.5|0,0|0,1
a10c48c80a3a3075b2314c951fb288cdc14c18b8,0.5|0,0|0,0|0,0|0,0.5|0,0.5|0,0.5|0,0.5|0,0.5|0,0.5|0,0.5|0,0.5|0,0.5|0,0.5|0,0.5|0,0.5|0,0.5|0,0.5|0,0.5|0,0.5|0,0.5|0,0.5|0,0.5|0,0|0,0.5|0,0.5|0,0.5|0,0|0,0.5|0,0.5|0,0.5|0,0.5|0,0.5|0,0.5|0,0.5|0,0.5|0,0.5|0,0.5|0,0.5|0,0.5|0,0.5|0,0.5|0,0.5|0,0.5|1,0.5|0,0|0,1
7558bcd39f2a37eea1b8e9223cf5959a725a7192,0.5|0,0|0,0|0,0|0,0.5|0,0.5|0,0.5|0,0.5|0,0.5|0,0.5|0,0.5|0,0.5|0,0.5|0,0.5|0,0.5|0,0.5|0,0.5|0,0.5|0,0.5|0,0.5|0,0.5|0,0.5|0,0.5|0,0|0,0.5|0,0.5|0,0.5|0,0|0,0.5|0,0.5|0,0.5|0,0.5|0,0.5|0,0.5|0,0.5|0,0.5|0,0.5|0,0.5|0,0.5|0,0.5|0,0.5|0,0.5|0,0.5|0,0.5|1,0.5|0,0|0,1
f03938a725695a22e301497253436b9bcfd4820d,0.5|0,0|0,0|0,0|0,0.5|0,0.5|0,0.5|0,0.5|0,0.5|0,0.5|0,0.5|0,0.5|0,0.5|0,0.5|0,0.5|0,0.5|0,0.5|0,0.5|0,0.5|0,0.5|0,0.5|0,0.5|0,0.5|0,0|0,0.5|0,0.5|0,0.5|0,0|0,0.5|0,0.5|0,0.5|0,0.5|0,0.5|0,0.5|0,0.5|0,0.5|0,0.5|0,0.5|0,0.5|0,0.5|0,0.5|0,0.5|0,0.5|0,0.5|1,0.5|0,0|0,1
8894ebc76f4e3d928dd3c2e32a0470149ce90550,0.5|0,0|0,0|0,0|0,0.5|0,0.5|0,0.5|0,0.5|0,0.5|0,0.5|0,0.5|0,0.5|0,0.5|0,0.5|0,0.5|0,0.5|0,0.5|0,0.5|0,0.5|0,0.5|0,0.5|0,0.5|0,0.5|0,0|0,0.5|0,0.5|0,0.5|0,0|0,0.5|0,0.5|0,0.5|0,0.5|0,0.5|0,0.5|0,0.5|0,0.5|0,0.5|0,0.5|0,0.5|0,0.5|0,0.5|0,0.5|0,0.5|0,0.5|1,0.5|0,0|0,1
53a6bae365618f9b301cf51e5f3f9d5450b0e280,0|0,0|0,0|0,0|0,0|0,0|0,0|0,0|0,0|0,0|0,0|0,0|0,0|0,0|0,0|0,0|0,0|0,0|0,0|0,0|0,0|0,0|0,0|0,0|0,0|0,0|0,0|0,0|0,0|0,0|0,0|0,0|0,0|0,0|0,0|0,0|0,0|0,0|0,0|0,0|0,0|0,0|0,0|0,0|1,0|0,0|0,1
0a4198b35a2c8085942ba1055b1766000f2825c4,0.5|0,0|0,0|0,0|0,0.5|0,0.5|0,0.5|0,0.5|0,0.5|0,0.5|0,0.5|0,0.5|0,0.5|0,0.5|0,0.5|0,0.5|0,0.5|0,0.5|0,0.5|0,0.5|0,0.5|0,0.5|0,0.5|0,0|0,0.5|0,0.5|0,0.5|0,0|0,0.5|0,0.5|0,0.5|0,0.5|0,0.5|0,0.5|0,0.5|0,0.5|0,0.5|0,0.5|0,0.5|0,0.5|0,0.5|0,0.5|0,0.5|0,0.5|1,0.5|0,0|0,1
2315f44efaf85bf675f9d64c2e288f1f083f38a8,0|0,0|0,0|0,0|0,0|0,0|0,0|0,0|0,0|0,0|0,0|0,0|0,0|0,0|0,0|0,0|0,0|0,0|0,0|0,0|0,0|0,0|0,0|0,0|0,0|0,0|0,0|0,0|0,0|0,0|0,0|0,0|0,0|0,0|0,0|0,0|0,0|0,0|0,0|0,0|0,0|0,0|0,0|0,0|1,0|0,0|0,1
b627ec91d10e9a811a1b402dec32a6ce5963e4d2,0.5|0,0|0,0|0,0|0,0.5|0,0.5|0,0.5|0,0.5|0,0.5|0,0.5|0,0.5|0,0.5|0,0.5|0,0.5|0,0.5|0,0.5|0,0.5|0,0.5|0,0.5|0,0.5|0,0.5|0,0.5|0,0.5|0,0|0,0.5|0,0.5|0,0.5|0,0|0,0.5|0,0.5|0,0.5|0,0.5|0,0.5|0,0.5|0,0.5|0,0.5|0,0.5|0,0.5|0,0.5|0,0.5|0,0.5|0,0.5|0,0.5|0,0.5|1,0.5|0,0|0,1
f7ee92c690ebce8841f1ab973b3d63146952f912,0.5|0,0|0,0|0,0|0,0.5|0,0.5|0,0.5|0,0.5|0,0.5|0,0.5|0,0.5|0,0.5|0,0.5|0,0.5|0,0.5|0,0.5|0,0.5|0,0.5|0,0.5|0,0.5|0,0.5|0,0.5|0,0.5|0,0|0,0.5|0,0.5|0,0.5|0,0|0,0.5|0,0.5|0,0.5|0,0.5|0,0.5|0,0.5|0,0.5|0,0.5|0,0.5|0,0.5|0,0.5|0,0.5|0,0.5|0,0.5|0,0.5|0,0.5|1,0.5|0,0|0,1
bad0e60813e0b23a0cd96c92e58b9caa08eb8dec,0.5|0,0|0,0|0,0|0,0.5|0,0.5|0,0.5|0,0.5|0,0.5|0,0.5|0,0.5|0,0.5|0,0.5|0,0.5|0,0.5|0,0.5|0,0.5|0,0.5|0,0.5|0,0.5|0,0.5|0,0.5|0,0.5|0,0|0,0.5|0,0.5|0,0.5|0,0|0,0.5|0,0.5|0,0.5|0,0.5|0,0.5|0,0.5|0,0.5|0,0.5|0,0.5|0,0.5|0,0.5|0,0.5|0,0.5|0,0.5|0,0.5|0,0.5|1,0.5|0,0|0,1
763a9c647467bca5d43ccc555121bee5353ba2d4,0.5|0,0|0,0|0,0|0,0.5|0,0.5|0,0.5|0,0.5|0,0.5|0,0.5|0,0.5|0,0.5|0,0.5|0,0.5|0,0.5|0,0.5|0,0.5|0,0.5|0,0.5|0,0.5|0,0.5|0,0.5|0,0.5|0,0|0,0.5|0,0.5|0,0.5|0,0|0,0.5|0,0.5|0,0.5|0,0.5|0,0.5|0,0.5|0,0.5|0,0.5|0,0.5|0,0.5|0,0.5|0,0.5|0,0.5|0,0.5|0,0.5|0,0.5|1,0.5|0,0|0,1
aec2e2fbb83d25382efe0ee65b0d9164c71b2ed7,0.5|0,0|0,0|0,0|0,0.5|0,0.5|0,0.5|0,0.5|0,0.5|0,0.5|0,0.5|0,0.5|0,0.5|0,0.5|0,0.5|0,0.5|0,0.5|0,0.5|0,0.5|0,0.5|0,0.5|0,0.5|0,0.5|0,0|0,0.5|0,0.5|0,0.5|0,0|0,0.5|0,0.5|0,0.5|0,0.5|0,0.5|0,0.5|0,0.5|0,0.5|0,0.5|0,0.5|0,0.5|0,0.5|0,0.5|0,0.5|0,0.5|0,0.5|1,0.5|0,0|0,1
fbbe40b821b8966e1699d075297ffefeb1d1572c,0.5|0,0|0,0|0,0|0,0.5|0,0.5|0,0.5|0,0.5|0,0.5|0,0.5|0,0.5|0,0.5|0,0.5|0,0.5|0,0.5|0,0.5|0,0.5|0,0.5|0,0.5|0,0.5|0,0.5|0,0.5|0,0.5|0,0|0,0.5|0,0.5|0,0.5|0,0|0,0.5|0,0.5|0,0.5|0,0.5|0,0.5|0,0.5|0,0.5|0,0.5|0,0.5|0,0.5|0,0.5|0,0.5|0,0.5|0,0.5|0,0.5|0,0.5|1,0.5|0,0|0,1
64a5dc3cb3b3360d31da6014b377561cd899ad45,0.5|0,0|0,0|0,0|0,0.5|0,0.5|0,0.5|0,0.5|0,0.5|0,0.5|0,0.5|0,0.5|0,0.5|0,0.5|0,0.5|0,0.5|0,0.5|0,0.5|0,0.5|0,0.5|0,0.5|0,0.5|0,0.5|0,0|0,0.5|0,0.5|0,0.5|0,0|0,0.5|0,0.5|0,0.5|0,0.5|0,0.5|0,0.5|0,0.5|0,0.5|0,0.5|0,0.5|0,0.5|0,0.5|0,0.5|0,0.5|0,0.5|0,0.5|1,0.5|0,0|0,1
e4e91e9380618229b66da7210f920f7099d6e214,0.5|0,0|0,0|0,0|0,0.5|0,0.5|0,0.5|0,0.5|0,0.5|0,0.5|0,0.5|0,0.5|0,0.5|0,0.5|0,0.5|0,0.5|0,0.5|0,0.5|0,0.5|0,0.5|0,0.5|0,0.5|0,0.5|0,0|0,0.5|0,0.5|0,0.5|0,0|0,0.5|0,0.5|0,0.5|0,0.5|0,0.5|0,0.5|0,0.5|0,0.5|0,0.5|0,0.5|0,0.5|0,0.5|0,0.5|0,0.5|0,0.5|0,0.5|1,0.5|0,0|0,1
9263d4dd873c4e2068e392a692b20609b1ec5a9a,0|0,0|0,0|0,0|0,0|0,0|0,0|0,0|0,0|0,0|0,0|0,0|0,0|0,0|0,0|0,0|0,0|0,0|0,0|0,0|0,0|0,0|0,0|0,0|0,0|0,0|0,0|0,0|0,0|0,0|0,0|0,0|0,0|0,0|0,0|0,0|0,0|0,0|0,0|0,0|0,0|0,0|0,0|0,0|1,0|0,0|0,1
c8f8d87bf91a26cfa23bbb0270c1d312e87b5841,0|0,0|0,0|0,0|0,0|0,0|0,0|0,0|0,0|0,0|0,0|0,0|0,0|0,0|0,0|0,0|0,0|0,0|0,0|0,0|0,0|0,0|0,0|0,0|0,0|0,0|0,0|0,0|0,0|0,0|0,0|0,0|0,0|0,0|0,0|0,0|0,0|0,0|0,0|0,0|0,0|0,0|0,0|0,0|1,0|0,0|0,1
6fcd1ba9419da36587e7bb58cd9599f090fa42ab,0|0,0|0,0|0,0|0,0|0,0|0,0|0,0|0,0|0,0|0,0|0,0|0,0|0,0|0,0|0,0|0,0|0,0|0,0|0,0|0,0|0,0|0,0|0,0|0,0|0,0|0,0|0,0|0,0|0,0|0,0|0,0|0,0|0,0|0,0|0,0|0,0|0,0|0,0|0,0|0,0|0,0|0,0|0,0|1,0|0,0|0,1
34e1ac0bbbc33698953a9b4a3de67bb1b8f2445c,0.5|0,0|0,0|0,0|0,0.5|0,0.5|0,0.5|0,0.5|0,0.5|0,0.5|0,0.5|0,0.5|0,0.5|0,0.5|0,0.5|0,0.5|0,0.5|0,0.5|0,0.5|0,0.5|0,0.5|0,0.5|0,0.5|0,0|0,0.5|0,0.5|0,0.5|0,0|0,0.5|0,0.5|0,0.5|0,0.5|0,0.5|0,0.5|0,0.5|0,0.5|0,0.5|0,0.5|0,0.5|0,0.5|0,0.5|0,0.5|0,0.5|0,0.5|1,0.5|0,0|0,1
5436dddef55e068095ca56b114715a91a551bf26,0.5|0,0|0,0|0,0|0,0.5|0,0.5|0,0.5|0,0.5|0,0.5|0,0.5|0,0.5|0,0.5|0,0.5|0,0.5|0,0.5|0,0.5|0,0.5|0,0.5|0,0.5|0,0.5|0,0.5|0,0.5|0,0.5|0,0|0,0.5|0,0.5|0,0.5|0,0|0,0.5|0,0.5|0,0.5|0,0.5|0,0.5|0,0.5|0,0.5|0,0.5|0,0.5|0,0.5|0,0.5|0,0.5|0,0.5|0,0.5|0,0.5|0,0.5|1,0.5|0,0|0,1
d769b23e05f93158302cf6904b182860b05545e9,0.5|0,0|0,0|0,0|0,0.5|0,0.5|0,0.5|0,0.5|0,0.5|0,0.5|0,0.5|0,0.5|0,0.5|0,0.5|0,0.5|0,0.5|0,0.5|0,0.5|0,0.5|0,0.5|0,0.5|0,0.5|0,0.5|0,0|0,0.5|0,0.5|0,0.5|0,0|0,0.5|0,0.5|0,0.5|0,0.5|0,0.5|0,0.5|0,0.5|0,0.5|0,0.5|0,0.5|0,0.5|0,0.5|0,0.5|0,0.5|0,0.5|0,0.5|1,0.5|0,0|0,1
bdf7108224ddf5dfe677d30c4386aca8d76597d9,0.5|0,0|0,0|0,0|0,0.5|0,0.5|0,0.5|0,0.5|0,0.5|0,0.5|0,0.5|0,0.5|0,0.5|0,0.5|0,0.5|0,0.5|0,0.5|0,0.5|0,0.5|0,0.5|0,0.5|0,0.5|0,0.5|0,0|0,0.5|0,0.5|0,0.5|0,0|0,0.5|0,0.5|0,0.5|0,0.5|0,0.5|0,0.5|0,0.5|0,0.5|0,0.5|0,0.5|0,0.5|0,0.5|0,0.5|0,0.5|0,0.5|0,0.5|1,0.5|0,0|0,1
69fd4aadf3ed362ba67f03975f8b72c733bca7f7,0.5|0,0|0,0|0,0|0,0.5|0,0.5|0,0.5|0,0.5|0,0.5|0,0.5|0,0.5|0,0.5|0,0.5|0,0.5|0,0.5|0,0.5|0,0.5|0,0.5|0,0.5|0,0.5|0,0.5|0,0.5|0,0.5|0,0|0,0.5|0,0.5|0,0.5|0,0|0,0.5|0,0.5|0,0.5|0,0.5|0,0.5|0,0.5|0,0.5|0,0.5|0,0.5|0,0.5|0,0.5|0,0.5|0,0.5|0,0.5|0,0.5|0,0.5|1,0.5|0,0|0,1
3189f19b0fea497ad2108ef498d04818a015d329,0.5|0,0|0,0|0,0|0,0.5|0,0.5|0,0.5|0,0.5|0,0.5|0,0.5|0,0.5|0,0.5|0,0.5|0,0.5|0,0.5|0,0.5|0,0.5|0,0.5|0,0.5|0,0.5|0,0.5|0,0.5|0,0.5|0,0|0,0.5|0,0.5|0,0.5|0,0|0,0.5|0,0.5|0,0.5|0,0.5|0,0.5|0,0.5|0,0.5|0,0.5|0,0.5|0,0.5|0,0.5|0,0.5|0,0.5|0,0.5|0,0.5|0,0.5|1,0.5|0,0|0,1
bcce6beee493862175b8707b2433da7184fcba62,0.5|0,0|0,0|0,0|0,0.5|0,0.5|0,0.5|0,0.5|0,0.5|0,0.5|0,0.5|0,0.5|0,0.5|0,0.5|0,0.5|0,0.5|0,0.5|0,0.5|0,0.5|0,0.5|0,0.5|0,0.5|0,0.5|0,0|0,0.5|0,0.5|0,0.5|0,0|0,0.5|0,0.5|0,0.5|0,0.5|0,0.5|0,0.5|0,0.5|0,0.5|0,0.5|0,0.5|0,0.5|0,0.5|0,0.5|0,0.5|0,0.5|0,0.5|1,0.5|0,0|0,1
2d040247a77c96a8411477e8ad38c0e07a5e1b54,0.5|0,0|0,0|0,0|0,0.5|0,0.5|0,0.5|0,0.5|0,0.5|0,0.5|0,0.5|0,0.5|0,0.5|0,0.5|0,0.5|0,0.5|0,0.5|0,0.5|0,0.5|0,0.5|0,0.5|0,0.5|0,0.5|0,0|0,0.5|0,0.5|0,0.5|0,0|0,0.5|0,0.5|0,0.5|0,0.5|0,0.5|0,0.5|0,0.5|0,0.5|0,0.5|0,0.5|0,0.5|0,0.5|0,0.5|0,0.5|0,0.5|0,0.5|1,0.5|0,0|0,1
338eedd05b034991f1960898ca7680e65d7901f6,0.5|0,0|0,0|0,0|0,0.5|0,0.5|0,0.5|0,0.5|0,0.5|0,0.5|0,0.5|0,0.5|0,0.5|0,0.5|0,0.5|0,0.5|0,0.5|0,0.5|0,0.5|0,0.5|0,0.5|0,0.5|0,0.5|0,0|0,0.5|0,0.5|0,0.5|0,0|0,0.5|0,0.5|0,0.5|0,0.5|0,0.5|0,0.5|0,0.5|0,0.5|0,0.5|0,0.5|0,0.5|0,0.5|0,0.5|0,0.5|0,0.5|0,0.5|1,0.5|0,0|0,1
91531ed040933ea96eaa4c3f3cd9d11159acf586,0.5|0,0|0,0|0,0|0,0.5|0,0.5|0,0.5|0,0.5|0,0.5|0,0.5|0,0.5|0,0.5|0,0.5|0,0.5|0,0.5|0,0.5|0,0.5|0,0.5|0,0.5|0,0.5|0,0.5|0,0.5|0,0.5|0,0|0,0.5|0,0.5|0,0.5|0,0|0,0.5|0,0.5|0,0.5|0,0.5|0,0.5|0,0.5|0,0.5|0,0.5|0,0.5|0,0.5|0,0.5|0,0.5|0,0.5|0,0.5|0,0.5|0,0.5|1,0.5|0,0|0,1
5d8edccef8adcbf05bb5b01bd78b44ed2e80694e,0.5|0,0|0,0|0,0|0,0.5|0,0.5|0,0.5|0,0.5|0,0.5|0,0.5|0,0.5|0,0.5|0,0.5|0,0.5|0,0.5|0,0.5|0,0.5|0,0.5|0,0.5|0,0.5|0,0.5|0,0.5|0,0.5|0,0|0,0.5|0,0.5|0,0.5|0,0|0,0.5|0,0.5|0,0.5|0,0.5|0,0.5|0,0.5|0,0.5|0,0.5|0,0.5|0,0.5|0,0.5|0,0.5|0,0.5|0,0.5|0,0.5|0,0.5|1,0.5|0,0|0,1
767f403e0df2d86590ad2d898d90727b901e9b60,0.5|0,0|0,0|0,0|0,0.5|0,0.5|0,0.5|0,0.5|0,0.5|0,0.5|0,0.5|0,0.5|0,0.5|0,0.5|0,0.5|0,0.5|0,0.5|0,0.5|0,0.5|0,0.5|0,0.5|0,0.5|0,0.5|0,0|0,0.5|0,0.5|0,0.5|0,0|0,0.5|0,0.5|0,0.5|0,0.5|0,0.5|0,0.5|0,0.5|0,0.5|0,0.5|0,0.5|0,0.5|0,0.5|0,0.5|0,0.5|0,0.5|0,0.5|1,0.5|0,0|0,1
f2da1698953cca5797003935bb90d69d4fbc3dda,0.5|0,0|0,0|0,0|0,0.5|0,0.5|0,0.5|0,0.5|0,0.5|0,0.5|0,0.5|0,0.5|0,0.5|0,0.5|0,0.5|0,0.5|0,0.5|0,0.5|0,0.5|0,0.5|0,0.5|0,0.5|0,0.5|0,0|0,0.5|0,0.5|0,0.5|0,0|0,0.5|0,0.5|0,0.5|0,0.5|0,0.5|0,0.5|0,0.5|0,0.5|0,0.5|0,0.5|0,0.5|0,0.5|0,0.5|0,0.5|0,0.5|0,0.5|1,0.5|0,0|0,1
eb133b8fa5525330fc4e045b2184d5a5ac0197eb,0.5|0,0|0,0|0,0|0,0.5|0,0.5|0,0.5|0,0.5|0,0.5|0,0.5|0,0.5|0,0.5|0,0.5|0,0.5|0,0.5|0,0.5|0,0.5|0,0.5|0,0.5|0,0.5|0,0.5|0,0.5|0,0.5|0,0|0,0.5|0,0.5|0,0.5|0,0|0,0.5|0,0.5|0,0.5|0,0.5|0,0.5|0,0.5|0,0.5|0,0.5|0,0.5|0,0.5|0,0.5|0,0.5|0,0.5|0,0.5|0,0.5|0,0.5|1,0.5|0,0|0,1
bf93f77f02b04e734ce6c8779d83bf489c2847bf,0.5|0,0|0,0|0,0|0,0.5|0,0.5|0,0.5|0,0.5|0,0.5|0,0.5|0,0.5|0,0.5|0,0.5|0,0.5|0,0.5|0,0.5|0,0.5|0,0.5|0,0.5|0,0.5|0,0.5|0,0.5|0,0.5|0,0|0,0.5|0,0.5|0,0.5|0,0|0,0.5|0,0.5|0,0.5|0,0.5|0,0.5|0,0.5|0,0.5|0,0.5|0,0.5|0,0.5|0,0.5|0,0.5|0,0.5|0,0.5|0,0.5|0,0.5|1,0.5|0,0|0,1
81eaa3bd528040a937acf0e80e6811d3cc2e13da,0.5|0,0|0,0|0,0|0,0.5|0,0.5|0,0.5|0,0.5|0,0.5|0,0.5|0,0.5|0,0.5|0,0.5|0,0.5|0,0.5|0,0.5|0,0.5|0,0.5|0,0.5|0,0.5|0,0.5|0,0.5|0,0.5|0,0|0,0.5|0,0.5|0,0.5|0,0|0,0.5|0,0.5|0,0.5|0,0.5|0,0.5|0,0.5|0,0.5|0,0.5|0,0.5|0,0.5|0,0.5|0,0.5|0,0.5|0,0.5|0,0.5|0,0.5|1,0.5|0,0|0,1
e562cdc5bdbff7c804c89ce148c4ff14f0c21500,0.5|0,0|0,0|0,0|0,0.5|0,0.5|0,0.5|0,0.5|0,0.5|0,0.5|0,0.5|0,0.5|0,0.5|0,0.5|0,0.5|0,0.5|0,0.5|0,0.5|0,0.5|0,0.5|0,0.5|0,0.5|0,0.5|0,0|0,0.5|0,0.5|0,0.5|0,0|0,0.5|0,0.5|0,0.5|0,0.5|0,0.5|0,0.5|0,0.5|0,0.5|0,0.5|0,0.5|0,0.5|0,0.5|0,0.5|0,0.5|0,0.5|0,0.5|1,0.5|0,0|0,1
23ae3d0c265590a138f156c2193998e3b8f2fdd5,0.5|0,0|0,0|0,0|0,0.5|0,0.5|0,0.5|0,0.5|0,0.5|0,0.5|0,0.5|0,0.5|0,0.5|0,0.5|0,0.5|0,0.5|0,0.5|0,0.5|0,0.5|0,0.5|0,0.5|0,0.5|0,0.5|0,0|0,0.5|0,0.5|0,0.5|0,0|0,0.5|0,0.5|0,0.5|0,0.5|0,0.5|0,0.5|0,0.5|0,0.5|0,0.5|0,0.5|0,0.5|0,0.5|0,0.5|0,0.5|0,0.5|0,0.5|1,0.5|0,0|0,1
c713c894b6146c7884e24895cd3df1d7e35ee120,0.5|0,0|0,0|0,0|0,0.5|0,0.5|0,0.5|0,0.5|0,0.5|0,0.5|0,0.5|0,0.5|0,0.5|0,0.5|0,0.5|0,0.5|0,0.5|0,0.5|0,0.5|0,0.5|0,0.5|0,0.5|0,0.5|0,0|0,0.5|0,0.5|0,0.5|0,0|0,0.5|0,0.5|0,0.5|0,0.5|0,0.5|0,0.5|0,0.5|0,0.5|0,0.5|0,0.5|0,0.5|0,0.5|0,0.5|0,0.5|0,0.5|0,0.5|1,0.5|0,0|0,1
f350379e95935448c22a387a561b57d50251f422,0.5|0,0|0,0|0,0|0,0.5|0,0.5|0,0.5|0,0.5|0,0.5|0,0.5|0,0.5|0,0.5|0,0.5|0,0.5|0,0.5|0,0.5|0,0.5|0,0.5|0,0.5|0,0.5|0,0.5|0,0.5|0,0.5|0,0|0,0.5|0,0.5|0,0.5|0,0|0,0.5|0,0.5|0,0.5|0,0.5|0,0.5|0,0.5|0,0.5|0,0.5|0,0.5|0,0.5|0,0.5|0,0.5|0,0.5|0,0.5|0,0.5|0,0.5|1,0.5|0,0|0,1
85ebda434d44f93e656ee5d3e52dc258134495d0,0.5|0,0|0,0|0,0|0,0.5|0,0.5|0,0.5|0,0.5|0,0.5|0,0.5|0,0.5|0,0.5|0,0.5|0,0.5|0,0.5|0,0.5|0,0.5|0,0.5|0,0.5|0,0.5|0,0.5|0,0.5|0,0.5|0,0|0,0.5|0,0.5|0,0.5|0,0|0,0.5|0,0.5|0,0.5|0,0.5|0,0.5|0,0.5|0,0.5|0,0.5|0,0.5|0,0.5|0,0.5|0,0.5|0,0.5|0,0.5|0,0.5|0,0.5|1,0.5|0,0|0,1
5b0374c28b60a39f5720cb44ea5f711774c511af,0.5|0,0|0,0|0,0|0,0.5|0,0.5|0,0.5|0,0.5|0,0.5|0,0.5|0,0.5|0,0.5|0,0.5|0,0.5|0,0.5|0,0.5|0,0.5|0,0.5|0,0.5|0,0.5|0,0.5|0,0.5|0,0.5|0,0|0,0.5|0,0.5|0,0.5|0,0|0,0.5|0,0.5|0,0.5|0,0.5|0,0.5|0,0.5|0,0.5|0,0.5|0,0.5|0,0.5|0,0.5|0,0.5|0,0.5|0,0.5|0,0.5|0,0.5|1,0.5|0,0|0,1
c99646e4afee9489de9b62d7cb9b81176f6c01a3,0.5|0,0|0,0|0,0|0,0.5|0,0.5|0,0.5|0,0.5|0,0.5|0,0.5|0,0.5|0,0.5|0,0.5|0,0.5|0,0.5|0,0.5|0,0.5|0,0.5|0,0.5|0,0.5|0,0.5|0,0.5|0,0.5|0,0|0,0.5|0,0.5|0,0.5|0,0|0,0.5|0,0.5|0,0.5|0,0.5|0,0.5|0,0.5|0,0.5|0,0.5|0,0.5|0,0.5|0,0.5|0,0.5|0,0.5|0,0.5|0,0.5|0,0.5|1,0.5|0,0|0,1
2964c23ca1f9af4df5c93e337987c6823b2ac663,0.5|0,0|0,0|0,0|0,0.5|0,0.5|0,0.5|0,0.5|0,0.5|0,0.5|0,0.5|0,0.5|0,0.5|0,0.5|0,0.5|0,0.5|0,0.5|0,0.5|0,0.5|0,0.5|0,0.5|0,0.5|0,0.5|0,0|0,0.5|0,0.5|0,0.5|0,0|0,0.5|0,0.5|0,0.5|0,0.5|0,0.5|0,0.5|0,0.5|0,0.5|0,0.5|0,0.5|0,0.5|0,0.5|0,0.5|0,0.5|0,0.5|0,0.5|1,0.5|0,0|0,1
42ded07139e41c54a9ae2c8875a9e2c56d50af41,0|0,0|0,0|0,0|0,0|0,0|0,0|0,0|0,0|0,0|0,0|0,0|0,0|0,0|0,0|0,0|0,0|0,0|0,0|0,0|0,0|0,0|0,0|0,0|0,0|0,0|0,0|0,0|0,0|0,0|0,0|0,0|0,0|0,0|0,0|0,0|0,0|0,0|0,0|0,0|0,0|0,0|0,0|0,0|1,0|0,0|0,1
3b5dee1cc0038fdb09f5ff1b18f05dd561dbcb1c,0.5|0,0|0,0|0,0|0,0.5|0,0.5|0,0.5|0,0.5|0,0.5|0,0.5|0,0.5|0,0.5|0,0.5|0,0.5|0,0.5|0,0.5|0,0.5|0,0.5|0,0.5|0,0.5|0,0.5|0,0.5|0,0.5|0,0|0,0.5|0,0.5|0,0.5|0,0|0,0.5|0,0.5|0,0.5|0,0.5|0,0.5|0,0.5|0,0.5|0,0.5|0,0.5|0,0.5|0,0.5|0,0.5|0,0.5|0,0.5|0,0.5|0,0.5|1,0.5|0,0|0,1
92507c014626bc542f2ab11c729742802c0bc345,0.5|0,0|0,0|0,0|0,0.5|0,0.5|0,0.5|0,0.5|0,0.5|0,0.5|0,0.5|0,0.5|0,0.5|0,0.5|0,0.5|0,0.5|0,0.5|0,0.5|0,0.5|0,0.5|0,0.5|0,0.5|0,0.5|0,0|0,0.5|0,0.5|0,0.5|0,0|0,0.5|0,0.5|0,0.5|0,0.5|0,0.5|0,0.5|0,0.5|0,0.5|0,0.5|0,0.5|0,0.5|0,0.5|0,0.5|0,0.5|0,0.5|0,0.5|1,0.5|0,0|0,1
d15dd430e7e253cd2798151a45c14f4039cc21be,0.5|0,0|0,0|0,0|0,0.5|0,0.5|0,0.5|0,0.5|0,0.5|0,0.5|0,0.5|0,0.5|0,0.5|0,0.5|0,0.5|0,0.5|0,0.5|0,0.5|0,0.5|0,0.5|0,0.5|0,0.5|0,0.5|0,0|0,0.5|0,0.5|0,0.5|0,0|0,0.5|0,0.5|0,0.5|0,0.5|0,0.5|0,0.5|0,0.5|0,0.5|0,0.5|0,0.5|0,0.5|0,0.5|0,0.5|0,0.5|0,0.5|0,0.5|1,0.5|0,0|0,1
f4d2002ce93f1129d5ebf844bad55edfb72216b7,0.5|0,0|0,0|0,0|0,0.5|0,0.5|0,0.5|0,0.5|0,0.5|0,0.5|0,0.5|0,0.5|0,0.5|0,0.5|0,0.5|0,0.5|0,0.5|0,0.5|0,0.5|0,0.5|0,0.5|0,0.5|0,0.5|0,0|0,0.5|0,0.5|0,0.5|0,0|0,0.5|0,0.5|0,0.5|0,0.5|0,0.5|0,0.5|0,0.5|0,0.5|0,0.5|0,0.5|0,0.5|0,0.5|0,0.5|0,0.5|0,0.5|0,0.5|1,0.5|0,0|0,1
7fdc4b2472baec0ba0927f861a286ed39ac1c684,0.5|0,0|0,0|0,0|0,0.5|0,0.5|0,0.5|0,0.5|0,0.5|0,0.5|0,0.5|0,0.5|0,0.5|0,0.5|0,0.5|0,0.5|0,0.5|0,0.5|0,0.5|0,0.5|0,0.5|0,0.5|0,0.5|0,0|0,0.5|0,0.5|0,0.5|0,0|0,0.5|0,0.5|0,0.5|0,0.5|0,0.5|0,0.5|0,0.5|0,0.5|0,0.5|0,0.5|0,0.5|0,0.5|0,0.5|0,0.5|0,0.5|0,0.5|1,0.5|0,0|0,1
bc9472277d9beaf2201b3f43463c062f2fcf0b13,0.5|0,0|0,0|0,0|0,0.5|0,0.5|0,0.5|0,0.5|0,0.5|0,0.5|0,0.5|0,0.5|0,0.5|0,0.5|0,0.5|0,0.5|0,0.5|0,0.5|0,0.5|0,0.5|0,0.5|0,0.5|0,0.5|0,0|0,0.5|0,0.5|0,0.5|0,0|0,0.5|0,0.5|0,0.5|0,0.5|0,0.5|0,0.5|0,0.5|0,0.5|0,0.5|0,0.5|0,0.5|0,0.5|0,0.5|0,0.5|0,0.5|0,0.5|1,0.5|0,0|0,1
def86ba0a9f090cebda3d2e521e22f5d8f2f0f35,0.5|0,0|0,0|0,0|0,0.5|0,0.5|0,0.5|0,0.5|0,0.5|0,0.5|0,0.5|0,0.5|0,0.5|0,0.5|0,0.5|0,0.5|0,0.5|0,0.5|0,0.5|0,0.5|0,0.5|0,0.5|0,0.5|0,0|0,0.5|0,0.5|0,0.5|0,0|0,0.5|0,0.5|0,0.5|0,0.5|0,0.5|0,0.5|0,0.5|0,0.5|0,0.5|0,0.5|0,0.5|0,0.5|0,0.5|0,0.5|0,0.5|0,0.5|1,0.5|0,0|0,1
9e5d0e05d341b58bb4de76e16a6102e55eac9cc1,0.5|0,0|0,0|0,0|0,0.5|0,0.5|0,0.5|0,0.5|0,0.5|0,0.5|0,0.5|0,0.5|0,0.5|0,0.5|0,0.5|0,0.5|0,0.5|0,0.5|0,0.5|0,0.5|0,0.5|0,0.5|0,0.5|0,0|0,0.5|0,0.5|0,0.5|0,0|0,0.5|0,0.5|0,0.5|0,0.5|0,0.5|0,0.5|0,0.5|0,0.5|0,0.5|0,0.5|0,0.5|0,0.5|0,0.5|0,0.5|0,0.5|0,0.5|1,0.5|0,0|0,1
fda3730cf0bdec6b4a1cd8e38d3a88c33f0d0ef1,0|0,0|0,0|0,0|0,0|0,0|0,0|0,0|0,0|0,0|0,0|0,0|0,0|0,0|0,0|0,0|0,0|0,0|0,0|0,0|0,0|0,0|0,0|0,0|0,0|0,0|0,0|0,0|0,0|0,0|0,0|0,0|0,0|0,0|0,0|0,0|0,0|0,0|0,0|0,0|0,0|0,0|0,0|0,0|1,0|0,0|0,1
b77d3e3ab6d216cda9a092794a5fb8b1eac86fe6,0|0,0|0,0|0,0|0,0|0,0|0,0|0,0|0,0|0,0|0,0|0,0|0,0|0,0|0,0|0,0|0,0|0,0|0,0|0,0|0,0|0,0|0,0|0,0|0,0|0,0|0,0|0,0|0,0|0,0|0,0|0,0|0,0|0,0|0,0|0,0|0,0|0,0|0,0|0,0|0,0|0,0|0,0|0,0|1,0|0,0|0,1
6de91c78955a0d85d97518c273366bd9d6ede5de,0|0,0|0,0|0,0|0,0|0,0|0,0|0,0|0,0|0,0|0,0|0,0|0,0|0,0|0,0|0,0|0,0|0,0|0,0|0,0|0,0|0,0|0,0|0,0|0,0|0,0|0,0|0,0|0,0|0,0|0,0|0,0|0,0|0,0|0,0|0,0|0,0|0,0|0,0|0,0|0,0|0,0|0,0|0,0|1,0|0,0|0,1
f3104240372794ab8572abd73ca0b90f79ce88f6,0.5|0,0|0,0|0,0|0,0.5|0,0.5|0,0.5|0,0.5|0,0.5|0,0.5|0,0.5|0,0.5|0,0.5|0,0.5|0,0.5|0,0.5|0,0.5|0,0.5|0,0.5|0,0.5|0,0.5|0,0.5|0,0.5|0,0|0,0.5|0,0.5|0,0.5|0,0|0,0.5|0,0.5|0,0.5|0,0.5|0,0.5|0,0.5|0,0.5|0,0.5|0,0.5|0,0.5|0,0.5|0,0.5|0,0.5|0,0.5|0,0.5|0,0.5|1,0.5|0,0|0,1
3161c8a3de52d6ec273a59324e994bcbaef569de,0.5|0,0|0,0|0,0|0,0.5|0,0.5|0,0.5|0,0.5|0,0.5|0,0.5|0,0.5|0,0.5|0,0.5|0,0.5|0,0.5|0,0.5|0,0.5|0,0.5|0,0.5|0,0.5|0,0.5|0,0.5|0,0.5|0,0|0,0.5|0,0.5|0,0.5|0,0|0,0.5|0,0.5|0,0.5|0,0.5|0,0.5|0,0.5|0,0.5|0,0.5|0,0.5|0,0.5|0,0.5|0,0.5|0,0.5|0,0.5|0,0.5|0,0.5|1,0.5|0,0|0,1
47ea30fdaa4eb33d8150bbb0e7d57f9d92c41821,0.5|0,0|0,0|0,0|0,0.5|0,0.5|0,0.5|0,0.5|0,0.5|0,0.5|0,0.5|0,0.5|0,0.5|0,0.5|0,0.5|0,0.5|0,0.5|0,0.5|0,0.5|0,0.5|0,0.5|0,0.5|0,0.5|0,0|0,0.5|0,0.5|0,0.5|0,0|0,0.5|0,0.5|0,0.5|0,0.5|0,0.5|0,0.5|0,0.5|0,0.5|0,0.5|0,0.5|0,0.5|0,0.5|0,0.5|0,0.5|0,0.5|0,0.5|1,0.5|0,0|0,1
0ddbda1f829a2d1b27d7e6519900201111702823,0.5|0,0|0,0|0,0|0,0.5|0,0.5|0,0.5|0,0.5|0,0.5|0,0.5|0,0.5|0,0.5|0,0.5|0,0.5|0,0.5|0,0.5|0,0.5|0,0.5|0,0.5|0,0.5|0,0.5|0,0.5|0,0.5|0,0|0,0.5|0,0.5|0,0.5|0,0|0,0.5|0,0.5|0,0.5|0,0.5|0,0.5|0,0.5|0,0.5|0,0.5|0,0.5|0,0.5|0,0.5|0,0.5|0,0.5|0,0.5|0,0.5|0,0.5|1,0.5|0,0|0,1
1197cbdf58d54a56a5ac520a619861f70b9622c0,0.5|0,0|0,0|0,0|0,0.5|0,0.5|0,0.5|0,0.5|0,0.5|0,0.5|0,0.5|0,0.5|0,0.5|0,0.5|0,0.5|0,0.5|0,0.5|0,0.5|0,0.5|0,0.5|0,0.5|0,0.5|0,0.5|0,0|0,0.5|0,0.5|0,0.5|0,0|0,0.5|0,0.5|0,0.5|0,0.5|0,0.5|0,0.5|0,0.5|0,0.5|0,0.5|0,0.5|0,0.5|0,0.5|0,0.5|0,0.5|0,0.5|0,0.5|1,0.5|0,0|0,1
a1602dd0a5f243da2aa550669c0c01c1c89cae52,0.5|0,0|0,0|0,0|0,0.5|0,0.5|0,0.5|0,0.5|0,0.5|0,0.5|0,0.5|0,0.5|0,0.5|0,0.5|0,0.5|0,0.5|0,0.5|0,0.5|0,0.5|0,0.5|0,0.5|0,0.5|0,0.5|0,0|0,0.5|0,0.5|0,0.5|0,0|0,0.5|0,0.5|0,0.5|0,0.5|0,0.5|0,0.5|0,0.5|0,0.5|0,0.5|0,0.5|0,0.5|0,0.5|0,0.5|0,0.5|0,0.5|0,0.5|1,0.5|0,0|0,1
9d07cf28114eaa6232e93248b2346710ae635bf3,0.5|0,0|0,0|0,0|0,0.5|0,0.5|0,0.5|0,0.5|0,0.5|0,0.5|0,0.5|0,0.5|0,0.5|0,0.5|0,0.5|0,0.5|0,0.5|0,0.5|0,0.5|0,0.5|0,0.5|0,0.5|0,0.5|0,0|0,0.5|0,0.5|0,0.5|0,0|0,0.5|0,0.5|0,0.5|0,0.5|0,0.5|0,0.5|0,0.5|0,0.5|0,0.5|0,0.5|0,0.5|0,0.5|0,0.5|0,0.5|0,0.5|0,0.5|1,0.5|0,0|0,1
85485ea28c25492b4b847074a198e608e4a29b5d,0.5|0,0|0,0|0,0|0,0.5|0,0.5|0,0.5|0,0.5|0,0.5|0,0.5|0,0.5|0,0.5|0,0.5|0,0.5|0,0.5|0,0.5|0,0.5|0,0.5|0,0.5|0,0.5|0,0.5|0,0.5|0,0.5|0,0|0,0.5|0,0.5|0,0.5|0,0|0,0.5|0,0.5|0,0.5|0,0.5|0,0.5|0,0.5|0,0.5|0,0.5|0,0.5|0,0.5|0,0.5|0,0.5|0,0.5|0,0.5|0,0.5|0,0.5|1,0.5|0,0|0,1
7cc2432098ccd85c6de34e177f1115272c8d382b,0.5|0,0|0,0|0,0|0,0.5|0,0.5|0,0.5|0,0.5|0,0.5|0,0.5|0,0.5|0,0.5|0,0.5|0,0.5|0,0.5|0,0.5|0,0.5|0,0.5|0,0.5|0,0.5|0,0.5|0,0.5|0,0.5|0,0|0,0.5|0,0.5|0,0.5|0,0|0,0.5|0,0.5|0,0.5|0,0.5|0,0.5|0,0.5|0,0.5|0,0.5|0,0.5|0,0.5|0,0.5|0,0.5|0,0.5|0,0.5|0,0.5|0,0.5|1,0.5|0,0|0,1
40fefd59a7bcf087c89c1f62adfc2fb8eccb126a,0|0,0|0,0|0,0|0,0|0,0|0,0|0,0|0,0|0,0|0,0|0,0|0,0|0,0|0,0|0,0|0,0|0,0|0,0|0,0|0,0|0,0|0,0|0,0|0,0|0,0|0,0|0,0|0,0|0,0|0,0|0,0|0,0|0,0|0,0|0,0|0,0|0,0|0,0|0,0|0,0|0,0|0,0|0,0|1,0|0,0|0,1
1d1edfc1c787bfe91d457f632c148447f8912842,0|0,0|0,0|0,0|0,0|0,0|0,0|0,0|0,0|0,0|0,0|0,0|0,0|0,0|0,0|0,0|0,0|0,0|0,0|0,0|0,0|0,0|0,0|0,0|0,0|0,0|0,0|0,0|0,0|0,0|0,0|0,0|0,0|0,0|0,0|0,0|0,0|0,0|0,0|0,0|0,0|0,0|0,0|0,0|1,0|0,0|0,1
a726c70f9b620015826e0ce43a8f5dd4f9513e7d,0|0,0|0,0|0,0|0,0|0,0|0,0|0,0|0,0|0,0|0,0|0,0|0,0|0,0|0,0|0,0|0,0|0,0|0,0|0,0|0,0|0,0|0,0|0,0|0,0|0,0|0,0|0,0|0,0|0,0|0,0|0,0|0,0|0,0|0,0|0,0|0,0|0,0|0,0|0,0|0,0|0,0|0,0|0,0|1,0|0,0|0,1
eeb1c281adae5002d8f9c981c0b145a88a814548,0|0,0|0,0|0,0|0,0|0,0|0,0|0,0|0,0|0,0|0,0|0,0|0,0|0,0|0,0|0,0|0,0|0,0|0,0|0,0|0,0|0,0|0,0|0,0|0,0|0,0|0,0|0,0|0,0|0,0|0,0|0,0|0,0|0,0|0,0|0,0|0,0|0,0|0,0|0,0|0,0|0,0|0,0|0,0|1,0|0,0|0,1
eb15b22e7757cb70894fdcde440e62bc40f22df1,0|0,0|0,0|0,0|0,0|0,0|0,0|0,0|0,0|0,0|0,0|0,0|0,0|0,0|0,0|0,0|0,0|0,0|0,0|0,0|0,0|0,0|0,0|0,0|0,0|0,0|0,0|0,0|0,0|0,0|0,0|0,0|0,0|0,0|0,0|0,0|0,0|0,0|0,0|0,0|0,0|0,0|0,0|0,0|1,0|0,0|0,1
b6f187dffb68d54575dd6de01c80d40cf5f2407a,0.5|0,0|0,0|0,0|0,0.5|0,0.5|0,0.5|0,0.5|0,0.5|0,0.5|0,0.5|0,0.5|0,0.5|0,0.5|0,0.5|0,0.5|0,0.5|0,0.5|0,0.5|0,0.5|0,0.5|0,0.5|0,0.5|0,0|0,0.5|0,0.5|0,0.5|0,0|0,0.5|0,0.5|0,0.5|0,0.5|0,0.5|0,0.5|0,0.5|0,0.5|0,0.5|0,0.5|0,0.5|0,0.5|0,0.5|0,0.5|0,0.5|0,0.5|1,0.5|0,0|0,1
456bc2a52c06c16e12e01c5ec8426bc8783961c1,0.5|0,0|0,0|0,0|0,0.5|0,0.5|0,0.5|0,0.5|0,0.5|0,0.5|0,0.5|0,0.5|0,0.5|0,0.5|0,0.5|0,0.5|0,0.5|0,0.5|0,0.5|0,0.5|0,0.5|0,0.5|0,0.5|0,0|0,0.5|0,0.5|0,0.5|0,0|0,0.5|0,0.5|0,0.5|0,0.5|0,0.5|0,0.5|0,0.5|0,0.5|0,0.5|0,0.5|0,0.5|0,0.5|0,0.5|0,0.5|0,0.5|0,0.5|1,0.5|0,0|0,1
191694f797639fc0b56adcf050bc9cfa8dc02f3d,0.5|0,0|0,0|0,0|0,0.5|0,0.5|0,0.5|0,0.5|0,0.5|0,0.5|0,0.5|0,0.5|0,0.5|0,0.5|0,0.5|0,0.5|0,0.5|0,0.5|0,0.5|0,0.5|0,0.5|0,0.5|0,0.5|0,0|0,0.5|0,0.5|0,0.5|0,0|0,0.5|0,0.5|0,0.5|0,0.5|0,0.5|0,0.5|0,0.5|0,0.5|0,0.5|0,0.5|0,0.5|0,0.5|0,0.5|0,0.5|0,0.5|0,0.5|1,0.5|0,0|0,1
80971e4a173a046adf0cab703387184f205bf596,0.5|0,0|0,0|0,0|0,0.5|0,0.5|0,0.5|0,0.5|0,0.5|0,0.5|0,0.5|0,0.5|0,0.5|0,0.5|0,0.5|0,0.5|0,0.5|0,0.5|0,0.5|0,0.5|0,0.5|0,0.5|0,0.5|0,0|0,0.5|0,0.5|0,0.5|0,0|0,0.5|0,0.5|0,0.5|0,0.5|0,0.5|0,0.5|0,0.5|0,0.5|0,0.5|0,0.5|0,0.5|0,0.5|0,0.5|0,0.5|0,0.5|0,0.5|1,0.5|0,0|0,1
08a37dc779dde9f85989459a946195e1d22914fc,0.5|0,0|0,0|0,0|0,0.5|0,0.5|0,0.5|0,0.5|0,0.5|0,0.5|0,0.5|0,0.5|0,0.5|0,0.5|0,0.5|0,0.5|0,0.5|0,0.5|0,0.5|0,0.5|0,0.5|0,0.5|0,0.5|0,0|0,0.5|0,0.5|0,0.5|0,0|0,0.5|0,0.5|0,0.5|0,0.5|0,0.5|0,0.5|0,0.5|0,0.5|0,0.5|0,0.5|0,0.5|0,0.5|0,0.5|0,0.5|0,0.5|0,0.5|1,0.5|0,0|0,1
5c6e8da86cb7166617f45e504bbbf7ee315bbd14,0.5|0,0|0,0|0,0|0,0.5|0,0.5|0,0.5|0,0.5|0,0.5|0,0.5|0,0.5|0,0.5|0,0.5|0,0.5|0,0.5|0,0.5|0,0.5|0,0.5|0,0.5|0,0.5|0,0.5|0,0.5|0,0.5|0,0|0,0.5|0,0.5|0,0.5|0,0|0,0.5|0,0.5|0,0.5|0,0.5|0,0.5|0,0.5|0,0.5|0,0.5|0,0.5|0,0.5|0,0.5|0,0.5|0,0.5|0,0.5|0,0.5|0,0.5|1,0.5|0,0|0,1
efe1930b02544ea5ac2be18297fb93bdebeee1ff,0.5|0,0|0,0|0,0|0,0.5|0,0.5|0,0.5|0,0.5|0,0.5|0,0.5|0,0.5|0,0.5|0,0.5|0,0.5|0,0.5|0,0.5|0,0.5|0,0.5|0,0.5|0,0.5|0,0.5|0,0.5|0,0.5|0,0|0,0.5|0,0.5|0,0.5|0,0|0,0.5|0,0.5|0,0.5|0,0.5|0,0.5|0,0.5|0,0.5|0,0.5|0,0.5|0,0.5|0,0.5|0,0.5|0,0.5|0,0.5|0,0.5|0,0.5|1,0.5|0,0|0,1
2bf869ca594ccceca05985de648f7221e9848d37,0.5|0,0|0,0|0,0|0,0.5|0,0.5|0,0.5|0,0.5|0,0.5|0,0.5|0,0.5|0,0.5|0,0.5|0,0.5|0,0.5|0,0.5|0,0.5|0,0.5|0,0.5|0,0.5|0,0.5|0,0.5|0,0.5|0,0|0,0.5|0,0.5|0,0.5|0,0|0,0.5|0,0.5|0,0.5|0,0.5|0,0.5|0,0.5|0,0.5|0,0.5|0,0.5|0,0.5|0,0.5|0,0.5|0,0.5|0,0.5|0,0.5|0,0.5|1,0.5|0,0|0,1
9f3b7cfd65d63c98c87d37236b83093be36420d3,0.5|0,0|0,0|0,0|0,0.5|0,0.5|0,0.5|0,0.5|0,0.5|0,0.5|0,0.5|0,0.5|0,0.5|0,0.5|0,0.5|0,0.5|0,0.5|0,0.5|0,0.5|0,0.5|0,0.5|0,0.5|0,0.5|0,0|0,0.5|0,0.5|0,0.5|0,0|0,0.5|0,0.5|0,0.5|0,0.5|0,0.5|0,0.5|0,0.5|0,0.5|0,0.5|0,0.5|0,0.5|0,0.5|0,0.5|0,0.5|0,0.5|0,0.5|1,0.5|0,0|0,1
806f47337d591b82ba2db211629b2b25429cc21e,0.5|0,0|0,0|0,0|0,0.5|0,0.5|0,0.5|0,0.5|0,0.5|0,0.5|0,0.5|0,0.5|0,0.5|0,0.5|0,0.5|0,0.5|0,0.5|0,0.5|0,0.5|0,0.5|0,0.5|0,0.5|0,0.5|0,0|0,0.5|0,0.5|0,0.5|0,0|0,0.5|0,0.5|0,0.5|0,0.5|0,0.5|0,0.5|0,0.5|0,0.5|0,0.5|0,0.5|0,0.5|0,0.5|0,0.5|0,0.5|0,0.5|0,0.5|1,0.5|0,0|0,1
42cfd29cc3d7dd2c883c8fd3c5f53319f752fbfc,0.5|0,0|0,0|0,0|0,0.5|0,0.5|0,0.5|0,0.5|0,0.5|0,0.5|0,0.5|0,0.5|0,0.5|0,0.5|0,0.5|0,0.5|0,0.5|0,0.5|0,0.5|0,0.5|0,0.5|0,0.5|0,0.5|0,0|0,0.5|0,0.5|0,0.5|0,0|0,0.5|0,0.5|0,0.5|0,0.5|0,0.5|0,0.5|0,0.5|0,0.5|0,0.5|0,0.5|0,0.5|0,0.5|0,0.5|0,0.5|0,0.5|0,0.5|1,0.5|0,0|0,1
9a8dc640be989fd2358beaa8256fbe1eb95ecf66,0.5|0,0|0,0|0,0|0,0.5|0,0.5|0,0.5|0,0.5|0,0.5|0,0.5|0,0.5|0,0.5|0,0.5|0,0.5|0,0.5|0,0.5|0,0.5|0,0.5|0,0.5|0,0.5|0,0.5|0,0.5|0,0.5|0,0|0,0.5|0,0.5|0,0.5|0,0|0,0.5|0,0.5|0,0.5|0,0.5|0,0.5|0,0.5|0,0.5|0,0.5|0,0.5|0,0.5|0,0.5|0,0.5|0,0.5|0,0.5|0,0.5|0,0.5|1,0.5|0,0|0,1
686d0e3839768dbbf1a073db9cb0cef58b6e5da8,0.5|0,0|0,0|0,0|0,0.5|0,0.5|0,0.5|0,0.5|0,0.5|0,0.5|0,0.5|0,0.5|0,0.5|0,0.5|0,0.5|0,0.5|0,0.5|0,0.5|0,0.5|0,0.5|0,0.5|0,0.5|0,0.5|0,0|0,0.5|0,0.5|0,0.5|0,0|0,0.5|0,0.5|0,0.5|0,0.5|0,0.5|0,0.5|0,0.5|0,0.5|0,0.5|0,0.5|0,0.5|0,0.5|0,0.5|0,0.5|0,0.5|0,0.5|1,0.5|0,0|0,1
ddd08f913c80289e13e9c000e11c473a21ec23ca,0.5|0,0|0,0|0,0|0,0.5|0,0.5|0,0.5|0,0.5|0,0.5|0,0.5|0,0.5|0,0.5|0,0.5|0,0.5|0,0.5|0,0.5|0,0.5|0,0.5|0,0.5|0,0.5|0,0.5|0,0.5|0,0.5|0,0|0,0.5|0,0.5|0,0.5|0,0|0,0.5|0,0.5|0,0.5|0,0.5|0,0.5|0,0.5|0,0.5|0,0.5|0,0.5|0,0.5|0,0.5|0,0.5|0,0.5|0,0.5|0,0.5|0,0.5|1,0.5|0,0|0,1
276afa0d00a2aa219865db044954d2355b13b93b,0.5|0,0|0,0|0,0|0,0.5|0,0.5|0,0.5|0,0.5|0,0.5|0,0.5|0,0.5|0,0.5|0,0.5|0,0.5|0,0.5|0,0.5|0,0.5|0,0.5|0,0.5|0,0.5|0,0.5|0,0.5|0,0.5|0,0|0,0.5|0,0.5|0,0.5|0,0|0,0.5|0,0.5|0,0.5|0,0.5|0,0.5|0,0.5|0,0.5|0,0.5|0,0.5|0,0.5|0,0.5|0,0.5|0,0.5|0,0.5|0,0.5|0,0.5|1,0.5|0,0|0,1
8dd9567a51a1a1e6ba8e55a2f371289792214a26,0.5|0,0|0,0|0,0|0,0.5|0,0.5|0,0.5|0,0.5|0,0.5|0,0.5|0,0.5|0,0.5|0,0.5|0,0.5|0,0.5|0,0.5|0,0.5|0,0.5|0,0.5|0,0.5|0,0.5|0,0.5|0,0.5|0,0|0,0.5|0,0.5|0,0.5|0,0|0,0.5|0,0.5|0,0.5|0,0.5|0,0.5|0,0.5|0,0.5|0,0.5|0,0.5|0,0.5|0,0.5|0,0.5|0,0.5|0,0.5|0,0.5|0,0.5|1,0.5|0,0|0,1
288c1f5c22789660b272ed95fcfada43f7d9e35c,0.5|0,0|0,0|0,0|0,0.5|0,0.5|0,0.5|0,0.5|0,0.5|0,0.5|0,0.5|0,0.5|0,0.5|0,0.5|0,0.5|0,0.5|0,0.5|0,0.5|0,0.5|0,0.5|0,0.5|0,0.5|0,0.5|0,0|0,0.5|0,0.5|0,0.5|0,0|0,0.5|0,0.5|0,0.5|0,0.5|0,0.5|0,0.5|0,0.5|0,0.5|0,0.5|0,0.5|0,0.5|0,0.5|0,0.5|0,0.5|0,0.5|0,0.5|1,0.5|0,0|0,1
cdda369e92d7581242c0c436d76569faf9860056,0.5|0,0|0,0|0,0|0,0.5|0,0.5|0,0.5|0,0.5|0,0.5|0,0.5|0,0.5|0,0.5|0,0.5|0,0.5|0,0.5|0,0.5|0,0.5|0,0.5|0,0.5|0,0.5|0,0.5|0,0.5|0,0.5|0,0|0,0.5|0,0.5|0,0.5|0,0|0,0.5|0,0.5|0,0.5|0,0.5|0,0.5|0,0.5|0,0.5|0,0.5|0,0.5|0,0.5|0,0.5|0,0.5|0,0.5|0,0.5|0,0.5|0,0.5|1,0.5|0,0|0,1
9c35627d874c4f6aca50abce037b55fc279fab68,0.5|0,0|0,0|0,0|0,0.5|0,0.5|0,0.5|0,0.5|0,0.5|0,0.5|0,0.5|0,0.5|0,0.5|0,0.5|0,0.5|0,0.5|0,0.5|0,0.5|0,0.5|0,0.5|0,0.5|0,0.5|0,0.5|0,0|0,0.5|0,0.5|0,0.5|0,0|0,0.5|0,0.5|0,0.5|0,0.5|0,0.5|0,0.5|0,0.5|0,0.5|0,0.5|0,0.5|0,0.5|0,0.5|0,0.5|0,0.5|0,0.5|0,0.5|1,0.5|0,0|0,1
e2ed23a72ae6027a52f7d92a0e96c56af8459600,0.5|0,0|0,0|0,0|0,0.5|0,0.5|0,0.5|0,0.5|0,0.5|0,0.5|0,0.5|0,0.5|0,0.5|0,0.5|0,0.5|0,0.5|0,0.5|0,0.5|0,0.5|0,0.5|0,0.5|0,0.5|0,0.5|0,0|0,0.5|0,0.5|0,0.5|0,0|0,0.5|0,0.5|0,0.5|0,0.5|0,0.5|0,0.5|0,0.5|0,0.5|0,0.5|0,0.5|0,0.5|0,0.5|0,0.5|0,0.5|0,0.5|0,0.5|1,0.5|0,0|0,1
726bb6704ccdf247fc3ac4fc9802c17a15bed753,0.5|0,0|0,0|0,0|0,0.5|0,0.5|0,0.5|0,0.5|0,0.5|0,0.5|0,0.5|0,0.5|0,0.5|0,0.5|0,0.5|0,0.5|0,0.5|0,0.5|0,0.5|0,0.5|0,0.5|0,0.5|0,0.5|0,0|0,0.5|0,0.5|0,0.5|0,0|0,0.5|0,0.5|0,0.5|0,0.5|0,0.5|0,0.5|0,0.5|0,0.5|0,0.5|0,0.5|0,0.5|0,0.5|0,0.5|0,0.5|0,0.5|0,0.5|1,0.5|0,0|0,1
a081a5578b05e2fe40b20838b80047f7540a40ad,0.5|0,0|0,0|0,0|0,0.5|0,0.5|0,0.5|0,0.5|0,0.5|0,0.5|0,0.5|0,0.5|0,0.5|0,0.5|0,0.5|0,0.5|0,0.5|0,0.5|0,0.5|0,0.5|0,0.5|0,0.5|0,0.5|0,0|0,0.5|0,0.5|0,0.5|0,0|0,0.5|0,0.5|0,0.5|0,0.5|0,0.5|0,0.5|0,0.5|0,0.5|0,0.5|0,0.5|0,0.5|0,0.5|0,0.5|0,0.5|0,0.5|0,0.5|1,0.5|0,0|0,1
69c89f9061967372d00269e258c8fb2be14e9dba,0.5|0,0|0,0|0,0|0,0.5|0,0.5|0,0.5|0,0.5|0,0.5|0,0.5|0,0.5|0,0.5|0,0.5|0,0.5|0,0.5|0,0.5|0,0.5|0,0.5|0,0.5|0,0.5|0,0.5|0,0.5|0,0.5|0,0|0,0.5|0,0.5|0,0.5|0,0|0,0.5|0,0.5|0,0.5|0,0.5|0,0.5|0,0.5|0,0.5|0,0.5|0,0.5|0,0.5|0,0.5|0,0.5|0,0.5|0,0.5|0,0.5|0,0.5|1,0.5|0,0|0,1
bfab402e05a033036b80b932cc1aa25c23303781,0.5|0,0|0,0|0,0|0,0.5|0,0.5|0,0.5|0,0.5|0,0.5|0,0.5|0,0.5|0,0.5|0,0.5|0,0.5|0,0.5|0,0.5|0,0.5|0,0.5|0,0.5|0,0.5|0,0.5|0,0.5|0,0.5|0,0|0,0.5|0,0.5|0,0.5|0,0|0,0.5|0,0.5|0,0.5|0,0.5|0,0.5|0,0.5|0,0.5|0,0.5|0,0.5|0,0.5|0,0.5|0,0.5|0,0.5|0,0.5|0,0.5|0,0.5|1,0.5|0,0|0,1
26b1899d9274b07b04032468e33a14a36756a63f,0.5|0,0|0,0|0,0|0,0.5|0,0.5|0,0.5|0,0.5|0,0.5|0,0.5|0,0.5|0,0.5|0,0.5|0,0.5|0,0.5|0,0.5|0,0.5|0,0.5|0,0.5|0,0.5|0,0.5|0,0.5|0,0.5|0,0|0,0.5|0,0.5|0,0.5|0,0|0,0.5|0,0.5|0,0.5|0,0.5|0,0.5|0,0.5|0,0.5|0,0.5|0,0.5|0,0.5|0,0.5|0,0.5|0,0.5|0,0.5|0,0.5|0,0.5|1,0.5|0,0|0,1
8972b74fd072286bf7ada214e96a50445b69abaf,0.5|0,0|0,0|0,0|0,0.5|0,0.5|0,0.5|0,0.5|0,0.5|0,0.5|0,0.5|0,0.5|0,0.5|0,0.5|0,0.5|0,0.5|0,0.5|0,0.5|0,0.5|0,0.5|0,0.5|0,0.5|0,0.5|0,0|0,0.5|0,0.5|0,0.5|0,0|0,0.5|0,0.5|0,0.5|0,0.5|0,0.5|0,0.5|0,0.5|0,0.5|0,0.5|0,0.5|0,0.5|0,0.5|0,0.5|0,0.5|0,0.5|0,0.5|1,0.5|0,0|0,1
623b7e236f52af5447beae39f97f2fd0feaf65e2,0.5|0,0|0,0|0,0|0,0.5|0,0.5|0,0.5|0,0.5|0,0.5|0,0.5|0,0.5|0,0.5|0,0.5|0,0.5|0,0.5|0,0.5|0,0.5|0,0.5|0,0.5|0,0.5|0,0.5|0,0.5|0,0.5|0,0|0,0.5|0,0.5|0,0.5|0,0|0,0.5|0,0.5|0,0.5|0,0.5|0,0.5|0,0.5|0,0.5|0,0.5|0,0.5|0,0.5|0,0.5|0,0.5|0,0.5|0,0.5|0,0.5|0,0.5|1,0.5|0,0|0,1
4df60a888b374e4b41298d0d63f98fcaff05786d,0.5|0,0|0,0|0,0|0,0.5|0,0.5|0,0.5|0,0.5|0,0.5|0,0.5|0,0.5|0,0.5|0,0.5|0,0.5|0,0.5|0,0.5|0,0.5|0,0.5|0,0.5|0,0.5|0,0.5|0,0.5|0,0.5|0,0|0,0.5|0,0.5|0,0.5|0,0|0,0.5|0,0.5|0,0.5|0,0.5|0,0.5|0,0.5|0,0.5|0,0.5|0,0.5|0,0.5|0,0.5|0,0.5|0,0.5|0,0.5|0,0.5|0,0.5|1,0.5|0,0|0,1
45323e3bf8a0fc56fd5f74c12f78e2f27429e701,0.5|0,0|0,0|0,0|0,0.5|0,0.5|0,0.5|0,0.5|0,0.5|0,0.5|0,0.5|0,0.5|0,0.5|0,0.5|0,0.5|0,0.5|0,0.5|0,0.5|0,0.5|0,0.5|0,0.5|0,0.5|0,0.5|0,0|0,0.5|0,0.5|0,0.5|0,0|0,0.5|0,0.5|0,0.5|0,0.5|0,0.5|0,0.5|0,0.5|0,0.5|0,0.5|0,0.5|0,0.5|0,0.5|0,0.5|0,0.5|0,0.5|0,0.5|1,0.5|0,0|0,1
7629b94a2671611b302a7d95a5392f78c6729f77,0.5|0,0|0,0|0,0|0,0.5|0,0.5|0,0.5|0,0.5|0,0.5|0,0.5|0,0.5|0,0.5|0,0.5|0,0.5|0,0.5|0,0.5|0,0.5|0,0.5|0,0.5|0,0.5|0,0.5|0,0.5|0,0.5|0,0|0,0.5|0,0.5|0,0.5|0,0|0,0.5|0,0.5|0,0.5|0,0.5|0,0.5|0,0.5|0,0.5|0,0.5|0,0.5|0,0.5|0,0.5|0,0.5|0,0.5|0,0.5|0,0.5|0,0.5|1,0.5|0,0|0,1
6cb16311324c3af7acb8edc0d4d0243642c95d25,0.5|0,0|0,0|0,0|0,0.5|0,0.5|0,0.5|0,0.5|0,0.5|0,0.5|0,0.5|0,0.5|0,0.5|0,0.5|0,0.5|0,0.5|0,0.5|0,0.5|0,0.5|0,0.5|0,0.5|0,0.5|0,0.5|0,0|0,0.5|0,0.5|0,0.5|0,0|0,0.5|0,0.5|0,0.5|0,0.5|0,0.5|0,0.5|0,0.5|0,0.5|0,0.5|0,0.5|0,0.5|0,0.5|0,0.5|0,0.5|0,0.5|0,0.5|1,0.5|0,0|0,1
5475625c463a0c9066986db3263fba4f076ea69c,0.5|0,0|0,0|0,0|0,0.5|0,0.5|0,0.5|0,0.5|0,0.5|0,0.5|0,0.5|0,0.5|0,0.5|0,0.5|0,0.5|0,0.5|0,0.5|0,0.5|0,0.5|0,0.5|0,0.5|0,0.5|0,0.5|0,0|0,0.5|0,0.5|0,0.5|0,0|0,0.5|0,0.5|0,0.5|0,0.5|0,0.5|0,0.5|0,0.5|0,0.5|0,0.5|0,0.5|0,0.5|0,0.5|0,0.5|0,0.5|0,0.5|0,0.5|1,0.5|0,0|0,1
55fa92490af593358a0b13ad1708ee9b14eec128,0|0,0|0,0|0,0|0,0|0,0|0,0|0,0|0,0|0,0|0,0|0,0|0,0|0,0|0,0|0,0|0,0|0,0|0,0|0,0|0,0|0,0|0,0|0,0|0,0|0,0|0,0|0,0|0,0|0,0|0,0|0,0|0,0|0,0|0,0|0,0|0,0|0,0|0,0|0,0|0,0|0,0|0,0|0,0|1,0|0,0|0,1
0f42e7ee2b423f5d0d018fc55a536d010205ea15,0.5|0,0|0,0|0,0|0,0.5|0,0.5|0,0.5|0,0.5|0,0.5|0,0.5|0,0.5|0,0.5|0,0.5|0,0.5|0,0.5|0,0.5|0,0.5|0,0.5|0,0.5|0,0.5|0,0.5|0,0.5|0,0.5|0,0|0,0.5|0,0.5|0,0.5|0,0|0,0.5|0,0.5|0,0.5|0,0.5|0,0.5|0,0.5|0,0.5|0,0.5|0,0.5|0,0.5|0,0.5|0,0.5|0,0.5|0,0.5|0,0.5|0,0.5|1,0.5|0,0|0,1
b2ae7fc5976fe0a8e3a9e51c0e8a8ecd52b31e1a,0.5|0,0|0,0|0,0|0,0.5|0,0.5|0,0.5|0,0.5|0,0.5|0,0.5|0,0.5|0,0.5|0,0.5|0,0.5|0,0.5|0,0.5|0,0.5|0,0.5|0,0.5|0,0.5|0,0.5|0,0.5|0,0.5|0,0|0,0.5|0,0.5|0,0.5|0,0|0,0.5|0,0.5|0,0.5|0,0.5|0,0.5|0,0.5|0,0.5|0,0.5|0,0.5|0,0.5|0,0.5|0,0.5|0,0.5|0,0.5|0,0.5|0,0.5|1,0.5|0,0|0,1
f488a2840721853b0a97992f2399c25b38f11211,0.5|0,0|0,0|0,0|0,0.5|0,0.5|0,0.5|0,0.5|0,0.5|0,0.5|0,0.5|0,0.5|0,0.5|0,0.5|0,0.5|0,0.5|0,0.5|0,0.5|0,0.5|0,0.5|0,0.5|0,0.5|0,0.5|0,0|0,0.5|0,0.5|0,0.5|0,0|0,0.5|0,0.5|0,0.5|0,0.5|0,0.5|0,0.5|0,0.5|0,0.5|0,0.5|0,0.5|0,0.5|0,0.5|0,0.5|0,0.5|0,0.5|0,0.5|1,0.5|0,0|0,1
89316ab4c0df6222125da1f8fa95bf1ee3a0d974,0.5|0,0|0,0|0,0|0,0.5|0,0.5|0,0.5|0,0.5|0,0.5|0,0.5|0,0.5|0,0.5|0,0.5|0,0.5|0,0.5|0,0.5|0,0.5|0,0.5|0,0.5|0,0.5|0,0.5|0,0.5|0,0.5|0,0|0,0.5|0,0.5|0,0.5|0,0|0,0.5|0,0.5|0,0.5|0,0.5|0,0.5|0,0.5|0,0.5|0,0.5|0,0.5|0,0.5|0,0.5|0,0.5|0,0.5|0,0.5|0,0.5|0,0.5|1,0.5|0,0|0,1
a01499ae5448c932ebde6c412c316c15e922787c,0.5|0,0|0,0|0,0|0,0.5|0,0.5|0,0.5|0,0.5|0,0.5|0,0.5|0,0.5|0,0.5|0,0.5|0,0.5|0,0.5|0,0.5|0,0.5|0,0.5|0,0.5|0,0.5|0,0.5|0,0.5|0,0.5|0,0|0,0.5|0,0.5|0,0.5|0,0|0,0.5|0,0.5|0,0.5|0,0.5|0,0.5|0,0.5|0,0.5|0,0.5|0,0.5|0,0.5|0,0.5|0,0.5|0,0.5|0,0.5|0,0.5|0,0.5|1,0.5|0,0|0,1
a282202631f94cc97c377c2c7461ba0bdc495468,0.5|0,0|0,0|0,0|0,0.5|0,0.5|0,0.5|0,0.5|0,0.5|0,0.5|0,0.5|0,0.5|0,0.5|0,0.5|0,0.5|0,0.5|0,0.5|0,0.5|0,0.5|0,0.5|0,0.5|0,0.5|0,0.5|0,0|0,0.5|0,0.5|0,0.5|0,0|0,0.5|0,0.5|0,0.5|0,0.5|0,0.5|0,0.5|0,0.5|0,0.5|0,0.5|0,0.5|0,0.5|0,0.5|0,0.5|0,0.5|0,0.5|0,0.5|1,0.5|0,0|0,1
ab3e07335409f5c0710cdffbbf7091578f18f128,0.5|0,0|0,0|0,0|0,0.5|0,0.5|0,0.5|0,0.5|0,0.5|0,0.5|0,0.5|0,0.5|0,0.5|0,0.5|0,0.5|0,0.5|0,0.5|0,0.5|0,0.5|0,0.5|0,0.5|0,0.5|0,0.5|0,0|0,0.5|0,0.5|0,0.5|0,0|0,0.5|0,0.5|0,0.5|0,0.5|0,0.5|0,0.5|0,0.5|0,0.5|0,0.5|0,0.5|0,0.5|0,0.5|0,0.5|0,0.5|0,0.5|0,0.5|1,0.5|0,0|0,1
b9348e9d6e0e754c4b17661c643ca258f1540ca1,0.5|0,0|0,0|0,0|0,0.5|0,0.5|0,0.5|0,0.5|0,0.5|0,0.5|0,0.5|0,0.5|0,0.5|0,0.5|0,0.5|0,0.5|0,0.5|0,0.5|0,0.5|0,0.5|0,0.5|0,0.5|0,0.5|0,0|0,0.5|0,0.5|0,0.5|0,0|0,0.5|0,0.5|0,0.5|0,0.5|0,0.5|0,0.5|0,0.5|0,0.5|0,0.5|0,0.5|0,0.5|0,0.5|0,0.5|0,0.5|0,0.5|0,0.5|1,0.5|0,0|0,1
2e5edd2cc956b420f6b9e2a2ffec7d435694a69a,0|0,0|0,0|0,0|0,0|0,0|0,0|0,0|0,0|0,0|0,0|0,0|0,0|0,0|0,0|0,0|0,0|0,0|0,0|0,0|0,0|0,0|0,0|0,0|0,0|0,0|0,0|0,0|0,0|0,0|0,0|0,0|0,0|0,0|0,0|0,0|0,0|0,0|0,0|0,0|0,0|0,0|0,0|0,0|1,0|0,0|0,1
7bdb2796c3c478d99ffd1bb97e74bfa1766f58c0,0|0,0|0,0|0,0|0,0|0,0|0,0|0,0|0,0|0,0|0,0|0,0|0,0|0,0|0,0|0,0|0,0|0,0|0,0|0,0|0,0|0,0|0,0|0,0|0,0|0,0|0,0|0,0|0,0|0,0|0,0|0,0|0,0|0,0|0,0|0,0|0,0|0,0|0,0|0,0|0,0|0,0|0,0|0,0|1,0|0,0|0,1
785f80f9e776e68b5458576ef958499b208171a3,0.5|0,0|0,0|0,0|0,0.5|0,0.5|0,0.5|0,0.5|0,0.5|0,0.5|0,0.5|0,0.5|0,0.5|0,0.5|0,0.5|0,0.5|0,0.5|0,0.5|0,0.5|0,0.5|0,0.5|0,0.5|0,0.5|0,0|0,0.5|0,0.5|0,0.5|0,0|0,0.5|0,0.5|0,0.5|0,0.5|0,0.5|0,0.5|0,0.5|0,0.5|0,0.5|0,0.5|0,0.5|0,0.5|0,0.5|0,0.5|0,0.5|0,0.5|1,0.5|0,0|0,1
b53e4fc661377fe7f9cc135d46db2d5dd15060ab,0.5|0,0|0,0|0,0|0,0.5|0,0.5|0,0.5|0,0.5|0,0.5|0,0.5|0,0.5|0,0.5|0,0.5|0,0.5|0,0.5|0,0.5|0,0.5|0,0.5|0,0.5|0,0.5|0,0.5|0,0.5|0,0.5|0,0|0,0.5|0,0.5|0,0.5|0,0|0,0.5|0,0.5|0,0.5|0,0.5|0,0.5|0,0.5|0,0.5|0,0.5|0,0.5|0,0.5|0,0.5|0,0.5|0,0.5|0,0.5|0,0.5|0,0.5|1,0.5|0,0|0,1
3e74c95d19093d27431e33c072adaab6ca653e78,0.5|0,0|0,0|0,0|0,0.5|0,0.5|0,0.5|0,0.5|0,0.5|0,0.5|0,0.5|0,0.5|0,0.5|0,0.5|0,0.5|0,0.5|0,0.5|0,0.5|0,0.5|0,0.5|0,0.5|0,0.5|0,0.5|0,0|0,0.5|0,0.5|0,0.5|0,0|0,0.5|0,0.5|0,0.5|0,0.5|0,0.5|0,0.5|0,0.5|0,0.5|0,0.5|0,0.5|0,0.5|0,0.5|0,0.5|0,0.5|0,0.5|0,0.5|1,0.5|0,0|0,1
faaa5c5799440117f7a9cc78499433396dba7eb3,0.5|0,0|0,0|0,0|0,0.5|0,0.5|0,0.5|0,0.5|0,0.5|0,0.5|0,0.5|0,0.5|0,0.5|0,0.5|0,0.5|0,0.5|0,0.5|0,0.5|0,0.5|0,0.5|0,0.5|0,0.5|0,0.5|0,0|0,0.5|0,0.5|0,0.5|0,0|0,0.5|0,0.5|0,0.5|0,0.5|0,0.5|0,0.5|0,0.5|0,0.5|0,0.5|0,0.5|0,0.5|0,0.5|0,0.5|0,0.5|0,0.5|0,0.5|1,0.5|0,0|0,1
37a654e33fc03c2cd0c956e860b634b2ad7d5b60,0.5|0,0|0,0|0,0|0,0.5|0,0.5|0,0.5|0,0.5|0,0.5|0,0.5|0,0.5|0,0.5|0,0.5|0,0.5|0,0.5|0,0.5|0,0.5|0,0.5|0,0.5|0,0.5|0,0.5|0,0.5|0,0.5|0,0|0,0.5|0,0.5|0,0.5|0,0|0,0.5|0,0.5|0,0.5|0,0.5|0,0.5|0,0.5|0,0.5|0,0.5|0,0.5|0,0.5|0,0.5|0,0.5|0,0.5|0,0.5|0,0.5|0,0.5|1,0.5|0,0|0,1
3e04321eab515992ef2af96af916fa5155f07a7e,0.5|0,0|0,0|0,0|0,0.5|0,0.5|0,0.5|0,0.5|0,0.5|0,0.5|0,0.5|0,0.5|0,0.5|0,0.5|0,0.5|0,0.5|0,0.5|0,0.5|0,0.5|0,0.5|0,0.5|0,0.5|0,0.5|0,0|0,0.5|0,0.5|0,0.5|0,0|0,0.5|0,0.5|0,0.5|0,0.5|0,0.5|0,0.5|0,0.5|0,0.5|0,0.5|0,0.5|0,0.5|0,0.5|0,0.5|0,0.5|0,0.5|0,0.5|1,0.5|0,0|0,1
ec5efe5cf2f378d4d8037eca901eb12b07e6b061,0.5|0,0|0,0|0,0|0,0.5|0,0.5|0,0.5|0,0.5|0,0.5|0,0.5|0,0.5|0,0.5|0,0.5|0,0.5|0,0.5|0,0.5|0,0.5|0,0.5|0,0.5|0,0.5|0,0.5|0,0.5|0,0.5|0,0|0,0.5|0,0.5|0,0.5|0,0|0,0.5|0,0.5|0,0.5|0,0.5|0,0.5|0,0.5|0,0.5|0,0.5|0,0.5|0,0.5|0,0.5|0,0.5|0,0.5|0,0.5|0,0.5|0,0.5|1,0.5|0,0|0,1
57776d026d1b6161ace3ffb0275e2cf40aa47db5,0.5|0,0|0,0|0,0|0,0.5|0,0.5|0,0.5|0,0.5|0,0.5|0,0.5|0,0.5|0,0.5|0,0.5|0,0.5|0,0.5|0,0.5|0,0.5|0,0.5|0,0.5|0,0.5|0,0.5|0,0.5|0,0.5|0,0|0,0.5|0,0.5|0,0.5|0,0|0,0.5|0,0.5|0,0.5|0,0.5|0,0.5|0,0.5|0,0.5|0,0.5|0,0.5|0,0.5|0,0.5|0,0.5|0,0.5|0,0.5|0,0.5|0,0.5|1,0.5|0,0|0,1
ad9c5744f7018e148343790e0c3576671d88cb84,0.5|0,0|0,0|0,0|0,0.5|0,0.5|0,0.5|0,0.5|0,0.5|0,0.5|0,0.5|0,0.5|0,0.5|0,0.5|0,0.5|0,0.5|0,0.5|0,0.5|0,0.5|0,0.5|0,0.5|0,0.5|0,0.5|0,0|0,0.5|0,0.5|0,0.5|0,0|0,0.5|0,0.5|0,0.5|0,0.5|0,0.5|0,0.5|0,0.5|0,0.5|0,0.5|0,0.5|0,0.5|0,0.5|0,0.5|0,0.5|0,0.5|0,0.5|1,0.5|0,0|0,1
2b4061108215304c131aea314229719975c8f1d9,0.5|0,0|0,0|0,0|0,0.5|0,0.5|0,0.5|0,0.5|0,0.5|0,0.5|0,0.5|0,0.5|0,0.5|0,0.5|0,0.5|0,0.5|0,0.5|0,0.5|0,0.5|0,0.5|0,0.5|0,0.5|0,0.5|0,0|0,0.5|0,0.5|0,0.5|0,0|0,0.5|0,0.5|0,0.5|0,0.5|0,0.5|0,0.5|0,0.5|0,0.5|0,0.5|0,0.5|0,0.5|0,0.5|0,0.5|0,0.5|0,0.5|0,0.5|1,0.5|0,0|0,1
44d0d9454c5db4e7863ed0b83c94de08eb19e132,0.5|0,0|0,0|0,0|0,0.5|0,0.5|0,0.5|0,0.5|0,0.5|0,0.5|0,0.5|0,0.5|0,0.5|0,0.5|0,0.5|0,0.5|0,0.5|0,0.5|0,0.5|0,0.5|0,0.5|0,0.5|0,0.5|0,0|0,0.5|0,0.5|0,0.5|0,0|0,0.5|0,0.5|0,0.5|0,0.5|0,0.5|0,0.5|0,0.5|0,0.5|0,0.5|0,0.5|0,0.5|0,0.5|0,0.5|0,0.5|0,0.5|0,0.5|1,0.5|0,0|0,1
521d0ca7a0196889f5452a2e725f8e01ddf79efb,0.5|0,0|0,0|0,0|0,0.5|0,0.5|0,0.5|0,0.5|0,0.5|0,0.5|0,0.5|0,0.5|0,0.5|0,0.5|0,0.5|0,0.5|0,0.5|0,0.5|0,0.5|0,0.5|0,0.5|0,0.5|0,0.5|0,0|0,0.5|0,0.5|0,0.5|0,0|0,0.5|0,0.5|0,0.5|0,0.5|0,0.5|0,0.5|0,0.5|0,0.5|0,0.5|0,0.5|0,0.5|0,0.5|0,0.5|0,0.5|0,0.5|0,0.5|1,0.5|0,0|0,1
8299f5abab3aed58e7f85080f235c2767a87ac22,0.5|0,0|0,0|0,0|0,0.5|0,0.5|0,0.5|0,0.5|0,0.5|0,0.5|0,0.5|0,0.5|0,0.5|0,0.5|0,0.5|0,0.5|0,0.5|0,0.5|0,0.5|0,0.5|0,0.5|0,0.5|0,0.5|0,0|0,0.5|0,0.5|0,0.5|0,0|0,0.5|0,0.5|0,0.5|0,0.5|0,0.5|0,0.5|0,0.5|0,0.5|0,0.5|0,0.5|0,0.5|0,0.5|0,0.5|0,0.5|0,0.5|0,0.5|1,0.5|0,0|0,1
68ed870e4991d103485a90f5d132bafcf96ad6d4,0.5|0,0|0,0|0,0|0,0.5|0,0.5|0,0.5|0,0.5|0,0.5|0,0.5|0,0.5|0,0.5|0,0.5|0,0.5|0,0.5|0,0.5|0,0.5|0,0.5|0,0.5|0,0.5|0,0.5|0,0.5|0,0.5|0,0|0,0.5|0,0.5|0,0.5|0,0|0,0.5|0,0.5|0,0.5|0,0.5|0,0.5|0,0.5|0,0.5|0,0.5|0,0.5|0,0.5|0,0.5|0,0.5|0,0.5|0,0.5|0,0.5|0,0.5|1,0.5|0,0|0,1
2d7085a23e333a8a1c0e10cfc9b15b16ec057d96,0.5|0,0|0,0|0,0|0,0.5|0,0.5|0,0.5|0,0.5|0,0.5|0,0.5|0,0.5|0,0.5|0,0.5|0,0.5|0,0.5|0,0.5|0,0.5|0,0.5|0,0.5|0,0.5|0,0.5|0,0.5|0,0.5|0,0|0,0.5|0,0.5|0,0.5|0,0|0,0.5|0,0.5|0,0.5|0,0.5|0,0.5|0,0.5|0,0.5|0,0.5|0,0.5|0,0.5|0,0.5|0,0.5|0,0.5|0,0.5|0,0.5|0,0.5|1,0.5|0,0|0,1
ff14b369206c30711ed6fb74573ece0fee83c0df,0.5|0,0|0,0|0,0|0,0.5|0,0.5|0,0.5|0,0.5|0,0.5|0,0.5|0,0.5|0,0.5|0,0.5|0,0.5|0,0.5|0,0.5|0,0.5|0,0.5|0,0.5|0,0.5|0,0.5|0,0.5|0,0.5|0,0|0,0.5|0,0.5|0,0.5|0,0|0,0.5|0,0.5|0,0.5|0,0.5|0,0.5|0,0.5|0,0.5|0,0.5|0,0.5|0,0.5|0,0.5|0,0.5|0,0.5|0,0.5|0,0.5|0,0.5|1,0.5|0,0|0,1
6b6dad4fdb2e60cd2887f7d381bcab2387ba9507,0|0,0|0,0|0,0|0,0|0,0|0,0|0,0|0,0|0,0|0,0|0,0|0,0|0,0|0,0|0,0|0,0|0,0|0,0|0,0|0,0|0,0|0,0|0,0|0,0|0,0|0,0|0,0|0,0|0,0|0,0|0,0|0,0|0,0|0,0|0,0|0,0|0,0|0,0|0,0|0,0|0,0|0,0|0,0|1,0|0,0|0,1
97ce7293920646d3b8e052ef467d23f086baf982,0|0,0|0,0|0,0|0,0|0,0|0,0|0,0|0,0|0,0|0,0|0,0|0,0|0,0|0,0|0,0|0,0|0,0|0,0|0,0|0,0|0,0|0,0|0,0|0,0|0,0|0,0|0,0|0,0|0,0|0,0|0,0|0,0|0,0|0,0|0,0|0,0|0,0|0,0|0,0|0,0|0,0|0,0|0,0|1,0|0,0|0,1
afc4d9e34d61a45c5daeffcdcc187bc0b105ef3e,0|0,0|0,0|0,0|0,0|0,0|0,0|0,0|0,0|0,0|0,0|0,0|0,0|0,0|0,0|0,0|0,0|0,0|0,0|0,0|0,0|0,0|0,0|0,0|0,0|0,0|0,0|0,0|0,0|0,0|0,0|0,0|0,0|0,0|0,0|0,0|0,0|0,0|0,0|0,0|0,0|0,0|0,0|0,0|1,0|0,0|0,1
1c4ae434ab03e1178133ad697bde0e9caff9dd19,0|0,0|0,0|0,0|0,0|0,0|0,0|0,0|0,0|0,0|0,0|0,0|0,0|0,0|0,0|0,0|0,0|0,0|0,0|0,0|0,0|0,0|0,0|0,0|0,0|0,0|0,0|0,0|0,0|0,0|0,0|0,0|0,0|0,0|0,0|0,0|0,0|0,0|0,0|0,0|0,0|0,0|0,0|0,0|1,0|0,0|0,1
6a744d05443bdd0d079b2abc6c7408a625ebf20d,0|0,0|0,0|0,0|0,0|0,0|0,0|0,0|0,0|0,0|0,0|0,0|0,0|0,0|0,0|0,0|0,0|0,0|0,0|0,0|0,0|0,0|0,0|0,0|0,0|0,0|0,0|0,0|0,0|0,0|0,0|0,0|0,0|0,0|0,0|0,0|0,0|0,0|0,0|0,0|0,0|0,0|0,0|0,0|1,0|0,0|0,1
29d7344b3ec5dea29975e9b15ce23d4450ccd04f,0|0,0|0,0|0,0|0,0|0,0|0,0|0,0|0,0|0,0|0,0|0,0|0,0|0,0|0,0|0,0|0,0|0,0|0,0|0,0|0,0|0,0|0,0|0,0|0,0|0,0|0,0|0,0|0,0|0,0|0,0|0,0|0,0|0,0|0,0|0,0|0,0|0,0|0,0|0,0|0,0|0,0|0,0|0,0|1,0|0,0|0,1
b7355ef63c36a67728a5811c68454d2d5fee1a82,0|0,0|0,0|0,0|0,0|0,0|0,0|0,0|0,0|0,0|0,0|0,0|0,0|0,0|0,0|0,0|0,0|0,0|0,0|0,0|0,0|0,0|0,0|0,0|0,0|0,0|0,0|0,0|0,0|0,0|0,0|0,0|0,0|0,0|0,0|0,0|0,0|0,0|0,0|0,0|0,0|0,0|0,0|0,0|1,0|0,0|0,1
0ef0752c806335a023d369f4c35b80349e3223e8,0.5|0,0|0,0|0,0|0,0.5|0,0.5|0,0.5|0,0.5|0,0.5|0,0.5|0,0.5|0,0.5|0,0.5|0,0.5|0,0.5|0,0.5|0,0.5|0,0.5|0,0.5|0,0.5|0,0.5|0,0.5|0,0.5|0,0|0,0.5|0,0.5|0,0.5|0,0|0,0.5|0,0.5|0,0.5|0,0.5|0,0.5|0,0.5|0,0.5|0,0.5|0,0.5|0,0.5|0,0.5|0,0.5|0,0.5|0,0.5|0,0.5|0,0.5|1,0.5|0,0|0,1
cd438e255428616c42a1fd2cacd733748700566c,0.5|0,0|0,0|0,0|0,0.5|0,0.5|0,0.5|0,0.5|0,0.5|0,0.5|0,0.5|0,0.5|0,0.5|0,0.5|0,0.5|0,0.5|0,0.5|0,0.5|0,0.5|0,0.5|0,0.5|0,0.5|0,0.5|0,0|0,0.5|0,0.5|0,0.5|0,0|0,0.5|0,0.5|0,0.5|0,0.5|0,0.5|0,0.5|0,0.5|0,0.5|0,0.5|0,0.5|0,0.5|0,0.5|0,0.5|0,0.5|0,0.5|0,0.5|1,0.5|0,0|0,1
819291b7e42afca856ef1a3fa611ddd926da6549,0.5|0,0|0,0|0,0|0,0.5|0,0.5|0,0.5|0,0.5|0,0.5|0,0.5|0,0.5|0,0.5|0,0.5|0,0.5|0,0.5|0,0.5|0,0.5|0,0.5|0,0.5|0,0.5|0,0.5|0,0.5|0,0.5|0,0|0,0.5|0,0.5|0,0.5|0,0|0,0.5|0,0.5|0,0.5|0,0.5|0,0.5|0,0.5|0,0.5|0,0.5|0,0.5|0,0.5|0,0.5|0,0.5|0,0.5|0,0.5|0,0.5|0,0.5|1,0.5|0,0|0,1
0cc84e4fdd3057826355596fc2cc5a6c783048d5,0|0,0|0,0|0,0|0,0|0,0|0,0|0,0|0,0|0,0|0,0|0,0|0,0|0,0|0,0|0,0|0,0|0,0|0,0|0,0|0,0|0,0|0,0|0,0|0,0|0,0|0,0|0,0|0,0|0,0|0,0|0,0|0,0|0,0|0,0|0,0|0,0|0,0|0,0|0,0|0,0|0,0|0,0|0,0|1,0|0,0|0,1
188fadc50303e56a53ebd7afa4807c5d1b75fd86,0.5|0,0|0,0|0,0|0,0.5|0,0.5|0,0.5|0,0.5|0,0.5|0,0.5|0,0.5|0,0.5|0,0.5|0,0.5|0,0.5|0,0.5|0,0.5|0,0.5|0,0.5|0,0.5|0,0.5|0,0.5|0,0.5|0,0|0,0.5|0,0.5|0,0.5|0,0|0,0.5|0,0.5|0,0.5|0,0.5|0,0.5|0,0.5|0,0.5|0,0.5|0,0.5|0,0.5|0,0.5|0,0.5|0,0.5|0,0.5|0,0.5|0,0.5|1,0.5|0,0|0,1
e16b01c4c2d263750388854c5002536bbcaa904c,0.5|0,0|0,0|0,0|0,0.5|0,0.5|0,0.5|0,0.5|0,0.5|0,0.5|0,0.5|0,0.5|0,0.5|0,0.5|0,0.5|0,0.5|0,0.5|0,0.5|0,0.5|0,0.5|0,0.5|0,0.5|0,0.5|0,0|0,0.5|0,0.5|0,0.5|0,0|0,0.5|0,0.5|0,0.5|0,0.5|0,0.5|0,0.5|0,0.5|0,0.5|0,0.5|0,0.5|0,0.5|0,0.5|0,0.5|0,0.5|0,0.5|0,0.5|1,0.5|0,0|0,1
6dc4533c3cc0786c740f91cedab74e54623349b2,0.5|0,0|0,0|0,0|0,0.5|0,0.5|0,0.5|0,0.5|0,0.5|0,0.5|0,0.5|0,0.5|0,0.5|0,0.5|0,0.5|0,0.5|0,0.5|0,0.5|0,0.5|0,0.5|0,0.5|0,0.5|0,0.5|0,0|0,0.5|0,0.5|0,0.5|0,0|0,0.5|0,0.5|0,0.5|0,0.5|0,0.5|0,0.5|0,0.5|0,0.5|0,0.5|0,0.5|0,0.5|0,0.5|0,0.5|0,0.5|0,0.5|0,0.5|1,0.5|0,0|0,1
51556113a3bf6ef58a7a2744678da7b2d20e2888,0.5|0,0|0,0|0,0|0,0.5|0,0.5|0,0.5|0,0.5|0,0.5|0,0.5|0,0.5|0,0.5|0,0.5|0,0.5|0,0.5|0,0.5|0,0.5|0,0.5|0,0.5|0,0.5|0,0.5|0,0.5|0,0.5|0,0|0,0.5|0,0.5|0,0.5|0,0|0,0.5|0,0.5|0,0.5|0,0.5|0,0.5|0,0.5|0,0.5|0,0.5|0,0.5|0,0.5|0,0.5|0,0.5|0,0.5|0,0.5|0,0.5|0,0.5|1,0.5|0,0|0,1
9021e089010f545f5abc9ed8e2dc6cd698ccfec4,0.5|0,0|0,0|0,0|0,0.5|0,0.5|0,0.5|0,0.5|0,0.5|0,0.5|0,0.5|0,0.5|0,0.5|0,0.5|0,0.5|0,0.5|0,0.5|0,0.5|0,0.5|0,0.5|0,0.5|0,0.5|0,0.5|0,0|0,0.5|0,0.5|0,0.5|0,0|0,0.5|0,0.5|0,0.5|0,0.5|0,0.5|0,0.5|0,0.5|0,0.5|0,0.5|0,0.5|0,0.5|0,0.5|0,0.5|0,0.5|0,0.5|0,0.5|1,0.5|0,0|0,1
12a217d067c8bc012ea9e5ec32dd77f495f6011e,0.5|0,0|0,0|0,0|0,0.5|0,0.5|0,0.5|0,0.5|0,0.5|0,0.5|0,0.5|0,0.5|0,0.5|0,0.5|0,0.5|0,0.5|0,0.5|0,0.5|0,0.5|0,0.5|0,0.5|0,0.5|0,0.5|0,0|0,0.5|0,0.5|0,0.5|0,0|0,0.5|0,0.5|0,0.5|0,0.5|0,0.5|0,0.5|0,0.5|0,0.5|0,0.5|0,0.5|0,0.5|0,0.5|0,0.5|0,0.5|0,0.5|0,0.5|1,0.5|0,0|0,1
17cda52fc7d99cffd9a748efea87b9df10562f4b,0.5|0,0|0,0|0,0|0,0.5|0,0.5|0,0.5|0,0.5|0,0.5|0,0.5|0,0.5|0,0.5|0,0.5|0,0.5|0,0.5|0,0.5|0,0.5|0,0.5|0,0.5|0,0.5|0,0.5|0,0.5|0,0.5|0,0|0,0.5|0,0.5|0,0.5|0,0|0,0.5|0,0.5|0,0.5|0,0.5|0,0.5|0,0.5|0,0.5|0,0.5|0,0.5|0,0.5|0,0.5|0,0.5|0,0.5|0,0.5|0,0.5|0,0.5|1,0.5|0,0|0,1
5465eec56e89dd6f027105e797d94afc3f4fd323,0.5|0,0|0,0|0,0|0,0.5|0,0.5|0,0.5|0,0.5|0,0.5|0,0.5|0,0.5|0,0.5|0,0.5|0,0.5|0,0.5|0,0.5|0,0.5|0,0.5|0,0.5|0,0.5|0,0.5|0,0.5|0,0.5|0,0|0,0.5|0,0.5|0,0.5|0,0|0,0.5|0,0.5|0,0.5|0,0.5|0,0.5|0,0.5|0,0.5|0,0.5|0,0.5|0,0.5|0,0.5|0,0.5|0,0.5|0,0.5|0,0.5|0,0.5|1,0.5|0,0|0,1
14b076a58b08e6a5f355619493d4bc8a8d27c924,0.5|0,0|0,0|0,0|0,0.5|0,0.5|0,0.5|0,0.5|0,0.5|0,0.5|0,0.5|0,0.5|0,0.5|0,0.5|0,0.5|0,0.5|0,0.5|0,0.5|0,0.5|0,0.5|0,0.5|0,0.5|0,0.5|0,0|0,0.5|0,0.5|0,0.5|0,0|0,0.5|0,0.5|0,0.5|0,0.5|0,0.5|0,0.5|0,0.5|0,0.5|0,0.5|0,0.5|0,0.5|0,0.5|0,0.5|0,0.5|0,0.5|0,0.5|1,0.5|0,0|0,1
4e78d903e8799b5c34bebe0bc1906152d2649c07,0.5|0,0|0,0|0,0|0,0.5|0,0.5|0,0.5|0,0.5|0,0.5|0,0.5|0,0.5|0,0.5|0,0.5|0,0.5|0,0.5|0,0.5|0,0.5|0,0.5|0,0.5|0,0.5|0,0.5|0,0.5|0,0.5|0,0|0,0.5|0,0.5|0,0.5|0,0|0,0.5|0,0.5|0,0.5|0,0.5|0,0.5|0,0.5|0,0.5|0,0.5|0,0.5|0,0.5|0,0.5|0,0.5|0,0.5|0,0.5|0,0.5|0,0.5|1,0.5|0,0|0,1
ddbdae9947dbde7bd986b70bdf9ffa406f0906f3,0.5|0,0|0,0|0,0|0,0.5|0,0.5|0,0.5|0,0.5|0,0.5|0,0.5|0,0.5|0,0.5|0,0.5|0,0.5|0,0.5|0,0.5|0,0.5|0,0.5|0,0.5|0,0.5|0,0.5|0,0.5|0,0.5|0,0|0,0.5|0,0.5|0,0.5|0,0|0,0.5|0,0.5|0,0.5|0,0.5|0,0.5|0,0.5|0,0.5|0,0.5|0,0.5|0,0.5|0,0.5|0,0.5|0,0.5|0,0.5|0,0.5|0,0.5|1,0.5|0,0|0,1
7fcf54dd8489f77352798e23d0067fe256409b75,0.5|0,0|0,0|0,0|0,0.5|0,0.5|0,0.5|0,0.5|0,0.5|0,0.5|0,0.5|0,0.5|0,0.5|0,0.5|0,0.5|0,0.5|0,0.5|0,0.5|0,0.5|0,0.5|0,0.5|0,0.5|0,0.5|0,0|0,0.5|0,0.5|0,0.5|0,0|0,0.5|0,0.5|0,0.5|0,0.5|0,0.5|0,0.5|0,0.5|0,0.5|0,0.5|0,0.5|0,0.5|0,0.5|0,0.5|0,0.5|0,0.5|0,0.5|1,0.5|0,0|0,1
9c0e4c5450ed09b2a65d97dc27969979f5a2f48a,0.5|0,0|0,0|0,0|0,0.5|0,0.5|0,0.5|0,0.5|0,0.5|0,0.5|0,0.5|0,0.5|0,0.5|0,0.5|0,0.5|0,0.5|0,0.5|0,0.5|0,0.5|0,0.5|0,0.5|0,0.5|0,0.5|0,0|0,0.5|0,0.5|0,0.5|0,0|0,0.5|0,0.5|0,0.5|0,0.5|0,0.5|0,0.5|0,0.5|0,0.5|0,0.5|0,0.5|0,0.5|0,0.5|0,0.5|0,0.5|0,0.5|0,0.5|1,0.5|0,0|0,1
a55d8d95bcb935fea48a6da751bf7c94eed123cb,0.5|0,0|0,0|0,0|0,0.5|0,0.5|0,0.5|0,0.5|0,0.5|0,0.5|0,0.5|0,0.5|0,0.5|0,0.5|0,0.5|0,0.5|0,0.5|0,0.5|0,0.5|0,0.5|0,0.5|0,0.5|0,0.5|0,0|0,0.5|0,0.5|0,0.5|0,0|0,0.5|0,0.5|0,0.5|0,0.5|0,0.5|0,0.5|0,0.5|0,0.5|0,0.5|0,0.5|0,0.5|0,0.5|0,0.5|0,0.5|0,0.5|0,0.5|1,0.5|0,0|0,1
3b1286ab03b0c9223ac208a01868d8c1f6c0ae00,0.5|0,0|0,0|0,0|0,0.5|0,0.5|0,0.5|0,0.5|0,0.5|0,0.5|0,0.5|0,0.5|0,0.5|0,0.5|0,0.5|0,0.5|0,0.5|0,0.5|0,0.5|0,0.5|0,0.5|0,0.5|0,0.5|0,0|0,0.5|0,0.5|0,0.5|0,0|0,0.5|0,0.5|0,0.5|0,0.5|0,0.5|0,0.5|0,0.5|0,0.5|0,0.5|0,0.5|0,0.5|0,0.5|0,0.5|0,0.5|0,0.5|0,0.5|1,0.5|0,0|0,1
551941ea4dd52b616efa75b875ceeb4fc807b063,0.5|0,0|0,0|0,0|0,0.5|0,0.5|0,0.5|0,0.5|0,0.5|0,0.5|0,0.5|0,0.5|0,0.5|0,0.5|0,0.5|0,0.5|0,0.5|0,0.5|0,0.5|0,0.5|0,0.5|0,0.5|0,0.5|0,0|0,0.5|0,0.5|0,0.5|0,0|0,0.5|0,0.5|0,0.5|0,0.5|0,0.5|0,0.5|0,0.5|0,0.5|0,0.5|0,0.5|0,0.5|0,0.5|0,0.5|0,0.5|0,0.5|0,0.5|1,0.5|0,0|0,1
dba105291cd02a32834458b76cd4cbaf847b478e,0.5|0,0|0,0|0,0|0,0.5|0,0.5|0,0.5|0,0.5|0,0.5|0,0.5|0,0.5|0,0.5|0,0.5|0,0.5|0,0.5|0,0.5|0,0.5|0,0.5|0,0.5|0,0.5|0,0.5|0,0.5|0,0.5|0,0|0,0.5|0,0.5|0,0.5|0,0|0,0.5|0,0.5|0,0.5|0,0.5|0,0.5|0,0.5|0,0.5|0,0.5|0,0.5|0,0.5|0,0.5|0,0.5|0,0.5|0,0.5|0,0.5|0,0.5|1,0.5|0,0|0,1
0fb30c857d3f54546e8de61cd5234c2860474369,0.5|0,0|0,0|0,0|0,0.5|0,0.5|0,0.5|0,0.5|0,0.5|0,0.5|0,0.5|0,0.5|0,0.5|0,0.5|0,0.5|0,0.5|0,0.5|0,0.5|0,0.5|0,0.5|0,0.5|0,0.5|0,0.5|0,0|0,0.5|0,0.5|0,0.5|0,0|0,0.5|0,0.5|0,0.5|0,0.5|0,0.5|0,0.5|0,0.5|0,0.5|0,0.5|0,0.5|0,0.5|0,0.5|0,0.5|0,0.5|0,0.5|0,0.5|1,0.5|0,0|0,1
f5d903caadb00b3e2f68c74cf9da7a19cf4545f7,0.5|0,0|0,0|0,0|0,0.5|0,0.5|0,0.5|0,0.5|0,0.5|0,0.5|0,0.5|0,0.5|0,0.5|0,0.5|0,0.5|0,0.5|0,0.5|0,0.5|0,0.5|0,0.5|0,0.5|0,0.5|0,0.5|0,0|0,0.5|0,0.5|0,0.5|0,0|0,0.5|0,0.5|0,0.5|0,0.5|0,0.5|0,0.5|0,0.5|0,0.5|0,0.5|0,0.5|0,0.5|0,0.5|0,0.5|0,0.5|0,0.5|0,0.5|1,0.5|0,0|0,1
4481ecd4c0fd896618d3a89abcc3c0bf74f2819f,0.5|0,0|0,0|0,0|0,0.5|0,0.5|0,0.5|0,0.5|0,0.5|0,0.5|0,0.5|0,0.5|0,0.5|0,0.5|0,0.5|0,0.5|0,0.5|0,0.5|0,0.5|0,0.5|0,0.5|0,0.5|0,0.5|0,0|0,0.5|0,0.5|0,0.5|0,0|0,0.5|0,0.5|0,0.5|0,0.5|0,0.5|0,0.5|0,0.5|0,0.5|0,0.5|0,0.5|0,0.5|0,0.5|0,0.5|0,0.5|0,0.5|0,0.5|1,0.5|0,0|0,1
80487fe9dfe5c4bfa8f535015b31e6933034188b,0.5|0,0|0,0|0,0|0,0.5|0,0.5|0,0.5|0,0.5|0,0.5|0,0.5|0,0.5|0,0.5|0,0.5|0,0.5|0,0.5|0,0.5|0,0.5|0,0.5|0,0.5|0,0.5|0,0.5|0,0.5|0,0.5|0,0|0,0.5|0,0.5|0,0.5|0,0|0,0.5|0,0.5|0,0.5|0,0.5|0,0.5|0,0.5|0,0.5|0,0.5|0,0.5|0,0.5|0,0.5|0,0.5|0,0.5|0,0.5|0,0.5|0,0.5|1,0.5|0,0|0,1
1bc204360a0151ee66f59498a964b95efc180cfd,0.5|0,0|0,0|0,0|0,0.5|0,0.5|0,0.5|0,0.5|0,0.5|0,0.5|0,0.5|0,0.5|0,0.5|0,0.5|0,0.5|0,0.5|0,0.5|0,0.5|0,0.5|0,0.5|0,0.5|0,0.5|0,0.5|0,0|0,0.5|0,0.5|0,0.5|0,0|0,0.5|0,0.5|0,0.5|0,0.5|0,0.5|0,0.5|0,0.5|0,0.5|0,0.5|0,0.5|0,0.5|0,0.5|0,0.5|0,0.5|0,0.5|0,0.5|1,0.5|0,0|0,1
14c060bfa02b88c454a3a3ad2f42691358c11585,0.5|0,0|0,0|0,0|0,0.5|0,0.5|0,0.5|0,0.5|0,0.5|0,0.5|0,0.5|0,0.5|0,0.5|0,0.5|0,0.5|0,0.5|0,0.5|0,0.5|0,0.5|0,0.5|0,0.5|0,0.5|0,0.5|0,0|0,0.5|0,0.5|0,0.5|0,0|0,0.5|0,0.5|0,0.5|0,0.5|0,0.5|0,0.5|0,0.5|0,0.5|0,0.5|0,0.5|0,0.5|0,0.5|0,0.5|0,0.5|0,0.5|0,0.5|1,0.5|0,0|0,1
925bd2f4823ead724d06edb9cfb2c42fe469f0cb,0.5|0,0|0,0|0,0|0,0.5|0,0.5|0,0.5|0,0.5|0,0.5|0,0.5|0,0.5|0,0.5|0,0.5|0,0.5|0,0.5|0,0.5|0,0.5|0,0.5|0,0.5|0,0.5|0,0.5|0,0.5|0,0.5|0,0|0,0.5|0,0.5|0,0.5|0,0|0,0.5|0,0.5|0,0.5|0,0.5|0,0.5|0,0.5|0,0.5|0,0.5|0,0.5|0,0.5|0,0.5|0,0.5|0,0.5|0,0.5|0,0.5|0,0.5|1,0.5|0,0|0,1
d5236c0aafe0b9622da752147ff4fbafd52e7582,0.5|0,0|0,0|0,0|0,0.5|0,0.5|0,0.5|0,0.5|0,0.5|0,0.5|0,0.5|0,0.5|0,0.5|0,0.5|0,0.5|0,0.5|0,0.5|0,0.5|0,0.5|0,0.5|0,0.5|0,0.5|0,0.5|0,0|0,0.5|0,0.5|0,0.5|0,0|0,0.5|0,0.5|0,0.5|0,0.5|0,0.5|0,0.5|0,0.5|0,0.5|0,0.5|0,0.5|0,0.5|0,0.5|0,0.5|0,0.5|0,0.5|0,0.5|1,0.5|0,0|0,1
fecc378e0426cbad42da636bb075dadb3fb24e61,0.5|0,0|0,0|0,0|0,0.5|0,0.5|0,0.5|0,0.5|0,0.5|0,0.5|0,0.5|0,0.5|0,0.5|0,0.5|0,0.5|0,0.5|0,0.5|0,0.5|0,0.5|0,0.5|0,0.5|0,0.5|0,0.5|0,0|0,0.5|0,0.5|0,0.5|0,0|0,0.5|0,0.5|0,0.5|0,0.5|0,0.5|0,0.5|0,0.5|0,0.5|0,0.5|0,0.5|0,0.5|0,0.5|0,0.5|0,0.5|0,0.5|0,0.5|1,0.5|0,0|0,1
ecd3c734d00671a4fe5ac1713422dae55f2bad2f,0.5|0,0|0,0|0,0|0,0.5|0,0.5|0,0.5|0,0.5|0,0.5|0,0.5|0,0.5|0,0.5|0,0.5|0,0.5|0,0.5|0,0.5|0,0.5|0,0.5|0,0.5|0,0.5|0,0.5|0,0.5|0,0.5|0,0|0,0.5|0,0.5|0,0.5|0,0|0,0.5|0,0.5|0,0.5|0,0.5|0,0.5|0,0.5|0,0.5|0,0.5|0,0.5|0,0.5|0,0.5|0,0.5|0,0.5|0,0.5|0,0.5|0,0.5|1,0.5|0,0|0,1
7abe7c50ba3baa39071adf80f8a4cd567aed06ac,0.5|0,0|0,0|0,0|0,0.5|0,0.5|0,0.5|0,0.5|0,0.5|0,0.5|0,0.5|0,0.5|0,0.5|0,0.5|0,0.5|0,0.5|0,0.5|0,0.5|0,0.5|0,0.5|0,0.5|0,0.5|0,0.5|0,0|0,0.5|0,0.5|0,0.5|0,0|0,0.5|0,0.5|0,0.5|0,0.5|0,0.5|0,0.5|0,0.5|0,0.5|0,0.5|0,0.5|0,0.5|0,0.5|0,0.5|0,0.5|0,0.5|0,0.5|1,0.5|0,0|0,1
dc125dc2a8a3aebd9accfd2deaae7dbecb5aae5a,0.5|0,0|0,0|0,0|0,0.5|0,0.5|0,0.5|0,0.5|0,0.5|0,0.5|0,0.5|0,0.5|0,0.5|0,0.5|0,0.5|0,0.5|0,0.5|0,0.5|0,0.5|0,0.5|0,0.5|0,0.5|0,0.5|0,0|0,0.5|0,0.5|0,0.5|0,0|0,0.5|0,0.5|0,0.5|0,0.5|0,0.5|0,0.5|0,0.5|0,0.5|0,0.5|0,0.5|0,0.5|0,0.5|0,0.5|0,0.5|0,0.5|0,0.5|1,0.5|0,0|0,1
9da99075aa174a7ecfc00fb9a18d32d3056d8db3,0.5|0,0|0,0|0,0|0,0.5|0,0.5|0,0.5|0,0.5|0,0.5|0,0.5|0,0.5|0,0.5|0,0.5|0,0.5|0,0.5|0,0.5|0,0.5|0,0.5|0,0.5|0,0.5|0,0.5|0,0.5|0,0.5|0,0|0,0.5|0,0.5|0,0.5|0,0|0,0.5|0,0.5|0,0.5|0,0.5|0,0.5|0,0.5|0,0.5|0,0.5|0,0.5|0,0.5|0,0.5|0,0.5|0,0.5|0,0.5|0,0.5|0,0.5|1,0.5|0,0|0,1
ed479e5baddef189021678f62ac3bb679bf53f67,0.5|0,0|0,0|0,0|0,0.5|0,0.5|0,0.5|0,0.5|0,0.5|0,0.5|0,0.5|0,0.5|0,0.5|0,0.5|0,0.5|0,0.5|0,0.5|0,0.5|0,0.5|0,0.5|0,0.5|0,0.5|0,0.5|0,0|0,0.5|0,0.5|0,0.5|0,0|0,0.5|0,0.5|0,0.5|0,0.5|0,0.5|0,0.5|0,0.5|0,0.5|0,0.5|0,0.5|0,0.5|0,0.5|0,0.5|0,0.5|0,0.5|0,0.5|1,0.5|0,0|0,1
0d4c1e9179d03ee099a943f8420c54174c976da7,0.5|0,0|0,0|0,0|0,0.5|0,0.5|0,0.5|0,0.5|0,0.5|0,0.5|0,0.5|0,0.5|0,0.5|0,0.5|0,0.5|0,0.5|0,0.5|0,0.5|0,0.5|0,0.5|0,0.5|0,0.5|0,0.5|0,0|0,0.5|0,0.5|0,0.5|0,0|0,0.5|0,0.5|0,0.5|0,0.5|0,0.5|0,0.5|0,0.5|0,0.5|0,0.5|0,0.5|0,0.5|0,0.5|0,0.5|0,0.5|0,0.5|0,0.5|1,0.5|0,0|0,1
a97a130e59d635c5acfccf6049499d201dc90ba3,0.5|0,0|0,0|0,0|0,0.5|0,0.5|0,0.5|0,0.5|0,0.5|0,0.5|0,0.5|0,0.5|0,0.5|0,0.5|0,0.5|0,0.5|0,0.5|0,0.5|0,0.5|0,0.5|0,0.5|0,0.5|0,0.5|0,0|0,0.5|0,0.5|0,0.5|0,0|0,0.5|0,0.5|0,0.5|0,0.5|0,0.5|0,0.5|0,0.5|0,0.5|0,0.5|0,0.5|0,0.5|0,0.5|0,0.5|0,0.5|0,0.5|0,0.5|1,0.5|0,0|0,1
8ad34b381ca5d352dc4f877f93bc0f7625d8b28c,0.5|0,0|0,0|0,0|0,0.5|0,0.5|0,0.5|0,0.5|0,0.5|0,0.5|0,0.5|0,0.5|0,0.5|0,0.5|0,0.5|0,0.5|0,0.5|0,0.5|0,0.5|0,0.5|0,0.5|0,0.5|0,0.5|0,0|0,0.5|0,0.5|0,0.5|0,0|0,0.5|0,0.5|0,0.5|0,0.5|0,0.5|0,0.5|0,0.5|0,0.5|0,0.5|0,0.5|0,0.5|0,0.5|0,0.5|0,0.5|0,0.5|0,0.5|1,0.5|0,0|0,1
9009d207d85fd94bf71a9725b9c7fa9ec64803e2,0.5|0,0|0,0|0,0|0,0.5|0,0.5|0,0.5|0,0.5|0,0.5|0,0.5|0,0.5|0,0.5|0,0.5|0,0.5|0,0.5|0,0.5|0,0.5|0,0.5|0,0.5|0,0.5|0,0.5|0,0.5|0,0.5|0,0|0,0.5|0,0.5|0,0.5|0,0|0,0.5|0,0.5|0,0.5|0,0.5|0,0.5|0,0.5|0,0.5|0,0.5|0,0.5|0,0.5|0,0.5|0,0.5|0,0.5|0,0.5|0,0.5|0,0.5|1,0.5|0,0|0,1
bcc1874e581de9d59514248a27f525cb56a0ec31,0.5|0,0|0,0|0,0|0,0.5|0,0.5|0,0.5|0,0.5|0,0.5|0,0.5|0,0.5|0,0.5|0,0.5|0,0.5|0,0.5|0,0.5|0,0.5|0,0.5|0,0.5|0,0.5|0,0.5|0,0.5|0,0.5|0,0|0,0.5|0,0.5|0,0.5|0,0|0,0.5|0,0.5|0,0.5|0,0.5|0,0.5|0,0.5|0,0.5|0,0.5|0,0.5|0,0.5|0,0.5|0,0.5|0,0.5|0,0.5|0,0.5|0,0.5|1,0.5|0,0|0,1
412ca8700fc53da705c6aa386c736a400279a614,0|0,0|0,0|0,0|0,0|0,0|0,0|0,0|0,0|0,0|0,0|0,0|0,0|0,0|0,0|0,0|0,0|0,0|0,0|0,0|0,0|0,0|0,0|0,0|0,0|0,0|0,0|0,0|0,0|0,0|0,0|0,0|0,0|0,0|0,0|0,0|0,0|0,0|0,0|0,0|0,0|0,0|0,0|0,0|1,0|0,0|0,1
21c968f41459fb2d7125efbdd679e7d53799d966,0.5|0,0|0,0|0,0|0,0.5|0,0.5|0,0.5|0,0.5|0,0.5|0,0.5|0,0.5|0,0.5|0,0.5|0,0.5|0,0.5|0,0.5|0,0.5|0,0.5|0,0.5|0,0.5|0,0.5|0,0.5|0,0.5|0,0|0,0.5|0,0.5|0,0.5|0,0|0,0.5|0,0.5|0,0.5|0,0.5|0,0.5|0,0.5|0,0.5|0,0.5|0,0.5|0,0.5|0,0.5|0,0.5|0,0.5|0,0.5|0,0.5|0,0.5|1,0.5|0,0|0,1
a903932155a252f150da1d16552d1f2bbf67a9aa,0.5|0,0|0,0|0,0|0,0.5|0,0.5|0,0.5|0,0.5|0,0.5|0,0.5|0,0.5|0,0.5|0,0.5|0,0.5|0,0.5|0,0.5|0,0.5|0,0.5|0,0.5|0,0.5|0,0.5|0,0.5|0,0.5|0,0|0,0.5|0,0.5|0,0.5|0,0|0,0.5|0,0.5|0,0.5|0,0.5|0,0.5|0,0.5|0,0.5|0,0.5|0,0.5|0,0.5|0,0.5|0,0.5|0,0.5|0,0.5|0,0.5|0,0.5|1,0.5|0,0|0,1
137d87fd873197f0fe43f627a90203e1696fdb2c,0.5|0,0|0,0|0,0|0,0.5|0,0.5|0,0.5|0,0.5|0,0.5|0,0.5|0,0.5|0,0.5|0,0.5|0,0.5|0,0.5|0,0.5|0,0.5|0,0.5|0,0.5|0,0.5|0,0.5|0,0.5|0,0.5|0,0|0,0.5|0,0.5|0,0.5|0,0|0,0.5|0,0.5|0,0.5|0,0.5|0,0.5|0,0.5|0,0.5|0,0.5|0,0.5|0,0.5|0,0.5|0,0.5|0,0.5|0,0.5|0,0.5|0,0.5|1,0.5|0,0|0,1
b63f74a0806ed9d6b80e81e0232ce94a095f1951,0.5|0,0|0,0|0,0|0,0.5|0,0.5|0,0.5|0,0.5|0,0.5|0,0.5|0,0.5|0,0.5|0,0.5|0,0.5|0,0.5|0,0.5|0,0.5|0,0.5|0,0.5|0,0.5|0,0.5|0,0.5|0,0.5|0,0|0,0.5|0,0.5|0,0.5|0,0|0,0.5|0,0.5|0,0.5|0,0.5|0,0.5|0,0.5|0,0.5|0,0.5|0,0.5|0,0.5|0,0.5|0,0.5|0,0.5|0,0.5|0,0.5|0,0.5|1,0.5|0,0|0,1
4e18a56d61e2c73e972bfd9d8a2ed72a57d2f0ee,0.5|0,0|0,0|0,0|0,0.5|0,0.5|0,0.5|0,0.5|0,0.5|0,0.5|0,0.5|0,0.5|0,0.5|0,0.5|0,0.5|0,0.5|0,0.5|0,0.5|0,0.5|0,0.5|0,0.5|0,0.5|0,0.5|0,0|0,0.5|0,0.5|0,0.5|0,0|0,0.5|0,0.5|0,0.5|0,0.5|0,0.5|0,0.5|0,0.5|0,0.5|0,0.5|0,0.5|0,0.5|0,0.5|0,0.5|0,0.5|0,0.5|0,0.5|1,0.5|0,0|0,1
183175fc6b4c9e610fb22dfd69946cc7063b6a63,0.5|0,0|0,0|0,0|0,0.5|0,0.5|0,0.5|0,0.5|0,0.5|0,0.5|0,0.5|0,0.5|0,0.5|0,0.5|0,0.5|0,0.5|0,0.5|0,0.5|0,0.5|0,0.5|0,0.5|0,0.5|0,0.5|0,0|0,0.5|0,0.5|0,0.5|0,0|0,0.5|0,0.5|0,0.5|0,0.5|0,0.5|0,0.5|0,0.5|0,0.5|0,0.5|0,0.5|0,0.5|0,0.5|0,0.5|0,0.5|0,0.5|0,0.5|1,0.5|0,0|0,1
35ef56cc2467e907fa1827a4e8058893dea0b8a7,0.5|0,0|0,0|0,0|0,0.5|0,0.5|0,0.5|0,0.5|0,0.5|0,0.5|0,0.5|0,0.5|0,0.5|0,0.5|0,0.5|0,0.5|0,0.5|0,0.5|0,0.5|0,0.5|0,0.5|0,0.5|0,0.5|0,0|0,0.5|0,0.5|0,0.5|0,0|0,0.5|0,0.5|0,0.5|0,0.5|0,0.5|0,0.5|0,0.5|0,0.5|0,0.5|0,0.5|0,0.5|0,0.5|0,0.5|0,0.5|0,0.5|0,0.5|1,0.5|0,0|0,1
ccbbcdf2834c84ab6a379c19dab7a4b7636fd412,0.5|0,0|0,0|0,0|0,0.5|0,0.5|0,0.5|0,0.5|0,0.5|0,0.5|0,0.5|0,0.5|0,0.5|0,0.5|0,0.5|0,0.5|0,0.5|0,0.5|0,0.5|0,0.5|0,0.5|0,0.5|0,0.5|0,0|0,0.5|0,0.5|0,0.5|0,0|0,0.5|0,0.5|0,0.5|0,0.5|0,0.5|0,0.5|0,0.5|0,0.5|0,0.5|0,0.5|0,0.5|0,0.5|0,0.5|0,0.5|0,0.5|0,0.5|1,0.5|0,0|0,1
6ff71aa6be12361cd012290980d05dc2659db0bb,0.5|0,0|0,0|0,0|0,0.5|0,0.5|0,0.5|0,0.5|0,0.5|0,0.5|0,0.5|0,0.5|0,0.5|0,0.5|0,0.5|0,0.5|0,0.5|0,0.5|0,0.5|0,0.5|0,0.5|0,0.5|0,0.5|0,0|0,0.5|0,0.5|0,0.5|0,0|0,0.5|0,0.5|0,0.5|0,0.5|0,0.5|0,0.5|0,0.5|0,0.5|0,0.5|0,0.5|0,0.5|0,0.5|0,0.5|0,0.5|0,0.5|0,0.5|1,0.5|0,0|0,1
1bda2bf414b22ce2e983e9c9a849698ccdbb1bf1,0.5|0,0|0,0|0,0|0,0.5|0,0.5|0,0.5|0,0.5|0,0.5|0,0.5|0,0.5|0,0.5|0,0.5|0,0.5|0,0.5|0,0.5|0,0.5|0,0.5|0,0.5|0,0.5|0,0.5|0,0.5|0,0.5|0,0|0,0.5|0,0.5|0,0.5|0,0|0,0.5|0,0.5|0,0.5|0,0.5|0,0.5|0,0.5|0,0.5|0,0.5|0,0.5|0,0.5|0,0.5|0,0.5|0,0.5|0,0.5|0,0.5|0,0.5|1,0.5|0,0|0,1
755bce2eb762932dd5ee49dd0c2c6ece349d96c3,0.5|0,0|0,0|0,0|0,0.5|0,0.5|0,0.5|0,0.5|0,0.5|0,0.5|0,0.5|0,0.5|0,0.5|0,0.5|0,0.5|0,0.5|0,0.5|0,0.5|0,0.5|0,0.5|0,0.5|0,0.5|0,0.5|0,0|0,0.5|0,0.5|0,0.5|0,0|0,0.5|0,0.5|0,0.5|0,0.5|0,0.5|0,0.5|0,0.5|0,0.5|0,0.5|0,0.5|0,0.5|0,0.5|0,0.5|0,0.5|0,0.5|0,0.5|1,0.5|0,0|0,1
59ee1fe1156be234fed796972a29a31a0589e25a,0.5|0,0|0,0|0,0|0,0.5|0,0.5|0,0.5|0,0.5|0,0.5|0,0.5|0,0.5|0,0.5|0,0.5|0,0.5|0,0.5|0,0.5|0,0.5|0,0.5|0,0.5|0,0.5|0,0.5|0,0.5|0,0.5|0,0|0,0.5|0,0.5|0,0.5|0,0|0,0.5|0,0.5|0,0.5|0,0.5|0,0.5|0,0.5|0,0.5|0,0.5|0,0.5|0,0.5|0,0.5|0,0.5|0,0.5|0,0.5|0,0.5|0,0.5|1,0.5|0,0|0,1
dfc3168caf289c6de9ccad6401e819d710455ba2,0.5|0,0|0,0|0,0|0,0.5|0,0.5|0,0.5|0,0.5|0,0.5|0,0.5|0,0.5|0,0.5|0,0.5|0,0.5|0,0.5|0,0.5|0,0.5|0,0.5|0,0.5|0,0.5|0,0.5|0,0.5|0,0.5|0,0|0,0.5|0,0.5|0,0.5|0,0|0,0.5|0,0.5|0,0.5|0,0.5|0,0.5|0,0.5|0,0.5|0,0.5|0,0.5|0,0.5|0,0.5|0,0.5|0,0.5|0,0.5|0,0.5|0,0.5|1,0.5|0,0|0,1
3ce8d0e5087f6e3f2a3e1f65d39d78c228054a5d,0.5|0,0|0,0|0,0|0,0.5|0,0.5|0,0.5|0,0.5|0,0.5|0,0.5|0,0.5|0,0.5|0,0.5|0,0.5|0,0.5|0,0.5|0,0.5|0,0.5|0,0.5|0,0.5|0,0.5|0,0.5|0,0.5|0,0|0,0.5|0,0.5|0,0.5|0,0|0,0.5|0,0.5|0,0.5|0,0.5|0,0.5|0,0.5|0,0.5|0,0.5|0,0.5|0,0.5|0,0.5|0,0.5|0,0.5|0,0.5|0,0.5|0,0.5|1,0.5|0,0|0,1
4fd12278b111eeaf1068876f77fb0a6176f69a34,0.5|0,0|0,0|0,0|0,0.5|0,0.5|0,0.5|0,0.5|0,0.5|0,0.5|0,0.5|0,0.5|0,0.5|0,0.5|0,0.5|0,0.5|0,0.5|0,0.5|0,0.5|0,0.5|0,0.5|0,0.5|0,0.5|0,0|0,0.5|0,0.5|0,0.5|0,0|0,0.5|0,0.5|0,0.5|0,0.5|0,0.5|0,0.5|0,0.5|0,0.5|0,0.5|0,0.5|0,0.5|0,0.5|0,0.5|0,0.5|0,0.5|0,0.5|1,0.5|0,0|0,1
95bf287c0282eee368c53ac26502ae680fbe888d,0.5|0,0|0,0|0,0|0,0.5|0,0.5|0,0.5|0,0.5|0,0.5|0,0.5|0,0.5|0,0.5|0,0.5|0,0.5|0,0.5|0,0.5|0,0.5|0,0.5|0,0.5|0,0.5|0,0.5|0,0.5|0,0.5|0,0|0,0.5|0,0.5|0,0.5|0,0|0,0.5|0,0.5|0,0.5|0,0.5|0,0.5|0,0.5|0,0.5|0,0.5|0,0.5|0,0.5|0,0.5|0,0.5|0,0.5|0,0.5|0,0.5|0,0.5|1,0.5|0,0|0,1
35f37c38d983108b55f38f62b7b58582c1909c39,0.5|0,0|0,0|0,0|0,0.5|0,0.5|0,0.5|0,0.5|0,0.5|0,0.5|0,0.5|0,0.5|0,0.5|0,0.5|0,0.5|0,0.5|0,0.5|0,0.5|0,0.5|0,0.5|0,0.5|0,0.5|0,0.5|0,0|0,0.5|0,0.5|0,0.5|0,0|0,0.5|0,0.5|0,0.5|0,0.5|0,0.5|0,0.5|0,0.5|0,0.5|0,0.5|0,0.5|0,0.5|0,0.5|0,0.5|0,0.5|0,0.5|0,0.5|1,0.5|0,0|0,1
de8c326cd218867b88c25b0e6c0be9e2c909b1e9,0.5|0,0|0,0|0,0|0,0.5|0,0.5|0,0.5|0,0.5|0,0.5|0,0.5|0,0.5|0,0.5|0,0.5|0,0.5|0,0.5|0,0.5|0,0.5|0,0.5|0,0.5|0,0.5|0,0.5|0,0.5|0,0.5|0,0|0,0.5|0,0.5|0,0.5|0,0|0,0.5|0,0.5|0,0.5|0,0.5|0,0.5|0,0.5|0,0.5|0,0.5|0,0.5|0,0.5|0,0.5|0,0.5|0,0.5|0,0.5|0,0.5|0,0.5|1,0.5|0,0|0,1
5afdf2db696f139c58f2e55574229be004b1fbb7,0.5|0,0|0,0|0,0|0,0.5|0,0.5|0,0.5|0,0.5|0,0.5|0,0.5|0,0.5|0,0.5|0,0.5|0,0.5|0,0.5|0,0.5|0,0.5|0,0.5|0,0.5|0,0.5|0,0.5|0,0.5|0,0.5|0,0|0,0.5|0,0.5|0,0.5|0,0|0,0.5|0,0.5|0,0.5|0,0.5|0,0.5|0,0.5|0,0.5|0,0.5|0,0.5|0,0.5|0,0.5|0,0.5|0,0.5|0,0.5|0,0.5|0,0.5|1,0.5|0,0|0,1
f2ef6e1d18995d609719d93fb6d39a3f7821ad80,0.5|0,0|0,0|0,0|0,0.5|0,0.5|0,0.5|0,0.5|0,0.5|0,0.5|0,0.5|0,0.5|0,0.5|0,0.5|0,0.5|0,0.5|0,0.5|0,0.5|0,0.5|0,0.5|0,0.5|0,0.5|0,0.5|0,0|0,0.5|0,0.5|0,0.5|0,0|0,0.5|0,0.5|0,0.5|0,0.5|0,0.5|0,0.5|0,0.5|0,0.5|0,0.5|0,0.5|0,0.5|0,0.5|0,0.5|0,0.5|0,0.5|0,0.5|1,0.5|0,0|0,1
d7d942586aaee89968f458e95acafe260dbdda7c,0.5|0,0|0,0|0,0|0,0.5|0,0.5|0,0.5|0,0.5|0,0.5|0,0.5|0,0.5|0,0.5|0,0.5|0,0.5|0,0.5|0,0.5|0,0.5|0,0.5|0,0.5|0,0.5|0,0.5|0,0.5|0,0.5|0,0|0,0.5|0,0.5|0,0.5|0,0|0,0.5|0,0.5|0,0.5|0,0.5|0,0.5|0,0.5|0,0.5|0,0.5|0,0.5|0,0.5|0,0.5|0,0.5|0,0.5|0,0.5|0,0.5|0,0.5|1,0.5|0,0|0,1
2e2f08cd87266afef888c8b539c1891b30a1cc1c,0.5|0,0|0,0|0,0|0,0.5|0,0.5|0,0.5|0,0.5|0,0.5|0,0.5|0,0.5|0,0.5|0,0.5|0,0.5|0,0.5|0,0.5|0,0.5|0,0.5|0,0.5|0,0.5|0,0.5|0,0.5|0,0.5|0,0|0,0.5|0,0.5|0,0.5|0,0|0,0.5|0,0.5|0,0.5|0,0.5|0,0.5|0,0.5|0,0.5|0,0.5|0,0.5|0,0.5|0,0.5|0,0.5|0,0.5|0,0.5|0,0.5|0,0.5|0,0.5|0,0|0,0
aacade6d9571bdf6fc9bd0b5cbbafb65d5123f8f,0.5|0,0|0,0|0,0|0,0.5|0,0.5|0,0.5|0,0.5|0,0.5|0,0.5|0,0.5|0,0.5|0,0.5|0,0.5|0,0.5|0,0.5|0,0.5|0,0.5|0,0.5|0,0.5|0,0.5|0,0.5|0,0.5|0,0|0,0.5|0,0.5|0,0.5|0,0|0,0.5|0,0.5|0,0.5|0,0.5|0,0.5|0,0.5|0,0.5|0,0.5|0,0.5|0,0.5|0,0.5|0,0.5|0,0.5|0,0.5|0,0.5|0,0.5|0,0.5|0,0|1,1
c669bb31402ffc52aba774163d8a7e25eba00fc5,0.5|0,0|0,0|0,0|0,0.5|0,0.5|0,0.5|0,0.5|0,0.5|0,0.5|0,0.5|0,0.5|0,0.5|0,0.5|0,0.5|0,0.5|0,0.5|0,0.5|0,0.5|0,0.5|0,0.5|0,0.5|0,0.5|0,0|0,0.5|0,0.5|0,0.5|0,0|0,0.5|0,0.5|0,0.5|0,0.5|0,0.5|0,0.5|0,0.5|0,0.5|0,0.5|0,0.5|0,0.5|0,0.5|0,0.5|0,0.5|0,0.5|0,0.5|0,0.5|0,0|1,1
fcff6d5abb168c3318c019fc140ce1e809b40d2b,0.5|0,0|0,0|0,0|0,0.5|0,0.5|0,0.5|0,0.5|0,0.5|0,0.5|0,0.5|0,0.5|0,0.5|0,0.5|0,0.5|0,0.5|0,0.5|0,0.5|0,0.5|0,0.5|0,0.5|0,0.5|0,0.5|0,0|0,0.5|0,0.5|0,0.5|0,0|0,0.5|0,0.5|0,0.5|0,0.5|0,0.5|0,0.5|0,0.5|0,0.5|0,0.5|0,0.5|0,0.5|0,0.5|0,0.5|0,0.5|0,0.5|0,0.5|0,0.5|0,1|1,1
41133638dc303be1717462876814a6102669757c,0.5|0,0|0,0|0,0|0,0.5|0,0.5|0,0.5|0,0.5|0,0.5|0,0.5|0,0.5|0,0.5|0,0.5|0,0.5|0,0.5|0,0.5|0,0.5|0,0.5|0,0.5|0,0.5|0,0.5|0,0.5|0,0.5|0,0|0,0.5|0,0.5|0,0.5|0,0|0,0.5|0,0.5|0,0.5|0,0.5|0,0.5|0,0.5|0,0.5|0,0.5|0,0.5|0,0.5|0,0.5|0,0.5|0,0.5|0,0.5|0,0.5|0,0.5|0,0.5|0,0|0,0