commit id,OSV-2020-1046,OSV-2020-1720,OSV-2020-1836,OSV-2020-1844,OSV-2020-1848,OSV-2020-1860,OSV-2020-1981,OSV-2020-1990,OSV-2020-209,OSV-2020-2157,OSV-2020-2178,OSV-2020-2222,OSV-2020-2254,OSV-2020-2276,OSV-2020-366,OSV-2020-452,OSV-2020-525,OSV-2020-55,OSV-2020-693,OSV-2020-885,OSV-2020-969,OSV-2021-1017,OSV-2021-262,OSV-2021-474,OSV-2021-537,OSV-2021-538,OSV-2021-915,poc count
6810eb6cf13f97ff20c5c68f49bef70ae977ddea,0|0,0|0,0|0,0|0,0|0,0|0,0|0,0|0,0|0,0|0,0|0,0|0,0|0,0|0,0|0,0.5|0,0.5|1,0|0,0|0,0|0,0|0,0|0,0|0,0|0,0|0,0|0,0|0,1
f0310f777686d69d52c6c741fbe088e2caadb0fb,0|0,0|0,0|0,0|0,0|0,0|0,0|0,0|0,0|0,0|0,0|0,0|0,0|0,0|0,0|0,0.5|0,0.5|1,0|0,0|0,0|0,0|0,0|0,0|0,0|0,0|0,0|0,0|0,1
532b06d07e6e0e020835f99ff29672eaaded846e,0|0,0|0,0|0,0|0,0|0,0|0,0|0,0|0,0|0,0|0,0|0,0|0,0|0,0|0,0|0,0.5|0,0.5|1,0|0,0|0,0|0,0|0,0|0,0|0,0|0,0|0,0|0,0|0,1
6522df7587eeacff1a91de29f9cf6d03f5401d59,0|0,0|0,0|0,0|0,0|0,0|0,0|0,0|0,0|0,0|0,0|0,0|0,0|0,0|0,0|0,0.5|0,0.5|1,0|0,0|0,0|0,0|0,0|0,0|0,0|0,0|0,0|0,0|0,1
61cd7fcdb2fdc9214b431abb631b202314dcc32f,0|0,0|0,0|0,0|0,0|0,0|0,0|0,0|0,0|0,0|0,0|0,0|0,0|0,0|0,0|0,0.5|1,0.5|1,0|0,0|0,0|0,0|0,0|0,0|0,0|0,0|0,0|0,0|0,2
3c286b3cb1b234b88335029c968320b7ff8bc493,0|0,0|0,0|0,0|0,0|0,0|0,0|0,0|0,0|0,0|0,0|0,0|0,0|0,0|0,0|0,0.5|1,0.5|1,0|0,0|0,0|0,0|0,0|0,0|0,0|0,0|0,0|0,0|0,2
026b6ab43dfb52b768ad15123dc698e05c52be20,0|0,0|0,0|0,0|0,0|0,0|0,0|0,0|0,0|0,0|0,0|0,0|0,0|0,0|0,0|0,0.5|1,0.5|1,0|0,0|0,0|0,0|0,0|0,0|0,0|0,0|0,0|0,0|0,2
60581ecc8205073ed9a363eb188f301b756a874d,0|0,0|0,0|0,0|0,0|0,0|0,0|0,0|0,0|0,0|0,0|0,0|0,0|0,0|0,0|0,0.5|1,0.5|1,0|0,0|0,0|0,0|0,0|0,0|0,0|0,0|0,0|0,0|0,2
3ac47fbea9d04bba086cf068350a73b80e2e9178,0|0,0|0,0|0,0|0,0|0,0|0,0|0,0|0,0|0,0|0,0|0,0|0,0|0,0|0,0|0,0.5|1,0.5|1,0|0,0|0,0|0,0|0,0|0,0|0,0|0,0|0,0|0,0|0,2
49f59d9fc9505bda45fe3842d834341a68323209,0|0,0|0,0|0,0|0,0|0,0|0,0|0,0|0,0|0,0|0,0|0,0|0,0|0,0|0,0|0,0.5|1,0.5|1,0|0,0|0,0|0,0|0,0|0,0|0,0|0,0|0,0|0,0|0,2
6c7b4bed37f30707319ec5210b049777a291e5c3,0|0,0|0,0|0,0|0,0|0,0|0,0|0,0|0,0|0,0|0,0|0,0|0,0|0,0|0,0|0,0.5|1,0.5|1,0|0,0|0,0|0,0|0,0|0,0|0,0|0,0|0,0|0,0|0,2
829a73c941084e7ef03518a224fa3a9fc7352413,0|0,0|0,0|0,0|0,0|0,0|0,0|0,0|0,0|0,0|0,0|0,0|0,0|0,0|0,0|0,0.5|1,0.5|1,0|0,0|0,0|0,0|0,0|0,0|0,0|0,0|0,0|0,0|0,2
51363d33926f2748ca7c8b8fa395678faac17edb,0|0,0|0,0|0,0|0,0|0,0|0,0|0,0|0,0|0,0|0,0|0,0|0,0|0,0|0,0|0,0.5|1,0.5|1,0|0,0|0,0|0,0|0,0|0,0|0,0|0,0|0,0|0,0|0,2
424ebf8ed13d804246ba0c8a5e2576009b3c3f7b,0|0,0|0,0|0,0|0,0|0,0|0,0|0,0|0,0|0,0|0,0|0,0|0,0|0,0|0,0|0,0.5|1,0.5|1,0|0,0|0,0|0,0|0,0|0,0|0,0|0,0|0,0|0,0|0,2
a3ee8cefc8057ae9199edbafc96643b4f225654e,0|0,0|0,0|0,0|0,0|0,0|0,0|0,0|0,0|0,0|0,0|0,0|0,0|0,0|0,0|0,0.5|1,0.5|1,0|0,0|0,0|0,0|0,0|0,0|0,0|0,0|0,0|0,0|0,2
7a1e42e1352201127d1a97b6cb5f41e48cace0f5,0.5|0,0|0,0|0,0|0,0|0,0|0,0|0,0|0,0.5|0,0|0,0|0,0|0,0|0,0|0,0.5|1,0|0,0|0,0|0,0.5|1,0.5|0,0.5|0,0.5|0,0|0,0|0,0|0,0|0,0.5|0,2
2a2662fb3d26aa966c32d3a53a8fc27e887addb5,0.5|0,0|0,0|0,0|0,0|0,0|0,0|0,0|0,0.5|0,0|0,0|0,0|0,0|0,0|0,0.5|1,0|0,0|0,0|0,0.5|1,0.5|0,0.5|0,0.5|0,0|0,0|0,0|0,0|0,0.5|0,2
fa35be5859530b88042c0192d3f4813a5c973e4e,0.5|0,0|0,0|0,0|0,0|0,0|0,0|0,0|0,0.5|0,0|0,0|0,0|0,0|0,0|0,0.5|1,0|0,0|0,0|0,0.5|1,0.5|0,0.5|0,0.5|0,0|0,0|0,0|0,0|0,0.5|0,2
8b6ba40a8ea099f4071ebd34ce93e41251b1a1b0,0.5|0,0|0,0|0,0|0,0|0,0|0,0|0,0|0,0.5|0,0|0,0|0,0|0,0|0,0|0,0.5|1,0|0,0|0,0|0,0.5|1,0.5|0,0.5|0,0.5|0,0|0,0|0,0|0,0|0,0.5|0,2
07cff0e168fec95e623b58454d58e8aca0ab288b,0.5|0,0|0,0|0,0|0,0|0,0|0,0|0,0|0,0|0,0|0,0|0,0|0,0|0,0|0,0|1,0|0,0|0,0|0,0|1,0|0,0|0,0|0,0|0,0|0,0|0,0|0,0|0,2
8d3dfb2f6d2dfa7f47b7032822d237f9b4ee9abc,0|0,0|0,0|0,0|0,0|0,0|0,0|0,0|0,0|0,0|0,0|0,0|0,0|0,0|0,0|1,0|0,0|0,0|0,0|1,0|0,0|0,0|0,0|0,0|0,0|0,0|0,0|0,2
804cb680575b130b75daece8efff07457c8e6036,0|0,0|0,0|0,0|0,0|0,0|0,0|0,0|0,0|0,0|0,0|0,0|0,0|0,0|0,0|1,0|0,0|0,0|0,0|1,0|0,0.5|0,0.5|0,0|0,0|0,0|0,0|0,0.5|0,2
192994fa1379d8b24d8a31bd9117458396e70876,0.5|0,0|0,0|0,0|0,0|0,0|0,0|0,0|0,0.5|0,0|0,0|0,0|0,0|0,0|0,0.5|1,0|0,0|0,0|0,0.5|1,0.5|0,0.5|0,0.5|0,0|0,0|0,0|0,0|0,0.5|0,2
8d7092c0cb5dc6ae4a1495e0009d7be397ae7753,0.5|0,0|0,0|0,0|0,0|0,0|0,0|0,0|0,0.5|0,0|0,0|0,0|0,0|0,0|0,0.5|1,0|0,0|0,0|0,0.5|1,0.5|0,0.5|0,0.5|0,0|0,0|0,0|0,0|0,0.5|0,2
7007b4a8893ddf4d025bac57d239b26a48785f59,0.5|0,0|0,0|0,0|0,0|0,0|0,0|0,0|0,0.5|0,0|0,0|0,0|0,0|0,0|0,0.5|1,0|0,0|0,0|0,0.5|1,0.5|0,0.5|0,0.5|0,0|0,0|0,0|0,0|0,0.5|0,2
3a5a90450e7f25b6aba314b4f79773c0232500ec,0.5|0,0|0,0|0,0|0,0|0,0|0,0|0,0|0,0.5|0,0|0,0|0,0|0,0|0,0|0,0.5|1,0|0,0|0,0|0,0.5|1,0.5|0,0.5|0,0.5|0,0|0,0|0,0|0,0|0,0.5|0,2
8fea658fe9b5bdf51de7e321a1a549056ba4b150,0.5|0,0|0,0|0,0|0,0|0,0|0,0|0,0|0,0.5|0,0|0,0|0,0|0,0|0,0|0,0.5|1,0|0,0|0,0|0,0.5|1,0.5|0,0.5|0,0.5|0,0|0,0|0,0|0,0|0,0.5|0,2
1a069ca71ed2d02504b89d088c6300f5144017c9,0.5|0,0|0,0|0,0|0,0|0,0|0,0|0,0|0,0.5|0,0|0,0|0,0|0,0|0,0|0,0.5|1,0|0,0|0,0|0,0.5|1,0.5|0,0.5|0,0.5|0,0|0,0|0,0|0,0|0,0.5|0,2
a8de0070fd351b56895191653bf35888d0d3ab39,0.5|0,0|0,0|0,0|0,0|0,0|0,0|0,0|0,0.5|0,0|0,0|0,0|0,0|0,0|0,0.5|1,0|0,0|0,0|0,0.5|1,0.5|0,0.5|0,0.5|0,0|0,0|0,0|0,0|0,0.5|0,2
e6a24b71abee5c4277541a086e2e40b7ae3f5458,0.5|0,0|0,0|0,0|0,0|0,0|0,0|0,0|0,0.5|0,0|0,0|0,0|0,0|0,0|0,0.5|1,0|0,0|0,0|0,0.5|1,0.5|0,0.5|0,0.5|0,0|0,0|0,0|0,0|0,0.5|0,2
ef3e2239173cd8ab9714171f122aed24eb93b577,0.5|0,0|0,0|0,0|0,0|0,0|0,0|0,0|0,0.5|0,0|0,0|0,0|0,0|0,0|0,0.5|1,0|0,0|0,0|0,0.5|1,0.5|0,0.5|0,0.5|0,0|0,0|0,0|0,0|0,0.5|0,2
c173563ad2d7a9483762c584899b9af09edb750d,0.5|0,0|0,0|0,0|0,0|0,0|0,0|0,0|0,0.5|0,0|0,0|0,0|0,0|0,0|0,0.5|1,0|0,0|0,0|0,0.5|1,0.5|0,0.5|0,0.5|0,0|0,0|0,0|0,0|0,0.5|0,2
e50bc29bd9519c9f4c43e9f3cf34b5b8a9aa38da,0.5|0,0|0,0|0,0|0,0|0,0|0,0|0,0|0,0.5|0,0|0,0|0,0|0,0|0,0|0,0.5|1,0|0,0|0,0|0,0|0,0.5|0,0.5|0,0.5|0,0|0,0|0,0|0,0|0,0.5|0,1
cd51430ba7b3250fd4ccd4e79d400053e333b690,0.5|0,0|0,0|0,0|0,0|0,0|0,0|0,0|0,0.5|0,0|0,0|0,0|0,0|0,0|0,0.5|1,0|0,0|0,0|0,0|0,0.5|0,0.5|0,0.5|0,0|0,0|0,0|0,0|0,0.5|0,1
cc917b541f353c71353a826568d4becdf8d66293,0.5|0,0|0,0|0,0|0,0|0,0|0,0|0,0|0,0.5|0,0|0,0|0,0|0,0|0,0|0,0.5|1,0|0,0|0,0|0,0|0,0.5|0,0.5|0,0.5|0,0|0,0|0,0|0,0|0,0.5|0,1
0977b5496ad7f35f6575555714e2c352ce85285e,0.5|0,0|0,0|0,0|0,0|0,0|0,0|0,0|0,0.5|0,0|0,0|0,0|0,0|0,0|0,0.5|1,0|0,0|0,0|0,0|0,0.5|0,0.5|0,0.5|0,0|0,0|0,0|0,0|0,0.5|0,1
b79db82ae7b65b0847ea8fb286d203fae0a0ceb5,0.5|0,0|0,0|0,0|0,0|0,0|0,0|0,0|0,0.5|0,0|0,0|0,0|0,0|0,0|0,0.5|1,0|0,0|0,0|0,0|0,0.5|0,0.5|0,0.5|0,0|0,0|0,0|0,0|0,0.5|0,1
5557f34f5ef86cbf2d2de0ff39b591d4c836defb,0.5|0,0|0,0|0,0|0,0|0,0|0,0|0,0|0,0.5|0,0|0,0|0,0|0,0|0,0|0,0.5|1,0|0,0|0,0|0,0|0,0.5|0,0.5|0,0.5|0,0|0,0|0,0|0,0|0,0.5|0,1
07d3d8e0df15ab8a58e18905c65c31eb8e3590f4,0.5|0,0|0,0|0,0|0,0|0,0|0,0|0,0|0,0.5|0,0|0,0|0,0|0,0|0,0|0,0.5|1,0|0,0|0,0|0,0|0,0.5|0,0.5|0,0.5|0,0|0,0|0,0|0,0|0,0.5|0,1
f11c286bc6a987a3f1f838c061d65636b90e3aa8,0.5|0,0|0,0|0,0|0,0|0,0|0,0|0,0|0,0.5|0,0|0,0|0,0|0,0|0,0|0,0.5|1,0|0,0|0,0|0,0|0,0.5|0,0.5|0,0.5|0,0|0,0|0,0|0,0|0,0.5|0,1
75847f4e93c249eea75cd3f73de8148ce38e27b1,0.5|0,0|0,0|0,0|0,0|0,0|0,0|0,0|0,0.5|0,0|0,0|0,0|0,0|0,0|0,0.5|1,0|0,0|0,0|0,0|0,0.5|0,0.5|0,0.5|0,0|0,0|0,0|0,0|0,0.5|0,1
c4dcac5de77825e79763c9cd5f58aa8bde22f0b2,0.5|1,0|0,0|0,0|0,0|0,0|0,0|0,0|0,0.5|0,0|0,0|0,0|0,0|0,0|0,0.5|1,0|0,0|0,0|0,0|0,0.5|0,0.5|1,0.5|0,0|0,0|0,0|0,0|0,0.5|0,3
2c68c0662cbeb2fbea5a3bda481dcb6c85116d17,0.5|0,0|0,0|0,0|0,0|0,0|0,0|0,0|0,0.5|0,0|0,0|0,0|0,0|0,0|0,0.5|1,0|0,0|0,0|0,0|0,0.5|0,0.5|0,0.5|0,0|0,0|0,0|0,0|0,0.5|0,1
7360c4bf0c32002dc4d7c42d83e15889ddd83111,0.5|0,0|0,0|0,0|0,0|0,0|0,0|0,0|0,0.5|0,0|0,0|0,0|0,0|0,0|0,0.5|1,0|0,0|0,0|0,0|0,0.5|0,0.5|0,0.5|0,0|0,0|0,0|0,0|0,0.5|0,1
1594b1167de4f7d152aeb62b21c6bcc1855601b2,0.5|0,0|0,0|0,0|0,0|0,0|0,0|0,0|0,0.5|0,0|0,0|0,0|0,0|0,0|0,0.5|1,0|0,0|0,0|0,0|0,0.5|0,0.5|0,0.5|0,0|0,0|0,0|0,0|0,0.5|0,1
5645fe2d16aa49f611a146c009f562adba066be4,0.5|0,0|0,0|0,0|0,0|0,0|0,0|0,0|0,0.5|0,0|0,0|0,0|0,0|0,0|0,0.5|1,0|0,0|0,0|0,0|0,0.5|0,0.5|0,0.5|0,0|0,0|0,0|0,0|0,0.5|0,1
6d6d158f13a38419d3bdcd1fae269f72441a87a1,0.5|0,0|0,0|0,0|0,0|0,0|0,0|0,0|0,0.5|0,0|0,0|0,0|0,0|0,0|0,0.5|1,0|0,0|0,0|0,0|0,0.5|0,0.5|0,0.5|0,0|0,0|0,0|0,0|0,0.5|0,1
bec794fbee14fb726cf1a4e572b261ed96f3bab7,0.5|1,0|0,0|0,0|0,0|0,0|0,0|0,0|0,0.5|0,0|0,0|0,0|0,0|0,0|0,0.5|1,0|0,0|0,0|0,0|0,0.5|0,0.5|1,0.5|0,0|0,0|0,0|0,0|0,0.5|0,3
2d02de4233a70fdad4cbf0862c83f03d9ba85d78,0.5|1,0|0,0|0,0|0,0|0,0|0,0|0,0|0,0.5|0,0|0,0|0,0|0,0|0,0|0,0.5|1,0|0,0|0,0|0,0|0,0.5|0,0.5|1,0.5|0,0|0,0|0,0|0,0|0,0.5|0,3
d4823541b7ec37916f2157c7cb38c15f8deb244c,0.5|1,0|0,0|0,0|0,0|0,0|0,0|0,0|0,0.5|0,0|0,0|0,0|0,0|0,0|0,0.5|1,0|0,0|0,0|0,0|0,0.5|0,0.5|1,0.5|0,0|0,0|0,0|0,0|0,0.5|0,3
6d98f8c8d8d3c6b56e3a600d46a56bfcc938bc68,0.5|1,0|0,0|0,0|0,0|0,0|0,0|0,0|0,0.5|0,0|0,0|0,0|0,0|0,0|0,0.5|1,0|0,0|0,0|0,0|0,0.5|0,0.5|1,0.5|0,0|0,0|0,0|0,0|0,0.5|0,3
ce71b171e2241104761183471acd0f203e4dad5e,0.5|1,0|0,0|0,0|0,0|0,0|0,0|0,0|0,0.5|0,0|0,0|0,0|0,0|0,0|0,0.5|1,0|0,0|0,0|0,0|0,0.5|0,0.5|1,0.5|0,0|0,0|0,0|0,0|0,0.5|0,3
79a51e0d18dea6e29f60146451368f4aa3ccda3c,0.5|1,0|0,0|0,0|0,0|0,0|0,0|0,0|0,0.5|0,0|0,0|0,0|0,0|0,0|0,0.5|1,0|0,0|0,0|0,0|0,0.5|0,0.5|1,0.5|0,0|0,0|0,0|0,0|0,0.5|0,3
e0e1f10bd3ee7396a12344040bfdbf0f12222c72,0.5|1,0|0,0|0,0|0,0|0,0|0,0|0,0|0,0.5|0,0|0,0|0,0|0,0|0,0|0,0.5|1,0|0,0|0,0|0,0|0,0.5|0,0.5|1,0.5|0,0|0,0|0,0|0,0|0,0.5|0,3
4bd8cda96604458da2eeedcbc0c9a979fefa46c9,0.5|1,0|0,0|0,0|0,0|0,0|0,0|0,0|0,0.5|0,0|0,0|0,0|0,0|0,0|0,0.5|1,0|0,0|0,0|0,0|0,0.5|0,0.5|1,0.5|0,0|0,0|0,0|0,0|0,0.5|0,3
326955a147388b486a2af015ab029546f9823258,0.5|1,0|0,0|0,0|0,0|0,0|0,0|0,0|0,0.5|0,0|0,0|0,0|0,0|0,0|0,0.5|1,0|0,0|0,0|0,0|0,0.5|0,0.5|1,0.5|0,0|0,0|0,0|0,0|0,0.5|0,3
4f3d87d03c695c649d5ec877958bcd12f2ae3b5e,0.5|1,0|0,0|0,0|0,0|0,0|0,0|0,0|0,0.5|0,0|0,0|0,0|0,0|0,0|0,0.5|1,0|0,0|0,0|0,0|0,0.5|0,0.5|1,0.5|0,0|0,0|0,0|0,0|0,0.5|0,3
249e9281761fc861bab93f76baf6cdcefb1774ee,0.5|1,0|0,0|0,0|0,0|0,0|0,0|0,0|0,0.5|0,0|0,0|0,0|0,0|0,0|0,0|0,0|0,0|0,0|0,0|0,0.5|0,0.5|1,0.5|0,0|0,0|0,0|0,0|0,0.5|0,2
aa6d3e1d36969aa0f955b11faf9142666145a72b,0.5|1,0|0,0|0,0|0,0|0,0|0,0|0,0|0,0.5|0,0|0,0|0,0|0,0|0,0|0,0|0,0|0,0|0,0|0,0|0,0.5|0,0.5|1,0.5|0,0|0,0|0,0|0,0|0,0.5|0,2
ef61a95b31b3e70238e344d9bb0fd0b20fb649c9,0.5|1,0|0,0|0,0|0,0|0,0|0,0|0,0|0,0.5|0,0|0,0|0,0|0,0|0,0|0,0|0,0|0,0|0,0|0,0|0,0.5|0,0.5|1,0.5|0,0|0,0|0,0|0,0|0,0.5|0,2
a581cbfc2dd0ba25f37b95e8b65d6d2270264c80,0.5|1,0|0,0|0,0|0,0|0,0|0,0|0,0|0,0.5|0,0|0,0|0,0|0,0|0,0|0,0|0,0|0,0|0,0|0,0|0,0.5|0,0.5|1,0.5|0,0|0,0|0,0|0,0|0,0.5|0,2
118929df93a19e47a17bffb48fe2443e303805c0,0.5|1,0|0,0|0,0|0,0|0,0|0,0|0,0|0,0.5|0,0|0,0|0,0|0,0|0,0|0,0|0,0|0,0|0,0|0,0|0,0.5|0,0.5|1,0.5|0,0|0,0|0,0|0,0|0,0.5|0,2
433377f76e41e35132cd12f5d4c13c14dc62a3ba,0.5|1,0|0,0|0,0|0,0|0,0|0,0|0,0|0,0.5|0,0|0,0|0,0|0,0|0,0|0,0|0,0|0,0|0,0|0,0|0,0.5|0,0.5|1,0.5|0,0|0,0|0,0|0,0|0,0.5|0,2
754a409191bd62ce4931b66ab40119975b2df6de,0.5|1,0|0,0|0,0|0,0|0,0|0,0|0,0|0,0.5|0,0|0,0|0,0|0,0|0,0|0,0|0,0|0,0|0,0|0,0|0,0.5|0,0.5|1,0.5|0,0|0,0|0,0|0,0|0,0.5|0,2
e9957b9a921e6ce105e91bb9b0784a9cbcb55f3c,0.5|1,0|0,0|0,0|0,0|0,0|0,0|0,0|0,0.5|0,0|0,0|0,0|0,0|0,0|0,0|0,0|0,0|0,0|0,0|0,0.5|0,0.5|1,0.5|0,0|0,0|0,0|0,0|0,0.5|0,2
8ab39bdec709e2f2ce45a7b37f4d75da8e3e04bc,0.5|1,0|0,0|0,0|0,0|0,0|0,0|0,0|0,0.5|0,0|0,0|0,0|0,0|0,0|0,0|0,0|0,0|0,0|0,0|0,0.5|0,0.5|1,0.5|0,0|0,0|0,0|0,0|0,0.5|0,2
39c1400fac30810922f143b7b2d3249c356c8ac2,0.5|1,0|0,0|0,0|0,0|0,0|0,0|0,0|0,0.5|0,0|0,0|0,0|0,0|0,0|0,0|0,0|0,0|0,0|0,0|0,0.5|0,0.5|1,0.5|0,0|0,0|0,0|0,0|0,0.5|0,2
78548a93944a495215bd85c8bd583c0713a504ae,0.5|1,0|0,0|0,0|0,0|0,0|0,0|0,0|0,0.5|0,0|0,0|0,0|0,0|0,0|0,0|0,0|0,0|0,0|0,0|0,0.5|0,0.5|1,0.5|0,0|0,0|0,0|0,0|0,0.5|0,2
7858f3cd069df160058a939fcfe08fa5f0f16e47,0.5|1,0|0,0|0,0|0,0|0,0|0,0|0,0|0,0.5|0,0|0,0|0,0|0,0|0,0|0,0|0,0|0,0|0,0|0,0|0,0.5|0,0.5|1,0.5|0,0|0,0|0,0|0,0|0,0.5|0,2
32b49894c5991a63fcb913c3e5bc6dc3af9c3c22,0.5|1,0|0,0|0,0|0,0|0,0|0,0|0,0|0,0.5|0,0|0,0|0,0|0,0|0,0|0,0|0,0|0,0|0,0|0,0|0,0.5|0,0.5|1,0.5|0,0|0,0|0,0|0,0|0,0.5|0,2
c246f6f69a749d4f68626b40795a4f69168008f4,0.5|1,0|0,0|0,0|0,0|0,0|0,0|0,0|0,0.5|0,0|0,0|0,0|0,0|0,0|0,0|0,0|0,0|0,0|0,0|0,0.5|0,0.5|1,0.5|0,0|0,0|0,0|0,0|0,0.5|0,2
4c67bbf3838aba9cf7e00697403d7b860bbae30b,0.5|1,0|0,0|0,0|0,0|0,0|0,0|0,0|0,0.5|0,0|0,0|0,0|0,0|0,0|0,0|0,0|0,0|0,0|0,0|0,0.5|0,0.5|1,0.5|0,0|0,0|0,0|0,0|0,0.5|0,2
424eca8bef0fc0d141410437ecd0d0b7ad740b06,0.5|1,0|0,0|0,0|0,0|0,0|0,0|0,0|0,0.5|0,0|0,0|0,0|0,0|0,0|0,0|0,0|0,0|0,0|0,0|0,0.5|0,0.5|1,0.5|0,0|0,0|0,0|0,0|0,0.5|0,2
bee5c6d6396b07543e3c24bab2fad275ccf9de91,0.5|1,0|0,0|0,0|0,0|0,0|0,0|0,0|0,0.5|0,0|0,0|0,0|0,0|0,0|0,0|0,0|0,0|0,0|0,0|0,0.5|0,0.5|1,0.5|0,0|0,0|0,0|0,0|0,0.5|0,2
88e3c44f2257fd8971b1b77472d0feaca434a0c7,0.5|1,0|0,0|0,0|0,0|0,0|0,0|0,0|0,0.5|0,0|0,0|0,0|0,0|0,0|0,0|0,0|0,0|0,0|0,0|0,0.5|0,0.5|1,0.5|0,0|0,0|0,0|0,0|0,0.5|0,2
2bab09ac03d630e2ab273628a5e340e0d207dd3c,0.5|1,0|0,0|0,0|0,0|0,0|0,0|0,0|0,0.5|0,0|0,0|0,0|0,0|0,0|0,0|0,0|0,0|0,0|0,0|0,0.5|0,0.5|1,0.5|0,0|0,0|0,0|0,0|0,0.5|0,2
afe255c5b2d4b7b15fd9bdecc83ede89bdbc2b51,0.5|1,0|0,0|0,0|0,0|0,0|0,0|0,0|0,0.5|0,0|0,0|0,0|0,0|0,0|0,0|0,0|0,0|0,0|0,0|0,0.5|0,0.5|1,0.5|0,0|0,0|0,0|0,0|0,0.5|0,2
642a3ee73411761c03a5480484be4d51b087f304,0.5|1,0|0,0|0,0|0,0|0,0|0,0|0,0|0,0.5|0,0|0,0|0,0|0,0|0,0|0,0|0,0|0,0|0,0|0,0|0,0.5|0,0.5|1,0.5|0,0|0,0|0,0|0,0|0,0.5|0,2
dbe932152d1bdb1ad05e9152284d5231bef3d8ed,0.5|1,0|0,0|0,0|0,0|0,0|0,0|0,0|0,0.5|0,0|0,0|0,0|0,0|0,0|0,0|0,0|0,0|0,0|0,0|0,0.5|0,0.5|1,0.5|0,0|0,0|0,0|0,0|0,0.5|0,2
366adbd546e6ccda8b9b6b57231f6ae488a26d08,0.5|1,0|0,0|0,0|0,0|0,0|0,0|0,0|0,0.5|0,0|0,0|0,0|0,0|0,0|0,0|0,0|0,0|0,0|0,0|0,0.5|0,0.5|1,0.5|0,0|0,0|0,0|0,0|0,0.5|0,2
e91853bda866e7ce5628591bf4c3beb9e01f189c,0.5|1,0|0,0|0,0|0,0|0,0|0,0|0,0|0,0.5|0,0|0,0|0,0|0,0|0,0|0,0|0,0|0,0|0,0|0,0|0,0.5|0,0.5|1,0.5|0,0|0,0|0,0|0,0|0,0.5|0,2
5fa633075d8c804300db6f479a8b730e0b51ecdb,0.5|1,0|0,0|0,0|0,0|0,0|0,0|0,0|0,0.5|0,0|0,0|0,0|0,0|0,0|0,0|0,0|0,0|0,0|0,0|0,0.5|0,0.5|1,0.5|0,0|0,0|0,0|0,0|0,0.5|0,2
c99d62c04a4516350ec6ee4d088d520b8f50de56,0.5|1,0|0,0|0,0|0,0|0,0|0,0|0,0|0,0.5|0,0|0,0|0,0|0,0|0,0|0,0|0,0|0,0|0,0|0,0|0,0.5|0,0.5|1,0.5|0,0|0,0|0,0|0,0|0,0.5|0,2
9f2c112ecb8c2b8dcb9ef847caea87acfd15aec4,0.5|1,0|0,0|0,0|0,0|0,0|0,0|0,0|0,0.5|0,0|0,0|0,0|0,0|0,0|0,0|0,0|0,0|0,0|0,0|0,0.5|0,0.5|1,0.5|0,0|0,0|0,0|0,0|0,0.5|0,2
a450b3427efb57f03cb0c4d33d336b6ba6ce2d7c,0.5|1,0|0,0|0,0|0,0|0,0|0,0|0,0|0,0.5|0,0|0,0|0,0|0,0|0,0|0,0|0,0|0,0|0,0|0,0|0,0.5|0,0.5|1,0.5|0,0|0,0|0,0|0,0|0,0.5|0,2
17d9d8450cdbae67f02bf64ba5e26f80c31113a3,0.5|1,0|0,0|0,0|0,0|0,0|0,0|0,0|0,0.5|0,0|0,0|0,0|0,0|0,0|0,0|0,0|0,0|0,0|0,0|0,0.5|0,0.5|1,0.5|0,0|0,0|0,0|0,0|0,0.5|0,2
708cedbdad0da1d5e794589962564ca0363ab18e,0.5|1,0|0,0|0,0|0,0|0,0|0,0|0,0|0,0.5|0,0|0,0|0,0|0,0|0,0|0,0|0,0|0,0|0,0|0,0|0,0.5|0,0.5|1,0.5|0,0|0,0|0,0|0,0|0,0.5|0,2
ee78b0b80514460936c585c3ff5fc477338ae371,0|0,0|0,0|0,0|0,0|0,0|0,0|0,0|0,0.5|0,0|0,0|0,0|0,0|0,0|0,0|0,0|0,0|0,0|0,0|0,0.5|0,0.5|1,0.5|0,0|0,0|0,0|0,0|0,0.5|0,1
af42a93874132cbca201cb4fd2040498dc460285,0|0,0|0,0|0,0|0,0|0,0|0,0|0,0|0,0.5|0,0|0,0|0,0|0,0|0,0|0,0|0,0|0,0|0,0|0,0|0,0.5|0,0.5|1,0.5|0,0|0,0|0,0|0,0|0,0.5|0,1
333c41c5d51450177553b8fd8cb2d710a7f7dec5,0|0,0|0,0|0,0|0,0|0,0|0,0|0,0|0,0.5|0,0|0,0|0,0|0,0|0,0|0,0|0,0|0,0|0,0|0,0|0,0.5|0,0|0,0.5|0,0|0,0|0,0|0,0|0,0.5|0,0
31169afb7252f58a2db2b365835f6166f9d4b6c9,0|0,0|0,0|0,0|0,0|0,0|0,0|0,0|0,0.5|1,0|0,0|0,0|0,0|0,0|0,0|0,0|0,0|0,0|0,0|0,0.5|0,0|0,0.5|0,0|0,0|0,0|0,0|0,0.5|0,1
cfd5519b981c1aeb8f150a13b0f116fb281c8782,0|0,0|0,0|0,0|0,0|0,0|0,0|0,0|0,0.5|1,0|0,0|0,0|0,0|0,0|0,0|0,0|0,0|0,0|0,0|0,0.5|0,0|0,0.5|0,0|0,0|0,0|0,0|0,0.5|0,1
4ad55997e049345880ebff170d9dcc756e2a30a0,0|0,0|0,0|0,0|0,0|0,0|0,0|0,0|0,0.5|1,0|0,0|0,0|0,0|0,0|0,0|0,0|0,0|0,0|0,0|0,0.5|0,0|0,0.5|0,0|0,0|0,0|0,0|0,0.5|0,1
5dd9fcb25c5cd6cd89076b3d0405f09bbf14f602,0|0,0|0,0|0,0|0,0|0,0|0,0|0,0|0,0.5|1,0|0,0|0,0|0,0|0,0|0,0|0,0|0,0|0,0|0,0|0,0.5|0,0|0,0.5|0,0|0,0|0,0|0,0|0,0.5|0,1
c1fb5b130eb7e33a70a6e838868e5d37d211c948,0|0,0|0,0|0,0|0,0|0,0|0,0|0,0|0,0.5|1,0|0,0|0,0|0,0|0,0|0,0|0,0|0,0|0,0|0,0|0,0.5|0,0|0,0.5|0,0|0,0|0,0|0,0|0,0.5|0,1
f14043aad6ab66f46cb9dababaef74ebae91c3da,0|0,0|0,0|0,0|0,0|0,0|0,0|0,0|0,0.5|1,0|0,0|0,0|0,0|0,0|0,0|0,0|0,0|0,0|0,0|0,0.5|0,0|0,0.5|0,0|0,0|0,0|0,0|0,0.5|0,1
3af3d0eceed3898b45411bcbcbdb2e67e23fcaa9,0|0,0|0,0|0,0|0,0|0,0|0,0|0,0|0,0.5|1,0|0,0|0,0|0,0|0,0|0,0|0,0|0,0|0,0|0,0|0,0.5|0,0|0,0.5|0,0|0,0|0,0|0,0|0,0.5|0,1
31b8c7a4041e17df0f910647d327a19bd93e1dcb,0|0,0|0,0|0,0|0,0|0,0|0,0|0,0|0,0.5|1,0|0,0|0,0|0,0|0,0|0,0|0,0|0,0|0,0|0,0|0,0.5|0,0|0,0.5|0,0|0,0|0,0|0,0|0,0.5|0,1
4d2b860c7faf15827fdf80d75dbf526e02018092,0|0,0|0,0|0,0|0,0|0,0|0,0|0,0|0,0.5|1,0|0,0|0,0|0,0|0,0|0,0|0,0|0,0|0,0|0,0|0,0.5|0,0|0,0.5|0,0|0,0|0,0|0,0|0,0.5|0,1
fe44567d2b98226501f4010316c7113cac68a224,0|0,0|0,0|0,0|0,0|0,0|0,0|0,0|0,0.5|1,0|0,0|0,0|0,0|0,0|0,0|0,0|0,0|0,0|0,0|0,0.5|0,0|0,0.5|0,0|0,0|0,0|0,0|0,0.5|0,1
5e1bfe0accc3c21ede26dc639c52009ac6165536,0|0,0|0,0|0,0|0,0|0,0|0,0|0,0|0,0.5|1,0|0,0|0,0|0,0|0,0|0,0|0,0|0,0|0,0|0,0|0,0.5|0,0|0,0.5|0,0|0,0|0,0|0,0|0,0.5|0,1
2882c93ec1910ce6c7dac27be8c969ab1feb8c39,0|0,0|0,0|0,0|0,0|0,0|0,0|0,0|0,0.5|1,0|0,0|0,0|0,0|0,0|0,0|0,0|0,0|0,0|0,0|0,0.5|0,0|0,0.5|0,0|0,0|0,0|0,0|0,0.5|0,1
40c41cee0c71b9361bdea91c58bbda04a15a875a,0|0,0|0,0|0,0|0,0|0,0|0,0|0,0|0,0.5|1,0|0,0|0,0|0,0|0,0|0,0|0,0|0,0|0,0|0,0|0,0.5|0,0|0,0.5|0,0|0,0|0,0|0,0|0,0.5|0,1
3a3a465e6bdeb5c62d28553f9ceb31ad95d9ec27,0|0,0|0,0|0,0|0,0|0,0|0,0|0,0|0,0.5|1,0|0,0|0,0|0,0|0,0|0,0|0,0|0,0|0,0|0,0|0,0.5|0,0|0,0.5|0,0|0,0|0,0|0,0|0,0.5|0,1
f61d9b3b53aa97c3dad6f8d065c989786662878a,0.5|0,0.5|0,0.5|0,0.5|0,0.5|0,0.5|0,0.5|0,0.5|0,0.5|1,0.5|0,0.5|0,0.5|0,0.5|0,0.5|0,0.5|0,0.5|0,0.5|0,0.5|0,0.5|0,0.5|0,0.5|0,0.5|0,0.5|0,0.5|0,0.5|0,0.5|0,0.5|0,1
9db15089b80f0690b464bf0b413e979f84ec3804,0.5|0,0.5|0,0.5|0,0.5|0,0.5|0,0.5|0,0.5|0,0.5|0,0.5|1,0.5|0,0.5|0,0.5|0,0.5|0,0.5|0,0.5|0,0.5|0,0.5|0,0.5|0,0.5|0,0.5|0,0.5|0,0.5|0,0.5|0,0.5|0,0.5|0,0.5|0,0.5|0,1
48e323985727a95ed17dce26c4c58d85558c26e3,0.5|0,0.5|0,0.5|0,0.5|0,0.5|0,0.5|0,0.5|0,0.5|0,0.5|1,0.5|0,0.5|0,0.5|0,0.5|0,0.5|0,0.5|0,0.5|0,0.5|0,0.5|0,0.5|0,0.5|0,0.5|0,0.5|0,0.5|0,0.5|0,0.5|0,0.5|0,0.5|0,1
fdcc843e786a0a19e8bccfe769e5e94641e1c15e,0.5|0,0.5|0,0.5|0,0.5|0,0.5|0,0.5|0,0.5|0,0.5|0,0.5|1,0.5|0,0.5|0,0.5|0,0.5|0,0.5|0,0.5|0,0.5|0,0.5|0,0.5|0,0.5|0,0.5|0,0.5|0,0.5|0,0.5|0,0.5|0,0.5|0,0.5|0,0.5|0,1
2c9510af1e116cb1c53e36278736dc7a1f64deae,0.5|0,0.5|0,0.5|0,0.5|0,0.5|0,0.5|0,0.5|0,0.5|0,0.5|1,0.5|0,0.5|0,0.5|0,0.5|0,0.5|0,0.5|0,0.5|0,0.5|0,0.5|0,0.5|0,0.5|0,0.5|0,0.5|0,0.5|0,0.5|0,0.5|0,0.5|0,0.5|0,1
5017768e5b08ab0904ad15f1b92e86318c35d1f8,0.5|0,0.5|0,0.5|0,0.5|0,0.5|0,0.5|0,0.5|0,0.5|0,0.5|1,0.5|0,0.5|0,0.5|0,0.5|0,0.5|0,0.5|0,0.5|0,0.5|0,0.5|0,0.5|0,0.5|0,0.5|0,0.5|0,0.5|0,0.5|0,0.5|0,0.5|0,0.5|0,1
fe8f6297f08d55bedea22d0c54161dd1cb5b8a70,0.5|0,0.5|0,0.5|0,0.5|0,0.5|0,0.5|0,0.5|0,0.5|0,0.5|1,0.5|0,0.5|0,0.5|0,0.5|0,0.5|0,0.5|0,0.5|0,0.5|0,0.5|0,0.5|0,0.5|0,0.5|0,0.5|0,0.5|0,0.5|0,0.5|0,0.5|0,0.5|0,1
3537cbbc78fd780cc39f59cddb77cc99ee2d726f,0.5|0,0.5|0,0.5|0,0.5|0,0.5|0,0.5|0,0.5|0,0.5|0,0.5|1,0.5|0,0.5|0,0.5|0,0.5|0,0.5|0,0.5|0,0.5|0,0.5|0,0.5|0,0.5|0,0.5|0,0.5|0,0.5|0,0.5|0,0.5|0,0.5|0,0.5|0,0.5|0,1
bebb5be6e028eb43af2e328a784916b1661a0e3b,0.5|0,0.5|0,0.5|0,0.5|0,0.5|0,0.5|0,0.5|0,0.5|0,0.5|1,0.5|0,0.5|0,0.5|0,0.5|0,0.5|0,0.5|0,0.5|0,0.5|0,0.5|0,0.5|0,0.5|0,0.5|0,0.5|0,0.5|0,0.5|0,0.5|0,0.5|0,0.5|0,1
8e8c3735bcc2cd10554fa8b89492423d093bcae0,0.5|0,0.5|0,0.5|0,0.5|0,0.5|0,0.5|0,0.5|0,0.5|0,0.5|1,0.5|0,0.5|0,0.5|0,0.5|0,0.5|0,0.5|0,0.5|0,0.5|0,0.5|0,0.5|0,0.5|0,0.5|0,0.5|0,0.5|0,0.5|0,0.5|0,0.5|0,0.5|0,1
8e6d2e251d803fd191b4b4f30c26a867361d8d81,0|0,0|0,0|0,0|0,0|0,0|0,0|0,0|0,0.5|1,0|0,0|0,0|0,0|0,0|0,0|0,0|0,0|0,0|0,0|0,0.5|0,0|0,0.5|0,0|0,0|0,0|0,0|0,0.5|0,1
b6b9a886f9785d11c50f7eec3f46633b181f87b8,0|0,0|0,0|0,0|0,0|0,0|0,0|0,0|0,0.5|1,0|0,0|0,0|0,0|0,0|0,0|0,0|0,0|0,0|0,0|0,0.5|0,0|0,0.5|0,0|0,0|0,0|0,0|0,0.5|0,1
19501715d7552585ceac8420fe88956967610576,0|0,0|0,0|0,0|0,0|0,0|0,0|0,0|0,0.5|1,0|0,0|0,0|0,0|0,0|0,0|0,0|0,0|0,0|0,0|0,0.5|0,0|0,0.5|0,0|0,0|0,0|0,0|0,0.5|0,1
7971bfded33794d35fe253b3f35ac5ad2af272bb,0|0,0|0,0|0,0|0,0|0,0|0,0|0,0|0,0.5|1,0|0,0|0,0|0,0|0,0|0,0|0,0|0,0|0,0|0,0|0,0.5|0,0|0,0.5|0,0|0,0|0,0|0,0|0,0.5|0,1
61af2c1d0ac1b0e78056bedf4b98ff9da7b35eb4,0|0,0|0,0|0,0|0,0|0,0|0,0|0,0|0,0.5|1,0|0,0|0,0|0,0|0,0|0,0|0,0|0,0|0,0|0,0|0,0.5|0,0|0,0.5|0,0|0,0|0,0|0,0|0,0.5|0,1
8d49e4a3054c6c43c2cdc3595a53a74daa1fc464,0|0,0|0,0|0,0|0,0|0,0|0,0|0,0|0,0.5|1,0|0,0|0,0|0,0|0,0|0,0|0,0|0,0|0,0|0,0|0,0.5|0,0|0,0.5|0,0|0,0|0,0|0,0|0,0.5|0,1
c1814571bd09440e09b7c32285367d580d65650a,0|0,0|0,0|0,0|0,0|0,0|0,0|0,0|0,0.5|1,0|0,0|0,0|0,0|0,0|0,0|0,0|0,0|0,0|0,0|0,0.5|0,0|0,0.5|0,0|0,0|0,0|0,0|0,0.5|0,1
611d1cea4c139c8f14088d3ac092c7d3ac648bca,0|0,0|0,0|0,0|0,0|0,0|0,0|0,0|0,0.5|1,0|0,0|0,0|0,0|0,0|0,0|0,0|0,0|0,0|0,0|0,0.5|0,0|0,0.5|0,0|0,0|0,0|0,0|0,0.5|0,1
127129995524728d49051c0f04161ede740adfe4,0|0,0|0,0|0,0|0,0|0,0|0,0|0,0|0,0.5|1,0|0,0|0,0|0,0|0,0|0,0|0,0|0,0|0,0|0,0|0,0.5|0,0|0,0.5|0,0|0,0|0,0|0,0|0,0.5|0,1
d3e9b55223fc310b8c7c9b081618440582ea833e,0|0,0|0,0|0,0|0,0|0,0|0,0|0,0|0,0.5|1,0|0,0|0,0|0,0|0,0|0,0|0,0|0,0|0,0|0,0|0,0.5|0,0|0,0.5|0,0|0,0|0,0|0,0|0,0.5|0,1
c449aa4430dd09cd993f9ecaa60720e0d7e64805,0|0,0|0,0|0,0|0,0|0,0|0,0|0,0|0,0.5|1,0|0,0|0,0|0,0|0,0|0,0|0,0|0,0|0,0|0,0|0,0.5|0,0|0,0.5|0,0|0,0|0,0|0,0|0,0.5|0,1
4faf517af41c7f75a4c5ed3ec6e05f0c8ade1152,0|0,0|0,0|0,0|0,0|0,0|0,0|0,0|0,0.5|1,0|0,0|0,0|0,0|0,0|0,0|0,0|0,0|0,0|0,0|0,0.5|0,0|0,0.5|0,0|0,0|0,0|0,0|0,0.5|0,1
89ed273e8136b5254ee2df8771c4cbdc3ca1599e,0|0,0|0,0|0,0|0,0|0,0|0,0|0,0|0,0.5|1,0|0,0|0,0|0,0|0,0|0,0|0,0|0,0|0,0|0,0|0,0.5|0,0|0,0.5|0,0|0,0|0,0|0,0|0,0.5|0,1
456900941892a3ff76cb68f4bf8fa01da39685fd,0|0,0|0,0|0,0|0,0|0,0|0,0|0,0|0,0.5|1,0|0,0|0,0|0,0|0,0|0,0|0,0|0,0|0,0|0,0|0,0.5|0,0|0,0.5|0,0|0,0|0,0|0,0|0,0.5|0,1
fefff2e46209079af26d9c34090f18217b8dcf51,0|0,0|0,0|0,0|0,0|0,0|0,0|0,0|0,0.5|1,0|0,0|0,0|0,0|0,0|0,0|0,0|0,0|0,0|0,0|0,0.5|0,0|0,0.5|0,0|0,0|0,0|0,0|0,0.5|0,1
aaa302ca3576607c7bf3b80730113b588da60d8d,0|0,0|0,0|0,0|0,0|0,0|0,0|0,0|0,0.5|1,0|0,0|0,0|0,0|0,0|0,0|0,0|0,0|0,0|0,0|0,0.5|0,0|0,0.5|0,0|0,0|0,0|0,0|0,0.5|0,1
71e45bb5a708262ed814d9e911ab831d6daf9643,0|0,0|0,0|0,0|0,0|0,0|0,0|0,0|0,0.5|1,0|0,0|0,0|0,0|0,0|0,0|0,0|0,0|0,0|0,0|0,0.5|0,0|0,0.5|0,0|0,0|0,0|0,0|0,0.5|0,1
1e2b0fe45f6ea1e90e18747d275a9e241e04d3f5,0|0,0|0,0|0,0|0,0|0,0|0,0|0,0|0,0.5|1,0|0,0|0,0|0,0|0,0|0,0|0,0|0,0|0,0|0,0|0,0.5|0,0|0,0.5|0,0|0,0|0,0|0,0|0,0.5|0,1
37c8c46623a3fb6a58e5cadb5f673252a69246d4,0|0,0|0,0|0,0|0,0|0,0|0,0|0,0|0,0.5|1,0|0,0|0,0|0,0|0,0|0,0|0,0|0,0|0,0|0,0|0,0.5|0,0|0,0.5|0,0|0,0|0,0|0,0|0,0.5|0,1
2c913155a25171af571c0c3ee4b0cc2430bab667,0|0,0|0,0|0,0|0,0|0,0|0,0|0,0|0,0.5|1,0|0,0|0,0|0,0|0,0|0,0|0,0|0,0|0,0|0,0|0,0.5|0,0|0,0.5|0,0|0,0|0,0|0,0|0,0.5|0,1
3af6d7999e387b8074a209aa9d44a0f29359c573,0|0,0|0,0|0,0|0,0|0,0|0,0|0,0|0,0.5|1,0|0,0|0,0|0,0|0,0|0,0|0,0|0,0|0,0|0,0|0,0.5|0,0|0,0.5|0,0|0,0|0,0|0,0|0,0.5|0,1
8ddfafe057fa4960fed5c427bea2c48d68e67655,0|0,0|0,0|0,0|0,0|0,0|0,0|0,0|0,0.5|1,0|0,0|0,0|0,0|0,0|0,0|0,0|0,0|0,0|0,0|0,0.5|0,0|0,0.5|0,0|0,0|0,0|0,0|0,0.5|0,1
e8af4fc1674cee7e3b7bfeee5a68644fd856cea5,0|0,0|0,0|0,0|0,0|0,0|0,0|0,0|0,0.5|1,0|0,0|0,0|0,0|0,0|0,0|0,0|0,0|0,0|0,0|0,0.5|0,0|0,0.5|0,0|0,0|0,0|0,0|0,0.5|0,1
9a6cf6af3eda2915d991dcacfc6e983cce014303,0|0,0|0,0|0,0|0,0|0,0|0,0|0,0|0,0.5|1,0|0,0|0,0|0,0|0,0|0,0|0,0|0,0|0,0|0,0|0,0.5|0,0|0,0.5|0,0|0,0|0,0|0,0|0,0.5|0,1
586f0a3e42084d3b7c94cea00aeff52babbc4da1,0|0,0|0,0|0,0|0,0|0,0|0,0|0,0|0,0.5|1,0|0,0|0,0|0,0|0,0|0,0|0,0|0,0|0,0|0,0|0,0.5|0,0|0,0.5|0,0|0,0|0,0|0,0|0,0.5|0,1
90aaa9e08382801bf6a95e4683877247a3bfefb7,0|0,0|0,0|0,0|0,0|0,0|0,0|0,0|0,0.5|1,0|0,0|0,0|0,0|0,0|0,0|0,0|0,0|0,0|0,0|0,0.5|0,0|0,0.5|0,0|0,0|0,0|0,0|0,0.5|0,1
a4cd265e7c4704a1522b00c57e3e894afa4d55d4,0|0,0|0,0|0,0|0,0|0,0|0,0|0,0|0,0.5|1,0|0,0|0,0|0,0|0,0|0,0|0,0|0,0|0,0|0,0|0,0.5|0,0|0,0.5|0,0|0,0|0,0|0,0|0,0.5|0,1
b0d3a70b919ad4398a4b66415331027fb5fa19df,0|0,0|0,0|0,0|0,0|0,0|0,0|0,0|0,0.5|1,0|0,0|0,0|0,0|0,0|0,0|0,0|0,0|0,0|0,0|0,0.5|0,0|0,0.5|0,0|0,0|0,0|0,0|0,0.5|0,1
8fd5ffd54ed0211f97000eca023d8a8824b1e168,0|0,0|0,0|0,0|0,0|0,0|0,0|0,0|0,0.5|1,0|0,0|0,0|0,0|0,0|0,0|0,0|0,0|0,0|0,0|0,0.5|0,0|0,0.5|0,0|0,0|0,0|0,0|0,0.5|0,1
4fd34e28eaf13b0cd6d6dcbcb105be14bccb12e7,0|0,0|0,0|0,0|0,0|0,0|0,0|0,0|0,0.5|1,0|0,0|0,0|0,0|0,0|0,0|0,0|0,0|0,0|0,0|0,0.5|0,0|0,0.5|0,0|0,0|0,0|0,0|0,0.5|0,1
cae3b71d7567aef2eb61607cddab2902c2757473,0|0,0|0,0|0,0|0,0|0,0|0,0|0,0|0,0.5|1,0|0,0|0,0|0,0|0,0|0,0|0,0|0,0|0,0|0,0|0,0.5|0,0|0,0.5|0,0|0,0|0,0|0,0|0,0.5|0,1
900cf7aca9bee7d5b37063c9f13918860ff7b8d3,0|0,0|0,0|0,0|0,0|0,0|0,0|0,0|0,0.5|1,0|0,0|0,0|0,0|0,0|0,0|0,0|0,0|0,0|0,0|0,0.5|0,0|0,0.5|0,0|0,0|0,0|0,0|0,0.5|0,1
82ba7f311f3767a9ee26b1aa9430655cd05d279b,0|0,0|0,0|0,0|0,0|0,0|0,0|0,0|0,0.5|1,0|0,0|0,0|0,0|0,0|0,0|0,0|0,0|0,0|0,0|0,0.5|0,0|0,0.5|0,0|0,0|0,0|0,0|0,0.5|0,1
a1b5feea966795a9bd2937c4ee09472ba8e3480d,0|0,0|0,0|0,0|0,0|0,0|0,0|0,0|0,0.5|1,0|0,0|0,0|0,0|0,0|0,0|0,0|0,0|0,0|0,0|0,0.5|0,0|0,0.5|0,0|0,0|0,0|0,0|0,0.5|0,1
d1db793211623cc5602458413112129fce8379c5,0|0,0|0,0|0,0|0,0.5|0,0|0,0|0,0.5|0,0.5|1,0|0,0|0,0|0,0|0,0|0,0|0,0.5|0,0|0,0|0,0|0,0.5|0,0|0,0.5|0,0.5|0,0.5|0,0.5|0,0.5|0,0.5|0,1
1742dfc04503111047db5ab45ca440ea747eb0d7,0|0,0|0,0|0,0|0,0.5|0,0|0,0|0,0.5|0,0.5|1,0|0,0|0,0|0,0|0,0|0,0|0,0.5|0,0|0,0|0,0|0,0.5|0,0|0,0.5|0,0.5|0,0.5|0,0.5|0,0.5|0,0.5|0,1
23fcccecf40aaf98e52cdae265af250855fb1a68,0|0,0|0,0|0,0|0,0.5|0,0|0,0|0,0.5|0,0.5|1,0|0,0|0,0|0,0|0,0|0,0|0,0.5|0,0|0,0|0,0|0,0.5|0,0|0,0.5|0,0.5|0,0.5|0,0.5|0,0.5|0,0.5|0,1
0fe341c34ee3e39fb0c8957e3ccfb9260ce268e8,0|0,0|0,0|0,0|0,0.5|0,0|0,0|0,0.5|0,0.5|1,0|0,0|0,0|0,0|0,0|0,0|0,0.5|0,0|0,0|0,0|0,0.5|0,0|0,0.5|0,0.5|0,0.5|0,0.5|0,0.5|0,0.5|0,1
b52e6db3538f8ac836649e01cd7a79e7bb221cbb,0|0,0|0,0|0,0|0,0.5|0,0|0,0|0,0.5|0,0.5|1,0|0,0|0,0|0,0|0,0|0,0|0,0.5|0,0|0,0|0,0|0,0.5|0,0|0,0.5|0,0.5|0,0.5|0,0.5|0,0.5|0,0.5|0,1
60e7b4902748ba1d8e1afffaa4948e829b6c22d8,0|0,0|0,0|0,0|0,0.5|0,0|0,0|0,0.5|0,0.5|1,0|0,0|0,0|0,0|0,0|0,0|0,0.5|0,0|0,0|0,0|0,0.5|0,0|0,0.5|0,0.5|0,0.5|0,0.5|0,0.5|0,0.5|0,1
3b40018f4dab74e7d55112b258532fe9dbe027be,0|0,0|0,0|0,0|0,0.5|0,0|0,0|0,0.5|0,0.5|1,0|0,0|0,0|0,0|0,0|0,0|0,0.5|0,0|0,0|0,0|0,0.5|0,0|0,0.5|0,0.5|0,0.5|0,0.5|0,0.5|0,0.5|0,1
c8e40a19db93a55ad8f8adb2ae470c5e68cf70aa,0|0,0|0,0|0,0|0,0.5|0,0|0,0|0,0.5|0,0.5|1,0|0,0|0,0|0,0|0,0|0,0|0,0.5|0,0|0,0|0,0|0,0.5|0,0|0,0.5|0,0.5|0,0.5|0,0.5|0,0.5|0,0.5|0,1
1ed9c7483d7c1fa6280961b6be0d8c910990d206,0|0,0|0,0|0,0|0,0.5|0,0|0,0|0,0.5|0,0.5|1,0|0,0|0,0|0,0|0,0|0,0|0,0.5|0,0|0,0|0,0|0,0.5|0,0|0,0.5|0,0.5|0,0.5|0,0.5|0,0.5|0,0.5|0,1
a46b24bacd54b38e809104bf52c01948e2ce4934,0|0,0|0,0|0,0|0,0|0,0|0,0|0,0|0,0.5|1,0|0,0|0,0|0,0|0,0|0,0|0,0|0,0|0,0|0,0|0,0.5|0,0|0,0.5|0,0|0,0|0,0|0,0|0,0.5|0,1
a40cde2d049a89e77f7e756d1d7e9594cd70e1d1,0|0,0|0,0|0,0|0,0|0,0|0,0|0,0|0,0.5|1,0|0,0|0,0|0,0|0,0|0,0|0,0|0,0|0,0|0,0|0,0.5|0,0|0,0.5|0,0|0,0|0,0|0,0|0,0.5|0,1
5da40bf027b2e91063bd012580bde7dd5e375ddd,0|0,0|0,0|0,0|0,0|0,0|0,0|0,0|0,0.5|1,0|0,0|0,0|0,0|0,0|0,0|0,0|0,0|0,0|0,0|0,0.5|0,0|0,0.5|0,0|0,0|0,0|0,0|0,0.5|0,1
94288b438e8b741aa944290774a32468f361a27a,0|0,0|0,0|0,0|0,0|0,0|0,0|0,0|0,0.5|1,0|0,0|0,0|0,0|0,0|0,0|0,0|0,0|0,0|0,0|0,0.5|0,0|0,0.5|0,0|0,0|0,0|0,0|0,0.5|0,1
30fdc7de4ac2778dfe75fa05a3b6649961411d69,0|0,0|0,0|0,0|0,0|0,0|0,0|0,0|0,0.5|1,0|0,0|0,0|0,0|0,0|0,0|0,0|0,0|0,0|0,0|0,0.5|0,0|0,0.5|0,0|0,0|0,0|0,0|0,0.5|0,1
a10368769c6457702e8e713c8da9d08d149c3936,0|0,0|0,0|0,0|0,0|0,0|0,0|0,0|0,0.5|1,0|0,0|0,0|0,0|0,0|0,0|0,0|0,0|0,0|0,0|0,0.5|0,0|0,0.5|0,0|0,0|0,0|0,0|0,0.5|0,1
5514a0529f21a2fcd21f24ee9bd51ac7936789de,0|0,0|0,0|0,0|0,0|0,0|0,0|0,0|0,0.5|1,0|0,0|0,0|0,0|0,0|0,0|0,0|0,0|0,0|0,0|0,0.5|0,0|0,0.5|0,0|0,0|0,0|0,0|0,0.5|0,1
04f4f589a18c12ef775d10e3e1da758d17058f8d,0|0,0|0,0|0,0|0,0|0,0|0,0|0,0|0,0.5|1,0|0,0|0,0|0,0|0,0|0,0|0,0|0,0|0,0|0,0|0,0.5|0,0|0,0.5|0,0|0,0|0,0|0,0|0,0.5|0,1
58ecb4aba2206b904ebb079b7d8c3ef5a424e49b,0|0,0|0,0|0,0|0,0|0,0|0,0|0,0|0,0.5|1,0|0,0|0,0|0,0|0,0|0,0|0,0|0,0|0,0|0,0|0,0.5|0,0|0,0.5|0,0|0,0|0,0|0,0|0,0.5|0,1
a0adbc9ef2ab006365f4a746929ff001b767da6f,0|0,0|0,0|0,0|0,0|0,0|0,0|0,0|0,0.5|1,0|0,0|0,0|0,0|0,0|0,0|0,0|0,0|0,0|0,0|0,0.5|0,0|0,0.5|0,0|0,0|0,0|0,0|0,0.5|0,1
6b295e4207d9cb7972202d33e00da35e0bd7c685,0|0,0|0,0|0,0|0,0|0,0|0,0|0,0|0,0.5|1,0|0,0|0,0|0,0|0,0|0,0|0,0|0,0|0,0|0,0|0,0.5|0,0|0,0.5|0,0|0,0|0,0|0,0|0,0.5|0,1
5c555466858e407a8cc5f0da1d83407cf2f5ad00,0|0,0|0,0|0,0|0,0.5|0,0|0,0|0,0.5|0,0.5|1,0|0,0|0,0|0,0|0,0|0,0|0,0.5|0,0|0,0|0,0|0,0.5|0,0|0,0.5|0,0.5|0,0.5|0,0.5|0,0.5|0,0.5|0,1
ee1c8073c2ecd0d7644d64ef3f2a2be4b5752c6e,0|0,0|0,0|0,0|0,0.5|0,0|0,0|0,0.5|0,0.5|1,0|0,0|0,0|0,0|0,0|0,0|0,0.5|0,0|0,0|0,0|0,0.5|0,0|0,0.5|0,0.5|0,0.5|0,0.5|0,0.5|0,0.5|0,1
b7690a45d790caf10913666617966f13d6c32709,0|0,0|0,0|0,0|0,0|0,0|0,0|0,0|0,0.5|1,0|0,0|0,0|0,0|0,0|0,0|0,0|0,0|0,0|0,0|0,0.5|0,0|0,0.5|0,0|0,0|0,0|0,0|0,0.5|0,1
889815629b42f9abf0f0182bb8d2667cedf5ece0,0|0,0|0,0|0,0|0,0.5|0,0|0,0|0,0.5|0,0.5|1,0|0,0|0,0|0,0|0,0|0,0|0,0.5|0,0|0,0|0,0|0,0.5|0,0|0,0.5|0,0.5|0,0.5|0,0.5|0,0.5|0,0.5|0,1
a487e9595e0030c1775e324b2a1bbba5f982bfe2,0|0,0|0,0|0,0|0,0.5|0,0|0,0|0,0.5|0,0.5|1,0|0,0|0,0|0,0|0,0|0,0|0,0.5|0,0|0,0|0,0|0,0.5|0,0|0,0.5|0,0.5|0,0.5|0,0.5|0,0.5|0,0.5|0,1
4ef7ed9ffd2acacfc5026db4fb984a1386a07bdb,0|0,0|0,0|0,0|0,0.5|0,0|0,0|0,0.5|0,0.5|1,0|0,0|0,0|0,0|0,0|0,0|0,0|0,0|0,0|0,0|0,0.5|0,0|0,0.5|0,0.5|0,0.5|0,0.5|0,0.5|0,0.5|0,1
61c20cf83dfce5a7e2f0d5ec78dc976de74855f1,0|0,0|0,0|0,0|0,0.5|0,0|0,0|0,0.5|0,0.5|1,0|0,0|0,0|0,0|0,0|0,0|0,0|0,0|0,0|0,0|0,0.5|0,0|0,0.5|0,0.5|0,0.5|0,0.5|0,0.5|0,0.5|0,1
0ae344194983200776fd0710ebbd1555b570c14c,0|0,0|0,0|0,0|0,0|0,0|0,0|0,0|0,0.5|1,0|0,0|0,0|0,0|0,0|0,0|0,0|0,0|0,0|0,0|0,0.5|0,0|0,0.5|0,0|0,0|0,0|0,0|0,0.5|0,1
713396116d5629929c77f6a4b6f1ecbf80188d49,0|0,0|0,0|0,0|0,0.5|0,0|0,0|0,0.5|0,0.5|1,0|0,0|0,0|0,0|0,0|0,0|0,0|0,0|0,0|0,0|0,0.5|0,0|0,0.5|0,0.5|0,0.5|0,0.5|0,0.5|0,0.5|0,1
a9873b87ddb19056119ba3abb3de515b97e669fc,0|0,0|0,0|0,0|0,0.5|0,0|0,0|0,0.5|0,0.5|1,0|0,0|0,0|0,0|0,0|0,0|0,0|0,0|0,0|0,0|0,0.5|0,0|0,0.5|0,0.5|0,0.5|0,0.5|0,0.5|0,0.5|0,1
7ef40cdc1758e7b7282d83f495d8810c6f178a51,0|0,0|0,0|0,0|0,0.5|0,0|0,0|0,0.5|0,0.5|1,0|0,0|0,0|0,0|0,0|0,0|0,0|0,0|0,0|0,0|0,0.5|0,0|0,0.5|0,0.5|0,0.5|0,0.5|0,0.5|0,0.5|0,1
cd4dc5a9e7de69c1bdcaeca0ebd2924caf239ef5,0|0,0|0,0|0,0|0,0.5|0,0|0,0|0,0.5|0,0.5|1,0|0,0|0,0|0,0|0,0|0,0|0,0|0,0|0,0|0,0|0,0.5|0,0|0,0.5|0,0.5|0,0.5|0,0.5|0,0.5|0,0.5|0,1
7d3e4b0878f4e3a9b58fd38b7e040e8181278d9f,0|0,0|0,0|0,0|0,0.5|0,0|0,0|0,0.5|0,0.5|1,0|0,0|0,0|0,0|0,0|0,0|0,0|0,0|0,0|0,0|0,0.5|0,0|0,0.5|0,0.5|0,0.5|0,0.5|0,0.5|0,0.5|0,1
471df32faab8748abbc4972f9e595ed50198a12f,0|0,0|0,0|0,0|0,0.5|0,0|0,0|0,0.5|0,0.5|1,0|0,0|0,0|0,0|0,0|0,0|0,0|0,0|0,0|0,0|0,0.5|0,0|0,0.5|0,0.5|0,0.5|0,0.5|0,0.5|0,0.5|0,1
5d576f4b310f5f89ed3239bf03c81c271b44470d,0|0,0|0,0|0,0|0,0.5|0,0|0,0|0,0.5|0,0.5|1,0|0,0|0,0|0,0|0,0|0,0|0,0|0,0|0,0|0,0|0,0.5|0,0|0,0.5|0,0.5|0,0.5|0,0.5|0,0.5|0,0.5|0,1
092370f8a5ec4812e7ecd7d7f482e6e39d1d917e,0|0,0|0,0|0,0|0,0.5|0,0|0,0|0,0.5|0,0.5|1,0|0,0|0,0|0,0|0,0|0,0|0,0|0,0|0,0|0,0|0,0.5|0,0|0,0.5|0,0.5|0,0.5|0,0.5|0,0.5|0,0.5|0,1
b119781b0218cdbc5b5a060f9a4e8555a25c8b1d,0|0,0|0,0|0,0|0,0.5|0,0|0,0|0,0.5|0,0.5|1,0|0,0|0,0|0,0|0,0|0,0|0,0|0,0|0,0|0,0|0,0.5|0,0|0,0.5|0,0.5|0,0.5|0,0.5|0,0.5|0,0.5|0,1
a501c0d18555baef80f81011de18ed63c9103986,0|0,0|0,0|0,0|0,0.5|0,0|0,0|0,0.5|0,0.5|1,0|0,0|0,0|0,0|0,0|0,0|0,0|0,0|0,0|0,0|0,0.5|0,0|0,0.5|0,0.5|0,0.5|0,0.5|0,0.5|0,0.5|0,1
14aaa64d3e34ac18ce6fb7b8f2a27eef5e783f5a,0|0,0|0,0.5|0,0.5|0,0.5|0,0|0,0|0,0.5|0,0.5|1,0.5|0,0|0,0|0,0|0,0|0,0|0,0|0,0|0,0.5|0,0|0,0.5|0,0|0,0|0,0.5|0,0.5|0,0.5|0,0.5|0,0|0,1
230e2f9a609b6dcd114074c13d29161dd6cbbbc3,0|0,0|0,0.5|0,0.5|0,0.5|0,0|0,0|0,0.5|0,0.5|1,0.5|0,0|0,0|0,0|0,0|0,0|0,0|0,0|0,0.5|0,0|0,0.5|0,0|0,0|0,0.5|0,0.5|0,0.5|0,0.5|0,0|0,1
91af2c7513b72d561628098b4d178e8ebe358188,0|0,0|0,0.5|0,0.5|0,0.5|0,0|0,0|0,0.5|0,0.5|1,0|0,0|0,0|0,0|0,0|0,0|0,0|0,0|0,0|0,0|0,0.5|0,0|0,0.5|0,0.5|0,0.5|0,0.5|0,0.5|0,0.5|0,1
1f9b3f35383e2d7384741684eb4a25b791c9257f,0|0,0|0,0.5|0,0.5|0,0.5|0,0|0,0|0,0.5|0,0.5|1,0|0,0|0,0|0,0|0,0|0,0|0,0|0,0|0,0|0,0|0,0.5|0,0|0,0.5|0,0.5|0,0.5|0,0.5|0,0.5|0,0.5|0,1
167c03fde4e5c763af3bfc9a1ab406c012ef627b,0|0,0|0,0.5|0,0.5|0,0.5|0,0|0,0|0,0.5|0,0.5|1,0|0,0|0,0|0,0|0,0|0,0|0,0|0,0|0,0|0,0|0,0.5|0,0|0,0.5|0,0.5|0,0.5|0,0.5|0,0.5|0,0.5|0,1
70baccbe954605be6a40d0a8a60c7730e02c9771,0|0,0.5|0,0.5|0,0.5|0,0.5|0,0|0,0|0,0.5|0,0.5|1,0.5|0,0.5|0,0|0,0|0,0|0,0|0,0|0,0|0,0.5|0,0|0,0.5|0,0|0,0.5|0,0.5|0,0.5|0,0.5|0,0.5|0,0.5|0,1
45a77ab88d276d5d56e41431519f82838a181229,0.5|0,0.5|0,0.5|0,0.5|0,0.5|0,0|0,0|0,0.5|0,0.5|1,0|0,0|0,0|0,0|0,0|0,0.5|0,0.5|0,0.5|0,0|0,0.5|0,0.5|0,0.5|0,0.5|0,0.5|0,0.5|0,0.5|0,0.5|0,0.5|0,1
723129bc123699ef72332ed106628236b96bd20d,0.5|0,0.5|0,0.5|0,0.5|0,0.5|0,0|0,0|0,0.5|0,0.5|1,0|0,0|0,0|0,0|0,0|0,0.5|0,0.5|0,0.5|0,0|0,0.5|0,0.5|0,0.5|0,0.5|0,0.5|0,0.5|0,0.5|0,0.5|0,0.5|0,1
8d4af9eb0b799f22b25783e8e1b7af329b5a917b,0.5|0,0.5|0,0.5|0,0.5|0,0.5|0,0|0,0|0,0.5|0,0.5|1,0|0,0|0,0|0,0|0,0|0,0.5|0,0.5|0,0.5|0,0|0,0.5|0,0.5|0,0.5|0,0.5|0,0.5|0,0.5|0,0.5|0,0.5|0,0.5|0,1
7e0465370f1ccf2df64a28336b6bca0865bf7af4,0.5|0,0.5|0,0.5|0,0.5|0,0.5|0,0|0,0|0,0.5|0,0.5|1,0|0,0|0,0|0,0|0,0|0,0.5|0,0.5|0,0.5|0,0|0,0.5|0,0.5|0,0.5|0,0.5|0,0.5|0,0.5|0,0.5|0,0.5|0,0.5|0,1
0cd19b59e19a7129f4064fcb94e0e39615ec0cdc,0.5|0,0.5|0,0.5|0,0.5|0,0.5|0,0|0,0|0,0.5|0,0.5|1,0|0,0|0,0|0,0|0,0|0,0.5|0,0.5|0,0.5|0,0|0,0.5|0,0.5|0,0.5|0,0.5|0,0.5|0,0.5|0,0.5|0,0.5|0,0.5|0,1
348551c920a94b103e0440877b71759ca3dff001,0.5|0,0.5|0,0.5|0,0.5|0,0.5|0,0|0,0|0,0.5|0,0.5|1,0|0,0|0,0|0,0|0,0|0,0.5|0,0.5|0,0.5|0,0|0,0.5|0,0.5|0,0.5|0,0.5|0,0.5|0,0.5|0,0.5|0,0.5|0,0.5|0,1
111246f1d23f6705368d1e615b2a7b3b930a189a,0.5|0,0.5|0,0.5|0,0.5|0,0.5|0,0|0,0|0,0.5|0,0.5|1,0|0,0|0,0|0,0|0,0|0,0.5|0,0.5|0,0.5|0,0|0,0.5|0,0.5|0,0.5|0,0.5|0,0.5|0,0.5|0,0.5|0,0.5|0,0.5|0,1
0fd77d642c1e7f3cff6f9cf4b60da0d5e516bbe4,0.5|0,0.5|0,0.5|0,0.5|0,0.5|0,0|0,0|0,0.5|0,0.5|1,0|0,0|0,0|0,0|0,0|0,0.5|0,0.5|0,0.5|0,0|0,0.5|0,0.5|0,0.5|0,0.5|0,0.5|0,0.5|0,0.5|0,0.5|0,0.5|0,1
72836fa3cb82705ab545c44282d546f91d54892b,0.5|0,0.5|0,0.5|0,0.5|0,0.5|0,0|0,0|0,0.5|0,0.5|1,0|0,0|0,0|0,0|0,0|0,0.5|0,0.5|0,0.5|0,0|0,0.5|0,0.5|0,0.5|0,0.5|0,0.5|0,0.5|0,0.5|0,0.5|0,0.5|0,1
094aa6863211209f888c6a83e15a88dd0c99113c,0.5|0,0.5|0,0.5|0,0.5|0,0.5|0,0|0,0|0,0.5|0,0.5|1,0|0,0|0,0|0,0|0,0|0,0.5|0,0.5|0,0.5|0,0|0,0.5|0,0.5|0,0.5|0,0.5|0,0.5|0,0.5|0,0.5|0,0.5|0,0.5|0,1
d138522e33f1e84b52ddbca35bc3ef895dc528ea,0.5|0,0.5|0,0.5|0,0.5|0,0.5|0,0|0,0|0,0.5|0,0.5|1,0|0,0|0,0|0,0|0,0|0,0.5|0,0.5|0,0.5|0,0|0,0.5|0,0.5|0,0.5|0,0.5|0,0.5|0,0.5|0,0.5|0,0.5|0,0.5|0,1
40b3aeb6266af5bb7d4c94798ed54a71ced6f083,0.5|0,0.5|0,0.5|0,0.5|0,0.5|0,0|0,0|0,0.5|0,0.5|1,0|0,0|0,0|0,0|0,0|0,0.5|0,0.5|0,0.5|0,0|0,0.5|0,0.5|0,0.5|0,0.5|0,0.5|0,0.5|0,0.5|0,0.5|0,0.5|0,1
8db1cbe35f5d05cb8aaed1fbd9b8f235e483507a,0.5|0,0.5|0,0.5|0,0.5|0,0.5|0,0|0,0|0,0.5|0,0.5|1,0|0,0|0,0|0,0|0,0|0,0.5|0,0.5|0,0.5|0,0|0,0.5|0,0.5|0,0.5|0,0.5|0,0.5|0,0.5|0,0.5|0,0.5|0,0.5|0,1
3dede423e640e50032d877573f8047e60e5da48b,0.5|0,0.5|0,0.5|0,0.5|0,0.5|0,0|0,0|0,0.5|0,0.5|1,0|0,0|0,0|0,0|0,0|0,0.5|0,0.5|0,0.5|0,0|0,0.5|0,0.5|0,0.5|0,0.5|0,0.5|0,0.5|0,0.5|0,0.5|0,0.5|0,1
5475dbcb3ca705e1a29256cdd1b452d89936af74,0.5|0,0.5|0,0.5|0,0.5|0,0.5|0,0|0,0|0,0.5|0,0.5|1,0|0,0|0,0|0,0|0,0|0,0.5|0,0.5|0,0.5|0,0|0,0.5|0,0.5|0,0.5|0,0.5|0,0.5|0,0.5|0,0.5|0,0.5|0,0.5|0,1
3687f71bf7fc239ac726f8303b21f4c9b51a5a08,0.5|0,0.5|0,0.5|0,0.5|0,0.5|0,0|0,0|0,0.5|0,0.5|1,0|0,0|0,0|0,0|0,0|0,0.5|0,0.5|0,0.5|0,0|0,0.5|0,0.5|0,0.5|0,0.5|0,0.5|0,0.5|0,0.5|0,0.5|0,0.5|0,1
723176d62f90a3d8d300d292f3fc7404c8200607,0.5|0,0.5|0,0.5|0,0.5|0,0.5|0,0|0,0|0,0.5|0,0.5|1,0|0,0|0,0|0,0|0,0|0,0.5|0,0.5|0,0.5|0,0|0,0.5|0,0.5|0,0.5|0,0.5|0,0.5|0,0.5|0,0.5|0,0.5|0,0.5|0,1
c339136c737b991ce6e1b50bdb8ec18dd85c7eb5,0.5|0,0.5|0,0.5|0,0.5|0,0.5|0,0|0,0|0,0.5|0,0.5|1,0|0,0|0,0|0,0|0,0|0,0.5|0,0.5|0,0.5|0,0|0,0.5|0,0.5|0,0.5|0,0.5|0,0.5|0,0.5|0,0.5|0,0.5|0,0.5|0,1
f1044f3645ff3c182166fc43cc7a9b35c4f6b76c,0.5|0,0.5|0,0.5|0,0.5|0,0.5|0,0|0,0|0,0.5|0,0.5|1,0|0,0|0,0|0,0|0,0|0,0.5|0,0.5|0,0.5|0,0|0,0.5|0,0.5|0,0.5|0,0.5|0,0.5|0,0.5|0,0.5|0,0.5|0,0.5|0,1
e9308a2011358e004772da9924d290b7abb01e11,0.5|0,0.5|0,0.5|0,0.5|0,0.5|0,0|0,0|0,0.5|0,0.5|1,0|0,0|0,0|0,0|0,0|0,0.5|0,0.5|0,0.5|0,0|0,0.5|0,0.5|0,0.5|0,0.5|0,0.5|0,0.5|0,0.5|0,0.5|0,0.5|0,1
09531d720a5e955d6c9307a33d0240ead892768f,0.5|0,0.5|0,0.5|0,0.5|0,0.5|0,0|0,0|0,0.5|0,0.5|1,0|0,0|0,0|0,0|0,0|0,0.5|0,0.5|0,0.5|0,0|0,0.5|0,0.5|0,0.5|0,0.5|0,0.5|0,0.5|0,0.5|0,0.5|0,0.5|0,1
2a0f53dd4f7d8db2b1b320223655f7041205438a,0.5|0,0.5|0,0.5|0,0.5|0,0.5|0,0|0,0|0,0.5|0,0.5|1,0|0,0|0,0|0,0|0,0|0,0.5|0,0.5|0,0.5|0,0|0,0.5|0,0.5|0,0.5|0,0.5|0,0.5|0,0.5|0,0.5|0,0.5|0,0.5|0,1
63435adc68ae3f0a83f89351f70a329a5d9c2953,0.5|0,0.5|0,0.5|0,0.5|0,0.5|0,0|0,0|0,0.5|0,0.5|1,0|0,0|0,0|0,0|0,0|0,0.5|0,0.5|0,0.5|0,0|0,0.5|0,0.5|0,0.5|0,0.5|0,0.5|0,0.5|0,0.5|0,0.5|0,0.5|0,1
34dad7f543f006ad269ce1f935a9e8d3e3a83db7,0|0,0|0,0|0,0|0,0.5|0,0|0,0|0,0.5|0,0.5|1,0|0,0|0,0|0,0|0,0|0,0|0,0|0,0|0,0|0,0|0,0.5|0,0|0,0.5|0,0.5|0,0.5|0,0.5|0,0.5|0,0.5|0,1
2f7d0cf20f7dc844cf20dd4d540d737d6801f1c4,0|0,0|0,0|0,0|0,0.5|0,0|0,0|0,0.5|0,0.5|1,0|0,0|0,0|0,0|0,0|0,0|0,0|0,0|0,0|0,0|0,0.5|0,0|0,0.5|0,0.5|0,0.5|0,0.5|0,0.5|0,0.5|0,1
8e466ad56830e534ac164fae6ffbbee21ab615c4,0|0,0|0,0|0,0|0,0.5|0,0|0,0|0,0.5|0,0.5|1,0|0,0|0,0|0,0|0,0|0,0|0,0|0,0|0,0|0,0|0,0.5|0,0|0,0.5|0,0.5|0,0.5|0,0.5|0,0.5|0,0.5|0,1
d7e02d3bf5cfdfb5d8a954c4a42b831598a32677,0|0,0|0,0|0,0|0,0.5|0,0|0,0|0,0.5|0,0.5|1,0|0,0|0,0|0,0|0,0|0,0|0,0|0,0|0,0|0,0|0,0.5|0,0|0,0.5|0,0.5|0,0.5|0,0.5|0,0.5|0,0.5|0,1
2493c5de07f6df1b0c20b4882a8d35fe8f7bb2cc,0|0,0|0,0|0,0|0,0.5|0,0|0,0|0,0.5|0,0.5|1,0|0,0|0,0|0,0|0,0|0,0|0,0|0,0|0,0|0,0|0,0.5|0,0|0,0.5|0,0.5|0,0.5|0,0.5|0,0.5|0,0.5|0,1
a0e1bf7ae5c23a8ceccc851353162d111810f332,0|0,0|0,0|0,0|0,0.5|0,0|0,0|0,0.5|0,0.5|1,0|0,0|0,0|0,0|0,0|0,0|0,0|0,0|0,0|0,0|0,0.5|0,0|0,0.5|0,0.5|0,0.5|0,0.5|0,0.5|0,0.5|0,1
1fb134138960a65ef0bd2d5bdd45af3ac472dbe7,0|0,0|0,0|0,0|0,0.5|0,0|0,0|0,0.5|0,0.5|1,0|0,0|0,0|0,0|0,0|0,0|0,0|0,0|0,0|0,0|0,0.5|0,0|0,0.5|0,0.5|0,0.5|0,0.5|0,0.5|0,0.5|0,1
5450f61681d0c46c587dbe789bf19f1cb573e794,0|0,0|0,0|0,0|0,0.5|0,0|0,0|0,0.5|0,0.5|1,0|0,0|0,0|0,0|0,0|0,0|0,0|0,0|0,0|0,0|0,0.5|0,0|0,0.5|0,0.5|0,0.5|0,0.5|0,0.5|0,0.5|0,1
0d82c95a027c7680f88ad1b50d37b19dd3b100a8,0|0,0|0,0|0,0|0,0.5|0,0|0,0|0,0.5|0,0.5|1,0|0,0|0,0|0,0|0,0|0,0|0,0|0,0|0,0|0,0|0,0.5|0,0|0,0.5|0,0.5|0,0.5|0,0.5|0,0.5|0,0.5|0,1
6c855c561cec37a1826196a94e5a370cbfd2acb2,0|0,0|0,0|0,0|0,0.5|0,0|0,0|0,0.5|0,0.5|1,0|0,0|0,0|0,0|0,0|0,0|0,0|0,0|0,0|0,0|0,0.5|0,0|0,0.5|0,0.5|0,0.5|0,0.5|0,0.5|0,0.5|0,1
e0b27af205f2e8e733f93237df426bd65a45526d,0|0,0|0,0|0,0|0,0.5|0,0|0,0|0,0.5|0,0.5|1,0|0,0|0,0|0,0|0,0|0,0|0,0|0,0|0,0|0,0|0,0.5|0,0|0,0.5|0,0.5|0,0.5|0,0.5|0,0.5|0,0.5|0,1
cd5c91b8efba5741a6046e4b82a6ecedfefd837f,0|0,0|0,0|0,0|0,0.5|0,0|0,0|0,0.5|0,0.5|1,0|0,0|0,0|0,0|0,0|0,0|0,0|0,0|0,0|0,0|0,0.5|0,0|0,0.5|0,0.5|0,0.5|0,0.5|0,0.5|0,0.5|0,1
31d8c2dfd14ed01b430def2f46cc718ef4b595fc,0|0,0|0,0|0,0|0,0.5|0,0|0,0|0,0.5|0,0.5|1,0|0,0|0,0|0,0|0,0|0,0|0,0|0,0|0,0|0,0|0,0.5|0,0|0,0.5|0,0.5|0,0.5|0,0.5|0,0.5|0,0.5|0,1
8f4a6c703b5ae7d4f44cf33c85330171afa917bf,0|0,0|0,0|0,0|0,0.5|0,0|0,0|0,0.5|0,0.5|1,0|0,0|0,0|0,0|0,0|0,0|0,0|0,0|0,0|0,0|0,0.5|0,0|0,0.5|0,0.5|0,0.5|0,0.5|0,0.5|0,0.5|0,1
6a9241b5322070923d199bfd9bf05b329cd1bfff,0|0,0|0,0|0,0|0,0.5|0,0|0,0|0,0.5|0,0.5|1,0|0,0|0,0|0,0|0,0|0,0|0,0|0,0|0,0|0,0|0,0.5|0,0|0,0.5|0,0.5|0,0.5|0,0.5|0,0.5|0,0.5|0,1
70716be8150c1c3ec246b8a733f7f6b34c89e66d,0|0,0|0,0|0,0|0,0.5|0,0|0,0|0,0.5|0,0.5|1,0|0,0|0,0|0,0|0,0|0,0|0,0|0,0|0,0|0,0|0,0.5|0,0|0,0.5|0,0.5|0,0.5|0,0.5|0,0.5|0,0.5|0,1
95cae64f834e532ea6fd877abc361087e8ae18ba,0|0,0|0,0|0,0|0,0.5|0,0|0,0|0,0.5|0,0.5|1,0|0,0|0,0|0,0|0,0|0,0|0,0|0,0|0,0|0,0|0,0.5|0,0|0,0.5|0,0.5|0,0.5|0,0.5|0,0.5|0,0.5|0,1
81ace3689d610d7d8a269f90743d7ec3b48013cc,0|0,0|0,0|0,0|0,0.5|0,0|0,0|0,0.5|0,0.5|1,0|0,0|0,0|0,0|0,0|0,0|0,0|0,0|0,0|0,0|0,0.5|0,0|0,0.5|0,0.5|0,0.5|0,0.5|0,0.5|0,0.5|0,1
21ee26b0704ec2ae1040010d2d5266a499ec4e2d,0|0,0|0,0|0,0|0,0.5|0,0|0,0|0,0.5|0,0.5|1,0|0,0|0,0|0,0|0,0|0,0|0,0|0,0|0,0|0,0|0,0.5|0,0|0,0.5|0,0.5|0,0.5|0,0.5|0,0.5|0,0.5|0,1
dca02dd9a09cc06dd60b88a86ad69f8bc95a441f,0|0,0|0,0|0,0|0,0.5|0,0|0,0|0,0.5|0,0.5|1,0|0,0|0,0|0,0|0,0|0,0|0,0|0,0|0,0|0,0|0,0.5|0,0|0,0.5|0,0.5|0,0.5|0,0.5|0,0.5|0,0.5|0,1
6b1770e7addfebc83c549fdf1cee3246c381e46f,0|0,0|0,0|0,0|0,0.5|0,0|0,0|0,0.5|0,0.5|1,0|0,0|0,0|0,0|0,0|0,0|0,0|0,0|0,0|0,0|0,0.5|0,0|0,0.5|0,0.5|0,0.5|0,0.5|0,0.5|0,0.5|0,1
261e0b6b0d57075f7c802f17901ae03b55b8f27c,0|0,0|0,0|0,0|0,0.5|0,0|0,0|0,0.5|0,0.5|1,0|0,0|0,0|0,0|0,0|0,0|0,0|0,0|0,0|0,0|0,0.5|0,0|0,0.5|0,0.5|0,0.5|0,0.5|0,0.5|0,0.5|0,1
906108bb691a35828cc4e09fcba904d08c24d458,0|0,0|0,0|0,0|0,0.5|0,0|0,0|0,0.5|0,0.5|1,0|0,0|0,0|0,0|0,0|0,0|0,0|0,0|0,0|0,0|0,0.5|0,0|0,0.5|0,0.5|0,0.5|0,0.5|0,0.5|0,0.5|0,1
c212776f45ba4190f378aac017e69e1125cb83e7,0|0,0|0,0|0,0|0,0.5|0,0|0,0|0,0.5|0,0.5|1,0|0,0|0,0|0,0|0,0|0,0|0,0|0,0|0,0|0,0|0,0.5|0,0|0,0.5|0,0.5|0,0.5|0,0.5|0,0.5|0,0.5|0,1
ad7eb834cf20e1e8f5889b1f095162763abcd053,0|0,0|0,0|0,0|0,0.5|0,0|0,0|0,0.5|0,0.5|1,0|0,0|0,0|0,0|0,0|0,0|0,0|0,0|0,0|0,0|0,0.5|0,0|0,0.5|0,0.5|0,0.5|0,0.5|0,0.5|0,0.5|0,1
af40303fe8e94c7cd103f1eb980cdd872dc9b6d2,0|0,0|0,0|0,0|0,0.5|0,0|0,0|0,0.5|0,0.5|1,0|0,0|0,0|0,0|0,0|0,0|0,0|0,0|0,0|0,0|0,0.5|0,0|0,0.5|0,0.5|0,0.5|0,0.5|0,0.5|0,0.5|0,1
d54f346937e478e81d36a942e3a5df7834db11d1,0|0,0|0,0|0,0|0,0.5|0,0|0,0|0,0.5|0,0.5|1,0|0,0|0,0|0,0|0,0|0,0|0,0|0,0|0,0|0,0|0,0.5|0,0|0,0.5|0,0.5|0,0.5|0,0.5|0,0.5|0,0.5|0,1
ce704f5eb15d103ab6db1ba974548f8bb3e5882b,0|0,0|0,0|0,0|0,0.5|0,0|0,0|0,0.5|0,0.5|1,0|0,0|0,0|0,0|0,0|0,0|0,0|0,0|0,0|0,0|0,0.5|0,0|0,0.5|0,0.5|0,0.5|0,0.5|0,0.5|0,0.5|0,1
5b9af968518344ba92b7023428280873fab1d34e,0|0,0|0,0|0,0|0,0.5|0,0|0,0|0,0.5|0,0.5|1,0|0,0|0,0|0,0|0,0|0,0|0,0|0,0|0,0|0,0|0,0.5|0,0|0,0.5|0,0.5|0,0.5|0,0.5|0,0.5|0,0.5|0,1
14e396273ca06e6bbed7e3484166f64373501972,0|0,0|0,0|0,0|0,0.5|0,0|0,0|0,0.5|0,0.5|1,0|0,0|0,0|0,0|0,0|0,0|0,0|0,0|0,0|0,0|0,0.5|0,0|0,0.5|0,0.5|0,0.5|0,0.5|0,0.5|0,0.5|0,1
649ee272eca4d5ca659e70059b32cd3375e5404e,0|0,0|0,0|0,0|0,0.5|0,0|0,0|0,0.5|0,0.5|1,0|0,0|0,0|0,0|0,0|0,0|0,0|0,0|0,0|0,0|0,0.5|0,0|0,0.5|0,0.5|0,0.5|0,0.5|0,0.5|0,0.5|0,1
2e89f1634fee658ccda0a38b65975e96a3c64c7c,0|0,0|0,0|0,0|0,0.5|0,0|0,0|0,0.5|0,0.5|1,0|0,0|0,0|0,0|0,0|0,0|0,0|0,0|0,0|0,0|0,0.5|0,0|0,0.5|0,0.5|0,0.5|0,0.5|0,0.5|0,0.5|0,1
8d519ed3c4a8c4cedd9ea7e9c11a6348d447d452,0|0,0|0,0|0,0|0,0.5|0,0|0,0|0,0.5|0,0.5|1,0|0,0|0,0|0,0|0,0|0,0|0,0|0,0|0,0|0,0|0,0.5|0,0|0,0.5|0,0.5|0,0.5|0,0.5|0,0.5|0,0.5|0,1
7e7458edce303ac3e8f421e52dacc350c908274c,0|0,0|0,0|0,0|0,0.5|0,0|0,0|0,0.5|0,0.5|1,0|0,0|0,0|0,0|0,0|0,0|0,0|0,0|0,0|0,0|0,0.5|0,0|0,0.5|0,0.5|0,0.5|0,0.5|0,0.5|0,0.5|0,1
2a6bf1e5771800f87691fd6f8532c3d057a0e090,0|0,0|0,0|0,0|0,0.5|0,0|0,0|0,0.5|0,0.5|1,0|0,0|0,0|0,0|0,0|0,0|0,0|0,0|0,0|0,0|0,0.5|0,0|0,0.5|0,0.5|0,0.5|0,0.5|0,0.5|0,0.5|0,1
dba0f567225bfde36b3097413f84ecf1d7fca27a,0|0,0|0,0|0,0|0,0.5|0,0|0,0|0,0.5|0,0.5|1,0|0,0|0,0|0,0|0,0|0,0|0,0|0,0|0,0|0,0|0,0.5|0,0|0,0.5|0,0.5|0,0.5|0,0.5|0,0.5|0,0.5|0,1
c69add3b640830e17d7bf7e7707880514d9a013f,0|0,0|0,0|0,0|0,0.5|0,0|0,0|0,0.5|0,0.5|1,0|0,0|0,0|0,0|0,0|0,0|0,0|0,0|0,0|0,0|0,0.5|0,0|0,0.5|0,0.5|0,0.5|0,0.5|0,0.5|0,0.5|0,1
d31ebe2fec7b601a9a2bb01d4df950736f2fd121,0|0,0|0,0|0,0|0,0.5|0,0|0,0|0,0.5|0,0.5|1,0|0,0|0,0|0,0|0,0|0,0|0,0|0,0|0,0|0,0|0,0.5|0,0|0,0.5|0,0.5|0,0.5|0,0.5|0,0.5|0,0.5|0,1
9c0a7adbfc63550da7796fad0a55f351e5ef469a,0|0,0|0,0|0,0|0,0.5|0,0|0,0|0,0.5|0,0.5|1,0|0,0|0,0|0,0|0,0|0,0|0,0|0,0|0,0|0,0|0,0.5|0,0|0,0.5|0,0.5|0,0.5|0,0.5|0,0.5|0,0.5|0,1
a623226a878ead2b9d44996a7be28d636d82ba3c,0|0,0|0,0|0,0|0,0.5|0,0|0,0|0,0.5|0,0.5|1,0|0,0|0,0|0,0|0,0|0,0|0,0|0,0|0,0|0,0|0,0.5|0,0|0,0.5|0,0.5|0,0.5|0,0.5|0,0.5|0,0.5|0,1
7d3b82c204271bf9c1085de8402cc0cc1fe8cc0f,0|0,0|0,0|0,0|0,0.5|0,0|0,0|0,0.5|0,0.5|1,0|0,0|0,0|0,0|0,0|0,0|0,0|0,0|0,0|0,0|0,0.5|0,0|0,0.5|0,0.5|0,0.5|0,0.5|0,0.5|0,0.5|0,1
677710c72b14249deeecc5396e04f3aedfe03763,0|0,0|0,0|0,0|0,0.5|0,0|0,0|0,0.5|0,0.5|1,0|0,0|0,0|0,0|0,0|0,0|0,0|0,0|0,0|0,0|0,0.5|0,0|0,0.5|0,0.5|0,0.5|0,0.5|0,0.5|0,0.5|0,1
7bfca52bab96c5b283ed993b77d8f8711c8fcc07,0|0,0|0,0|0,0|0,0.5|0,0|0,0|0,0.5|0,0.5|1,0|0,0|0,0|0,0|0,0|0,0|0,0|0,0|0,0|0,0|0,0.5|0,0|0,0.5|0,0.5|0,0.5|0,0.5|0,0.5|0,0.5|0,1
2a88d82cad47d87ecd63178df0a84335c41d7f7e,0|0,0|0,0|0,0|0,0.5|0,0|0,0|0,0.5|0,0.5|1,0|0,0|0,0|0,0|0,0|0,0|0,0|0,0|0,0|0,0|0,0.5|0,0|0,0.5|0,0.5|0,0.5|0,0.5|0,0.5|0,0.5|0,1
e3e461aad9fe197324a7c876c6e6ad4a7bba3125,0|0,0|0,0|0,0|0,0.5|0,0|0,0|0,0.5|0,0.5|1,0|0,0|0,0|0,0|0,0|0,0|0,0|0,0|0,0|0,0|0,0.5|0,0|0,0.5|0,0.5|0,0.5|0,0.5|0,0.5|0,0.5|0,1
44bc324864f608025a3c6f85d19e829d391028ae,0|0,0|0,0|0,0|0,0.5|0,0|0,0|0,0.5|0,0.5|1,0|0,0|0,0|0,0|0,0|0,0|0,0|0,0|0,0|0,0|0,0.5|0,0|0,0.5|0,0.5|0,0.5|0,0.5|0,0.5|0,0.5|0,1
c3924859a91da0619a35653f08a4819d9df4f9c3,0|0,0|0,0|0,0|0,0.5|0,0|0,0|0,0.5|0,0.5|1,0|0,0|0,0|0,0|0,0|0,0|0,0|0,0|0,0|0,0|0,0.5|0,0|0,0.5|0,0.5|0,0.5|0,0.5|0,0.5|0,0.5|0,1
aeef29238e661b142008704b33b37f4969143cfe,0|0,0|0,0|0,0|0,0.5|0,0|0,0|0,0.5|0,0.5|1,0|0,0|0,0|0,0|0,0|0,0|0,0|0,0|0,0|0,0|0,0.5|0,0|0,0.5|0,0.5|0,0.5|0,0.5|0,0.5|0,0.5|0,1
b8d9b840eec5cbc005693f66ffe285274e442348,0|0,0|0,0|0,0|0,0.5|0,0|0,0|0,0.5|0,0.5|1,0|0,0|0,0|0,0|0,0|0,0|0,0|0,0|0,0|0,0|0,0.5|0,0|0,0.5|0,0.5|0,0.5|0,0.5|0,0.5|0,0.5|0,1
f301ec98b6b9666ee5b2837a5b40e913f56fd335,0|0,0|0,0|0,0|0,0.5|0,0|0,0|0,0.5|0,0.5|1,0|0,0|0,0|0,0|0,0|0,0|0,0|0,0|0,0|0,0|0,0.5|0,0|0,0.5|0,0.5|0,0.5|0,0.5|0,0.5|0,0.5|0,1
0a610319bde92125633e0cd4f0d8b59bd029831a,0|0,0|0,0|0,0|0,0.5|0,0|0,0|0,0.5|0,0.5|1,0|0,0|0,0|0,0|0,0|0,0|0,0|0,0|0,0|0,0|0,0.5|0,0|0,0.5|0,0.5|0,0.5|0,0.5|0,0.5|0,0.5|0,1
663894951300d99166be49d1fe3f7a100252d4da,0|0,0|0,0|0,0|0,0.5|0,0|0,0|0,0.5|0,0.5|1,0|0,0|0,0|0,0|0,0|0,0|0,0|0,0|0,0|0,0|0,0.5|0,0|0,0.5|0,0.5|0,0.5|0,0.5|0,0.5|0,0.5|0,1
5721961be2520cd25283d742ef80c59400f423af,0|0,0|0,0|0,0|0,0.5|0,0|0,0|0,0.5|0,0.5|1,0|0,0|0,0|0,0|0,0|0,0|0,0|0,0|0,0|0,0|0,0.5|0,0|0,0.5|0,0.5|0,0.5|0,0.5|0,0.5|0,0.5|0,1
15b1e93b513d68838a4953e46b19ed40e0293b15,0|0,0|0,0|0,0|0,0.5|0,0|0,0|0,0.5|0,0.5|1,0|0,0|0,0|0,0|0,0|0,0|0,0|0,0|0,0|0,0|0,0.5|0,0|0,0.5|0,0.5|0,0.5|0,0.5|0,0.5|0,0.5|0,1
e429fe03c555d7abe62de4e0a878d8e910de160a,0|0,0|0,0|0,0|0,0.5|0,0|0,0|0,0.5|0,0.5|1,0|0,0|0,0|0,0|0,0|0,0|0,0|0,0|0,0|0,0|0,0.5|0,0|0,0.5|0,0.5|0,0.5|0,0.5|0,0.5|0,0.5|0,1
88dce1218176c81aef74dc86a26df536b93cec26,0|0,0|0,0|0,0|0,0.5|0,0|0,0|0,0.5|0,0.5|1,0|0,0|0,0|0,0|0,0|0,0|0,0|0,0|0,0|0,0|0,0.5|0,0|0,0.5|0,0.5|0,0.5|0,0.5|0,0.5|0,0.5|0,1
78c79c0efbffe98716130a12c5b29bb091d53bfe,0|0,0|0,0|0,0|0,0.5|0,0|0,0|0,0.5|0,0.5|1,0|0,0|0,0|0,0|0,0|0,0|0,0|0,0|0,0|0,0|0,0.5|0,0|0,0.5|0,0.5|0,0.5|0,0.5|0,0.5|0,0.5|0,1
f20b646a97f1f791b73c7a23f5e6a68be44d0605,0|0,0|0,0|0,0|0,0.5|0,0|0,0|0,0.5|0,0.5|1,0|0,0|0,0|0,0|0,0|0,0|0,0|0,0|0,0|0,0|0,0.5|0,0|0,0.5|0,0.5|0,0.5|0,0.5|0,0.5|0,0.5|0,1
4abacbf5c1648aa69296679042fa7a1b057a910c,0|0,0|0,0|0,0|0,0.5|0,0|0,0|0,0.5|0,0.5|1,0|0,0|0,0|0,0|0,0|0,0|0,0|0,0|0,0|0,0|0,0.5|0,0|0,0.5|0,0.5|0,0.5|0,0.5|0,0.5|0,0.5|0,1
b6febc0c7a84e23dcc5c26dea20846446a5e4249,0|0,0|0,0|0,0|0,0.5|0,0|0,0|0,0.5|0,0.5|1,0|0,0|0,0|0,0|0,0|0,0|0,0|0,0|0,0|0,0|0,0.5|0,0|0,0.5|0,0.5|0,0.5|0,0.5|0,0.5|0,0.5|0,1
f556c275f7fb5ab44a95f46f1909dfa5244925ab,0|0,0|0,0|0,0|0,0.5|0,0|0,0|0,0.5|0,0.5|1,0|0,0|0,0|0,0|0,0|0,0|0,0|0,0|0,0|0,0|0,0.5|0,0|0,0.5|0,0.5|0,0.5|0,0.5|0,0.5|0,0.5|0,1
968815e6ef91ba3ed4175eee6ea8adb6cebcedb4,0|0,0|0,0|0,0|0,0.5|0,0|0,0|0,0.5|0,0.5|1,0|0,0|0,0|0,0|0,0|0,0|0,0|0,0|0,0|0,0|0,0.5|0,0|0,0.5|0,0.5|0,0.5|0,0.5|0,0.5|0,0.5|0,1
f1d46401cb93ab7c3581218b327af55ea87e2e2d,0|0,0|0,0|0,0|0,0.5|0,0|0,0|0,0.5|0,0.5|1,0|0,0|0,0|0,0|0,0|0,0|0,0|0,0|0,0|0,0|0,0.5|0,0|0,0.5|0,0.5|0,0.5|0,0.5|0,0.5|0,0.5|0,1
b77e0faadb5f6edb8272d2856f5fff49884664fa,0|0,0|0,0|0,0|0,0.5|0,0|0,0|0,0.5|0,0.5|1,0|0,0|0,0|0,0|0,0|0,0|0,0|0,0|0,0|0,0|0,0.5|0,0|0,0.5|0,0.5|0,0.5|0,0.5|0,0.5|0,0.5|0,1
c2a8102615c9bfc7dd004df61e4d6a46ad6e5586,0|0,0|0,0|0,0|0,0.5|0,0|0,0|0,0.5|0,0.5|1,0|0,0|0,0|0,0|0,0|0,0|0,0|0,0|0,0|0,0|0,0.5|0,0|0,0.5|0,0.5|0,0.5|0,0.5|0,0.5|0,0.5|0,1
be152f78b41cf3c5bcc66aa2b96136284c984064,0|0,0|0,0|0,0|0,0.5|0,0|0,0|0,0.5|0,0.5|1,0|0,0|0,0|0,0|0,0|0,0|0,0|0,0|0,0|0,0|0,0.5|0,0|0,0.5|0,0.5|0,0.5|0,0.5|0,0.5|0,0.5|0,1
b9d4f0c7d8bf2320b73b44bb55c28b23010a3e1c,0|0,0|0,0|0,0|0,0.5|0,0|0,0|0,0.5|0,0.5|1,0|0,0|0,0|0,0|0,0|0,0|0,0|0,0|0,0|0,0|0,0.5|0,0|0,0.5|0,0.5|0,0.5|0,0.5|0,0.5|0,0.5|0,1
9b0983e96d9a5b53117257437e972cbcb49bb4a5,0|0,0|0,0|0,0|0,0.5|0,0|0,0|0,0.5|0,0.5|1,0|0,0|0,0|0,0|0,0|0,0|0,0|0,0|0,0|0,0|0,0.5|0,0|0,0.5|0,0.5|0,0.5|0,0.5|0,0.5|0,0.5|0,1
b2f86b3997f2da5fa9f172270a7bfa7f4bdf988f,0|0,0|0,0|0,0|0,0.5|0,0|0,0|0,0.5|0,0.5|1,0|0,0|0,0|0,0|0,0|0,0|0,0|0,0|0,0|0,0|0,0.5|0,0|0,0.5|0,0.5|0,0.5|0,0.5|0,0.5|0,0.5|0,1
44c22b7820b34cb6c4ef56024ee9d04f693e03e1,0|0,0|0,0|0,0|0,0.5|0,0|0,0|0,0.5|0,0.5|1,0|0,0|0,0|0,0|0,0|0,0|0,0|0,0|0,0|0,0|0,0.5|0,0|0,0.5|0,0.5|0,0.5|0,0.5|0,0.5|0,0.5|0,1
8551e84d74af24638581a473775b71e6aad10dcf,0|0,0|0,0|0,0|0,0.5|0,0|0,0|0,0.5|0,0.5|1,0|0,0|0,0|0,0|0,0|0,0|0,0|0,0|0,0|0,0|0,0.5|0,0|0,0.5|0,0.5|0,0.5|0,0.5|0,0.5|0,0.5|0,1
7fb0696a29912aad8ff951d71a702cb31962eb37,0|0,0|0,0|0,0|0,0.5|0,0|0,0|0,0.5|0,0.5|1,0|0,0|0,0|0,0|0,0|0,0|0,0|0,0|0,0|0,0|0,0.5|0,0|0,0.5|0,0.5|0,0.5|0,0.5|0,0.5|0,0.5|0,1
b89fbce9f2e24c6ca80b8e5fafef1ab1a188cf5f,0|0,0|0,0|0,0|0,0.5|0,0|0,0|0,0.5|0,0.5|1,0|0,0|0,0|0,0|0,0|0,0|0,0|0,0|0,0|0,0|0,0.5|0,0|0,0.5|0,0.5|0,0.5|0,0.5|0,0.5|0,0.5|0,1
1e05e9aff0b2372639b2352d08c8de8df7da53ff,0|0,0|0,0|0,0|0,0.5|0,0|0,0|0,0.5|0,0.5|1,0|0,0|0,0|0,0|0,0|0,0|0,0|0,0|0,0|0,0|0,0.5|0,0|0,0.5|0,0.5|0,0.5|0,0.5|0,0.5|0,0.5|0,1
2f5514a2d1ed079b3d25b46de0e93bd1ad598815,0|0,0|0,0|0,0|0,0.5|0,0|0,0|0,0.5|0,0.5|1,0|0,0|0,0|0,0|0,0|0,0|0,0|0,0|0,0|0,0|0,0.5|0,0|0,0.5|0,0.5|0,0.5|0,0.5|0,0.5|0,0.5|0,1
fe24707c00c7753da8b7cc989cf4811590a8b944,0|0,0|0,0|0,0|0,0.5|0,0|0,0|0,0.5|0,0.5|1,0|0,0|0,0|0,0|0,0|0,0|0,0|0,0|0,0|0,0|0,0.5|0,0|0,0.5|0,0.5|0,0.5|0,0.5|0,0.5|0,0.5|0,1
9681193ad58731de19a5d7c452a706a8a716577d,0|0,0|0,0|0,0|0,0.5|0,0|0,0|0,0.5|0,0.5|1,0|0,0|0,0|0,0|0,0|0,0|0,0|0,0|0,0|0,0|0,0.5|0,0|0,0.5|0,0.5|0,0.5|0,0.5|0,0.5|0,0.5|0,1
d06f23e89bdfeee0003812e3cd7b7f37d37a6da8,0|0,0|0,0|0,0|0,0.5|0,0|0,0|0,0.5|0,0.5|1,0|0,0|0,0|0,0|0,0|0,0|0,0|0,0|0,0|0,0|0,0.5|0,0|0,0.5|0,0.5|0,0.5|0,0.5|0,0.5|0,0.5|0,1
267aea759c03405d368b06824df61ec82f25877f,0|0,0|0,0|0,0|0,0.5|0,0|0,0|0,0.5|0,0.5|1,0|0,0|0,0|0,0|0,0|0,0|0,0|0,0|0,0|0,0|0,0.5|0,0|0,0.5|0,0.5|0,0.5|0,0.5|0,0.5|0,0.5|0,1
501311c4e38e6b2bae9525fa6d46ce9a9f41180a,0|0,0|0,0|0,0|0,0.5|0,0|0,0|0,0.5|0,0.5|1,0|0,0|0,0|0,0|0,0|0,0|0,0|0,0|0,0|0,0|0,0.5|0,0|0,0.5|0,0.5|0,0.5|0,0.5|0,0.5|0,0.5|0,1
d6280226739904ea4c8d89b07c6926276f40580c,0|0,0|0,0|0,0|0,0.5|0,0|0,0|0,0.5|0,0.5|1,0|0,0|0,0|0,0|0,0|0,0|0,0|0,0|0,0|0,0|0,0.5|0,0|0,0.5|0,0.5|0,0.5|0,0.5|0,0.5|0,0.5|0,1
f1bcadfbe9d156adbe509b0860511ee41add0c67,0|0,0|0,0|0,0|0,0.5|0,0|0,0|0,0.5|0,0.5|1,0|0,0|0,0|0,0|0,0|0,0|0,0|0,0|0,0|0,0|0,0.5|0,0|0,0.5|0,0.5|0,0.5|0,0.5|0,0.5|0,0.5|0,1
b91cfa8cd7bff91245e9b1e4a7455d183f964bd0,0|0,0|0,0|0,0|0,0.5|0,0|0,0|0,0.5|0,0.5|1,0|0,0|0,0|0,0|0,0|0,0|0,0|0,0|0,0|0,0|0,0.5|0,0|0,0.5|0,0.5|0,0.5|0,0.5|0,0.5|0,0.5|0,1
6ed3939ae5a4517251eafc96b2fbdefdded1b34f,0|0,0|0,0|0,0|0,0.5|0,0|0,0|0,0.5|0,0.5|1,0|0,0|0,0|0,0|0,0|0,0|0,0|0,0|0,0|0,0|0,0.5|0,0|0,0.5|0,0.5|0,0.5|0,0.5|0,0.5|0,0.5|0,1
dc29b0fe18108f34cac5f2f7d5e5006b189f193c,0|0,0|0,0|0,0|0,0.5|0,0|0,0|0,0.5|0,0.5|1,0|0,0|0,0|0,0|0,0|0,0|0,0|0,0|0,0|0,0|0,0.5|0,0|0,0.5|0,0.5|0,0.5|0,0.5|0,0.5|0,0.5|0,1
e45712bd29ebe405a8ee48aceac751c2f277e164,0|0,0|0,0|0,0|0,0.5|0,0|0,0|0,0.5|0,0.5|1,0|0,0|0,0|0,0|0,0|0,0|0,0|0,0|0,0|0,0|0,0.5|0,0.5|0,0.5|0,0.5|0,0.5|0,0.5|0,0.5|0,0.5|0,1
0ba44cbec66ca2d47eac05c50aab0d3529e4ba24,0|0,0|0,0|0,0|0,0.5|0,0|0,0|0,0.5|0,0.5|1,0|0,0|0,0|0,0|0,0|0,0|0,0|0,0|0,0|0,0|0,0.5|0,0|0,0.5|0,0.5|0,0.5|0,0.5|0,0.5|0,0.5|0,1
1e7e6e11a482f5b2c5fcbab38376e4453578f4b0,0|0,0|0,0|0,0|0,0.5|0,0|0,0|0,0.5|0,0.5|1,0|0,0|0,0|0,0|0,0|0,0|0,0|0,0|0,0|0,0|0,0.5|0,0|0,0.5|0,0.5|0,0.5|0,0.5|0,0.5|0,0.5|0,1
b2d082f4aac4110e6ba1a3fdd156955d5150b8d9,0|0,0|0,0|0,0|0,0.5|0,0|0,0|0,0.5|0,0.5|1,0|0,0|0,0|0,0|0,0|0,0|0,0|0,0|0,0|0,0|0,0.5|0,0|0,0.5|0,0.5|0,0.5|0,0.5|0,0.5|0,0.5|0,1
f4d28a18b96d39926e11ae75e0a2f2e47789f190,0|0,0|0,0|0,0|0,0.5|0,0|0,0|0,0.5|0,0.5|1,0|0,0|0,0|0,0|0,0|0,0|0,0|0,0|0,0|0,0|0,0.5|0,0|0,0.5|0,0.5|0,0.5|0,0.5|0,0.5|0,0.5|0,1
d5ecafc334aeb333a274ec19b19b92dd261ae8fb,0|0,0|0,0|0,0|0,0.5|0,0|0,0|0,0.5|0,0.5|1,0|0,0|0,0|0,0|0,0|0,0|0,0|0,0|0,0|0,0|0,0.5|0,0|0,0.5|0,0.5|0,0.5|0,0.5|0,0.5|0,0.5|0,1
7840804762f720d1a8886d9c76390c117ac6ef07,0|0,0|0,0|0,0|0,0.5|0,0|0,0|0,0.5|0,0.5|1,0|0,0|0,0|0,0|0,0|0,0|0,0|0,0|0,0|0,0|0,0.5|0,0|0,0.5|0,0.5|0,0.5|0,0.5|0,0.5|0,0.5|0,1
396aabcb7b578b6b7fcacd21f8f22af1c012fac6,0|0,0|0,0|0,0|0,0.5|0,0|0,0|0,0.5|0,0.5|1,0|0,0|0,0|0,0|0,0|0,0|0,0|0,0|0,0|0,0|0,0.5|0,0|0,0.5|0,0.5|0,0.5|0,0.5|0,0.5|0,0.5|0,1
7ba89620bf8c4757b5f6bec2921e7eac7991ccf1,0|0,0|0,0|0,0|0,0.5|0,0|0,0|0,0.5|0,0.5|1,0|0,0|0,0|0,0|0,0|0,0|0,0|0,0|0,0|0,0|0,0.5|0,0|0,0.5|0,0.5|0,0.5|0,0.5|0,0.5|0,0.5|0,1
768bd1dde7d3815325edb3f1f920a51862f61feb,0|0,0|0,0|0,0|0,0.5|0,0|0,0|0,0.5|0,0.5|1,0|0,0|0,0|0,0|0,0|0,0|0,0|0,0|0,0|0,0|0,0.5|0,0|0,0.5|0,0.5|0,0.5|0,0.5|0,0.5|0,0.5|0,1
591ffad5dc9ee8e19d95c6ecd7dd827dca36553c,0|0,0|0,0|0,0|0,0.5|0,0|0,0|0,0.5|0,0.5|1,0|0,0|0,0|0,0|0,0|0,0|0,0|0,0|0,0|0,0|0,0.5|0,0|0,0.5|0,0.5|0,0.5|0,0.5|0,0.5|0,0.5|0,1
5eff42e39e14f8122c5a8296d28282dd7fa74a9d,0|0,0|0,0|0,0|0,0.5|0,0|0,0|0,0.5|0,0.5|1,0|0,0|0,0|0,0|0,0|0,0|0,0|0,0|0,0|0,0|0,0.5|0,0|0,0.5|0,0.5|0,0.5|0,0.5|0,0.5|0,0.5|0,1
1ddef2cd15cdbecfc0b8349f045241509132772e,0|0,0|0,0|0,0|0,0.5|0,0|0,0|0,0.5|0,0.5|1,0|0,0|0,0|0,0|0,0|0,0|0,0|0,0|0,0|0,0|0,0.5|0,0|0,0.5|0,0.5|0,0.5|0,0.5|0,0.5|0,0.5|0,1
7893d2860c1472ade6b2d45c3bd4f97199ced096,0|0,0|0,0|0,0|0,0.5|0,0|0,0|0,0.5|0,0.5|1,0|0,0|0,0|0,0|0,0|0,0|0,0|0,0|0,0|0,0|0,0.5|0,0|0,0.5|0,0.5|0,0.5|0,0.5|0,0.5|0,0.5|0,1
2c26b7392d8d0d7e1db2b6143583376758074dda,0|0,0|0,0|0,0|0,0.5|0,0|0,0|0,0.5|0,0.5|1,0|0,0|0,0|0,0|0,0|0,0|0,0|0,0|0,0|0,0|0,0.5|0,0|0,0.5|0,0.5|0,0.5|0,0.5|0,0.5|0,0.5|0,1
508f8a9fced369f60e6f0c0f62176ea9427fbf42,0|0,0|0,0.5|1,0.5|1,0.5|0,0|0,0|0,0.5|0,0.5|1,0.5|1,0|0,0|0,0|0,0|0,0|0,0|0,0|0,0.5|1,0|0,0|0,0|0,0.5|0,0.5|0,0.5|0,0.5|0,0.5|0,0.5|0,5
4c4237f8a33de61627ee27a7fa445e145e595f84,0|0,0|0,0.5|1,0.5|1,0.5|0,0|0,0|0,0.5|0,0.5|1,0.5|1,0|0,0|0,0|0,0|0,0|0,0|0,0|0,0.5|1,0|0,0|0,0|0,0.5|0,0.5|0,0.5|0,0.5|0,0.5|0,0.5|0,5
71998501f29adbfacf47dea038329fd81712fc9a,0|0,0|0,0.5|1,0.5|1,0.5|0,0|0,0|0,0.5|0,0.5|1,0.5|1,0|0,0|0,0|0,0|0,0|0,0|0,0|0,0.5|1,0|0,0|0,0|0,0.5|0,0.5|0,0.5|0,0.5|0,0.5|0,0.5|0,5
295f399304644e6b0acde267ac410d0aae4a1aee,0|0,0|0,0.5|1,0.5|1,0.5|0,0|0,0|0,0.5|0,0.5|1,0.5|1,0|0,0|0,0|0,0|0,0|0,0|0,0|0,0.5|1,0|0,0|0,0|0,0.5|0,0.5|0,0.5|0,0.5|0,0.5|0,0.5|0,5
d1457e9fa3e9e36cab64e6355dca0ffa2176f93b,0|0,0|0,0.5|1,0.5|1,0.5|0,0|0,0|0,0.5|0,0.5|1,0.5|1,0|0,0|0,0|0,0|0,0|0,0|0,0|0,0.5|1,0|0,0|0,0|0,0.5|0,0.5|0,0.5|0,0.5|0,0.5|0,0.5|0,5
be57a4bf0f40c488c6a60ccd87cbb1767221048d,0|0,0|0,0|0,0|0,0.5|0,0|0,0|0,0.5|0,0.5|1,0|0,0|0,0|0,0|0,0|0,0|0,0|0,0|0,0|0,0|0,0.5|0,0|0,0.5|0,0.5|0,0.5|0,0.5|0,0.5|0,0.5|0,1
ed06787b5e155fc683ee816b6a67a406a6bb1970,0|0,0|0,0|0,0|0,0.5|0,0|0,0|0,0.5|0,0.5|1,0|0,0|0,0|0,0|0,0|0,0|0,0|0,0|0,0|0,0|0,0.5|0,0|0,0.5|0,0.5|0,0.5|0,0.5|0,0.5|0,0.5|0,1
b76e08504afed39b6a4b963ca76f332c9a98fd44,0|0,0|0,0|0,0|0,0.5|0,0|0,0|0,0.5|0,0.5|1,0|0,0|0,0|0,0|0,0|0,0|0,0|0,0|0,0|0,0|0,0.5|0,0|0,0.5|0,0.5|0,0.5|0,0.5|0,0.5|0,0.5|0,1
127c8d911f860430171436931fa9349d547af009,0|0,0|0,0|0,0|0,0.5|0,0|0,0|0,0.5|0,0.5|1,0|0,0|0,0|0,0|0,0|0,0|0,0|0,0|0,0|0,0|0,0.5|0,0|0,0.5|0,0.5|0,0.5|0,0.5|0,0.5|0,0.5|0,1
75be610ea006f63f8190b1fb62c6ce8f7ea87bba,0|0,0|0,0|0,0|0,0.5|0,0|0,0|0,0.5|0,0.5|1,0|0,0|0,0|0,0|0,0|0,0|0,0|0,0|0,0|0,0|0,0|0,0|0,0.5|0,0.5|0,0.5|0,0.5|0,0.5|0,0.5|0,1
84ee2be122e0ff746b2500890f4f1211419e740f,0|0,0|0,0|0,0|0,0.5|0,0|0,0|0,0.5|0,0.5|1,0|0,0|0,0|0,0|0,0|0,0|0,0|0,0|0,0|0,0|0,0|0,0|0,0.5|0,0.5|0,0.5|0,0.5|0,0.5|0,0.5|0,1
ce659b2f7af54559fc632cf018249c60e9a68e70,0|0,0|0,0.5|1,0.5|1,0.5|0,0|0,0|0,0.5|0,0.5|1,0.5|1,0|0,0|0,0|0,0|0,0|0,0|0,0|0,0.5|1,0|0,0|0,0|0,0.5|0,0.5|0,0.5|0,0.5|0,0.5|0,0.5|0,5
ddc049e37bac40ec20bfd10f79c69f4dad15d949,0|0,0|0,0.5|1,0.5|1,0.5|0,0|0,0|0,0.5|0,0.5|1,0.5|1,0|0,0|0,0|0,0|0,0|0,0|0,0|0,0.5|1,0|0,0|0,0|0,0.5|0,0.5|0,0.5|0,0.5|0,0.5|0,0.5|0,5
3c7823d1f0b4870f4ae310aa052821f82debee67,0|0,0|0,0.5|1,0.5|1,0.5|0,0|0,0|0,0.5|0,0.5|1,0.5|1,0|0,0|0,0|0,0|0,0|0,0|0,0|0,0.5|1,0|0,0|0,0|0,0.5|0,0.5|0,0.5|0,0.5|0,0.5|0,0.5|0,5
a1d53aa2171b65f0208274495f342dfe4b298958,0|0,0|0,0.5|1,0.5|1,0.5|0,0|0,0|0,0.5|0,0.5|1,0.5|1,0|0,0|0,0|0,0|0,0|0,0|0,0|0,0.5|1,0|0,0|0,0|0,0.5|0,0.5|0,0.5|0,0.5|0,0.5|0,0.5|0,5
0a057a976d8d517a16045c466a88606b1cde3ac4,0|0,0|0,0.5|1,0.5|1,0.5|0,0|0,0|0,0.5|0,0.5|1,0.5|1,0|0,0|0,0|0,0|0,0|0,0|0,0|0,0.5|1,0|0,0|0,0|0,0.5|0,0.5|0,0.5|0,0.5|0,0.5|0,0.5|0,5
b091165595d309468542ca8fb7e0173b53ace080,0|0,0|0,0.5|1,0.5|1,0.5|0,0|0,0|0,0.5|0,0.5|1,0.5|1,0|0,0|0,0|0,0|0,0|0,0|0,0|0,0.5|1,0|0,0|0,0|0,0.5|0,0.5|0,0.5|0,0.5|0,0.5|0,0.5|0,5
797414be05220fa371972606d7a6c2e94dd6d8db,0|0,0|0,0.5|1,0.5|1,0.5|0,0|0,0|0,0.5|0,0.5|1,0.5|1,0|0,0|0,0|0,0|0,0|0,0|0,0|0,0.5|1,0|0,0|0,0|0,0.5|0,0.5|0,0.5|0,0.5|0,0.5|0,0.5|0,5
52d5370c1e3bb1480d82f5f81cabdaf5767354a8,0|0,0|0,0.5|1,0.5|1,0.5|0,0|0,0|0,0.5|0,0.5|1,0.5|1,0|0,0|0,0|0,0|0,0|0,0|0,0|0,0.5|1,0|0,0|0,0|0,0.5|0,0.5|0,0.5|0,0.5|0,0.5|0,0.5|0,5
f5fe292ae13687e722ec3167fec28e62e5aae3ab,0|0,0|0,0.5|1,0.5|1,0.5|0,0|0,0|0,0.5|0,0.5|1,0.5|1,0|0,0|0,0|0,0|0,0|0,0|0,0|0,0.5|1,0|0,0|0,0|0,0.5|0,0.5|0,0.5|0,0.5|0,0.5|0,0.5|0,5
3f21dc57b73de829a69c99583916c55b97483da0,0|0,0|0,0.5|1,0.5|1,0.5|0,0|0,0|0,0.5|0,0.5|1,0.5|1,0|0,0|0,0|0,0|0,0|0,0|0,0|0,0.5|1,0|0,0|0,0|0,0.5|0,0.5|0,0.5|0,0.5|0,0.5|0,0.5|0,5
c03efeee405efe4810b6a35aad7f54c0c689205c,0|0,0|0,0.5|1,0.5|1,0.5|0,0|0,0|0,0.5|0,0.5|1,0.5|1,0|0,0|0,0|0,0|0,0|0,0|0,0|0,0.5|1,0|0,0|0,0|0,0.5|0,0.5|0,0.5|0,0.5|0,0.5|0,0.5|0,5
8a5a1435f1a7d1b22e3255d2726d8020c15a6658,0|0,0|0,0.5|1,0.5|1,0.5|0,0|0,0|0,0.5|0,0.5|1,0.5|1,0|0,0|0,0|0,0|0,0|0,0|0,0|0,0.5|1,0|0,0|0,0|0,0.5|0,0.5|0,0.5|0,0.5|0,0.5|0,0.5|0,5
db41cd9ab1033e0c63c894e2dcdd3da14edec3cf,0|0,0|0,0.5|1,0.5|1,0.5|0,0|0,0|0,0.5|0,0.5|1,0.5|1,0|0,0|0,0|0,0|0,0|0,0|0,0|0,0.5|1,0|0,0|0,0|0,0.5|0,0.5|0,0.5|0,0.5|0,0.5|0,0.5|0,5
a49a64ec79e8129c70b1d16f34acc8562e5ca4be,0|0,0|0,0.5|1,0.5|1,0.5|0,0|0,0|0,0.5|0,0.5|1,0.5|1,0|0,0|0,0|0,0|0,0|0,0|0,0|0,0.5|1,0|0,0|0,0|0,0.5|0,0.5|0,0.5|0,0.5|0,0.5|0,0.5|0,5
7add7e9dedf41db4f8c5182d340c50ce9e9ca275,0|0,0|0,0.5|1,0.5|1,0.5|0,0|0,0|0,0.5|0,0.5|1,0.5|1,0|0,0|0,0|0,0|0,0|0,0|0,0|0,0.5|1,0|0,0|0,0|0,0.5|0,0.5|0,0.5|0,0.5|0,0.5|0,0.5|0,5
c1eda420995baa300b6d7ffdaebc872521d0864b,0|0,0|0,0.5|1,0.5|1,0.5|0,0|0,0|0,0.5|0,0.5|1,0.5|1,0|0,0|0,0|0,0|0,0|0,0|0,0|0,0.5|1,0|0,0|0,0|0,0.5|0,0.5|0,0.5|0,0.5|0,0.5|0,0.5|0,5
3af52cd1c6532edac6f378722983f422d4361033,0|0,0|0,0.5|1,0.5|1,0.5|0,0|0,0|0,0.5|0,0.5|1,0.5|1,0|0,0|0,0|0,0|0,0|0,0|0,0|0,0.5|1,0|0,0|0,0|0,0.5|0,0.5|0,0.5|0,0.5|0,0.5|0,0.5|0,5
e71b85867f7325c4c03db10a66f31ee826ddbce2,0|0,0|0,0.5|1,0.5|1,0.5|0,0|0,0|0,0.5|0,0.5|1,0.5|1,0|0,0|0,0|0,0|0,0|0,0|0,0|0,0.5|1,0|0,0|0,0|0,0.5|0,0.5|0,0.5|0,0.5|0,0.5|0,0.5|0,5
b02da8348be97d4b24081783f6af46757373bc3e,0|0,0.5|1,0.5|1,0.5|1,0.5|0,0.5|1,0|0,0.5|0,0|0,0.5|1,0.5|1,0.5|1,0|0,0|0,0|0,0|0,0|0,0.5|1,0|0,0|0,0|0,0.5|0,0.5|0,0.5|0,0.5|0,0.5|0,0.5|0,8
38474739b30cec84232e54921f967aed94e23f5d,0|0,0.5|1,0.5|1,0.5|1,0.5|0,0.5|1,0|0,0.5|0,0|0,0.5|1,0.5|1,0.5|1,0|0,0|0,0|0,0|0,0|0,0.5|1,0|0,0|0,0|0,0.5|0,0.5|0,0.5|0,0.5|0,0.5|0,0.5|0,8
e8a2644435ddc6a83f10c29bda57de7894d88b00,0|0,0.5|1,0.5|1,0.5|1,0.5|0,0.5|1,0|0,0.5|0,0|0,0.5|1,0.5|1,0.5|1,0|0,0|0,0|0,0|0,0|0,0.5|1,0|0,0|0,0|0,0.5|0,0.5|0,0.5|0,0.5|0,0.5|0,0.5|0,8
16456922e2a038ae38f58cffaa7696013a761b3b,0|0,0.5|1,0.5|1,0.5|1,0.5|0,0.5|1,0|0,0.5|0,0|0,0.5|1,0.5|1,0.5|1,0|0,0|0,0|0,0|0,0|0,0.5|1,0|0,0|0,0|0,0.5|0,0.5|0,0.5|0,0.5|0,0.5|0,0.5|0,8
ceb3448e064c3949298ed1b56a32958cf8e27b75,0|0,0.5|1,0.5|1,0.5|1,0.5|0,0.5|1,0|0,0.5|0,0|0,0.5|1,0.5|1,0.5|1,0|0,0|0,0|0,0|0,0|0,0.5|1,0|0,0|0,0|0,0.5|0,0.5|0,0.5|0,0.5|0,0.5|0,0.5|0,8
2a1a952fe76a9aedc39d41915607505905c365c8,0|0,0.5|1,0.5|1,0.5|1,0.5|0,0.5|1,0|0,0.5|0,0|0,0.5|1,0.5|1,0.5|1,0|0,0|0,0|0,0|0,0|0,0.5|1,0|0,0|0,0|0,0.5|0,0.5|0,0.5|0,0.5|0,0.5|0,0.5|0,8
d756be1f48ba95f3b1eceb535f5dc60727eb5dc9,0|0,0.5|1,0.5|1,0.5|1,0.5|0,0.5|1,0|0,0.5|0,0|0,0.5|1,0.5|1,0.5|1,0|0,0|0,0|0,0|0,0|0,0.5|1,0|0,0|0,0|0,0.5|0,0.5|0,0.5|0,0.5|0,0.5|0,0.5|0,8
141a83029fc30a5cfcf191316453d372b688b012,0|0,0.5|1,0.5|1,0.5|1,0.5|0,0.5|1,0|0,0.5|0,0|0,0.5|1,0.5|1,0.5|1,0|0,0|0,0|0,0|0,0|0,0.5|1,0|0,0|0,0|0,0.5|0,0.5|0,0.5|0,0.5|0,0.5|0,0.5|0,8
e98f6733d9410b64249e7ca9028071a69ed8f004,0|0,0.5|1,0.5|1,0.5|1,0.5|0,0.5|1,0|0,0.5|0,0|0,0.5|1,0.5|1,0.5|1,0|0,0|0,0|0,0|0,0|0,0.5|1,0|0,0|0,0|0,0.5|0,0.5|0,0.5|0,0.5|0,0.5|0,0.5|0,8
f334f3eabe79fa0dff660c113e5b2a96825a3063,0|0,0.5|1,0.5|1,0.5|1,0.5|0,0.5|1,0|0,0.5|0,0|0,0.5|1,0.5|1,0.5|1,0|0,0|0,0|0,0|0,0|0,0.5|1,0|0,0|0,0|0,0.5|0,0.5|0,0.5|0,0.5|0,0.5|0,0.5|0,8
1125e377380fe8aa4c02402022a96fe9265e3e3d,0|0,0.5|1,0.5|1,0.5|1,0.5|0,0.5|1,0|0,0.5|0,0|0,0.5|1,0.5|1,0.5|1,0|0,0|0,0|0,0|0,0|0,0.5|1,0|0,0|0,0|0,0.5|0,0.5|0,0.5|0,0.5|0,0.5|0,0.5|0,8
4bc03cb55dc2be4a3af9ded56ac4e481ab76beb1,0|0,0.5|1,0.5|1,0.5|1,0.5|0,0.5|1,0|0,0.5|0,0|0,0.5|1,0.5|1,0.5|1,0|0,0|0,0|0,0|0,0|0,0.5|1,0|0,0|0,0|0,0.5|0,0.5|0,0.5|0,0.5|0,0.5|0,0.5|0,8
55fd3db2b5f2ecdb8d2bc148270b75ec6ff2ed2f,0|0,0.5|1,0.5|1,0.5|1,0.5|0,0.5|1,0|0,0.5|0,0|0,0.5|1,0.5|1,0.5|1,0|0,0|0,0|0,0|0,0|0,0.5|1,0|0,0|0,0|0,0.5|0,0.5|0,0.5|0,0.5|0,0.5|0,0.5|0,8
9d294de90d1cc66956389856e60b6944b27b4817,0|0,0.5|1,0.5|1,0.5|1,0.5|0,0.5|1,0|0,0.5|0,0|0,0.5|1,0.5|1,0.5|1,0|0,0|0,0|0,0|0,0|0,0|0,0|0,0|0,0|0,0.5|0,0.5|0,0.5|0,0.5|0,0.5|0,0.5|0,7
0f0e0b2e3098b6f35534868b4f47fa82cd36a2ae,0|0,0.5|1,0.5|1,0.5|1,0.5|0,0.5|1,0|0,0.5|0,0|0,0.5|1,0.5|1,0.5|1,0|0,0|0,0|0,0|0,0|0,0|0,0|0,0|0,0|0,0.5|0,0.5|0,0.5|0,0.5|0,0.5|0,0.5|0,7
180c57fd1578b13230499d608b41bf874f59d8d4,0|0,0.5|1,0.5|1,0.5|1,0.5|0,0.5|1,0|0,0.5|0,0|0,0.5|1,0.5|1,0.5|1,0|0,0|0,0|0,0|0,0|0,0|0,0|0,0|0,0|0,0.5|0,0.5|0,0.5|0,0.5|0,0.5|0,0.5|0,7
f55c4e5c93cd5dc8fa6d48e56baff7c86132ecf2,0|0,0.5|1,0.5|1,0.5|1,0.5|0,0.5|1,0|0,0.5|0,0|0,0.5|1,0.5|1,0.5|1,0|0,0|0,0|0,0|0,0|0,0|0,0|0,0|0,0|0,0.5|0,0.5|0,0.5|0,0.5|0,0.5|0,0.5|0,7
5714dbfa08cd5f77312d5dbcb06012ff992ed450,0|0,0.5|1,0.5|1,0.5|1,0.5|0,0.5|1,0|0,0.5|0,0|0,0.5|1,0.5|1,0.5|1,0|0,0|0,0|0,0|0,0|0,0|0,0|0,0|0,0|0,0.5|0,0.5|0,0.5|0,0.5|0,0.5|0,0.5|0,7
ca5f5c8844b16e705e4da95330717acb3112ec11,0|0,0.5|1,0.5|1,0.5|1,0.5|0,0.5|1,0|0,0.5|0,0|0,0.5|1,0.5|1,0.5|1,0|0,0|0,0|0,0|0,0|0,0|0,0|0,0|0,0|0,0.5|0,0.5|0,0.5|0,0.5|0,0.5|0,0.5|0,7
a10b661f99a091dcd8b7746e4ca8c02a6de98a61,0|0,0.5|1,0.5|1,0.5|1,0.5|0,0.5|1,0|0,0.5|0,0|0,0.5|1,0.5|1,0.5|1,0|0,0|0,0|0,0|0,0|0,0|0,0|0,0|0,0|0,0.5|0,0.5|0,0.5|0,0.5|0,0.5|0,0.5|0,7
58b03b68dd1b5abd77385709600ec8937d10a162,0|0,0.5|1,0.5|1,0.5|1,0.5|0,0.5|1,0|0,0.5|0,0|0,0.5|1,0.5|1,0.5|1,0|0,0|0,0|0,0|0,0|0,0|0,0|0,0|0,0|0,0.5|0,0.5|0,0.5|0,0.5|0,0.5|0,0.5|0,7
6a6b3e4b62d2336e44a3556b1f67d309ea54e516,0|0,0.5|1,0.5|1,0.5|1,0.5|0,0.5|1,0|0,0.5|0,0|0,0.5|1,0.5|1,0.5|1,0|0,0|0,0|0,0|0,0|0,0|0,0|0,0|0,0|0,0.5|0,0.5|0,0.5|0,0.5|0,0.5|0,0.5|0,7
fc296b548855056517992e51a8feb3ba94867596,0|0,0.5|1,0.5|1,0.5|1,0.5|0,0.5|1,0|0,0.5|0,0|0,0.5|1,0.5|1,0.5|1,0|0,0|0,0|0,0|0,0|0,0|0,0|0,0|0,0|0,0.5|0,0.5|0,0.5|0,0.5|0,0.5|0,0.5|0,7
1bb2547abca12f3ce22d48c3c171ea5e44ab4c4a,0|0,0.5|1,0.5|1,0.5|1,0.5|0,0.5|1,0|0,0.5|0,0|0,0.5|1,0.5|1,0.5|1,0|0,0|0,0|0,0|0,0|0,0|0,0|0,0|0,0|0,0.5|0,0.5|0,0.5|0,0.5|0,0.5|0,0.5|0,7
8f6e5dc2b0e877460684993497bafdf404ea927c,0|0,0.5|1,0.5|1,0.5|1,0.5|0,0.5|1,0|0,0.5|0,0|0,0.5|1,0.5|1,0.5|1,0|0,0|0,0|0,0|0,0|0,0|0,0|0,0|0,0|0,0.5|0,0.5|0,0.5|0,0.5|0,0.5|0,0.5|0,7
1c7b311289d15716edc8b29de55799352b8e03b3,0|0,0.5|1,0.5|1,0.5|1,0.5|0,0.5|1,0|0,0.5|0,0|0,0.5|1,0.5|1,0.5|1,0|0,0|0,0|0,0|0,0|0,0|0,0|0,0|0,0|0,0.5|0,0.5|0,0.5|0,0.5|0,0.5|0,0.5|0,7
36247d85b07e611139b6dee895485f6da1a36f18,0|0,0.5|1,0.5|1,0.5|1,0.5|0,0.5|1,0|0,0.5|0,0|0,0.5|1,0.5|1,0.5|1,0|0,0|0,0|0,0|0,0|0,0|0,0|0,0|0,0|0,0.5|0,0.5|0,0.5|0,0.5|0,0.5|0,0.5|0,7
b418601942bc177f85f236c01622f76aaf1797cb,0|0,0.5|1,0.5|1,0.5|1,0.5|0,0.5|1,0|0,0.5|0,0|0,0.5|1,0.5|1,0.5|1,0|0,0|0,0|0,0|0,0|0,0|0,0|0,0|0,0|0,0.5|0,0.5|0,0.5|0,0.5|0,0.5|0,0.5|0,7
8940ed5d85046d5410b42463e702dc77ff4ffc01,0|0,0.5|1,0.5|1,0.5|1,0.5|0,0.5|1,0|0,0.5|0,0|0,0.5|1,0.5|1,0.5|1,0|0,0|0,0|0,0|0,0|0,0|0,0|0,0|0,0|0,0.5|0,0.5|0,0.5|0,0.5|0,0.5|0,0.5|0,7
53395f407529b2e6ad7df9a92209073640f31714,0|0,0.5|1,0.5|1,0.5|1,0.5|0,0.5|1,0|0,0.5|0,0|0,0.5|1,0.5|1,0.5|1,0|0,0|0,0|0,0|0,0|0,0|0,0|0,0|0,0|0,0.5|0,0.5|0,0.5|0,0.5|0,0.5|0,0.5|0,7
1819ca33d616f4b50d8a2e6444a15a0a5a4c157b,0|0,0.5|1,0.5|1,0.5|1,0.5|0,0.5|1,0|0,0.5|0,0|0,0.5|1,0.5|1,0.5|1,0|0,0|0,0|0,0|0,0|0,0|0,0|0,0|0,0|0,0.5|0,0.5|0,0.5|0,0.5|0,0.5|0,0.5|0,7
d141b35596685dddb254a2c2ed69f91f14a96a56,0|0,0.5|1,0.5|1,0.5|1,0.5|0,0.5|1,0|0,0.5|0,0|0,0.5|1,0.5|1,0.5|1,0|0,0|0,0|0,0|0,0|0,0|0,0|0,0|0,0|0,0.5|0,0.5|0,0.5|0,0.5|0,0.5|0,0.5|0,7
fa719b301fd0c35b61c1d2842a84ba53763f1082,0|0,0.5|1,0.5|1,0.5|1,0.5|0,0.5|1,0|0,0.5|0,0|0,0.5|1,0.5|1,0.5|1,0|0,0|0,0|0,0|0,0|0,0|0,0|0,0|0,0|0,0.5|0,0.5|0,0.5|0,0.5|0,0.5|0,0.5|0,7
e6848b6d88ed3c047a8975705cb032ede5442418,0|0,0.5|1,0.5|1,0.5|1,0.5|0,0.5|1,0|0,0.5|0,0|0,0.5|1,0.5|1,0.5|1,0|0,0|0,0|0,0|0,0|0,0|0,0|0,0|0,0|0,0.5|0,0.5|0,0.5|0,0.5|0,0.5|0,0.5|0,7
71d1f69a3a8b7e6436c1747945227fc66f4c6fda,0|0,0.5|1,0.5|1,0.5|1,0.5|0,0.5|1,0|0,0.5|0,0|0,0.5|1,0.5|1,0.5|1,0|0,0|0,0|0,0|0,0|0,0|0,0|0,0|0,0|0,0.5|0,0.5|0,0.5|0,0.5|0,0.5|0,0.5|0,7
f49162af0476723a0f72ca66c9ce6dd5bf38807d,0|0,0.5|1,0.5|1,0.5|1,0.5|0,0.5|1,0|0,0.5|0,0|0,0.5|1,0.5|1,0.5|1,0|0,0|0,0|0,0|0,0|0,0|0,0|0,0|0,0|0,0.5|0,0.5|0,0.5|0,0.5|0,0.5|0,0.5|0,7
a5f04188bc58b7039197f4302ccd5aacbac356f9,0|0,0.5|1,0.5|1,0.5|1,0.5|0,0.5|1,0|0,0.5|0,0|0,0.5|1,0.5|1,0.5|1,0|0,0|0,0|0,0|0,0|0,0|0,0|0,0|0,0|0,0.5|0,0.5|0,0.5|0,0.5|0,0.5|0,0.5|0,7
9dd337067306deda379d9f63e11565634f25b91f,0|0,0.5|1,0.5|1,0.5|1,0.5|0,0.5|1,0|0,0.5|0,0|0,0.5|1,0.5|1,0.5|1,0|0,0|0,0|0,0|0,0|0,0|0,0|0,0|0,0|0,0.5|0,0.5|0,0.5|0,0.5|0,0.5|0,0.5|0,7
62403eec34d3dadb1a81c94f6b4803b7c1be55b3,0|0,0.5|1,0.5|1,0.5|1,0.5|0,0.5|1,0|0,0.5|0,0|0,0.5|1,0.5|1,0.5|1,0|0,0|0,0|0,0|0,0|0,0|0,0|0,0|0,0|0,0.5|0,0.5|0,0.5|0,0.5|0,0.5|0,0.5|0,7
57c895165f9b36a6b4c00b646623f03cc0598e0e,0|0,0.5|1,0.5|1,0.5|1,0.5|0,0.5|1,0|0,0.5|0,0|0,0.5|1,0.5|1,0.5|1,0|0,0|0,0|0,0|0,0|0,0|0,0|0,0|0,0|0,0.5|0,0.5|0,0.5|0,0.5|0,0.5|0,0.5|0,7
c3b9152a998c665445682365a14e56cfb22b95e3,0|0,0.5|1,0.5|1,0.5|1,0.5|0,0.5|1,0|0,0.5|0,0|0,0.5|1,0.5|1,0.5|1,0|0,0|0,0|0,0|0,0|0,0|0,0|0,0|0,0|0,0.5|0,0.5|0,0.5|0,0.5|0,0.5|0,0.5|0,7
0a34d11cb7495ea4ea4dc9132bfb3a2702a4a261,0|0,0.5|1,0.5|1,0.5|1,0.5|0,0.5|1,0|0,0.5|0,0|0,0.5|1,0.5|1,0.5|1,0|0,0|0,0|0,0|0,0|0,0|0,0|0,0|0,0|0,0.5|0,0.5|0,0.5|0,0.5|0,0.5|0,0.5|0,7
5e7d4fb8ba03f5db254ddeb56cfabdffcaf43d3e,0|0,0.5|1,0.5|1,0.5|1,0.5|0,0.5|1,0|0,0.5|0,0|0,0.5|1,0.5|1,0.5|1,0|0,0|0,0|0,0|0,0|0,0|0,0|0,0|0,0|0,0.5|0,0.5|0,0.5|0,0.5|0,0.5|0,0.5|0,7
7ae74c524f1cc2912e8de1ecbf616b602424a830,0|0,0.5|1,0.5|1,0.5|1,0.5|0,0.5|1,0|0,0.5|0,0|0,0.5|1,0.5|1,0.5|1,0|0,0|0,0|0,0|0,0|0,0|0,0|0,0|0,0|0,0.5|0,0.5|0,0.5|0,0.5|0,0.5|0,0.5|0,7
e63f054af9a710a52d306e452d248d4925fc50f7,0|0,0.5|1,0.5|1,0.5|1,0.5|0,0.5|1,0|0,0.5|0,0|0,0.5|1,0.5|1,0.5|1,0|0,0|0,0|0,0|0,0|0,0|0,0|0,0|0,0|0,0.5|0,0.5|0,0.5|0,0.5|0,0.5|0,0.5|0,7
4d96fbfed4818cebaa954ef48f3397f123de5566,0|0,0.5|1,0.5|1,0.5|1,0.5|0,0.5|1,0|0,0.5|0,0|0,0.5|1,0.5|1,0.5|1,0|0,0|0,0|0,0|0,0|0,0|0,0|0,0|0,0|0,0.5|0,0.5|0,0.5|0,0.5|0,0.5|0,0.5|0,7
223a0949e88612eb8e441031e62206aaff7e7b48,0|0,0.5|1,0.5|1,0.5|1,0.5|0,0.5|1,0|0,0.5|0,0|0,0.5|1,0.5|1,0.5|1,0|0,0|0,0|0,0|0,0|0,0|0,0|0,0|0,0|0,0.5|0,0.5|0,0.5|0,0.5|0,0.5|0,0.5|0,7
bf30d64cf9b12f3140d66174442247b23d8e782a,0|0,0.5|1,0.5|1,0.5|1,0.5|0,0.5|1,0|0,0.5|0,0|0,0.5|1,0.5|1,0.5|1,0|0,0|0,0|0,0|0,0|0,0|0,0|0,0|0,0|0,0.5|0,0.5|0,0.5|0,0.5|0,0.5|0,0.5|0,7
929717b505c8715cc97d0b44c965e09bb785a2d8,0|0,0.5|1,0.5|1,0.5|1,0.5|0,0.5|1,0|0,0.5|0,0|0,0.5|1,0.5|1,0.5|1,0|0,0|0,0|0,0|0,0|0,0|0,0|0,0|0,0|0,0.5|0,0.5|0,0.5|0,0.5|0,0.5|0,0.5|0,7
c458d817234a4799e2ae3dfd567ce32d32922f0d,0|0,0.5|1,0.5|1,0.5|1,0.5|0,0.5|1,0|0,0.5|0,0|0,0.5|1,0.5|1,0.5|1,0|0,0|0,0|0,0|0,0|0,0|0,0|0,0|0,0|0,0.5|0,0.5|0,0.5|0,0.5|0,0.5|0,0.5|0,7
7a29e6c04774de1b3e61646aa88ecc2d7111afc0,0|0,0.5|1,0.5|1,0.5|1,0.5|0,0.5|1,0|0,0.5|0,0|0,0.5|1,0.5|1,0.5|1,0|0,0|0,0|0,0|0,0|0,0|0,0|0,0|0,0|0,0.5|0,0.5|0,0.5|0,0.5|0,0.5|0,0.5|0,7
97ec23a2d940febf7dfc05bf721f220efc1fb7e1,0|0,0.5|1,0.5|1,0.5|1,0.5|0,0.5|1,0|0,0.5|0,0|0,0.5|1,0.5|1,0.5|1,0|0,0|0,0|0,0|0,0|0,0|0,0|0,0|0,0|0,0.5|0,0.5|0,0.5|0,0.5|0,0.5|0,0.5|0,7
0defebfe05cb38949fab81eecf0ae118bbd06c32,0|0,0.5|1,0.5|1,0.5|1,0.5|0,0.5|1,0|0,0.5|0,0|0,0.5|1,0.5|1,0.5|1,0|0,0|0,0|0,0|0,0|0,0|0,0|0,0|0,0|0,0.5|0,0.5|0,0.5|0,0.5|0,0.5|0,0.5|0,7
054cb08c90c95ebb73ebaaa47654a20292b4932b,0|0,0.5|1,0.5|1,0.5|1,0.5|0,0.5|1,0|0,0.5|0,0|0,0.5|1,0.5|1,0.5|1,0|0,0|0,0|0,0|0,0|0,0|0,0|0,0|0,0|0,0.5|0,0.5|0,0.5|0,0.5|0,0.5|0,0.5|0,7
fea08d749d256a3974185d191878cb369296d8a3,0|0,0.5|1,0.5|1,0.5|1,0.5|0,0.5|1,0|0,0.5|0,0|0,0.5|1,0.5|1,0.5|1,0|0,0|0,0|0,0|0,0|0,0|0,0|0,0|0,0|0,0.5|0,0.5|0,0.5|0,0.5|0,0.5|0,0.5|0,7
3696331d5c97b39e3a2ee642f5ae0a2ae33bc6c1,0|0,0.5|1,0.5|1,0.5|1,0.5|0,0.5|1,0|0,0.5|0,0|0,0.5|1,0.5|1,0.5|1,0|0,0|0,0|0,0|0,0|0,0|0,0|0,0|0,0|0,0.5|0,0.5|0,0.5|0,0.5|0,0.5|0,0.5|0,7
56f4c6c34acef42237d68da8836639d9a5eea7e9,0|0,0.5|1,0.5|1,0.5|1,0.5|0,0.5|1,0|0,0.5|0,0|0,0.5|1,0.5|1,0.5|1,0|0,0|0,0|0,0|0,0|0,0|0,0|0,0|0,0|0,0.5|0,0.5|0,0.5|0,0.5|0,0.5|0,0.5|0,7
e759b17b66bcc8d116a8fbdcde66434c575bf4fb,0|0,0.5|1,0.5|1,0.5|1,0.5|0,0.5|1,0|0,0.5|0,0|0,0.5|1,0.5|1,0.5|1,0|0,0|0,0|0,0|0,0|0,0|0,0|0,0|0,0|0,0|0,0.5|0,0.5|0,0.5|0,0.5|0,0|0,7
0cda376dba46b6719d82174255360a2ac2475092,0|0,0.5|1,0.5|1,0.5|1,0.5|0,0.5|1,0|0,0.5|0,0|0,0.5|1,0.5|1,0.5|1,0|0,0|0,0|0,0|0,0|0,0|0,0|0,0|0,0|0,0|0,0.5|0,0.5|0,0.5|0,0.5|0,0|0,7
43379b3b22f65f97a83de422f6a3b37fdfb2b138,0|0,0.5|1,0.5|1,0.5|1,0.5|0,0.5|1,0|0,0.5|0,0.5|0,0.5|1,0.5|1,0.5|1,0|0,0|0,0|0,0|0,0|0,0|0,0|0,0.5|1,0|0,0|0,0.5|0,0.5|0,0.5|0,0.5|0,0|0,8
c4d7bb1a7ba80d155021f7a311b7fa6b1ce54e15,0|0,0.5|1,0.5|1,0.5|1,0.5|0,0.5|1,0|0,0.5|0,0.5|0,0.5|1,0.5|1,0.5|1,0|0,0|0,0|0,0|0,0|0,0|0,0|0,0.5|1,0|0,0|0,0.5|0,0.5|0,0.5|0,0.5|0,0|0,8
7cf8087351c821aa1e617282db93ecb33d53d918,0|0,0.5|1,0.5|1,0.5|1,0.5|0,0.5|1,0|0,0.5|0,0.5|0,0.5|1,0.5|1,0.5|1,0|0,0|0,0|0,0|0,0|0,0|0,0|0,0.5|1,0|0,0|0,0.5|0,0.5|0,0.5|0,0.5|0,0|0,8
5098cfdb4034eb2b901edb0373fb8ecf866a42cd,0|0,0.5|1,0.5|1,0.5|1,0.5|0,0.5|1,0|0,0.5|0,0.5|0,0.5|1,0.5|1,0.5|1,0|0,0|0,0|0,0|0,0|0,0|0,0|0,0.5|1,0|0,0|0,0.5|0,0.5|0,0.5|0,0.5|0,0|0,8
05dcde508b8f5884242c6832cc2a4521fedd626f,0|0,0.5|1,0.5|1,0.5|1,0.5|0,0.5|1,0|0,0.5|0,0.5|0,0.5|1,0.5|1,0.5|1,0|0,0|0,0|0,0|0,0|0,0|0,0|0,0.5|1,0|0,0|0,0.5|0,0.5|0,0.5|0,0.5|0,0|0,8
4c473fba29d0c7c674fc06c92b0076d0642f10ed,0|0,0.5|1,0.5|1,0.5|1,0.5|0,0.5|1,0|0,0.5|0,0.5|0,0.5|1,0.5|1,0.5|1,0|0,0|0,0|0,0|0,0|0,0|0,0|0,0.5|1,0|0,0|0,0.5|0,0.5|0,0.5|0,0.5|0,0|0,8
2d6de2510c2d8427a6e7f63593fe05285b6ab068,0|0,0.5|1,0.5|1,0.5|1,0.5|0,0.5|1,0|0,0.5|0,0.5|0,0.5|1,0.5|1,0.5|1,0|0,0|0,0|0,0|0,0|0,0|0,0|0,0.5|1,0|0,0|0,0.5|0,0.5|0,0.5|0,0.5|0,0|0,8
c82aa926879842fa5725ff8956f41dd1420f8fa1,0|0,0.5|1,0.5|1,0.5|1,0.5|0,0.5|1,0|0,0.5|0,0.5|0,0.5|1,0.5|1,0.5|1,0|0,0|0,0|0,0|0,0|0,0|0,0|0,0.5|1,0|0,0|0,0.5|0,0.5|0,0.5|0,0.5|0,0|0,8
b16a5cbee03202aa122a7ae840335450eeee5a9a,0|0,0.5|1,0.5|1,0.5|1,0.5|0,0.5|1,0|0,0.5|0,0.5|0,0.5|1,0.5|1,0.5|1,0|0,0|0,0|0,0|0,0|0,0|0,0|0,0.5|1,0|0,0|0,0.5|0,0.5|0,0.5|0,0.5|0,0|0,8
1dc359cb619cb0253098fea49795be54e7f22dd3,0|0,0.5|1,0.5|1,0.5|1,0.5|0,0.5|1,0|0,0.5|0,0.5|0,0.5|1,0.5|1,0.5|1,0|0,0|0,0|0,0|0,0|0,0|0,0|0,0.5|1,0|0,0|0,0.5|0,0.5|0,0.5|0,0.5|0,0|0,8
afffeccc298716d726e06e5c9f6cb6993d72a9cf,0|0,0.5|1,0.5|1,0.5|1,0.5|0,0.5|1,0|0,0.5|0,0.5|0,0.5|1,0.5|1,0.5|1,0|0,0|0,0|0,0|0,0|0,0|0,0|0,0.5|1,0|0,0|0,0.5|0,0.5|0,0.5|0,0.5|0,0|0,8
80853bda3106e515bfeaae34253be40a0ebcd279,0|0,0.5|1,0.5|1,0.5|1,0.5|0,0.5|1,0|0,0.5|0,0.5|0,0.5|1,0.5|1,0.5|1,0|0,0|0,0|0,0|0,0|0,0|0,0|0,0.5|1,0|0,0|0,0.5|0,0.5|0,0.5|0,0.5|0,0|0,8
eb3e00a385ac3b5e74235111c4e263456d836cbf,0|0,0.5|1,0.5|1,0.5|1,0.5|0,0.5|1,0|0,0.5|0,0.5|0,0.5|1,0.5|1,0.5|1,0|0,0|0,0|0,0|0,0|0,0|0,0|0,0.5|1,0|0,0|0,0.5|0,0.5|0,0.5|0,0.5|0,0|0,8
7ed876c816f20430bdee95990116938a1633208e,0|0,0.5|1,0.5|1,0.5|1,0.5|0,0.5|1,0|0,0.5|0,0.5|0,0.5|1,0.5|1,0.5|1,0|0,0|0,0|0,0|0,0|0,0|0,0|0,0.5|1,0|0,0|0,0.5|0,0.5|0,0.5|0,0.5|0,0|0,8
741ee73ec98afd982aa952f504981186f2041acd,0|0,0.5|1,0.5|1,0.5|1,0.5|0,0.5|1,0|0,0.5|0,0.5|0,0.5|1,0.5|1,0.5|1,0|0,0|0,0|0,0|0,0|0,0|0,0|0,0.5|1,0|0,0|0,0.5|0,0.5|0,0.5|0,0.5|0,0|0,8
471468260eba361eaf644bb3fcfd2eaabf6cdf0b,0|0,0.5|1,0.5|1,0.5|1,0.5|0,0.5|1,0|0,0.5|0,0.5|0,0.5|1,0.5|1,0.5|1,0|0,0|0,0|0,0|0,0|0,0|0,0|0,0.5|1,0|0,0|0,0.5|0,0.5|0,0.5|0,0.5|0,0|0,8
3331a7f134f8805e17ba2e6d791800408d5d1ee0,0|0,0.5|1,0.5|1,0.5|1,0.5|0,0.5|1,0|0,0.5|0,0.5|0,0.5|1,0.5|1,0.5|1,0|0,0|0,0|0,0|0,0|0,0|0,0|0,0.5|1,0|0,0|0,0.5|0,0.5|0,0.5|0,0.5|0,0|0,8
163b69e6a72194b7d7369eeb843fd40162bb334f,0|0,0.5|1,0.5|1,0.5|1,0.5|0,0.5|1,0|0,0.5|0,0.5|0,0.5|1,0.5|1,0.5|1,0|0,0|0,0|0,0|0,0|0,0|0,0|0,0.5|1,0|0,0|0,0.5|0,0.5|0,0.5|0,0.5|0,0|0,8
c903ddfce1279fc5023613b232e9b5b07d93c766,0|0,0.5|1,0.5|1,0.5|1,0.5|0,0.5|1,0|0,0.5|0,0.5|0,0.5|1,0.5|1,0.5|1,0|0,0|0,0|0,0|0,0|0,0|0,0|0,0.5|1,0|0,0|0,0.5|0,0.5|0,0.5|0,0.5|0,0|0,8
ba76bc0239e012004f4c7dbd09146bb80c72eb28,0|0,0.5|1,0.5|1,0.5|1,0.5|0,0.5|1,0|0,0.5|0,0.5|0,0.5|1,0.5|1,0.5|1,0|0,0|0,0|0,0|0,0|0,0|0,0|0,0.5|1,0|0,0|0,0.5|0,0.5|0,0.5|0,0.5|0,0|0,8
998284dd1ca5327e77a6870818531e993c48e99f,0|0,0.5|1,0.5|1,0.5|1,0.5|0,0.5|1,0|0,0.5|0,0.5|0,0.5|1,0.5|1,0.5|1,0|0,0|0,0|0,0|0,0|0,0|0,0|0,0.5|1,0|0,0|0,0.5|0,0.5|0,0.5|0,0.5|0,0|0,8
bad74e1ed6bbf87f9ce6c1e9f0ba376679fa5814,0|0,0.5|1,0.5|1,0.5|1,0.5|0,0.5|1,0|0,0.5|0,0.5|0,0.5|1,0.5|1,0.5|1,0|0,0|0,0|0,0|0,0|0,0|0,0|0,0.5|1,0|0,0|0,0.5|0,0.5|0,0.5|0,0.5|0,0|0,8
e80906d97307cdb36ac48028de8169247afe6890,0|0,0.5|1,0.5|1,0.5|1,0.5|0,0.5|1,0|0,0.5|0,0.5|0,0.5|1,0.5|1,0.5|1,0|0,0|0,0|0,0|0,0|0,0|0,0|0,0.5|1,0|0,0|0,0.5|0,0.5|0,0.5|0,0.5|0,0|0,8
555cb7361551b36930fa5293c6b4f661875d1713,0|0,0.5|1,0.5|1,0.5|1,0.5|0,0.5|1,0|0,0.5|0,0.5|0,0.5|1,0.5|1,0.5|1,0|0,0|0,0|0,0|0,0|0,0|0,0|0,0.5|1,0|0,0|0,0.5|0,0.5|0,0.5|0,0.5|0,0|0,8
6f1df6454a965f2c1ee67ae895e148c70f40d5e4,0|0,0.5|1,0.5|1,0.5|1,0.5|0,0.5|1,0|0,0.5|0,0.5|0,0.5|1,0.5|1,0.5|1,0|0,0|0,0|0,0|0,0|0,0|0,0|0,0.5|1,0|0,0|0,0.5|0,0.5|0,0.5|0,0.5|0,0|0,8
2b78374e37b44e06a9f9ca45fc9ccf72081a27f6,0|0,0.5|1,0.5|1,0.5|1,0.5|0,0.5|1,0|0,0.5|0,0.5|0,0.5|1,0.5|1,0.5|1,0|0,0|0,0|0,0|0,0|0,0|0,0|0,0.5|1,0|0,0|0,0.5|0,0.5|0,0.5|0,0.5|0,0|0,8
9ffb9bae63c8b7fbababb8481a83f1b575e59a18,0|0,0.5|1,0.5|1,0.5|1,0.5|0,0.5|1,0|0,0.5|0,0.5|0,0.5|1,0.5|1,0.5|1,0.5|1,0|1,0|0,0|0,0|0,0|0,0|0,0.5|1,0|0,0|0,0.5|0,0.5|0,0.5|0,0.5|0,0|0,10
6903aebfddc466d966c7b865fae34572bf3ed23e,0|0,0.5|1,0.5|1,0.5|1,0.5|1,0.5|1,0|0,0.5|1,0.5|0,0.5|1,0.5|1,0.5|1,0.5|1,0|1,0|0,0|0,0|0,0|0,0|0,0.5|1,0|0,0|0,0.5|1,0.5|1,0.5|1,0.5|1,0|0,16
978c912c7089fa4573add7140170feb9fcbe7f87,0|0,0.5|1,0.5|1,0.5|1,0.5|1,0.5|1,0|0,0.5|1,0.5|0,0.5|1,0.5|1,0.5|1,0.5|1,0|1,0|0,0|0,0|0,0|0,0|0,0.5|1,0|0,0|0,0.5|1,0.5|1,0.5|1,0.5|1,0|0,16
07e98b519385df6ea4e71f3f1941e47e8b5531dc,0|0,0.5|1,0.5|1,0.5|1,0.5|1,0.5|1,0|0,0.5|1,0.5|0,0.5|1,0.5|1,0.5|1,0.5|1,0|1,0|0,0|0,0|0,0|0,0|0,0.5|1,0|0,0|0,0.5|1,0.5|1,0.5|1,0.5|1,0|0,16
8963c351897b2c28011d1e941a31c6cb8a140a8d,0|0,0.5|1,0.5|1,0.5|1,0.5|1,0.5|1,0|0,0.5|1,0.5|0,0.5|1,0.5|1,0.5|1,0.5|1,0|1,0|0,0|0,0|0,0|0,0|0,0.5|1,0|0,0|0,0.5|1,0.5|1,0.5|1,0.5|1,0|0,16
cdbcb5b7db8766d6ea9da6912755ed335780f2f9,0|0,0.5|1,0.5|1,0.5|1,0.5|1,0.5|1,0|0,0.5|1,0|0,0.5|1,0.5|1,0.5|1,0.5|1,0|1,0|0,0|0,0|0,0|0,0|0,0|0,0|0,0|0,0.5|1,0.5|1,0.5|1,0.5|1,0|0,15
ad81126c07735f0f3a752724fa9c8fe370cf9cda,0|0,0.5|1,0.5|1,0.5|1,0.5|1,0.5|1,0|0,0.5|1,0|0,0.5|1,0.5|1,0.5|1,0.5|1,0|1,0|0,0|0,0|0,0|0,0|0,0|0,0|0,0|0,0.5|1,0.5|1,0.5|1,0.5|1,0|0,15
376cc2d910eb58fe167467de0d6fc1c94a8e3fe3,0|0,0.5|1,0.5|1,0.5|1,0.5|1,0.5|1,0|0,0.5|1,0|0,0.5|1,0.5|1,0.5|1,0.5|1,0|1,0|0,0|0,0|0,0|0,0|0,0|0,0|0,0|0,0.5|1,0.5|1,0.5|1,0.5|1,0|0,15
aca0d08e29270df84012c3db64afb64d4b04e9a2,0|0,0.5|1,0.5|1,0.5|1,0.5|1,0.5|1,0|0,0.5|1,0|0,0.5|1,0.5|1,0.5|1,0.5|1,0|1,0|0,0|0,0|0,0|0,0|0,0|0,0|0,0|0,0.5|1,0.5|1,0.5|1,0.5|1,0|0,15
48d939b05719e0e47af7891bf438c09647929f64,0|0,0.5|1,0.5|1,0.5|1,0.5|1,0.5|1,0|0,0.5|1,0|0,0.5|1,0.5|1,0.5|1,0.5|1,0|1,0|0,0|0,0|0,0|0,0|0,0|0,0|0,0|0,0.5|1,0.5|1,0.5|1,0.5|1,0|0,15
6e3e81a9f48a6e028212b454df88b043c487a1dc,0|0,0.5|1,0.5|1,0.5|1,0.5|1,0.5|1,0|0,0.5|1,0|0,0.5|1,0.5|1,0.5|1,0.5|1,0|1,0|0,0|0,0|0,0|0,0|0,0|0,0|0,0|0,0.5|1,0.5|1,0.5|1,0.5|1,0|0,15
11adcfca9986205b02cb1712fd93d6da1ea2e43a,0|0,0.5|1,0.5|1,0.5|1,0.5|1,0.5|1,0|0,0.5|1,0|0,0.5|1,0.5|1,0.5|1,0.5|1,0|1,0|0,0|0,0|0,0|0,0|0,0|0,0|0,0|0,0.5|1,0.5|1,0.5|1,0.5|1,0|0,15
f0b157b8e7d4a9de1a4c72f3fee89a5a4e1fcc70,0|0,0.5|1,0.5|1,0.5|1,0.5|1,0.5|1,0|0,0.5|1,0|0,0.5|1,0.5|1,0.5|1,0.5|1,0|1,0|0,0|0,0|0,0|0,0|0,0|0,0|0,0|0,0.5|1,0.5|1,0.5|1,0.5|1,0|0,15
d345c65a5d0e75bc3bb678f413c1ff016d12d52b,0|0,0.5|1,0.5|1,0.5|1,0.5|1,0.5|1,0|0,0.5|1,0|0,0.5|1,0.5|1,0.5|1,0.5|1,0|1,0|0,0|0,0|0,0|0,0|0,0|0,0|0,0|0,0.5|1,0.5|1,0.5|1,0.5|1,0|0,15
45e70399408e4669197129fef7b6fa569e144e0b,0|0,0.5|1,0.5|1,0.5|1,0.5|1,0.5|1,0|0,0.5|1,0|0,0.5|1,0.5|1,0.5|1,0.5|1,0|1,0|0,0|0,0|0,0|0,0|0,0|0,0|0,0|0,0.5|1,0.5|1,0.5|1,0.5|1,0|0,15
4dbfc77ebac265903980a471e04546af85e21a67,0|0,0.5|1,0.5|1,0.5|1,0.5|1,0.5|1,0|0,0.5|1,0|0,0.5|1,0.5|1,0.5|1,0.5|1,0|1,0|0,0|0,0|0,0|0,0|0,0|0,0|0,0|0,0.5|1,0.5|1,0.5|1,0.5|1,0|0,15
a70b082a09c7bcbd5e5e197ce93e745067878740,0|0,0.5|1,0.5|1,0.5|1,0.5|1,0.5|1,0|0,0.5|1,0|0,0.5|1,0.5|1,0.5|1,0.5|1,0|1,0|0,0|0,0|0,0|0,0|0,0|0,0|0,0|0,0.5|1,0.5|1,0.5|1,0.5|1,0|0,15
7fc00a1178b8d9a144c251dd335df7f514600321,0|0,0.5|1,0.5|1,0.5|1,0.5|1,0.5|1,0|0,0.5|1,0|0,0.5|1,0.5|1,0.5|1,0.5|1,0|1,0|0,0|0,0|0,0|0,0|0,0|0,0|0,0|0,0.5|1,0.5|1,0.5|1,0.5|1,0|0,15
e1353c0488febc5bb1815c3ec2dcf37905efe236,0|0,0.5|1,0.5|1,0.5|1,0.5|1,0.5|1,0|0,0.5|1,0|0,0.5|1,0.5|1,0.5|1,0.5|1,0|1,0|0,0|0,0|0,0|0,0|0,0|0,0|0,0|0,0.5|1,0.5|1,0.5|1,0.5|1,0|0,15
3168f48503554e0dd6e1ec3f47727a506f01d548,0|0,0.5|1,0.5|1,0.5|1,0.5|1,0.5|1,0|0,0.5|1,0|0,0.5|1,0.5|1,0.5|1,0.5|1,0|1,0|0,0|0,0|0,0|0,0|0,0|0,0|0,0|0,0.5|1,0.5|1,0.5|1,0.5|1,0|0,15
17005c9f14fc06e0591edb876713ad79fa78d162,0|0,0.5|1,0.5|1,0.5|1,0.5|1,0.5|1,0|0,0.5|1,0|0,0.5|1,0.5|1,0.5|1,0.5|1,0|1,0|0,0|0,0|0,0|0,0|0,0|0,0|0,0|0,0.5|1,0.5|1,0.5|1,0.5|1,0|0,15
8ada99b4d38aabe1dd56dfa4b19952107522378a,0|0,0.5|1,0.5|1,0.5|1,0.5|1,0.5|1,0|0,0.5|1,0|0,0.5|1,0.5|1,0.5|1,0.5|1,0|1,0|0,0|0,0|0,0|0,0|0,0|0,0|0,0|0,0.5|1,0.5|1,0.5|1,0.5|1,0|0,15
16c889cf7d8629c236cebaf0b3ec400c9b8826ac,0|0,0.5|1,0.5|1,0.5|1,0.5|1,0.5|1,0|0,0.5|1,0|0,0.5|1,0.5|1,0.5|1,0.5|1,0|1,0|0,0|0,0|0,0|0,0|0,0|0,0|0,0|0,0.5|1,0.5|1,0.5|1,0.5|1,0|0,15
4e0fef0e27cd832a571e876111b11b52b84e74c5,0|0,0.5|1,0.5|1,0.5|1,0.5|1,0.5|1,0|0,0.5|1,0|0,0.5|1,0.5|1,0.5|1,0.5|1,0|1,0|0,0|0,0|0,0|0,0|0,0|0,0|0,0|0,0.5|1,0.5|1,0.5|1,0.5|1,0|0,15
57f37ffd8da04c88ee35fac84b5c90666cfefce8,0|0,0.5|1,0.5|1,0.5|1,0.5|1,0.5|1,0|0,0.5|1,0|0,0.5|1,0.5|1,0.5|1,0.5|1,0|1,0|0,0|0,0|0,0|0,0|0,0|0,0|0,0|0,0.5|1,0.5|1,0.5|1,0.5|1,0|0,15
7c8c77cf1fc2e547b2a8efe7481a199baa1c82ca,0|0,0.5|1,0.5|1,0.5|1,0.5|1,0.5|1,0|0,0.5|1,0|0,0.5|1,0.5|1,0.5|1,0.5|1,0|1,0|0,0|0,0|0,0|0,0|0,0|0,0|0,0|0,0.5|1,0.5|1,0.5|1,0.5|1,0|0,15
34a5a808708d078c6f3e1f658bffcc2d0515adf7,0|0,0.5|1,0.5|1,0.5|1,0.5|1,0.5|1,0|0,0.5|1,0|0,0.5|1,0.5|1,0.5|1,0.5|1,0|1,0|0,0|0,0|0,0|0,0|0,0|0,0|0,0|0,0.5|1,0.5|1,0.5|1,0.5|1,0|0,15
a1d35518dd06b46265384a0bc0fffefa612e8c33,0|0,0.5|1,0.5|1,0.5|1,0.5|1,0.5|1,0|0,0.5|1,0|0,0.5|1,0.5|1,0.5|1,0.5|1,0|1,0|0,0|0,0|0,0|0,0|0,0|0,0|0,0|0,0.5|1,0.5|1,0.5|1,0.5|1,0|0,15
71876042bdc69133f60cd44b393bf9b6090a48d8,0|0,0.5|1,0.5|1,0.5|1,0.5|1,0.5|1,0|0,0.5|1,0|0,0.5|1,0.5|1,0.5|1,0.5|1,0|1,0|0,0|0,0|0,0|0,0|0,0|0,0|0,0|0,0.5|1,0.5|1,0.5|1,0.5|1,0|0,15
dce4ad1aa2bd4f7a5f538e03e728c395e23287a7,0|0,0.5|1,0.5|1,0.5|1,0.5|1,0.5|1,0|0,0.5|1,0|0,0.5|1,0.5|1,0.5|1,0.5|1,0|1,0|0,0|0,0|0,0|0,0|0,0|0,0|0,0|0,0.5|1,0.5|1,0.5|1,0.5|1,0|0,15
d743a347d733f8a42ba90241a40a18b9cd4f99cd,0|0,0.5|1,0.5|1,0.5|1,0.5|1,0.5|1,0|0,0.5|1,0|0,0.5|1,0.5|1,0.5|1,0.5|1,0|1,0|0,0|0,0|0,0|0,0|0,0|0,0|0,0|0,0.5|1,0.5|1,0.5|1,0.5|1,0|0,15
94d67bed81a24dc8e6058c8f679df27d7e8a9fb5,0|0,0.5|1,0.5|1,0.5|1,0.5|1,0.5|1,0|0,0.5|1,0|0,0.5|1,0.5|1,0.5|1,0.5|1,0|1,0|0,0|0,0|0,0|0,0|0,0|0,0|0,0|0,0.5|1,0.5|1,0.5|1,0.5|1,0|0,15
238b783a0e267201ef8d0d79dc5fd21423f3316d,0|0,0.5|1,0.5|1,0.5|1,0.5|1,0.5|1,0|0,0.5|1,0|0,0.5|1,0.5|1,0.5|1,0.5|1,0|1,0|0,0|0,0|0,0|0,0|0,0|0,0|0,0|0,0.5|1,0.5|1,0.5|1,0.5|1,0|0,15
209d28a63fa07a3b65a08bcad7f6133f3d9115de,0|0,0.5|1,0.5|1,0.5|1,0.5|1,0.5|1,0|0,0.5|1,0|0,0.5|1,0.5|1,0.5|1,0.5|1,0|1,0|0,0|0,0|0,0|0,0|0,0|0,0|0,0|0,0.5|1,0.5|1,0.5|1,0.5|1,0|0,15
777a9e0386fedec52720cdc59298d1eb836e443d,0|0,0.5|1,0.5|1,0.5|1,0.5|1,0.5|1,0|0,0.5|1,0|0,0.5|1,0.5|1,0.5|1,0.5|1,0|1,0|0,0|0,0|0,0|0,0|0,0|0,0|0,0|0,0.5|1,0.5|1,0.5|1,0.5|1,0|0,15
460a862ee043672b5114c1a0b8d429c587764c89,0|0,0.5|1,0.5|1,0.5|1,0.5|1,0.5|1,0|0,0.5|1,0|0,0.5|1,0.5|1,0.5|1,0.5|1,0|1,0|0,0|0,0|0,0|0,0|0,0|0,0|0,0|0,0.5|1,0.5|1,0.5|1,0.5|1,0|0,15
c07d9ec1037b17e1db2a5de2ada7b497c6f1027b,0|0,0.5|1,0.5|1,0.5|1,0.5|1,0.5|1,0|0,0.5|1,0|0,0.5|1,0.5|1,0.5|1,0.5|1,0|1,0|0,0|0,0|0,0|0,0|0,0|0,0|0,0|0,0.5|1,0.5|1,0.5|1,0.5|1,0|0,15
a626c63d912c4c5fa3169b2577cb5bda48495f6d,0|0,0.5|1,0.5|1,0.5|1,0.5|1,0.5|1,0|0,0.5|1,0|0,0.5|1,0.5|1,0.5|1,0.5|1,0|1,0|0,0|0,0|0,0|0,0|0,0|0,0|0,0|0,0.5|1,0.5|1,0.5|1,0.5|1,0|0,15
cf66cf141680030f2b0bc1b674f1eda43ae039f6,0|0,0.5|1,0.5|1,0.5|1,0.5|1,0.5|1,0|0,0.5|1,0|0,0.5|1,0.5|1,0.5|1,0.5|1,0|1,0|0,0|0,0|0,0|0,0|0,0|0,0|0,0|0,0.5|1,0.5|1,0.5|1,0.5|1,0|0,15
752c088e104908f19b435286a7c3ba6d01725352,0|0,0.5|1,0.5|1,0.5|1,0.5|1,0.5|1,0|0,0.5|1,0|0,0.5|1,0.5|1,0.5|1,0.5|1,0|1,0|0,0|0,0|0,0|0,0|0,0|0,0|0,0|0,0.5|1,0.5|1,0.5|1,0.5|1,0|0,15
8dd136ac240580b63ce509a1379a109026b93b5e,0|0,0|0,0.5|1,0.5|1,0.5|1,0.5|1,0|0,0.5|1,0|0,0.5|1,0.5|1,0.5|1,0.5|1,0|1,0|0,0|0,0|0,0|0,0|0,0|0,0|0,0|0,0.5|1,0.5|1,0.5|1,0.5|1,0|0,14
16a0aeaa9abd0901c342cec39993931b008d2850,0|0,0|0,0.5|1,0.5|1,0.5|1,0.5|1,0|0,0.5|1,0|0,0.5|1,0.5|1,0.5|1,0.5|1,0|1,0|0,0|0,0|0,0|0,0|0,0|0,0|0,0|0,0.5|1,0.5|1,0.5|1,0.5|1,0|0,14
644eae691d49a27ae5b1b2735938009ddfdca459,0|0,0|0,0.5|1,0.5|1,0.5|1,0.5|1,0|0,0.5|1,0|0,0.5|1,0.5|1,0.5|1,0.5|1,0|1,0|0,0|0,0|0,0|0,0|0,0|0,0|0,0|0,0.5|1,0.5|1,0.5|1,0.5|1,0|0,14
410012f100bf46c08d0bbc9d148d73072718190c,0|0,0|0,0.5|1,0.5|1,0.5|1,0.5|1,0|0,0.5|1,0|0,0.5|1,0.5|1,0.5|1,0.5|1,0|1,0|0,0|0,0|0,0|0,0|0,0|0,0|0,0|0,0.5|1,0.5|1,0.5|1,0.5|1,0|0,14
101e9c720da3642caea0111ca9c2a64e30cd5046,0|0,0|0,0.5|1,0.5|1,0.5|1,0.5|1,0|0,0.5|1,0|0,0.5|1,0.5|1,0.5|1,0.5|1,0|1,0|0,0|0,0|0,0|0,0|0,0|0,0|0,0|0,0.5|1,0.5|1,0.5|1,0.5|1,0|0,14
56acf7b4457619add622c80055a99277ff124d5f,0|0,0|0,0.5|1,0.5|1,0.5|1,0.5|1,0|0,0.5|1,0|0,0.5|1,0.5|1,0.5|1,0.5|1,0|1,0|0,0|0,0|0,0|0,0|0,0|0,0|0,0|0,0.5|1,0.5|1,0.5|1,0.5|1,0|0,14
5a369a8f31bb4b3bb05b38149fb349a1cda99e5c,0|0,0|0,0.5|1,0.5|1,0.5|1,0.5|1,0|0,0.5|1,0|0,0.5|1,0.5|1,0.5|1,0.5|1,0|1,0|0,0|0,0|0,0|0,0|0,0|0,0|0,0|0,0.5|1,0.5|1,0.5|1,0.5|1,0|0,14
6545cd26f4117326550b78c1be12f19c076dd18a,0|0,0|0,0.5|1,0.5|1,0.5|1,0.5|1,0|0,0.5|1,0|0,0.5|1,0.5|1,0.5|1,0.5|1,0|1,0|0,0|0,0|0,0|0,0|0,0|0,0|0,0|0,0.5|1,0.5|1,0.5|1,0.5|1,0|0,14
595926471b034fe4b518af722b2e1fae4ed6c450,0|0,0|0,0|0,0.5|1,0.5|1,0.5|1,0|0,0.5|1,0|0,0.5|1,0.5|1,0.5|1,0.5|1,0|1,0|0,0|0,0|0,0|0,0|0,0|0,0|0,0|0,0.5|1,0.5|1,0.5|1,0.5|1,0|0,13
b577531720cf1ec1e82c44cbae6d7fc23866e269,0|0,0|0,0|0,0.5|1,0.5|1,0.5|1,0|0,0.5|1,0|0,0.5|1,0.5|1,0.5|1,0.5|1,0|1,0|0,0|0,0|0,0|0,0|0,0|0,0|0,0|0,0.5|1,0.5|1,0.5|1,0.5|1,0|0,13
57a391f16cd69cedf02d5b326a689d19a985de11,0|0,0|0,0|0,0.5|1,0.5|1,0.5|1,0|0,0.5|1,0|0,0.5|1,0.5|1,0.5|1,0.5|1,0|1,0|0,0|0,0|0,0|0,0|0,0|0,0|0,0|0,0.5|1,0.5|1,0.5|1,0.5|1,0|0,13
40da5cace21f630f672e490ffe5a3b2040f00813,0|0,0|0,0|0,0.5|1,0.5|1,0.5|1,0|0,0.5|1,0|0,0.5|1,0.5|1,0.5|1,0.5|1,0|1,0|0,0|0,0|0,0|0,0|0,0|0,0|0,0|0,0.5|1,0.5|1,0.5|1,0.5|1,0|0,13
d85610b29b7308ba0f4808516f20550bb6ecbb57,0|0,0|0,0|0,0.5|1,0.5|1,0.5|1,0|0,0.5|1,0|0,0.5|1,0.5|1,0.5|1,0.5|1,0|1,0|0,0|0,0|0,0|0,0|0,0|0,0|0,0|0,0.5|1,0.5|1,0.5|1,0.5|1,0|0,13
7296210224e81ee7f5e09a89cb1eda9e5f3bbd95,0|0,0|0,0|0,0.5|1,0.5|1,0.5|1,0|0,0.5|1,0|0,0.5|1,0.5|1,0.5|1,0.5|1,0|1,0|0,0|0,0|0,0|0,0|0,0|0,0|0,0|0,0.5|1,0.5|1,0.5|1,0.5|1,0|0,13
3ebfb01a3c54650391ce9eeb0dbe5b88e41f1f5b,0|0,0|0,0|0,0|0,0.5|1,0.5|1,0|0,0.5|1,0|0,0.5|1,0.5|1,0.5|1,0.5|1,0|1,0|0,0|0,0|0,0|0,0|0,0|0,0|0,0|0,0.5|1,0.5|1,0.5|1,0.5|1,0|0,12
03396707f0a79dbfe9ba2ca2f9434b9f3ddeff55,0|0,0|0,0|0,0|0,0.5|1,0.5|1,0|0,0.5|1,0|0,0.5|1,0.5|1,0.5|1,0.5|1,0|1,0|0,0|0,0|0,0|0,0|0,0|0,0|0,0|0,0.5|1,0.5|1,0.5|1,0.5|1,0|0,12
732ed77ad67e5303c46c0fa767929afd87076c87,0|0,0|0,0|0,0|0,0.5|1,0|0,0.5|1,0.5|1,0|0,0.5|1,0.5|1,0.5|1,0.5|1,0|1,0|0,0|0,0|0,0|0,0|0,0|0,0|0,0|0,0.5|1,0.5|1,0.5|1,0.5|1,0|0,12
3ff059a74bcd10ead9a92cc67e5c8c006996e940,0|0,0|0,0|0,0|0,0|0,0|0,0.5|1,0.5|1,0|0,0.5|1,0.5|1,0.5|1,0.5|1,0|1,0|0,0|0,0|0,0|0,0|0,0|0,0|0,0|0,0.5|1,0.5|1,0.5|1,0.5|1,0|0,11
0b40d3b999d1e9feddbd9ebd144cf7b11ab81020,0|0,0|0,0|0,0|0,0|0,0|0,0|0,0.5|1,0|0,0.5|1,0.5|1,0.5|1,0.5|1,0|1,0|0,0|0,0|0,0|0,0|0,0|0,0|0,0|0,0.5|1,0.5|1,0.5|1,0.5|1,0|0,10
b3501ff6695d5b7166b75cb5fcd43f77a272f25d,0|0,0|0,0|0,0|0,0|0,0|0,0|0,0.5|1,0|0,0.5|1,0.5|1,0.5|1,0.5|1,0|1,0|0,0|0,0|0,0|0,0|0,0|0,0|0,0|0,0.5|1,0.5|1,0.5|1,0.5|1,0|0,10
2f6ab4c1a2bfc3adf8295d086bd67a12f0d921db,0|0,0|0,0|0,0|0,0|0,0|0,0|0,0.5|1,0|0,0.5|1,0.5|1,0.5|1,0.5|1,0|1,0|0,0|0,0|0,0|0,0|0,0|0,0|0,0|0,0.5|1,0.5|1,0.5|1,0.5|1,0|0,10
fca2ba9474e150e72282317b91ce68d0b801f573,0|0,0|0,0|0,0|0,0|0,0|0,0|0,0|0,0|0,0.5|1,0.5|1,0.5|1,0.5|1,0|1,0|0,0|0,0|0,0|0,0|0,0|0,0|0,0|0,0.5|1,0.5|1,0.5|1,0.5|1,0|0,9
d0c44b9ddce8762dd6c5682faecad0e30c0494f9,0|0,0|0,0|0,0|0,0|0,0|0,0|0,0|0,0|0,0.5|1,0.5|1,0.5|1,0.5|1,0|1,0|0,0|0,0|0,0|0,0|0,0|0,0|0,0|0,0.5|1,0.5|1,0.5|1,0.5|1,0|0,9
7551e14c58b078bd110b82bd6407626861c2871f,0|0,0|0,0|0,0|0,0|0,0|0,0|0,0|0,0|0,0.5|1,0.5|1,0.5|1,0.5|1,0|1,0|0,0|0,0|0,0|0,0|0,0|0,0|0,0|0,0.5|1,0.5|1,0.5|1,0.5|1,0|0,9
0dc3dcbc0095463d0adb1399b9197ad0f0c36eb8,0|0,0|0,0|0,0|0,0|0,0|0,0|0,0|0,0|0,0.5|1,0.5|1,0.5|1,0.5|1,0|1,0|0,0|0,0|0,0|0,0|0,0|0,0|0,0|0,0.5|1,0.5|1,0.5|1,0.5|1,0|0,9
26a404d6a53bfab7b8ea764a8763e23727c2986e,0|0,0|0,0|0,0|0,0|0,0|0,0|0,0|0,0|0,0.5|1,0.5|1,0.5|1,0.5|1,0|1,0|0,0|0,0|0,0|0,0|0,0|0,0|0,0|0,0.5|1,0.5|1,0.5|1,0.5|1,0|0,9
ce28ea816209cafc27e181a71e55310fe57a79b8,0|0,0|0,0|0,0|0,0|0,0|0,0|0,0|0,0|0,0.5|1,0.5|1,0.5|1,0.5|1,0|1,0|0,0|0,0|0,0|0,0|0,0|0,0|0,0|0,0.5|1,0.5|1,0.5|1,0.5|1,0|0,9
88f3d19479470db5d8a7d83c2b5a84fd10a6ddaa,0|0,0|0,0|0,0|0,0|0,0|0,0|0,0|0,0|0,0.5|1,0.5|1,0.5|1,0.5|1,0|1,0|0,0|0,0|0,0|0,0|0,0|0,0|0,0|0,0.5|1,0.5|1,0.5|1,0.5|1,0|0,9
42254ae792b4b8737b047ce07475242672a7b3ab,0|0,0|0,0|0,0|0,0|0,0|0,0|0,0|0,0|0,0.5|1,0.5|1,0.5|1,0.5|1,0|1,0|0,0|0,0|0,0|0,0|0,0|0,0|0,0|0,0.5|1,0.5|1,0.5|1,0.5|1,0|0,9
704afd0e2ddbaceb96d3861579244358b6eef326,0|0,0|0,0|0,0|0,0|0,0|0,0|0,0|0,0|0,0.5|1,0.5|1,0.5|1,0.5|1,0|1,0|0,0|0,0|0,0|0,0|0,0|0,0|0,0|0,0.5|1,0.5|1,0.5|1,0.5|1,0|0,9
c621f390344eedd6e7f42abd467c6c5377dca352,0|0,0|0,0|0,0|0,0|0,0|0,0|0,0|0,0|0,0.5|1,0.5|1,0.5|1,0.5|1,0|1,0|0,0|0,0|0,0|0,0|0,0|0,0|0,0|0,0.5|1,0.5|1,0.5|1,0.5|1,0|0,9
8098b7de61cba16d500ca83eee0c3711760d26a9,0|0,0|0,0|0,0|0,0|0,0|0,0|0,0|0,0|0,0.5|1,0.5|1,0.5|1,0.5|1,0|1,0|0,0|0,0|0,0|0,0|0,0|0,0|0,0|0,0.5|1,0.5|1,0.5|1,0.5|1,0|0,9
64de4a5001f0a2c8d60c564fb2aea882c19f64f3,0|0,0|0,0|0,0|0,0|0,0|0,0|0,0|0,0|0,0.5|1,0.5|1,0.5|1,0.5|1,0|1,0|0,0|0,0|0,0|0,0|0,0|0,0|0,0|0,0.5|1,0.5|1,0.5|1,0.5|1,0|0,9
4cc0d0c7c9d1867fad848c13ded5cb954d144b7b,0|0,0|0,0|0,0|0,0|0,0|0,0|0,0|0,0|0,0.5|1,0.5|1,0.5|1,0.5|1,0|1,0|0,0|0,0|0,0|0,0|0,0|0,0|0,0|0,0.5|1,0.5|1,0.5|1,0.5|1,0|0,9
e8f27abd028416d7adb0d356ee3080cf41622687,0|0,0|0,0|0,0|0,0|0,0|0,0|0,0|0,0|0,0.5|1,0.5|1,0.5|1,0.5|1,0|1,0|0,0|0,0|0,0|0,0|0,0|0,0|0,0|0,0.5|1,0.5|1,0.5|1,0.5|1,0|0,9
c5508c5eae46b6627dbd3fb1f55db567856df3fd,0|0,0|0,0|0,0|0,0|0,0|0,0|0,0|0,0|0,0.5|1,0.5|1,0.5|1,0.5|1,0|1,0|0,0|0,0|0,0|0,0|0,0|0,0|0,0|0,0.5|1,0.5|1,0.5|1,0.5|1,0|0,9
4d6ed77a4a423929899356ec1896bcd97e40acff,0|0,0|0,0|0,0|0,0|0,0|0,0|0,0|0,0|0,0.5|1,0.5|1,0.5|1,0.5|1,0|1,0|0,0|0,0|0,0|0,0|0,0|0,0|0,0|0,0.5|1,0.5|1,0.5|1,0.5|1,0|0,9
e05574d94217e6fbd9186509a1b494fb30ee1431,0|0,0|0,0|0,0|0,0|0,0|0,0|0,0|0,0|0,0.5|1,0.5|1,0.5|1,0.5|1,0|1,0|0,0|0,0|0,0|0,0|0,0|0,0|0,0|0,0.5|1,0.5|1,0.5|1,0.5|1,0|0,9
b145c2c30ee4983f49e9dd78c6fea27a4e471c68,0|0,0|0,0|0,0|0,0|0,0|0,0|0,0|0,0|0,0.5|1,0.5|1,0.5|1,0.5|1,0|1,0|0,0|0,0|0,0|0,0|0,0|0,0|0,0|0,0.5|1,0.5|1,0.5|1,0.5|1,0|0,9
3bad4089fd2b6812e4ffbe3663f013371f90b134,0|0,0|0,0|0,0|0,0|0,0|0,0|0,0|0,0|0,0.5|1,0.5|1,0.5|1,0.5|1,0|1,0|0,0|0,0|0,0|0,0|0,0|0,0|0,0|0,0.5|1,0.5|1,0.5|1,0.5|1,0|0,9
c4a75eb1c20130fee03f29c8ffb802003abd8883,0|0,0|0,0|0,0|0,0|0,0|0,0|0,0|0,0|0,0.5|1,0.5|1,0.5|1,0.5|1,0|1,0|0,0|0,0|0,0|0,0|0,0|0,0|0,0|0,0.5|1,0.5|1,0.5|1,0.5|1,0|0,9
4554d69119127b725e768b62270ad04cc23e201a,0|0,0|0,0|0,0|0,0|0,0|0,0|0,0|0,0|0,0.5|1,0.5|1,0.5|1,0.5|1,0|1,0|0,0|0,0|0,0|0,0|0,0|0,0|0,0|0,0.5|1,0.5|1,0.5|1,0.5|1,0|0,9
d3451faa2190e9f4c12bb00adf00149b7af1d18d,0|0,0|0,0|0,0|0,0|0,0|0,0|0,0|0,0|0,0.5|1,0.5|1,0.5|1,0.5|1,0|1,0|0,0|0,0|0,0|0,0|0,0|0,0|0,0|0,0.5|1,0.5|1,0.5|1,0.5|1,0|0,9
b5b1afe401bb6a04783ca36b5253948d6cf5ee48,0|0,0|0,0|0,0|0,0|0,0|0,0|0,0|0,0|0,0|0,0.5|1,0.5|1,0.5|1,0|1,0|0,0|0,0|0,0|0,0|0,0|0,0|0,0|0,0.5|1,0.5|1,0.5|1,0.5|1,0|0,8
5eccebb4eee1b041f8ed67741d6d1a7424be5a8a,0|0,0|0,0|0,0|0,0|0,0|0,0|0,0|0,0|0,0|0,0.5|1,0.5|1,0.5|1,0|1,0|0,0|0,0|0,0|0,0|0,0|0,0|0,0|0,0.5|1,0.5|1,0.5|1,0.5|1,0|0,8
c8b2e8271350ad3a5a4ebb5824f387b727d424f7,0|0,0|0,0|0,0|0,0|0,0|0,0|0,0|0,0|0,0|0,0.5|1,0.5|1,0.5|1,0|1,0|0,0|0,0|0,0|0,0|0,0|0,0|0,0|0,0.5|1,0.5|1,0.5|1,0.5|1,0|0,8
445c651549eefff771fe96a8499fc5ecd0190549,0|0,0|0,0|0,0|0,0|0,0|0,0|0,0|0,0|0,0|0,0.5|1,0.5|1,0.5|1,0|1,0|0,0|0,0|0,0|0,0|0,0|0,0|0,0|0,0.5|1,0.5|1,0.5|1,0.5|1,0|0,8
65461e4eb5aff766b3137022d3af61e2b66a6076,0|0,0|0,0|0,0|0,0|0,0|0,0|0,0|0,0|0,0|0,0.5|1,0.5|1,0.5|1,0|1,0|0,0|0,0|0,0|0,0|0,0|0,0|0,0|0,0.5|1,0.5|1,0.5|1,0.5|1,0|0,8
412372b02412c05612bea7f53b01134a3fc435b8,0|0,0|0,0|0,0|0,0|0,0|0,0|0,0|0,0|0,0|0,0.5|1,0.5|1,0.5|1,0|1,0|0,0|0,0|0,0|0,0|0,0|0,0|0,0|0,0.5|1,0.5|1,0.5|1,0.5|1,0|0,8
96a9fcd6285ae7908268c11c5346b74d227642f5,0|0,0|0,0|0,0|0,0|0,0|0,0|0,0|0,0|0,0|0,0.5|1,0.5|1,0.5|1,0|1,0|0,0|0,0|0,0|0,0|0,0|0,0|0,0|0,0.5|1,0.5|1,0.5|1,0.5|1,0|0,8
0e55a3497c4bbae52ebc138e6ebc570b481524de,0|0,0|0,0|0,0|0,0|0,0|0,0|0,0|0,0|0,0|0,0.5|1,0.5|1,0.5|1,0|1,0|0,0|0,0|0,0|0,0|0,0|0,0|0,0|0,0.5|1,0.5|1,0.5|1,0.5|1,0|0,8
e13294b085b7c126bf037d9b94903a2a41b23f46,0|0,0|0,0|0,0|0,0|0,0|0,0|0,0|0,0|0,0|0,0.5|1,0.5|1,0.5|1,0|1,0|0,0|0,0|0,0|0,0|0,0|0,0|0,0|0,0.5|1,0.5|1,0.5|1,0.5|1,0|0,8
30180986a08cf71fe4af4b50251a8bb5b1ab95af,0|0,0|0,0|0,0|0,0|0,0|0,0|0,0|0,0|0,0|0,0.5|1,0.5|1,0.5|1,0|1,0|0,0|0,0|0,0|0,0|0,0|0,0|0,0|0,0.5|1,0.5|1,0.5|1,0.5|1,0|0,8
483e1531825d539d2faa8b6445b81b749be6acde,0|0,0|0,0|0,0|0,0|0,0|0,0|0,0|0,0|0,0|0,0.5|1,0.5|1,0.5|1,0|1,0|0,0|0,0|0,0|0,0|0,0|0,0|0,0|0,0.5|1,0.5|1,0.5|1,0.5|1,0|0,8
00ad8644e6705e6d2aacf32e8d519f93c56273de,0|0,0|0,0|0,0|0,0|0,0|0,0|0,0|0,0|0,0|0,0.5|1,0.5|1,0.5|1,0|1,0|0,0|0,0|0,0|0,0|0,0|0,0|0,0|0,0.5|1,0.5|1,0.5|1,0.5|1,0|0,8
3eae6a031c07fe1793a00608a257e27ef414219b,0|0,0|0,0|0,0|0,0|0,0|0,0|0,0|0,0|0,0|0,0.5|1,0.5|1,0.5|1,0|1,0|0,0|0,0|0,0|0,0|0,0|0,0|0,0|0,0.5|1,0.5|1,0.5|1,0.5|1,0|0,8
d0e5d62bf5b4b1087d567e4885e0a2cca4e7c299,0|0,0|0,0|0,0|0,0|0,0|0,0|0,0|0,0|0,0|0,0.5|1,0.5|1,0.5|1,0|1,0|0,0|0,0|0,0|0,0|0,0|0,0|0,0|0,0.5|1,0.5|1,0.5|1,0.5|1,0|0,8
8a6708c163fff39f9965d08854f1f620fbe87704,0|0,0|0,0|0,0|0,0|0,0|0,0|0,0|0,0|0,0|0,0.5|1,0.5|1,0.5|1,0|1,0|0,0|0,0|0,0|0,0|0,0|0,0|0,0|0,0.5|1,0.5|1,0.5|1,0.5|1,0|0,8
af2fb6938cbb78ac92ab61d25b6dc0200dda24c4,0|0,0|0,0|0,0|0,0|0,0|0,0|0,0|0,0|0,0|0,0.5|1,0.5|1,0.5|1,0|1,0|0,0|0,0|0,0|0,0|0,0|0,0|0,0|0,0.5|1,0.5|1,0.5|1,0.5|1,0|0,8
55a55569498a51ea3ec066ee144e7b651e84b5c6,0|0,0|0,0|0,0|0,0|0,0|0,0|0,0|0,0|0,0|0,0.5|1,0.5|1,0.5|1,0|1,0|0,0|0,0|0,0|0,0|0,0|0,0|0,0|0,0.5|1,0.5|1,0.5|1,0.5|1,0|0,8
871e4f2ac6622a668f0a50ad59a2b91fee33841b,0|0,0|0,0|0,0|0,0|0,0|0,0|0,0|0,0|0,0|0,0.5|1,0.5|1,0.5|1,0|1,0|0,0|0,0|0,0|0,0|0,0|0,0|0,0|0,0.5|1,0.5|1,0.5|1,0.5|1,0|0,8
63bb85b05059dcb9397de989d8e38d305b35051a,0|0,0|0,0|0,0|0,0|0,0|0,0|0,0|0,0|0,0|0,0.5|1,0.5|1,0.5|1,0|1,0|0,0|0,0|0,0|0,0|0,0|0,0|0,0|0,0.5|1,0.5|1,0.5|1,0.5|1,0|0,8
3d257410b22fa9aa185f10b5ea40384a0851ac08,0|0,0|0,0|0,0|0,0|0,0|0,0|0,0|0,0|0,0|0,0.5|1,0.5|1,0.5|1,0|1,0|0,0|0,0|0,0|0,0|0,0|0,0|0,0|0,0.5|1,0.5|1,0.5|1,0.5|1,0|0,8
0365c3ce6c300cc6ebc8af93a911f1bd1381f259,0|0,0|0,0|0,0|0,0|0,0|0,0|0,0|0,0|0,0|0,0.5|1,0.5|1,0.5|1,0|1,0|0,0|0,0|0,0|0,0|0,0|0,0|0,0|0,0.5|1,0.5|1,0.5|1,0.5|1,0|0,8
480da424a548e08614441f10464f79911000d3fe,0|0,0|0,0|0,0|0,0|0,0|0,0|0,0|0,0|0,0|0,0.5|1,0.5|1,0.5|1,0|1,0|0,0|0,0|0,0|0,0|0,0|0,0|0,0|0,0.5|1,0.5|1,0.5|1,0.5|1,0|0,8
98beb86a389f9186b2bf9a0f18350a988ad64f1b,0|0,0|0,0|0,0|0,0|0,0|0,0|0,0|0,0|0,0|0,0.5|1,0.5|1,0.5|1,0|1,0|0,0|0,0|0,0|0,0|0,0|0,0|0,0|0,0.5|1,0.5|1,0.5|1,0.5|1,0|0,8
3ce249f365b849fbb34281cd7c230421824e77cc,0|0,0|0,0|0,0|0,0|0,0|0,0|0,0|0,0|0,0|0,0.5|1,0.5|1,0.5|1,0|1,0|0,0|0,0|0,0|0,0|0,0|0,0|0,0|0,0.5|1,0.5|1,0.5|1,0.5|1,0|0,8
85e08ae675e1a86e772211d705b816b5fa29f1c0,0|0,0|0,0|0,0|0,0|0,0|0,0|0,0|0,0|0,0|0,0.5|1,0.5|1,0.5|1,0|1,0|0,0|0,0|0,0|0,0|0,0|0,0|0,0|0,0.5|1,0.5|1,0.5|1,0.5|1,0|0,8
175c357c37f6a7d27fe01d68d4b10f2d05eb2971,0|0,0|0,0|0,0|0,0|0,0|0,0|0,0|0,0|0,0|0,0.5|1,0.5|1,0.5|1,0|1,0|0,0|0,0|0,0|0,0|0,0|0,0|0,0|0,0.5|1,0.5|1,0.5|1,0.5|1,0|0,8
61eb4e487e00ed6758a62f07222488c5ec5fdb42,0|0,0|0,0|0,0|0,0|0,0|0,0|0,0|0,0|0,0|0,0.5|1,0.5|1,0.5|1,0|1,0|0,0|0,0|0,0|0,0|0,0|0,0|0,0|0,0.5|1,0.5|1,0.5|1,0.5|1,0|0,8
fb83cd04396403f93051f485b4f840b32e3b3137,0|0,0|0,0|0,0|0,0|0,0|0,0|0,0|0,0|0,0|0,0.5|1,0.5|1,0.5|1,0|1,0|0,0|0,0|0,0|0,0|0,0|0,0|0,0|0,0.5|1,0.5|1,0.5|1,0.5|1,0|0,8
3ffe24cfb63062ad8734e1bd0b6009204a15851b,0|0,0|0,0|0,0|0,0|0,0|0,0|0,0|0,0|0,0|0,0.5|1,0.5|1,0.5|1,0|1,0|0,0|0,0|0,0|0,0|0,0|0,0|0,0|0,0.5|1,0.5|1,0.5|1,0.5|1,0|0,8
78cdab949f098ad7e593d853229fccf57d749d0c,0|0,0|0,0|0,0|0,0|0,0|0,0|0,0|0,0|0,0|0,0|0,0.5|1,0.5|1,0|1,0|0,0|0,0|0,0|0,0|0,0|0,0|0,0|0,0.5|1,0.5|1,0.5|1,0.5|1,0|0,7
f015746d22d249642c19674298a18ad824db0ed7,0|0,0|0,0|0,0|0,0|0,0|0,0|0,0|0,0|0,0|0,0|0,0|0,0.5|1,0|1,0|0,0|0,0|0,0|0,0|0,0|0,0|0,0|0,0.5|1,0.5|1,0.5|1,0.5|1,0|0,6
a089353e1f21b9330f13ac88e65e3db363b550ac,0|0,0|0,0|0,0|0,0|0,0|0,0|0,0|0,0|0,0|0,0|0,0|0,0.5|1,0|1,0|0,0|0,0|0,0|0,0|0,0|0,0|0,0|0,0.5|1,0.5|1,0.5|1,0.5|1,0|0,6
196bf9e574fb421b5d0f7f5f064d86631df259ad,0|0,0|0,0|0,0|0,0|0,0|0,0|0,0|0,0|0,0|0,0|0,0|0,0.5|1,0|1,0|0,0|0,0|0,0|0,0|0,0|0,0|0,0|0,0.5|1,0.5|1,0.5|1,0.5|1,0|0,6
69544553c36f0613f6283e0eeb3f9eb549825986,0|0,0|0,0|0,0|0,0|0,0|0,0|0,0|0,0|0,0|0,0|0,0|0,0.5|1,0|1,0|0,0|0,0|0,0|0,0|0,0|0,0|0,0|0,0.5|1,0.5|1,0.5|1,0.5|1,0|0,6
5df913b7f57ad89b9832555d24c08d23a534311e,0|0,0|0,0|0,0|0,0|0,0|0,0|0,0|0,0|0,0|0,0|0,0|0,0|0,0|1,0|0,0|0,0|0,0|0,0|0,0|0,0|0,0|0,0.5|1,0.5|1,0.5|1,0.5|1,0|0,5
1ae8b60425ab61f5c6fedf4502275c9047683f69,0|0,0|0,0|0,0|0,0|0,0|0,0|0,0|0,0|0,0|0,0|0,0|0,0|0,0|1,0|0,0|0,0|0,0|0,0|0,0|0,0|0,0|0,0.5|1,0.5|1,0.5|1,0.5|1,0|0,5
f8af905574a55036f7c8e079188992be10ceb73e,0|0,0|0,0|0,0|0,0|0,0|0,0|0,0|0,0|0,0|0,0|0,0|0,0|0,0|1,0|0,0|0,0|0,0|0,0|0,0|0,0|0,0|0,0.5|1,0.5|1,0.5|1,0.5|1,0|0,5
f443c391b03d06c821a7a725279c3cd135f9c13b,0|0,0|0,0|0,0|0,0|0,0|0,0|0,0|0,0|0,0|0,0|0,0|0,0|0,0|1,0|0,0|0,0|0,0|0,0|0,0|0,0|0,0|0,0.5|1,0.5|1,0.5|1,0.5|1,0|0,5
f7b0ce3dacb0fb3feca7f3065b126af84c26c100,0|0,0|0,0|0,0|0,0|0,0|0,0|0,0|0,0|0,0|0,0|0,0|0,0|0,0|1,0|0,0|0,0|0,0|0,0|0,0|0,0|0,0|0,0.5|1,0.5|1,0.5|1,0.5|1,0|0,5
88543529a20cb3b95b0b8dfcf366957ea3b80596,0|0,0|0,0|0,0|0,0|0,0|0,0|0,0|0,0|0,0|0,0|0,0|0,0|0,0|1,0|0,0|0,0|0,0|0,0|0,0|0,0|0,0|0,0.5|1,0.5|1,0.5|1,0.5|1,0|0,5
b48696539dc58ccf98db461c67aa4559329c8603,0|0,0|0,0|0,0|0,0|0,0|0,0|0,0|0,0|0,0|0,0|0,0|0,0|0,0|1,0|0,0|0,0|0,0|0,0|0,0|0,0|0,0|0,0.5|1,0.5|1,0.5|1,0.5|1,0|0,5
66f274dcaf2826295f98d6e212bf12ffef8b9162,0|0,0|0,0|0,0|0,0|0,0|0,0|0,0|0,0|0,0|0,0|0,0|0,0|0,0|1,0|0,0|0,0|0,0|0,0|0,0|0,0|0,0|0,0.5|1,0.5|1,0.5|1,0.5|1,0|0,5
049b2a87543b48cd119341637c8c0529aa511903,0|0,0|0,0|0,0|0,0|0,0|0,0|0,0|0,0|0,0|0,0|0,0|0,0|0,0|1,0|0,0|0,0|0,0|0,0|0,0|0,0|0,0|0,0.5|1,0.5|1,0.5|1,0.5|1,0|0,5
3135fccdca3e45934e99534dc270113451e03f3c,0|0,0|0,0|0,0|0,0|0,0|0,0|0,0|0,0|0,0|0,0|0,0|0,0|0,0|1,0|0,0|0,0|0,0|0,0|0,0|0,0|0,0|0,0.5|1,0.5|1,0.5|1,0.5|1,0|0,5
d25009cde6f6d624bfbee8203db779142cd8cd78,0|0,0|0,0|0,0|0,0|0,0|0,0|0,0|0,0|0,0|0,0|0,0|0,0|0,0|1,0|0,0|0,0|0,0|0,0|0,0|0,0|0,0|0,0.5|1,0.5|1,0.5|1,0.5|1,0|0,5
9cda87e200bbe95e78055b3d2254878307cb12a7,0|0,0|0,0|0,0|0,0|0,0|0,0|0,0|0,0|0,0|0,0|0,0|0,0|0,0|1,0|0,0|0,0|0,0|0,0|0,0|0,0|0,0|0,0.5|1,0.5|1,0.5|1,0.5|1,0|0,5
910020aeecf8f991be4dcd399ffbcc054b97fd2d,0|0,0|0,0|0,0|0,0|0,0|0,0|0,0|0,0|0,0|0,0|0,0|0,0|0,0|1,0|0,0|0,0|0,0|0,0|0,0|0,0|0,0|0,0.5|1,0.5|1,0.5|1,0.5|1,0|0,5
c7c689c74d7a4731032f913aabd79e33aa41e4bd,0|0,0|0,0|0,0|0,0|0,0|0,0|0,0|0,0|0,0|0,0|0,0|0,0|0,0|1,0|0,0|0,0|0,0|0,0|0,0|0,0|0,0|0,0.5|1,0.5|1,0.5|1,0.5|1,0|0,5
23eb606d862328f4293fd890d5528216a4bb10c1,0|0,0|0,0|0,0|0,0|0,0|0,0|0,0|0,0|0,0|0,0|0,0|0,0|0,0|1,0|0,0|0,0|0,0|0,0|0,0|0,0|0,0|0,0.5|1,0.5|1,0.5|1,0.5|1,0|0,5
e58e7e14286eb882e8a776b585f237720b9399a2,0|0,0|0,0|0,0|0,0|0,0|0,0|0,0|0,0|0,0|0,0|0,0|0,0|0,0|1,0|0,0|0,0|0,0|0,0|0,0|0,0|0,0|0,0.5|1,0.5|1,0.5|1,0.5|1,0|0,5
95122abe2ec6edc0b9bd8692eb0752f78d4477d2,0|0,0|0,0|0,0|0,0|0,0|0,0|0,0|0,0|0,0|0,0|0,0|0,0|0,0|1,0|0,0|0,0|0,0|0,0|0,0|0,0|0,0|0,0.5|1,0.5|1,0.5|1,0.5|1,0|0,5
7f0166ab123d54e2229b78261371e10d93cd2b4c,0|0,0|0,0|0,0|0,0|0,0|0,0|0,0|0,0|0,0|0,0|0,0|0,0|0,0|1,0|0,0|0,0|0,0|0,0|0,0|0,0|0,0|0,0.5|1,0.5|1,0.5|1,0.5|1,0|0,5
8e71118cd479c4fd924d915493c9d41e5b58b282,0|0,0|0,0|0,0|0,0|0,0|0,0|0,0|0,0|0,0|0,0|0,0|0,0|0,0|1,0|0,0|0,0|0,0|0,0|0,0|0,0|0,0|0,0.5|1,0.5|1,0.5|1,0.5|1,0|0,5
224e2652664e3b46c761448292bace58815427a6,0|0,0|0,0|0,0|0,0|0,0|0,0|0,0|0,0|0,0|0,0|0,0|0,0|0,0|1,0|0,0|0,0|0,0|0,0|0,0|0,0|0,0|0,0.5|1,0.5|1,0.5|1,0.5|1,0|0,5
6e25924eb09f3f250732e47a0b5e3cbaa77a921c,0|0,0|0,0|0,0|0,0|0,0|0,0|0,0|0,0|0,0|0,0|0,0|0,0|0,0|1,0|0,0|0,0|0,0|0,0|0,0|0,0|0,0|0,0.5|1,0.5|1,0.5|1,0.5|1,0|0,5
03079a94136243c732ee0ac587fc02b8eb5f7c04,0|0,0|0,0|0,0|0,0|0,0|0,0|0,0|0,0|0,0|0,0|0,0|0,0|0,0|1,0|0,0|0,0|0,0|0,0|0,0|0,0|0,0|0,0.5|1,0.5|1,0.5|1,0.5|1,0|0,5
d224b2612dfd2b92f4f147ac93c7b8557312b943,0|0,0|0,0|0,0|0,0|0,0|0,0|0,0|0,0|0,0|0,0|0,0|0,0|0,0|1,0|0,0|0,0|0,0|0,0|0,0|0,0|0,0|0,0.5|1,0.5|1,0.5|1,0.5|1,0|0,5
7f9e8ba85ca5630385c94208e85b3f74c85a94a8,0|0,0|0,0|0,0|0,0|0,0|0,0|0,0|0,0|0,0|0,0|0,0|0,0|0,0|1,0|0,0|0,0|0,0|0,0|0,0|0,0|0,0|0,0.5|1,0.5|1,0.5|1,0.5|1,0|0,5
db18a72c646842ac3b01f747e1f9b3beb7b582d8,0|0,0|0,0|0,0|0,0|0,0|0,0|0,0|0,0|0,0|0,0|0,0|0,0|0,0|1,0|0,0|0,0|0,0|0,0|0,0|0,0|0,0|0,0.5|1,0.5|1,0.5|1,0.5|1,0|0,5
96ae693d5af290d199aeacccd9cc9bcb28525fce,0|0,0|0,0|0,0|0,0|0,0|0,0|0,0|0,0|0,0|0,0|0,0|0,0|0,0|1,0|0,0|0,0|0,0|0,0|0,0|0,0|0,0|0,0.5|1,0.5|1,0.5|1,0.5|1,0|0,5
219c6cc49464c627c7741a2c17171d7f61fa536c,0|0,0|0,0|0,0|0,0|0,0|0,0|0,0|0,0|0,0|0,0|0,0|0,0|0,0|1,0|0,0|0,0|0,0|0,0|0,0|0,0|0,0|0,0.5|1,0.5|1,0.5|1,0.5|1,0|0,5
7a090b994e70a63a59825142dd6182332931bcdd,0|0,0|0,0|0,0|0,0|0,0|0,0|0,0|0,0|0,0|0,0|0,0|0,0|0,0|1,0|0,0|0,0|0,0|0,0|0,0|0,0|0,0|0,0.5|1,0.5|1,0.5|1,0.5|1,0|0,5
ce7fa4295896ad71d14fdd00a592217924c2fe6f,0|0,0|0,0|0,0|0,0|0,0|0,0|0,0|0,0|0,0|0,0|0,0|0,0|0,0|1,0|0,0|0,0|0,0|0,0|0,0|0,0|0,0|0,0.5|1,0.5|1,0.5|1,0.5|1,0|0,5
ba85ae75e31d5503ff98fc2085038c0db8fd399e,0|0,0|0,0|0,0|0,0|0,0|0,0|0,0|0,0|0,0|0,0|0,0|0,0|0,0|1,0|0,0|0,0|0,0|0,0|0,0|0,0|0,0|0,0.5|1,0.5|1,0.5|1,0.5|1,0|0,5
1db88374bb7706a115d5c3617c6f16115c33bf27,0|0,0|0,0|0,0|0,0|0,0|0,0|0,0|0,0|0,0|0,0|0,0|0,0|0,0|1,0|0,0|0,0|0,0|0,0|0,0|0,0|0,0|0,0.5|1,0.5|1,0.5|1,0.5|1,0|0,5
b820bdf5b3799aa15c0a29150e64c227d1c0abfc,0|0,0|0,0|0,0|0,0|0,0|0,0|0,0|0,0|0,0|0,0|0,0|0,0|0,0|1,0|0,0|0,0|0,0|0,0|0,0|0,0|0,0|0,0.5|1,0.5|1,0.5|1,0.5|1,0|0,5
03cbf91be54e2b54dd87176d1136570610e32f3f,0|0,0|0,0|0,0|0,0|0,0|0,0|0,0|0,0|0,0|0,0|0,0|0,0|0,0|1,0|0,0|0,0|0,0|0,0|0,0|0,0|0,0|0,0.5|1,0.5|1,0.5|1,0.5|1,0|0,5
5f16ffae848e88dc2c93a6a4c1501501dddbbdd8,0|0,0|0,0|0,0|0,0|0,0|0,0|0,0|0,0|0,0|0,0|0,0|0,0|0,0|1,0|0,0|0,0|0,0|0,0|0,0|0,0|0,0|0,0.5|1,0.5|1,0.5|1,0.5|1,0|0,5
6049cb926c980754e18b16794e365a9370f4403e,0|0,0|0,0|0,0|0,0|0,0|0,0|0,0|0,0|0,0|0,0|0,0|0,0|0,0|1,0|0,0|0,0|0,0|0,0|0,0|0,0|0,0|0,0.5|1,0.5|1,0.5|1,0.5|1,0|0,5
285db1ef298bb7d78ccf16cbb644a0e6b79584e6,0|0,0|0,0|0,0|0,0|0,0|0,0|0,0|0,0|0,0|0,0|0,0|0,0|0,0|1,0|0,0|0,0|0,0|0,0|0,0|0,0|0,0|0,0.5|1,0.5|1,0.5|1,0.5|1,0|0,5
521d420c4274cf4b6b97f80f8d56d38dee339ea4,0|0,0|0,0|0,0|0,0|0,0|0,0|0,0|0,0|0,0|0,0|0,0|0,0|0,0|1,0|0,0|0,0|0,0|0,0|0,0|0,0|0,0|0,0.5|1,0.5|1,0.5|1,0.5|1,0|0,5
0b0deae4be680a180b818c0013237718c45602dc,0|0,0|0,0|0,0|0,0|0,0|0,0|0,0|0,0|0,0|0,0|0,0|0,0|0,0|1,0|0,0|0,0|0,0|0,0|0,0|0,0|0,0|0,0.5|1,0.5|1,0.5|1,0.5|1,0|0,5
a3ca7613cd4e1bca8068e1e64aed57399b93b9ed,0|0,0|0,0|0,0|0,0|0,0|0,0|0,0|0,0|0,0|0,0|0,0|0,0|0,0|1,0|0,0|0,0|0,0|0,0|0,0|0,0|0,0|0,0.5|1,0.5|1,0.5|1,0.5|1,0|0,5
26adaf519c557c609eac0868b257a2045255f35c,0|0,0|0,0|0,0|0,0|0,0|0,0|0,0|0,0|0,0|0,0|0,0|0,0|0,0|1,0|0,0|0,0|0,0|0,0|0,0|0,0|0,0|0,0.5|1,0.5|1,0.5|1,0.5|1,0|0,5
a6ed34bbb5cbd10b3a8f92494271f2e1a428ee28,0|0,0|0,0|0,0|0,0|0,0|0,0|0,0|0,0|0,0|0,0|0,0|0,0|0,0|1,0|0,0|0,0|0,0|0,0|0,0|0,0|0,0|0,0.5|1,0.5|1,0.5|1,0.5|1,0|0,5
ac8176430873e92c5b2f242adbd08f97f836a8d8,0|0,0|0,0|0,0|0,0|0,0|0,0|0,0|0,0|0,0|0,0|0,0|0,0|0,0|1,0|0,0|0,0|0,0|0,0|0,0|0,0|0,0|0,0.5|1,0.5|1,0.5|1,0.5|1,0|0,5
edaf921eb6ff7bb866bd07b984e7dd5bc3a91427,0|0,0|0,0|0,0|0,0|0,0|0,0|0,0|0,0|0,0|0,0|0,0|0,0|0,0|1,0|0,0|0,0|0,0|0,0|0,0|0,0|0,0|0,0.5|1,0.5|1,0.5|1,0.5|1,0|0,5
44d429c3ad060fd4322729cce9a3341faf29afe4,0|0,0|0,0|0,0|0,0|0,0|0,0|0,0|0,0|0,0|0,0|0,0|0,0|0,0|1,0|0,0|0,0|0,0|0,0|0,0|0,0|0,0|0,0.5|1,0.5|1,0.5|1,0.5|1,0|0,5
e1c8361ff355b560aa98adffb988a68fb6ec4c31,0|0,0|0,0|0,0|0,0|0,0|0,0|0,0|0,0|0,0|0,0|0,0|0,0|0,0|1,0|0,0|0,0|0,0|0,0|0,0|0,0|0,0|0,0.5|1,0.5|1,0.5|1,0.5|1,0|0,5
d369965a7fd238d983864d42bb1609e2408dd187,0|0,0|0,0|0,0|0,0|0,0|0,0|0,0|0,0|0,0|0,0|0,0|0,0|0,0|1,0|0,0|0,0|0,0|0,0|0,0|0,0|0,0|0,0.5|1,0.5|1,0.5|1,0.5|1,0|0,5
1b4e9f1d4aea2ac1c29b821505e4c03872e46650,0|0,0|0,0|0,0|0,0|0,0|0,0|0,0|0,0|0,0|0,0|0,0|0,0|0,0|1,0|0,0|0,0|0,0|0,0|0,0|0,0|0,0|0,0.5|1,0.5|1,0.5|1,0.5|1,0|0,5
f704e4f23e1c3b8accd1bfb11cf1dfc5dce3ffe6,0|0,0|0,0|0,0|0,0|0,0|0,0|0,0|0,0|0,0|0,0|0,0|0,0|0,0|1,0|0,0|0,0|0,0|0,0|0,0|0,0|0,0|0,0.5|1,0.5|1,0.5|1,0.5|1,0|0,5
b5ddaf6e021ecda74f35784a46eb874fb22e4019,0|0,0|0,0|0,0|0,0|0,0|0,0|0,0|0,0|0,0|0,0|0,0|0,0|0,0|1,0|0,0|0,0|0,0|0,0|0,0|0,0|0,0|0,0.5|1,0.5|1,0.5|1,0.5|1,0|0,5
0d693f63cbebda1440f1468eb30c35b7a278f7e9,0|0,0|0,0|0,0|0,0|0,0|0,0|0,0|0,0|0,0|0,0|0,0|0,0|0,0|1,0|0,0|0,0|0,0|0,0|0,0|0,0|0,0|0,0.5|1,0.5|1,0.5|1,0.5|1,0|0,5
5633129bd80aba627003c1043010379c23188832,0|0,0|0,0|0,0|0,0|0,0|0,0|0,0|0,0|0,0|0,0|0,0|0,0|0,0|1,0|0,0|0,0|0,0|0,0|0,0|0,0|0,0|0,0.5|1,0.5|1,0.5|1,0.5|1,0|0,5
cb074c5fa0cd09c6424c6403f85c552562922c8b,0|0,0|0,0|0,0|0,0|0,0|0,0|0,0|0,0|0,0|0,0|0,0|0,0|0,0|1,0|0,0|0,0|0,0|0,0|0,0|0,0|0,0|0,0.5|1,0.5|1,0.5|1,0.5|1,0|0,5
176b20f33961fa6607f3fe11305994dcb5e549cc,0|0,0|0,0|0,0|0,0|0,0|0,0|0,0|0,0|0,0|0,0|0,0|0,0|0,0|1,0|0,0|0,0|0,0|0,0|0,0|0,0|0,0|0,0.5|1,0.5|1,0.5|1,0.5|1,0|0,5
da247384e7a989a5cdfb46dd3f90593de449d725,0|0,0|0,0|0,0|0,0|0,0|0,0|0,0|0,0|0,0|0,0|0,0|0,0|0,0|1,0|0,0|0,0|0,0|0,0|0,0|0,0|0,0|0,0.5|1,0.5|1,0.5|1,0.5|1,0|0,5
8a6026abf528ce038321e8287c7c77bbfc883236,0|0,0|0,0|0,0|0,0|0,0|0,0|0,0|0,0|0,0|0,0|0,0|0,0|0,0|1,0|0,0|0,0|0,0|0,0|0,0|0,0|0,0|0,0.5|1,0.5|1,0.5|1,0.5|1,0|0,5
66e5600b27c1aed04aa883d28b62658aa53f407e,0|0,0|0,0|0,0|0,0|0,0|0,0|0,0|0,0|0,0|0,0|0,0|0,0|0,0|1,0|0,0|0,0|0,0|0,0|0,0|0,0|0,0|0,0.5|1,0.5|1,0.5|1,0.5|1,0|0,5
1c4a01d76639a30c41d877890f299f0299c90932,0|0,0|0,0|0,0|0,0|0,0|0,0|0,0|0,0|0,0|0,0|0,0|0,0|0,0|1,0|0,0|0,0|0,0|0,0|0,0|0,0|0,0|0,0.5|1,0.5|1,0.5|1,0.5|1,0|0,5
49788678fe7245f03e8e2dae5fe3df95c578fb7e,0|0,0|0,0|0,0|0,0|0,0|0,0|0,0|0,0|0,0|0,0|0,0|0,0|0,0|1,0|0,0|0,0|0,0|0,0|0,0|0,0|0,0|0,0.5|1,0.5|1,0.5|1,0.5|1,0|0,5
0a3d7a28a75a874a0bb9ebebe6faf1df6236b1ea,0|0,0|0,0|0,0|0,0|0,0|0,0|0,0|0,0|0,0|0,0|0,0|0,0|0,0|1,0|0,0|0,0|0,0|0,0|0,0|0,0|0,0|0,0.5|1,0.5|1,0.5|1,0.5|1,0|0,5
6372adeb20504229bbcc3bc06ad2756839352379,0|0,0|0,0|0,0|0,0|0,0|0,0|0,0|0,0|0,0|0,0|0,0|0,0|0,0|1,0|0,0|0,0|0,0|0,0|0,0|0,0|0,0|0,0.5|1,0.5|1,0.5|1,0.5|1,0|0,5
3044557299a1524251bed74b8ab6a8bcdd98b2c2,0|0,0|0,0|0,0|0,0|0,0|0,0|0,0|0,0|0,0|0,0|0,0|0,0|0,0|1,0|0,0|0,0|0,0|0,0|0,0|0,0|0,0|0,0.5|1,0.5|1,0.5|1,0.5|1,0|0,5
251c4f6b7613a9cea421035e5971c793fc30f9e2,0|0,0|0,0|0,0|0,0|0,0|0,0|0,0|0,0|0,0|0,0|0,0|0,0|0,0|1,0|0,0|0,0|0,0|0,0|0,0|0,0|0,0|0,0.5|1,0.5|1,0.5|1,0.5|1,0|0,5
7ba89daae6b5ad8a78c4bf7e10796953a9017313,0|0,0|0,0|0,0|0,0|0,0|0,0|0,0|0,0|0,0|0,0|0,0|0,0|0,0|1,0|0,0|0,0|0,0|0,0|0,0|0,0|0,0|0,0.5|1,0.5|1,0.5|1,0.5|1,0|0,5
9c91a4327e6db579f7f964f147fd6e94a0e1b85e,0|0,0|0,0|0,0|0,0|0,0|0,0|0,0|0,0|0,0|0,0|0,0|0,0|0,0|1,0|0,0|0,0|0,0|0,0|0,0|0,0|0,0|0,0.5|1,0.5|1,0.5|1,0.5|1,0|0,5
17d8980cde7be597afc366b7e311d0d7cadcb1f4,0|0,0|0,0|0,0|0,0|0,0|0,0|0,0|0,0|0,0|0,0|0,0|0,0|0,0|1,0|0,0|0,0|0,0|0,0|0,0|0,0|0,0|0,0|0,0.5|1,0.5|1,0.5|1,0|0,4
1252aca9f10771ef5ba8405e73cf2da50827958f,0|0,0|0,0|0,0|0,0|0,0|0,0|0,0|0,0|0,0|0,0|0,0|0,0|0,0|1,0|0,0|0,0|0,0|0,0|0,0|0,0|0,0|0,0|0,0.5|1,0.5|1,0.5|1,0|0,4
ae1cf0be90396fb6c0be95829bf0d3eecbd2fd1c,0|0,0|0,0|0,0|0,0|0,0|0,0|0,0|0,0|0,0|0,0|0,0|0,0|0,0|1,0|0,0|0,0|0,0|0,0|0,0|0,0|0,0|0,0|0,0.5|1,0.5|1,0.5|1,0|0,4
2f232f217b24a3b4ef2fd2b974710a2ff14b7f2f,0|0,0|0,0|0,0|0,0|0,0|0,0|0,0|0,0|0,0|0,0|0,0|0,0|0,0|1,0|0,0|0,0|0,0|0,0|0,0|0,0|0,0|0,0|0,0.5|1,0.5|1,0.5|1,0|0,4
1dbe4b5a5b45b044bb9787bcfe4d093b10b455c1,0|0,0|0,0|0,0|0,0|0,0|0,0|0,0|0,0|0,0|0,0|0,0|0,0|0,0|1,0|0,0|0,0|0,0|0,0|0,0|0,0|0,0|0,0|0,0.5|1,0.5|1,0.5|1,0|0,4
3b556ef6188bd286f804f65b59e6d3ffc0798e0c,0|0,0|0,0|0,0|0,0|0,0|0,0|0,0|0,0|0,0|0,0|0,0|0,0|0,0|1,0|0,0|0,0|0,0|0,0|0,0|0,0|0,0|0,0|0,0.5|1,0.5|1,0.5|1,0|0,4
ffed34663da07681f8133a8edc3d879a2e61bf83,0|0,0|0,0|0,0|0,0|0,0|0,0|0,0|0,0|0,0|0,0|0,0|0,0|0,0|1,0|0,0|0,0|0,0|0,0|0,0|0,0|0,0|0,0|0,0.5|1,0.5|1,0.5|1,0|0,4
cee431a3ce36f68313740291d7f184c74d84730a,0|0,0|0,0|0,0|0,0|0,0|0,0|0,0|0,0|0,0|0,0|0,0|0,0|0,0|1,0|0,0|0,0|0,0|0,0|0,0|0,0|0,0|0,0|0,0.5|1,0.5|1,0.5|1,0|0,4
a567ab9dca5d0d8b1b169f780833607be88d2daf,0|0,0|0,0|0,0|0,0|0,0|0,0|0,0|0,0|0,0|0,0|0,0|0,0|0,0|1,0|0,0|0,0|0,0|0,0|0,0|0,0|0,0|0,0|0,0.5|1,0.5|1,0.5|1,0|0,4
46cfe89b3c3cf325bcbd4f6a9ef001d5a647144b,0|0,0|0,0|0,0|0,0|0,0|0,0|0,0|0,0|0,0|0,0|0,0|0,0|0,0|1,0|0,0|0,0|0,0|0,0|0,0|0,0|0,0|0,0|0,0.5|1,0.5|1,0.5|1,0|0,4
5f7c91e54f41d5e609b25fe1b0e615c1a17cf318,0|0,0|0,0|0,0|0,0|0,0|0,0|0,0|0,0|0,0|0,0|0,0|0,0|0,0|1,0|0,0|0,0|0,0|0,0|0,0|0,0|0,0|0,0|0,0.5|1,0.5|1,0.5|1,0|0,4
a322c95d35b5335a746f6f17da9039435b88a67d,0|0,0|0,0|0,0|0,0|0,0|0,0|0,0|0,0|0,0|0,0|0,0|0,0|0,0|1,0|0,0|0,0|0,0|0,0|0,0|0,0|0,0|0,0|0,0.5|1,0.5|1,0.5|1,0|0,4
c80375eb4c557caaf9baea2aef5fd6d7d5fdafc5,0|0,0|0,0|0,0|0,0|0,0|0,0|0,0|0,0|0,0|0,0|0,0|0,0|0,0|1,0|0,0|0,0|0,0|0,0|0,0|0,0|0,0|0,0|0,0.5|1,0.5|1,0.5|1,0|0,4
999874fb1cc4e6d341ae369572a252fb6d2b07b2,0|0,0|0,0|0,0|0,0|0,0|0,0|0,0|0,0|0,0|0,0|0,0|0,0|0,0|1,0|0,0|0,0|0,0|0,0|0,0|0,0|0,0|0,0|0,0.5|1,0.5|1,0.5|1,0|0,4
6738d456aca1b77c2506c3d21e94b717d10bf31a,0|0,0|0,0|0,0|0,0|0,0|0,0|0,0|0,0|0,0|0,0|0,0|0,0|0,0|1,0|0,0|0,0|0,0|0,0|0,0|0,0|0,0|0,0|0,0.5|1,0.5|1,0.5|1,0|0,4
d353a46d0444bb34ca28a3dcc884afe196f851b6,0|0,0|0,0|0,0|0,0|0,0|0,0|0,0|0,0|0,0|0,0|0,0|0,0|0,0|1,0|0,0|0,0|0,0|0,0|0,0|0,0|0,0|0,0|0,0.5|1,0.5|1,0.5|1,0|0,4
881dca94ef8e66478d3161dffeab3ebbba2f7f7f,0|0,0|0,0|0,0|0,0|0,0|0,0|0,0|0,0|0,0|0,0|0,0|0,0|0,0|1,0|0,0|0,0|0,0|0,0|0,0|0,0|0,0|0,0|0,0.5|1,0.5|1,0.5|1,0|0,4
c2670b0787662b612c10a7c891738fba551d125f,0|0,0|0,0|0,0|0,0|0,0|0,0|0,0|0,0|0,0|0,0|0,0|0,0|0,0|1,0|0,0|0,0|0,0|0,0|0,0|0,0|0,0|0,0|0,0.5|1,0.5|1,0.5|1,0|0,4
fe6864c5f3ba9085acdac569b7567b911e01f445,0|0,0|0,0|0,0|0,0|0,0|0,0|0,0|0,0|0,0|0,0|0,0|0,0|0,0|0,0|0,0|0,0|0,0|0,0|0,0|0,0|0,0|0,0|0,0.5|1,0.5|1,0.5|1,0|0,3
5b42a62ec0230d8178bf9c936012915f51eb1280,0|0,0|0,0|0,0|0,0|0,0|0,0|0,0|0,0|0,0|0,0|0,0|0,0|0,0|0,0|0,0|0,0|0,0|0,0|0,0|0,0|0,0|0,0|0,0.5|1,0.5|1,0.5|1,0|0,3
b5f26051bb0860296fda347bd76ac827ac86c462,0|0,0|0,0|0,0|0,0|0,0|0,0|0,0|0,0|0,0|0,0|0,0|0,0|0,0|0,0|0,0|0,0|0,0|0,0|0,0|0,0|0,0|0,0|0,0.5|1,0.5|1,0.5|1,0|0,3
45e262f5372195bb7e1f1f141067d8290e2276dc,0|0,0|0,0|0,0|0,0|0,0|0,0|0,0|0,0|0,0|0,0|0,0|0,0|0,0|0,0|0,0|0,0|0,0|0,0|0,0|0,0|0,0|0,0|0,0.5|1,0.5|1,0.5|1,0|0,3
2fa6700599f358bc97d69ff923b7bde9304b7dc7,0|0,0|0,0|0,0|0,0|0,0|0,0|0,0|0,0|0,0|0,0|0,0|0,0|0,0|0,0|0,0|0,0|0,0|0,0|0,0|0,0|0,0|0,0|0,0.5|1,0.5|1,0.5|1,0|0,3
544dcc68272db07e1847a008dcae4ad8d4462989,0|0,0|0,0|0,0|0,0|0,0|0,0|0,0|0,0|0,0|0,0|0,0|0,0|0,0|0,0|0,0|0,0|0,0|0,0|0,0|0,0|0,0|0,0|0,0.5|1,0.5|1,0.5|1,0|0,3
63031b2193b35cd6d46d5ef14206fa1cb8539b7f,0|0,0|0,0|0,0|0,0|0,0|0,0|0,0|0,0|0,0|0,0|0,0|0,0|0,0|0,0|0,0|0,0|0,0|0,0|0,0|0,0|0,0|0,0|0,0.5|1,0.5|1,0.5|1,0|0,3
60632100a0ea5634896c625c0e26657f3b5d874d,0|0,0|0,0|0,0|0,0|0,0|0,0|0,0|0,0|0,0|0,0|0,0|0,0|0,0|0,0|0,0|0,0|0,0|0,0|0,0|0,0|0,0|0,0|0,0.5|1,0.5|1,0.5|1,0|0,3
1ef79e99f70305edf3e0b21cd7c039c70ec4b255,0|0,0|0,0|0,0|0,0|0,0|0,0|0,0|0,0|0,0|0,0|0,0|0,0|0,0|0,0|0,0|0,0|0,0|0,0|0,0|0,0|0,0|0,0|0,0.5|1,0.5|1,0.5|1,0|0,3
8d61d0d20db1df9b9c5e95b95dac3240e685b603,0|0,0|0,0|0,0|0,0|0,0|0,0|0,0|0,0|0,0|0,0|0,0|0,0|0,0|0,0|0,0|0,0|0,0|0,0|0,0|0,0|0,0|0,0|0,0.5|1,0.5|1,0.5|1,0|0,3
8e614bfe6ebe2a1a955e57678da0c41b93149528,0|0,0|0,0|0,0|0,0|0,0|0,0|0,0|0,0|0,0|0,0|0,0|0,0|0,0|0,0|0,0|0,0|0,0|0,0|0,0|0,0|0,0|0,0|0,0.5|1,0.5|1,0.5|1,0|0,3
f46b61739711f400fe28c7274c8b49db412a0515,0|0,0|0,0|0,0|0,0|0,0|0,0|0,0|0,0|0,0|0,0|0,0|0,0|0,0|0,0|0,0|0,0|0,0|0,0|0,0|0,0|0,0|0,0|0,0.5|1,0.5|1,0.5|1,0|0,3
63e66833842b0a6eb4181c579d4480d95103149a,0|0,0|0,0|0,0|0,0|0,0|0,0|0,0|0,0|0,0|0,0|0,0|0,0|0,0|0,0|0,0|0,0|0,0|0,0|0,0|0,0|0,0|0,0|0,0.5|1,0.5|1,0.5|1,0|0,3
85c5610d398c26d537e550cd19a4ebaa3a100eb5,0|0,0|0,0|0,0|0,0|0,0|0,0|0,0|0,0|0,0|0,0|0,0|0,0|0,0|0,0|0,0|0,0|0,0|0,0|0,0|0,0|0,0|0,0|0,0.5|1,0.5|1,0.5|1,0|0,3
1325d5c3333f6fef35b3890f8c3402ab343be7f8,0|0,0|0,0|0,0|0,0|0,0|0,0|0,0|0,0|0,0|0,0|0,0|0,0|0,0|0,0|0,0|0,0|0,0|0,0|0,0|0,0|0,0|0,0|0,0.5|1,0.5|1,0.5|1,0|0,3
578128e46484f4267a3e47a6b322514f3961edd7,0|0,0|0,0|0,0|0,0|0,0|0,0|0,0|0,0|0,0|0,0|0,0|0,0|0,0|0,0|0,0|0,0|0,0|0,0|0,0|0,0|0,0|0,0|0,0.5|1,0.5|1,0.5|1,0|0,3
aae9254018a4ded2ded980613f50d8b4ea9804d6,0|0,0|0,0|0,0|0,0|0,0|0,0|0,0|0,0|0,0|0,0|0,0|0,0|0,0|0,0|0,0|0,0|0,0|0,0|0,0|0,0|0,0|0,0|0,0.5|1,0.5|1,0.5|1,0|0,3
b9080c16d662418961dad09b0a0b0a8e64c74aa9,0|0,0|0,0|0,0|0,0|0,0|0,0|0,0|0,0|0,0|0,0|0,0|0,0|0,0|0,0|0,0|0,0|0,0|0,0|0,0|0,0|0,0|0,0|0,0.5|1,0.5|1,0.5|1,0|0,3
26fac9592de4e6c84ff39889ad6ca8c207f63d4e,0|0,0|0,0|0,0|0,0|0,0|0,0|0,0|0,0|0,0|0,0|0,0|0,0|0,0|0,0|0,0|0,0|0,0|0,0|0,0|0,0|0,0|0,0|0,0.5|1,0.5|1,0.5|1,0|0,3
4512676795e094ad68f41e32e9b553cc30c5f87b,0|0,0|0,0|0,0|0,0|0,0|0,0|0,0|0,0|0,0|0,0|0,0|0,0|0,0|0,0|0,0|0,0|0,0|0,0|0,0|0,0|0,0|0,0|0,0.5|1,0.5|1,0.5|1,0|0,3
40c50a3a4219308aae90f6efd7b10213794a8d86,0|0,0|0,0|0,0|0,0|0,0|0,0|0,0|0,0|0,0|0,0|0,0|0,0|0,0|0,0|0,0|0,0|0,0|0,0|0,0|0,0|0,0|0,0|0,0|0,0.5|1,0.5|1,0|0,2
4119b2c3e7eadf0bccb1a3592ded897ce6619121,0|0,0|0,0|0,0|0,0|0,0|0,0|0,0|0,0|0,0|0,0|0,0|0,0|0,0|0,0|0,0|0,0|0,0|0,0|0,0|0,0|0,0.5|1,0|0,0|0,0.5|1,0.5|1,0.5|1,4
76507508d7b3c31935a641e87bf93709812049e1,0|0,0|0,0|0,0|0,0|0,0|0,0|0,0|0,0|0,0|0,0|0,0|0,0|0,0|0,0|0,0|0,0|0,0|0,0|0,0|0,0|0,0.5|1,0|0,0|0,0.5|1,0.5|1,0.5|1,4
fc0df4e5d578e5926a59dbf3a34ce737424464ba,0|0,0|0,0|0,0|0,0|0,0|0,0|0,0|0,0|0,0|0,0|0,0|0,0|0,0|0,0|0,0|0,0|0,0|0,0|0,0|0,0|0,0.5|1,0|0,0|0,0.5|1,0.5|1,0.5|1,4
acb8822444958a687888d821a7dda2a4e21b76de,0|0,0|0,0|0,0|0,0|0,0|0,0|0,0|0,0|0,0|0,0|0,0|0,0|0,0|0,0|0,0|0,0|0,0|0,0|0,0|0,0|0,0|0,0|0,0|0,0.5|1,0.5|1,0|0,2
560692221bee43a63bef445d26107807db159fc5,0|0,0|0,0|0,0|0,0|0,0|0,0|0,0|0,0|0,0|0,0|0,0|0,0|0,0|0,0|0,0|0,0|0,0|0,0|0,0|0,0|0,0|0,0|0,0|0,0.5|1,0.5|1,0|0,2
fd97f49a8414dcf23297dfcd05b4c6677bd6c674,0|0,0|0,0|0,0|0,0|0,0|0,0|0,0|0,0|0,0|0,0|0,0|0,0|0,0|0,0|0,0|0,0|0,0|0,0|0,0|0,0|0,0|0,0|0,0|0,0.5|1,0.5|1,0|0,2
7cd713d15dfe949de0db1535b8c539ef02bd57ef,0|0,0|0,0|0,0|0,0|0,0|0,0|0,0|0,0|0,0|0,0|0,0|0,0|0,0|0,0|0,0|0,0|0,0|0,0|0,0|0,0|0,0|0,0|0,0|0,0.5|1,0.5|1,0|0,2
41edcaa413988daef1810a0e5ab198f86cdedc2f,0|0,0|0,0|0,0|0,0|0,0|0,0|0,0|0,0|0,0|0,0|0,0|0,0|0,0|0,0|0,0|0,0|0,0|0,0|0,0|0,0|0,0|0,0|0,0|0,0.5|1,0.5|1,0|0,2
6efd7b30294cb0a971912c76837e8c629ad7ebda,0|0,0|0,0|0,0|0,0|0,0|0,0|0,0|0,0|0,0|0,0|0,0|0,0|0,0|0,0|0,0|0,0|0,0|0,0|0,0|0,0|0,0|0,0|0,0|0,0.5|1,0.5|1,0|0,2
fd83e885f7799d4269fa19f3525535438de8f875,0|0,0|0,0|0,0|0,0|0,0|0,0|0,0|0,0|0,0|0,0|0,0|0,0|0,0|0,0|0,0|0,0|0,0|0,0|0,0|0,0|0,0|0,0|0,0|0,0.5|1,0.5|1,0|0,2
c581d1b26f7b832d2e57062246d852d997d49721,0|0,0|0,0|0,0|0,0|0,0|0,0|0,0|0,0|0,0|0,0|0,0|0,0|0,0|0,0|0,0|0,0|0,0|0,0|0,0|0,0|0,0|0,0|0,0|0,0.5|1,0.5|1,0|0,2
20f359ea0461710b59219b51aa1d0f347097a838,0|0,0|0,0|0,0|0,0|0,0|0,0|0,0|0,0|0,0|0,0|0,0|0,0|0,0|0,0|0,0|0,0|0,0|0,0|0,0|0,0|0,0|0,0|0,0|0,0.5|1,0.5|1,0|0,2
b50834901028f2e1cb68e035171a3e050f2ca878,0|0,0|0,0|0,0|0,0|0,0|0,0|0,0|0,0|0,0|0,0|0,0|0,0|0,0|0,0|0,0|0,0|0,0|0,0|0,0|0,0|0,0|0,0|0,0|0,0.5|1,0.5|1,0|0,2
05648b0604bf3e498e8d42dff3c6e7c56a5bf749,0|0,0|0,0|0,0|0,0|0,0|0,0|0,0|0,0|0,0|0,0|0,0|0,0|0,0|0,0|0,0|0,0|0,0|0,0|0,0|0,0|0,0.5|1,0|0,0|0,0|0,0.5|1,0.5|1,3
16b7c60fd35f8ff1bb5bd0c1fd5efd6c41e50e77,0|0,0|0,0|0,0|0,0|0,0|0,0|0,0|0,0|0,0|0,0|0,0|0,0|0,0|0,0|0,0|0,0|0,0|0,0|0,0|0,0|0,0.5|1,0|0,0|0,0|0,0.5|1,0.5|1,3
d5dea2dd1b3a412adace25ee8a9ff2e73a97508a,0|0,0|0,0|0,0|0,0|0,0|0,0|0,0|0,0|0,0|0,0|0,0|0,0|0,0|0,0|0,0|0,0|0,0|0,0|0,0|0,0|0,0.5|1,0|0,0|0,0|0,0.5|1,0.5|1,3
715c17c469f6c463dd511a5deb229da4de9ee100,0|0,0|0,0|0,0|0,0|0,0|0,0|0,0|0,0|0,0|0,0|0,0|0,0|0,0|0,0|0,0|0,0|0,0|0,0|0,0|0,0|0,0.5|1,0|0,0|0,0|0,0.5|1,0.5|1,3
5d4daf6c92e4668f5458f380f3cacea3e879d91a,0|0,0|0,0|0,0|0,0|0,0|0,0|0,0|0,0|0,0|0,0|0,0|0,0|0,0|0,0|0,0|0,0|0,0|0,0|0,0|0,0|0,0.5|1,0|0,0|0,0|0,0|0,0.5|1,2
b18234a7d9a2d63df1f1df6fa31a2b81447ede46,0|0,0|0,0|0,0|0,0|0,0|0,0|0,0|0,0|0,0|0,0|0,0|0,0|0,0|0,0|0,0|0,0|0,0|0,0|0,0|0,0|0,0.5|1,0|0,0|0,0|0,0|0,0.5|1,2
40e9a9c830a6a36a70692b8aa00a6d2ff7e7ccb0,0|0,0|0,0|0,0|0,0|0,0|0,0|0,0|0,0|0,0|0,0|0,0|0,0|0,0|0,0|0,0|0,0|0,0|0,0|0,0|0,0|0,0.5|1,0|0,0|0,0|0,0|0,0.5|1,2
845eac425093079af050b1c8f1ed885876488a3d,0|0,0|0,0|0,0|0,0|0,0|0,0|0,0|0,0|0,0|0,0|0,0|0,0|0,0|0,0|0,0|0,0|0,0|0,0|0,0|0,0|0,0.5|1,0|0,0|0,0|0,0|0,0.5|1,2
5f9085fedb5fba3695f90da4efdbdec7a136a4e8,0|0,0|0,0|0,0|0,0|0,0|0,0|0,0|0,0|0,0|0,0|0,0|0,0|0,0|0,0|0,0|0,0|0,0|0,0|0,0|0,0|0,0.5|1,0|0,0|0,0|0,0|0,0.5|1,2
370eda4bd8011259fcfb249a33c0e381876caf9e,0|0,0|0,0|0,0|0,0|0,0|0,0|0,0|0,0|0,0|0,0|0,0|0,0|0,0|0,0|0,0|0,0|0,0|0,0|0,0|0,0|0,0.5|1,0|0,0|0,0|0,0|0,0.5|1,2
7d0abdc192d49db735197ab8e65ce969466e5bce,0|0,0|0,0|0,0|0,0|0,0|0,0|0,0|0,0|0,0|0,0|0,0|0,0|0,0|0,0|0,0|0,0|0,0|0,0|0,0|0,0|0,0.5|1,0|0,0|0,0|0,0|0,0.5|1,2
9cc942fd4721c59d60788579f6b33bc094095fce,0|0,0|0,0|0,0|0,0|0,0|0,0|0,0|0,0|0,0|0,0|0,0|0,0|0,0|0,0|0,0|0,0|0,0|0,0|0,0|0,0|0,0.5|1,0|0,0|0,0|0,0|0,0.5|1,2
7114fb71b54ddfe06ce5dfdab013f4c38f129d14,0|0,0|0,0|0,0|0,0|0,0|0,0|0,0|0,0|0,0|0,0|0,0|0,0|0,0|0,0|0,0|0,0|0,0|0,0|0,0|0,0|0,0.5|1,0|0,0|0,0|0,0|0,0.5|1,2
ce0d4092052ad049380d0ed30cf5cc798ad69860,0|0,0|0,0|0,0|0,0|0,0|0,0|0,0|0,0|0,0|0,0|0,0|0,0|0,0|0,0|0,0|0,0|0,0|0,0|0,0|0,0|0,0.5|1,0|0,0|0,0|0,0|0,0.5|1,2
83162c5c87e88a5f911ca5349320938a52dbc1df,0|0,0|0,0|0,0|0,0|0,0|0,0|0,0|0,0|0,0|0,0|0,0|0,0|0,0|0,0|0,0|0,0|0,0|0,0|0,0|0,0|0,0.5|1,0|0,0|0,0|0,0|0,0.5|1,2
c3c5f2d518c6edb36fb519807fd85cbc043cb0d3,0|0,0|0,0|0,0|0,0|0,0|0,0|0,0|0,0|0,0|0,0|0,0|0,0|0,0|0,0|0,0|0,0|0,0|0,0|0,0|0,0|0,0.5|1,0|0,0|0,0|0,0|0,0.5|1,2
b9c0addf882e074d3072a98bf2358d78c7169b5c,0|0,0|0,0|0,0|0,0|0,0|0,0|0,0|0,0|0,0|0,0|0,0|0,0|0,0|0,0|0,0|0,0|0,0|0,0|0,0|0,0|0,0.5|1,0|0,0|0,0|0,0|0,0.5|1,2
0df0f80b552d99e42082121035281b8c70fad2dd,0|0,0|0,0|0,0|0,0|0,0|0,0|0,0|0,0|0,0|0,0|0,0|0,0|0,0|0,0|0,0|0,0|0,0|0,0|0,0|0,0|0,0.5|1,0|0,0|0,0|0,0|0,0.5|1,2
1a3666364dc434f4bbfd4154012c5d4e4dc23cb2,0|0,0|0,0|0,0|0,0|0,0|0,0|0,0|0,0|0,0|0,0|0,0|0,0|0,0|0,0|0,0|0,0|0,0|0,0|0,0|0,0|0,0.5|1,0|0,0|0,0|0,0|0,0.5|1,2
545e47b29e4772ebf31a83866d33066cd8eb8b66,0|0,0|0,0|0,0|0,0|0,0|0,0|0,0|0,0|0,0|0,0|0,0|0,0|0,0|0,0|0,0|0,0|0,0|0,0|0,0|0,0|0,0.5|1,0|0,0|0,0|0,0|0,0.5|1,2
edb7ed25e4593c8c7c06fc2141d019023bddabc8,0|0,0|0,0|0,0|0,0|0,0|0,0|0,0|0,0|0,0|0,0|0,0|0,0|0,0|0,0|0,0|0,0|0,0|0,0|0,0|0,0|0,0.5|1,0|0,0|0,0|0,0|0,0.5|1,2
a83069b89fe6eda34edf2f334ea902069678c1cc,0|0,0|0,0|0,0|0,0|0,0|0,0|0,0|0,0|0,0|0,0|0,0|0,0|0,0|0,0|0,0|0,0|0,0|0,0|0,0|0,0|0,0.5|1,0|0,0|0,0|0,0|0,0.5|1,2
991bb8a1414c98916b3f67301e8217d505eef806,0|0,0|0,0|0,0|0,0|0,0|0,0|0,0|0,0|0,0|0,0|0,0|0,0|0,0|0,0|0,0|0,0|0,0|0,0|0,0|0,0|0,0.5|1,0|0,0|0,0|0,0|0,0.5|1,2
4b3c6dec07c2bd81b4989e378829e1124abff134,0|0,0|0,0|0,0|0,0|0,0|0,0|0,0|0,0|0,0|0,0|0,0|0,0|0,0|0,0|0,0|0,0|0,0|0,0|0,0|0,0|0,0.5|1,0|0,0|0,0|0,0|0,0.5|1,2
cae5c71f90cc5b364efe14040923fd5aa3b5dd90,0|0,0|0,0|0,0|0,0|0,0|0,0|0,0|0,0|0,0|0,0|0,0|0,0|0,0|0,0|0,0|0,0|0,0|0,0|0,0|0,0|0,0.5|1,0|0,0|0,0|0,0|0,0.5|1,2
ef17b3fb89c433de049953cc967f8ac62292bb41,0|0,0|0,0|0,0|0,0|0,0|0,0|0,0|0,0|0,0|0,0|0,0|0,0|0,0|0,0|0,0|0,0|0,0|0,0|0,0|0,0|0,0.5|1,0|0,0|0,0|0,0|0,0.5|1,2
7d274a0d720d43a7aa4e7d28120aa9a491399d48,0|0,0|0,0|0,0|0,0|0,0|0,0|0,0|0,0|0,0|0,0|0,0|0,0|0,0|0,0|0,0|0,0|0,0|0,0|0,0|0,0|0,0.5|1,0|0,0|0,0|0,0|0,0.5|1,2
dd48facd38a9618bbe6ec035453433f5a24c6316,0|0,0|0,0|0,0|0,0|0,0|0,0|0,0|0,0|0,0|0,0|0,0|0,0|0,0|0,0|0,0|0,0|0,0|0,0|0,0|0,0|0,0.5|1,0|0,0|0,0|0,0|0,0.5|1,2
d6ec00c8707d565df156eaefe54377105a51c72c,0|0,0|0,0|0,0|0,0|0,0|0,0|0,0|0,0|0,0|0,0|0,0|0,0|0,0|0,0|0,0|0,0|0,0|0,0|0,0|0,0|0,0.5|1,0|0,0|0,0|0,0|0,0.5|1,2
344ac0abe6608acfc57f1e1c2fde26c033faa9c6,0|0,0|0,0|0,0|0,0|0,0|0,0|0,0|0,0|0,0|0,0|0,0|0,0|0,0|0,0|0,0|0,0|0,0|0,0|0,0|0,0|0,0.5|1,0|0,0|0,0|0,0|0,0.5|1,2
4912f05701efba9ee4370b5327e9ebd085044bad,0|0,0|0,0|0,0|0,0|0,0|0,0|0,0|0,0|0,0|0,0|0,0|0,0|0,0|0,0|0,0|0,0|0,0|0,0|0,0|0,0|0,0.5|1,0|0,0|0,0|0,0|0,0.5|1,2
396cbc46cf5c19b9e011558505f16640b9fce8a3,0|0,0|0,0|0,0|0,0|0,0|0,0|0,0|0,0|0,0|0,0|0,0|0,0|0,0|0,0|0,0|0,0|0,0|0,0|0,0|0,0|0,0.5|1,0|0,0|0,0|0,0|0,0.5|1,2
39b4472f38f784bc4546f541428d5310e2225e80,0|0,0|0,0|0,0|0,0|0,0|0,0|0,0|0,0|0,0|0,0|0,0|0,0|0,0|0,0|0,0|0,0|0,0|0,0|0,0|0,0|0,0.5|1,0|0,0|0,0|0,0|0,0.5|1,2
137286858f71bbd47633df9ab0fdb7ef2d251f54,0|0,0|0,0|0,0|0,0|0,0|0,0|0,0|0,0|0,0|0,0|0,0|0,0|0,0|0,0|0,0|0,0|0,0|0,0|0,0|0,0|0,0.5|1,0|0,0|0,0|0,0|0,0.5|1,2
544aa4cc6b349b097fa9d112d0d23fff5da2d0c2,0|0,0|0,0|0,0|0,0|0,0|0,0|0,0|0,0|0,0|0,0|0,0|0,0|0,0|0,0|0,0|0,0|0,0|0,0|0,0|0,0|0,0.5|1,0|0,0|0,0|0,0|0,0.5|1,2
405ecfc402759381fe2f30bf1caef40f7a7fd69a,0|0,0|0,0|0,0|0,0|0,0|0,0|0,0|0,0|0,0|0,0|0,0|0,0|0,0|0,0|0,0|0,0|0,0|0,0|0,0|0,0|0,0.5|1,0|0,0|0,0|0,0|0,0.5|1,2
fcd2e665fedf38ee633ff67ea7a3e3d24c6d96f4,0|0,0|0,0|0,0|0,0|0,0|0,0|0,0|0,0|0,0|0,0|0,0|0,0|0,0|0,0|0,0|0,0|0,0|0,0|0,0|0,0|0,0.5|1,0|0,0|0,0|0,0|0,0.5|1,2
e3a3722ad138cd8a33ebdfd3bd2b98ef4ae14d09,0|0,0|0,0|0,0|0,0|0,0|0,0|0,0|0,0|0,0|0,0|0,0|0,0|0,0|0,0|0,0|0,0|0,0|0,0|0,0|0,0|0,0.5|1,0|0,0|0,0|0,0|0,0.5|1,2
2063a1d334619eeb2163b17eecefe93bb56fb6ad,0|0,0|0,0|0,0|0,0|0,0|0,0|0,0|0,0|0,0|0,0|0,0|0,0|0,0|0,0|0,0|0,0|0,0|0,0|0,0|0,0|0,0.5|1,0|0,0|0,0|0,0|0,0.5|1,2
75f24d2af7465eb34dce04c47b6413b86a5caffc,0|0,0|0,0|0,0|0,0|0,0|0,0|0,0|0,0|0,0|0,0|0,0|0,0|0,0|0,0|0,0|0,0|0,0|0,0|0,0|0,0|0,0.5|1,0|0,0|0,0|0,0|0,0.5|1,2
4ecb4b39ac7aa015cad9f514eb75ea98016b0689,0|0,0|0,0|0,0|0,0|0,0|0,0|0,0|0,0|0,0|0,0|0,0|0,0|0,0|0,0|0,0|0,0|0,0|0,0|0,0|0,0|0,0.5|1,0|0,0|0,0|0,0|0,0.5|1,2
3f199915563edd5896248dcffc60e6683bb1fca0,0|0,0|0,0|0,0|0,0|0,0|0,0|0,0|0,0|0,0|0,0|0,0|0,0|0,0|0,0|0,0|0,0|0,0|0,0|0,0|0,0|0,0.5|1,0|0,0|0,0|0,0|0,0.5|1,2
e93bd3983ca135f63dc8860febca3ee7f702853a,0|0,0|0,0|0,0|0,0|0,0|0,0|0,0|0,0|0,0|0,0|0,0|0,0|0,0|0,0|0,0|0,0|0,0|0,0|0,0|0,0|0,0.5|1,0|0,0|0,0|0,0|0,0.5|1,2
a21bcf4b4124968849a1280ae71026089008df7e,0|0,0|0,0|0,0|0,0|0,0|0,0|0,0|0,0|0,0|0,0|0,0|0,0|0,0|0,0|0,0|0,0|0,0|0,0|0,0|0,0|0,0.5|1,0|0,0|0,0|0,0|0,0.5|1,2
19611682bdc9d37804de144dabc2da96fe7ecb28,0|0,0|0,0|0,0|0,0|0,0|0,0|0,0|0,0|0,0|0,0|0,0|0,0|0,0|0,0|0,0|0,0|0,0|0,0|0,0|0,0|0,0.5|1,0|0,0|0,0|0,0|0,0.5|1,2
570fc56c47524b9a23beddc0ab7426a31491c4ff,0|0,0|0,0|0,0|0,0|0,0|0,0|0,0|0,0|0,0|0,0|0,0|0,0|0,0|0,0|0,0|0,0|0,0|0,0|0,0|0,0|0,0.5|1,0|0,0|0,0|0,0|0,0.5|1,2
32004e74ceeb2ce346ef8e0cf37fbe663320ccf0,0|0,0|0,0|0,0|0,0|0,0|0,0|0,0|0,0|0,0|0,0|0,0|0,0|0,0|0,0|0,0|0,0|0,0|0,0|0,0|0,0|0,0.5|1,0|0,0|0,0|0,0|0,0.5|1,2
50eaa6bf5711bf59bc30dbdf70769c6297560bde,0|0,0|0,0|0,0|0,0|0,0|0,0|0,0|0,0|0,0|0,0|0,0|0,0|0,0|0,0|0,0|0,0|0,0|0,0|0,0|0,0|0,0.5|1,0|0,0|0,0|0,0|0,0.5|1,2
98663528cf892663286b5f04c81006bd7e847423,0|0,0|0,0|0,0|0,0|0,0|0,0|0,0|0,0|0,0|0,0|0,0|0,0|0,0|0,0|0,0|0,0|0,0|0,0|0,0|0,0|0,0.5|1,0|0,0|0,0|0,0|0,0.5|1,2
06ac408bb412230dd3d2c175642076b689ef10fc,0|0,0|0,0|0,0|0,0|0,0|0,0|0,0|0,0|0,0|0,0|0,0|0,0|0,0|0,0|0,0|0,0|0,0|0,0|0,0|0,0|0,0.5|1,0|0,0|0,0|0,0|0,0.5|1,2
835cee2e5a07be062405e8c96a2a6851b7734d82,0|0,0|0,0|0,0|0,0|0,0|0,0|0,0|0,0|0,0|0,0|0,0|0,0|0,0|0,0|0,0|0,0|0,0|0,0|0,0|0,0|0,0.5|1,0|0,0|0,0|0,0|0,0.5|1,2
d0b847c6cf3a2151cfb978664b321c169c50465b,0|0,0|0,0|0,0|0,0|0,0|0,0|0,0|0,0|0,0|0,0|0,0|0,0|0,0|0,0|0,0|0,0|0,0|0,0|0,0|0,0|0,0.5|1,0|0,0|0,0|0,0|0,0.5|1,2
613b56ee5503090b8acbb99805860f47a6081bff,0|0,0|0,0|0,0|0,0|0,0|0,0|0,0|0,0|0,0|0,0|0,0|0,0|0,0|0,0|0,0|0,0|0,0|0,0|0,0|0,0|0,0.5|1,0|0,0|0,0|0,0|0,0.5|1,2
2f145f58047ff8f5a0eab093d7fd71d678e21c54,0|0,0|0,0|0,0|0,0|0,0|0,0|0,0|0,0|0,0|0,0|0,0|0,0|0,0|0,0|0,0|0,0|0,0|0,0|0,0|0,0|0,0.5|1,0|0,0|0,0|0,0|0,0.5|1,2
2ea5ed8ddd7bad2b2620e73e9af93b27382e3f4b,0|0,0|0,0|0,0|0,0|0,0|0,0|0,0|0,0|0,0|0,0|0,0|0,0|0,0|0,0|0,0|0,0|0,0|0,0|0,0|0,0|0,0.5|1,0|0,0|0,0|0,0|0,0.5|1,2
35a8a1d7e14aa666c6fc14643ade32dcea280379,0|0,0|0,0|0,0|0,0|0,0|0,0|0,0|0,0|0,0|0,0|0,0|0,0|0,0|0,0|0,0|0,0|0,0|0,0|0,0|0,0|0,0.5|1,0|0,0|0,0|0,0|0,0.5|1,2
072c64aaedc210841bee0861ff8e058bd876ad05,0|0,0|0,0|0,0|0,0|0,0|0,0|0,0|0,0|0,0|0,0|0,0|0,0|0,0|0,0|0,0|0,0|0,0|0,0|0,0|0,0|0,0.5|1,0|0,0|0,0|0,0|0,0.5|1,2
5ae0ef4f41fb40b312827b963abf5372229043e2,0|0,0|0,0|0,0|0,0|0,0|0,0|0,0|0,0|0,0|0,0|0,0|0,0|0,0|0,0|0,0|0,0|0,0|0,0|0,0|0,0|0,0.5|1,0|0,0|0,0|0,0|0,0.5|1,2
ca01d2c5e2c91bc113b3fcc40c87f3825a0dde52,0|0,0|0,0|0,0|0,0|0,0|0,0|0,0|0,0|0,0|0,0|0,0|0,0|0,0|0,0|0,0|0,0|0,0|0,0|0,0|0,0|0,0.5|1,0|0,0|0,0|0,0|0,0.5|1,2
46c50dc51d03c1f56e21daef57e28cc27195d0b0,0|0,0|0,0|0,0|0,0|0,0|0,0|0,0|0,0|0,0|0,0|0,0|0,0|0,0|0,0|0,0|0,0|0,0|0,0|0,0|0,0|0,0.5|1,0|0,0|0,0|0,0|0,0.5|1,2
f0c059ede81871e4d4e388d51e2b8353cfdd9182,0|0,0|0,0|0,0|0,0|0,0|0,0|0,0|0,0|0,0|0,0|0,0|0,0|0,0|0,0|0,0|0,0|0,0|0,0|0,0|0,0|0,0.5|1,0|0,0|0,0|0,0|0,0.5|1,2
180737d1b640bc2bf4a498b30cdc9b790ad9e7e3,0|0,0|0,0|0,0|0,0|0,0|0,0|0,0|0,0|0,0|0,0|0,0|0,0|0,0|0,0|0,0|0,0|0,0|0,0|0,0|0,0|0,0.5|1,0|0,0|0,0|0,0|0,0.5|1,2
5256bc3d3d863578182a3dcf066aad9e70f8b1dd,0|0,0|0,0|0,0|0,0|0,0|0,0|0,0|0,0|0,0|0,0|0,0|0,0|0,0|0,0|0,0|0,0|0,0|0,0|0,0|0,0|0,0.5|1,0|0,0|0,0|0,0|0,0.5|1,2
8dfafe4fc2ac11f26b6336508bf107b6242e56c1,0|0,0|0,0|0,0|0,0|0,0|0,0|0,0|0,0|0,0|0,0|0,0|0,0|0,0|0,0|0,0|0,0|0,0|0,0|0,0|0,0|0,0.5|1,0|0,0|0,0|0,0|0,0.5|1,2
f1bc07dec154a2677a739bed8a4dd3c793bdcddd,0|0,0|0,0|0,0|0,0|0,0|0,0|0,0|0,0|0,0|0,0|0,0|0,0|0,0|0,0|0,0|0,0|0,0|0,0|0,0|0,0|0,0.5|1,0|0,0|0,0|0,0|0,0.5|1,2
48a11c06348233bf4b5a78c70912bdc2985121e5,0|0,0|0,0|0,0|0,0|0,0|0,0|0,0|0,0|0,0|0,0|0,0|0,0|0,0|0,0|0,0|0,0|0,0|0,0|0,0|0,0|0,0.5|1,0|0,0|0,0|0,0|0,0.5|1,2
f356d301b99c53d6ca4c7013f0409df5be2a9e68,0|0,0|0,0|0,0|0,0|0,0|0,0|0,0|0,0|0,0|0,0|0,0|0,0|0,0|0,0|0,0|0,0|0,0|0,0|0,0|0,0|0,0.5|1,0|0,0|0,0|0,0|0,0.5|1,2
29410c170eaea11686dc21ac94b1f250e5fcf66b,0|0,0|0,0|0,0|0,0|0,0|0,0|0,0|0,0|0,0|0,0|0,0|0,0|0,0|0,0|0,0|0,0|0,0|0,0|0,0|0,0|0,0.5|1,0|0,0|0,0|0,0|0,0.5|1,2
23dc52c90386c7a80b6f025c48046f7079cec868,0|0,0|0,0|0,0|0,0|0,0|0,0|0,0|0,0|0,0|0,0|0,0|0,0|0,0|0,0|0,0|0,0|0,0|0,0|0,0|0,0|0,0.5|1,0|0,0|0,0|0,0|0,0.5|1,2
fc08818f6fc6d49616f0ecc335ac7c3a06c34117,0|0,0|0,0|0,0|0,0|0,0|0,0|0,0|0,0|0,0|0,0|0,0|0,0|0,0|0,0|0,0|0,0|0,0|0,0|0,0|0,0|0,0.5|1,0|0,0|0,0|0,0|0,0.5|1,2
0b45e78e4fd983e68f9073944d8a2bd82d84a3bb,0|0,0|0,0|0,0|0,0|0,0|0,0|0,0|0,0|0,0|0,0|0,0|0,0|0,0|0,0|0,0|0,0|0,0|0,0|0,0|0,0|0,0.5|1,0|0,0|0,0|0,0|0,0.5|1,2
e4cf0e7b39093de24e832a6d04b8d62d209c3901,0|0,0|0,0|0,0|0,0|0,0|0,0|0,0|0,0|0,0|0,0|0,0|0,0|0,0|0,0|0,0|0,0|0,0|0,0|0,0|0,0|0,0.5|1,0|0,0|0,0|0,0|0,0.5|1,2
12be677cb869bd1ae11180224fded86dd3686f1d,0|0,0|0,0|0,0|0,0|0,0|0,0|0,0|0,0|0,0|0,0|0,0|0,0|0,0|0,0|0,0|0,0|0,0|0,0|0,0|0,0|0,0.5|1,0|0,0|0,0|0,0|0,0.5|1,2
07f5e63abf1c9e446f9df6c86830cbdefcc7ae3f,0|0,0|0,0|0,0|0,0|0,0|0,0|0,0|0,0|0,0|0,0|0,0|0,0|0,0|0,0|0,0|0,0|0,0|0,0|0,0|0,0|0,0.5|1,0|0,0|0,0|0,0|0,0.5|1,2
1b92501ef98f5bb785aa090163945e7a090bebf0,0|0,0|0,0|0,0|0,0|0,0|0,0|0,0|0,0|0,0|0,0|0,0|0,0|0,0|0,0|0,0|0,0|0,0|0,0|0,0|0,0|0,0.5|1,0|0,0|0,0|0,0|0,0.5|1,2
fd96d2c960c94292be335b0a959de3c5cd5411d5,0|0,0|0,0|0,0|0,0|0,0|0,0|0,0|0,0|0,0|0,0|0,0|0,0|0,0|0,0|0,0|0,0|0,0|0,0|0,0|0,0|0,0.5|1,0|0,0|0,0|0,0|0,0.5|1,2
a69ab7c70c2cf753d0a3c609eb1b0288effcf72f,0|0,0|0,0|0,0|0,0|0,0|0,0|0,0|0,0|0,0|0,0|0,0|0,0|0,0|0,0|0,0|0,0|0,0|0,0|0,0|0,0|0,0.5|1,0|0,0|0,0|0,0|0,0.5|1,2
a8a4bddfada6d8253046a2912f224a25f61ef7df,0|0,0|0,0|0,0|0,0|0,0|0,0|0,0|0,0|0,0|0,0|0,0|0,0|0,0|0,0|0,0|0,0|0,0|0,0|0,0|0,0|0,0.5|1,0|0,0|0,0|0,0|0,0.5|1,2
8e4134841da57b1d49b796c36a21c519f5e3ac11,0|0,0|0,0|0,0|0,0|0,0|0,0|0,0|0,0|0,0|0,0|0,0|0,0|0,0|0,0|0,0|0,0|0,0|0,0|0,0|0,0|0,0.5|1,0|0,0|0,0|0,0|0,0.5|1,2
33426df3ff28f6944ebedf6ac7ae5aaa2feb396a,0|0,0|0,0|0,0|0,0|0,0|0,0|0,0|0,0|0,0|0,0|0,0|0,0|0,0|0,0|0,0|0,0|0,0|0,0|0,0|0,0|0,0.5|1,0|0,0|0,0|0,0|0,0.5|1,2
465375bda2a1cec5adaeefabce42627cf5a8847b,0|0,0|0,0|0,0|0,0|0,0|0,0|0,0|0,0|0,0|0,0|0,0|0,0|0,0|0,0|0,0|0,0|0,0|0,0|0,0|0,0|0,0.5|1,0|0,0|0,0|0,0|0,0.5|1,2
ffd6e2a57673785716164e25787efcd7275b9e0b,0|0,0|0,0|0,0|0,0|0,0|0,0|0,0|0,0|0,0|0,0|0,0|0,0|0,0|0,0|0,0|0,0|0,0|0,0|0,0|0,0|0,0.5|1,0|0,0|0,0|0,0|0,0.5|1,2
fc2fecc80e845329fabc43044a1596c404cfe747,0|0,0|0,0|0,0|0,0|0,0|0,0|0,0|0,0|0,0|0,0|0,0|0,0|0,0|0,0|0,0|0,0|0,0|0,0|0,0|0,0|0,0.5|1,0|0,0|0,0|0,0|0,0.5|1,2
9d1a2143405eeb5f55da7090f97f3b48ad328e45,0|0,0|0,0|0,0|0,0|0,0|0,0|0,0|0,0|0,0|0,0|0,0|0,0|0,0|0,0|0,0|0,0|0,0|0,0|0,0|0,0|0,0.5|1,0|0,0|0,0|0,0|0,0.5|1,2
9be6dc66067cfa5c1ed4e74d32c70af52d8bea29,0|0,0|0,0|0,0|0,0|0,0|0,0|0,0|0,0|0,0|0,0|0,0|0,0|0,0|0,0|0,0|0,0|0,0|0,0|0,0|0,0|0,0.5|1,0|0,0|0,0|0,0|0,0.5|1,2
151583ce267e937e912b866045e6ed068bb2a09d,0|0,0|0,0|0,0|0,0|0,0|0,0|0,0|0,0|0,0|0,0|0,0|0,0|0,0|0,0|0,0|0,0|0,0|0,0|0,0|0,0|0,0.5|1,0|0,0|0,0|0,0|0,0.5|1,2
c42792c216b03603cdf4083b4b2a8a181a7c8348,0|0,0|0,0|0,0|0,0|0,0|0,0|0,0|0,0|0,0|0,0|0,0|0,0|0,0|0,0|0,0|0,0|0,0|0,0|0,0|0,0|0,0.5|1,0|0,0|0,0|0,0|0,0.5|1,2
aebebac432341f33d95f805ca2708fca1636e5fc,0|0,0|0,0|0,0|0,0|0,0|0,0|0,0|0,0|0,0|0,0|0,0|0,0|0,0|0,0|0,0|0,0|0,0|0,0|0,0|0,0|0,0.5|1,0|0,0|0,0|0,0|0,0.5|1,2
2f94a6b155ea4d657546a824446794611cf58d94,0|0,0|0,0|0,0|0,0|0,0|0,0|0,0|0,0|0,0|0,0|0,0|0,0|0,0|0,0|0,0|0,0|0,0|0,0|0,0|0,0|0,0.5|1,0|0,0|0,0|0,0|0,0.5|1,2
fd6b64b91b5395022040d5d2699ecab2ceb9397a,0|0,0|0,0|0,0|0,0|0,0|0,0|0,0|0,0|0,0|0,0|0,0|0,0|0,0|0,0|0,0|0,0|0,0|0,0|0,0|0,0|0,0.5|1,0|0,0|0,0|0,0|0,0.5|1,2
aa6574b60ec03e79973520bc2d363e45932313ac,0|0,0|0,0|0,0|0,0|0,0|0,0|0,0|0,0|0,0|0,0|0,0|0,0|0,0|0,0|0,0|0,0|0,0|0,0|0,0|0,0|0,0.5|1,0|0,0|0,0|0,0|0,0.5|1,2
d90048e5bb8ee85afab048020fd879be9c68aebc,0|0,0|0,0|0,0|0,0|0,0|0,0|0,0|0,0|0,0|0,0|0,0|0,0|0,0|0,0|0,0|0,0|0,0|0,0|0,0|0,0|0,0.5|1,0|0,0|0,0|0,0|0,0.5|1,2
d34e84c78d28cbc59d9e98082105d667c4ddca00,0|0,0|0,0|0,0|0,0|0,0|0,0|0,0|0,0|0,0|0,0|0,0|0,0|0,0|0,0|0,0|0,0|0,0|0,0|0,0|0,0|0,0.5|1,0|0,0|0,0|0,0|0,0.5|1,2
9a5a008093b428bd3ea340578ec92f55d34669d4,0|0,0|0,0|0,0|0,0|0,0|0,0|0,0|0,0|0,0|0,0|0,0|0,0|0,0|0,0|0,0|0,0|0,0|0,0|0,0|0,0|0,0.5|1,0|0,0|0,0|0,0|0,0.5|1,2
99656deaf47914b8f44ffd2616bdd62ef0d8642c,0|0,0|0,0|0,0|0,0|0,0|0,0|0,0|0,0|0,0|0,0|0,0|0,0|0,0|0,0|0,0|0,0|0,0|0,0|0,0|0,0|0,0.5|1,0|0,0|0,0|0,0|0,0.5|1,2
bc9b9df86926bf729615134bc9bdcb4b4bc87abc,0|0,0|0,0|0,0|0,0|0,0|0,0|0,0|0,0|0,0|0,0|0,0|0,0|0,0|0,0|0,0|0,0|0,0|0,0|0,0|0,0|0,0.5|1,0|0,0|0,0|0,0|0,0.5|1,2
1b329093f74d48d2c399497230ef3b6b465c8170,0|0,0|0,0|0,0|0,0|0,0|0,0|0,0|0,0|0,0|0,0|0,0|0,0|0,0|0,0|0,0|0,0|0,0|0,0|0,0|0,0|0,0.5|1,0|0,0|0,0|0,0|0,0.5|1,2
e683c531f6b5797c76ec8a50c738803e0adb67d6,0|0,0|0,0|0,0|0,0|0,0|0,0|0,0|0,0|0,0|0,0|0,0|0,0|0,0|0,0|0,0|0,0|0,0|0,0|0,0|0,0|0,0.5|1,0|0,0|0,0|0,0|0,0.5|1,2
5d338739acc39a6b85bf62226f45b5f1e7ac2038,0|0,0|0,0|0,0|0,0|0,0|0,0|0,0|0,0|0,0|0,0|0,0|0,0|0,0|0,0|0,0|0,0|0,0|0,0|0,0|0,0|0,0.5|1,0|0,0|0,0|0,0|0,0.5|1,2
f43d3f804269de5fd99add91dee4ac735b7692fc,0|0,0|0,0|0,0|0,0|0,0|0,0|0,0|0,0|0,0|0,0|0,0|0,0|0,0|0,0|0,0|0,0|0,0|0,0|0,0|0,0|0,0.5|1,0|0,0|0,0|0,0|0,0.5|1,2
01cf556ba2f3f7a9c6d26aaaf015203017fe5631,0|0,0|0,0|0,0|0,0|0,0|0,0|0,0|0,0|0,0|0,0|0,0|0,0|0,0|0,0|0,0|0,0|0,0|0,0|0,0|0,0|0,0.5|1,0|0,0|0,0|0,0|0,0.5|1,2
d47f42b12acc7d27a5e676b087d8cfe247e3196e,0|0,0|0,0|0,0|0,0|0,0|0,0|0,0|0,0|0,0|0,0|0,0|0,0|0,0|0,0|0,0|0,0|0,0|0,0|0,0|0,0|0,0.5|1,0|0,0|0,0|0,0|0,0.5|1,2
8453c0d99a499bc84109e9e563daf0e07ff5776f,0|0,0|0,0|0,0|0,0|0,0|0,0|0,0|0,0|0,0|0,0|0,0|0,0|0,0|0,0|0,0|0,0|0,0|0,0|0,0|0,0|0,0.5|1,0|0,0|0,0|0,0|0,0.5|1,2
456ac566938a1da774db06126a2fa6c0cba514b3,0|0,0|0,0|0,0|0,0|0,0|0,0|0,0|0,0|0,0|0,0|0,0|0,0|0,0|0,0|0,0|0,0|0,0|0,0|0,0|0,0|0,0|0,0|0,0|0,0|0,0|0,0|0,0